title,price,store,image_url,product_url,rating,review_count
iPhone 16 128GB Teal (green),9840000.0,glotr,https://files.glotr.uz/company/000/005/799/products/2024/11/02/2024-11-02-14-26-42-781605-f3d725414518cf7c1ae8464b0ef5c503.webp?_=ozauc,https://glotr.uz/iphone-16-128gb-teal-green-p-1052229/,4.96,
Смартфон Xiaomi Redmi Note 15 Pro 4G 12/256GB,3936000.0,glotr,https://files.glotr.uz/company/000/002/429/proposals/2026/08/10/2026-08-10-18-15-35-752244-484fbb0b4398b8c475708741ae6dc811.webp?_=ozauc,https://glotr.uz/smartfon-xiaomi-redmi-13-6gb128gb-p-1048777/,4.88,
Электронный планшет для рисования развивающий цветной,140000.0,glotr,https://files.glotr.uz/company/000/020/195/products/2023/04/18/2023-04-18-11-45-48-502559-a33b1d213552c5ba56ceab718d1691af.webp?_=ozauc,https://glotr.uz/elektronniy-planshet-dlya-risovaniya-razvivayushiy-tsvetnoy-p-816786/,4.87,
Смартфон GOOGLE Pixel 7 Pro 12Gb 128GB Hazel,13794000.0,glotr,https://files.glotr.uz/company/000/001/689/products/2022/11/22/2022-11-22-16-09-40-184547-90309b4e7915b80be1754acf340d375f.webp?_=ozauc,https://glotr.uz/smartfon-google-pixel-7-pro-12gb-128gb-hazel-p-769020/,4.87,
Смартфон Xiaomi Redmi Note 11 4/128GB Graphite Gray,2575000.0,glotr,https://files.glotr.uz/company/000/007/665/products/2022/10/28/2022-10-28-11-26-41-018069-b9a3854f9456c9b1dc3343644d78ebed.webp?_=ozauc,https://glotr.uz/smartfon-xiaomi-redmi-note-11-4128gb-graphite-gray-p-760127/,4.86,
"Смартфон Green Lion Kids 2,8",600000.0,glotr,https://files.glotr.uz/company/000/018/821/products/2023/12/29/2023-12-29-16-30-34-683644-56996ae27849e91ca24e1f338d4cd306.webp?_=ozauc,https://glotr.uz/smartfon-green-lion-kids-28-p-930275/,4.85,
Смартфон POVA 7 Neo (LJ6 256+8) Hyper Titanium,2659375.0,glotr,https://files.glotr.uz/company/000/033/239/proposals/2025/11/06/2025-11-06-11-04-06-209700-6c59e8f5a61567e0d07200c5fd586198.webp?_=ozauc,https://glotr.uz/smartfon-pova-7-neo-lj6-2568-hyper-titanium-p-1121615/,4.72,
Смартфон Samsung Galaxy M12 3/32GB Голубой,2220000.0,glotr,https://files.glotr.uz/company/000/005/799/products/2022/09/27/2022-09-27-13-46-26-414256-8af264757e7ee5c6ee1f4354fbf62918.webp?_=ozauc,https://glotr.uz/smartfon-samsung-galaxy-m12-332gb-goluboy-p-750572/,4.96,
Смартфон Apple iPhone 16 256GB,12720000.0,glotr,https://files.glotr.uz/company/000/002/429/products/2024/10/31/2024-10-31-14-31-47-585163-517ea14103beb5be999cf81dc19c71d0.webp?_=ozauc,https://glotr.uz/smartfon-apple-iphone-16-256gb-p-1051524/,4.88,
Смартфон TECNO Camon 20 PRO 8/256GB Predawn Black,2541000.0,glotr,https://files.glotr.uz/company/000/001/689/products/2023/07/21/2023-07-21-16-58-53-160997-10a211d3c3e17216c1aae10eecddc6dd.webp?_=ozauc,https://glotr.uz/smartfon-tecno-camon-20-pro-8256gb-predawn-black-p-857839/,4.87,
Смартфон Xiaomi Redmi Note 11 4/64GB Graphite Gray,2460000.0,glotr,https://files.glotr.uz/company/000/007/665/products/2022/10/28/2022-10-28-11-29-19-984612-8f9d269d6b979975ff101dfac06dc696.webp?_=ozauc,https://glotr.uz/smartfon-xiaomi-redmi-note-11-464gb-graphite-gray-p-760129/,4.86,
Смартфон для детей Green Lion Kids GL-KPH-01 57554,600000.0,glotr,https://files.glotr.uz/company/000/018/821/products/2024/02/03/2024-02-03-12-01-40-934061-83b506fa0b8850c51b4c63b58e362bdb.webp?_=ozauc,https://glotr.uz/smartfon-dlya-detey-green-lion-kids-gl-kph-01-57554-p-944252/,4.85,
Смартфон SPARK GO 2 (KM4 128+4) Ink Black,1408750.0,glotr,https://files.glotr.uz/company/000/033/239/proposals/2025/11/05/2025-11-05-17-24-40-681528-253a8201fa6a86cb114f7722913f72a0.webp?_=ozauc,https://glotr.uz/smartfon-spark-go-2-km4-1284-ink-black-p-1121586/,4.72,
Смартфон Apple iPhone 14 128GB Dual + 1-SIM Сияющая звезда,9240000.0,glotr,https://files.glotr.uz/company/000/005/799/products/2023/09/27/2023-09-27-16-01-50-627574-c96cbe014808d503255d09fed71f593c.webp?_=ozauc,https://glotr.uz/smartfon-apple-iphone-14-128gb-dual-1-sim-siyayushaya-zvezda-p-889063/,4.96,
Смартфон Apple iPhone 16 Pro Max 1TB,22320000.0,glotr,https://files.glotr.uz/company/000/002/429/products/2024/10/07/2024-10-07-11-15-36-145665-651a67ddf5fcf7c257633648c2db76a4.webp?_=ozauc,https://glotr.uz/smartfon-apple-iphone-16-pro-max-1tb-p-1044741/,4.88,
Смартфон Redmi 15C 6/128Gb Midnight Black,1815000.0,glotr,https://files.glotr.uz/company/000/001/689/proposals/2026/02/24/2026-02-24-11-22-59-418708-559846eaccc294f4241a871a26082d46.webp?_=ozauc,https://glotr.uz/smartfon-redmi-15c-6128gb-midnight-black-p-1138729/,4.87,
Смартфон Xiaomi 12 8/128GB Grey,9315000.0,glotr,https://files.glotr.uz/company/000/007/665/products/2022/10/17/2022-10-17-16-33-58-876294-69616a1b854b2bb96ba4890a87c696d9.webp?_=ozauc,https://glotr.uz/smartfon-xiaomi-12-8128gb-grey-p-756270/,4.86,
Планшет Pad Mini LTE (4+64) Gray,1581250.0,glotr,https://files.glotr.uz/company/000/033/239/proposals/2025/11/06/2025-11-06-15-06-56-246446-97d00ce9a32e8a2c5653ccf4072ad6d6.webp?_=ozauc,https://glotr.uz/planshet-pad-mini-lte-464-gray-p-1121692/,4.72,
Смартфон Huawei Nova Y61 6/64GB Полночный черный,2100000.0,glotr,https://files.glotr.uz/company/000/005/799/products/2023/08/30/2023-08-30-14-26-55-177389-08346db194a3741198cd1d513f3a09b8.webp?_=ozauc,https://glotr.uz/smartfon-huawei-nova-y61-664gb-polnochniy-cherniy-p-879512/,4.96,
Смартфон Apple iPhone 17 Pro Max 1TB (E-Sim),23520000.0,glotr,https://files.glotr.uz/company/000/002/429/proposals/2025/12/27/2025-12-27-11-05-36-154040-dd92f4c493ff22d59c633f80360b7b09.webp?_=ozauc,https://glotr.uz/smartfon-apple-iphone-17-pro-max-1tb-e-sim-p-1129154/,4.88,
Смартфон Redmi Note 15 Pro 12/512Gb Black,4452800.0,glotr,https://files.glotr.uz/company/000/001/689/proposals/2026/02/24/2026-02-24-11-08-42-063349-d3a8cd28d8a79dc5b6b68b898d8ff9d4.webp?_=ozauc,https://glotr.uz/smartfon-redmi-note-15-pro-12512gb-black-p-1138723/,4.87,
Смартфон Xiaomi Redmi Note 11S 8/128GB Graphite Gray,3065000.0,glotr,https://files.glotr.uz/company/000/007/665/products/2022/10/28/2022-10-28-11-55-32-345838-5e8c2f37325b873148a9e7bdc992dec4.webp?_=ozauc,https://glotr.uz/smartfon-xiaomi-redmi-note-11s-8128gb-graphite-gray-p-760137/,4.86,
Смартфон SPARK GO 2 (KM4 128+4) Veil White,1408750.0,glotr,https://files.glotr.uz/company/000/033/239/proposals/2025/11/06/2025-11-06-09-16-56-747218-0096fec3f2b8d86e2d3318ccf962b31a.webp?_=ozauc,https://glotr.uz/smartfon-spark-go-2-km4-1284-veil-white-p-1121597/,4.72,
Смартфон Samsung Galaxy M12 3/32GB Черный,2220000.0,glotr,https://files.glotr.uz/company/000/005/799/products/2022/09/27/2022-09-27-13-42-28-876499-5f0182d1be047b3a3faee3368cf9d999.webp?_=ozauc,https://glotr.uz/smartfon-samsung-galaxy-m12-332gb-cherniy-p-750569/,4.96,
Смартфон Xiaomi Poco M8 Pro 5G 8/256GB,4200000.0,glotr,https://files.glotr.uz/company/000/002/429/proposals/2026/08/13/2026-08-13-12-40-01-010265-3fce2087275c999be927b324624b07fd.webp?_=ozauc,https://glotr.uz/smartfon-xiaomi-poco-x3-gt-8128-p-649479/,4.88,
Смартфон OPPO Reno 8T 5G 8/256GB Midnight Black,5178800.0,glotr,https://files.glotr.uz/company/000/001/689/products/2023/07/22/2023-07-22-10-59-41-435360-fccca45da7a8c00709cd0ea12913381b.webp?_=ozauc,https://glotr.uz/smartfon-oppo-reno-8t-5g-8256gb-midnight-black-p-858040/,4.87,
WiFi-телефон Fanvil W610W,1904000.0,glotr,https://files.glotr.uz/company/000/007/665/products/2025/01/08/2025-01-08-10-13-11-628828-f8d109e6d1dbc733e84bd9ac5e64c8de.webp?_=ozauc,https://glotr.uz/wifi-telefon-fanvil-w610w-p-1072804/,4.86,
Смартфон SPARK GO 2 (KM4 64+3) Turquoise Green,1236250.0,glotr,https://files.glotr.uz/company/000/033/239/proposals/2025/11/05/2025-11-05-15-54-21-969466-f6b1b31593fb947334d13e2d782f2595.webp?_=ozauc,https://glotr.uz/smartfon-spark-go-2-km4-643-turquoise-green-p-1121552/,4.72,
Смартфон Samsung Galaxy A53 5G 8/256GB Белый,4200000.0,glotr,https://files.glotr.uz/company/000/005/799/products/2023/08/25/2023-08-25-17-09-15-284453-9ea009f1ed885be0072ba77f6767fe79.webp?_=ozauc,https://glotr.uz/smartfon-samsung-galaxy-a53-5g-8256gb-beliy-p-876770/,4.96,
Смартфон Xiaomi Redmi A7 PRO 4/128GB,1968000.0,glotr,https://files.glotr.uz/company/000/002/429/proposals/2026/08/10/2026-08-10-11-08-05-625336-5df14fabab80fbaddd9495ae816b02d3.webp?_=ozauc,https://glotr.uz/smartfon-xiaomi-redmi-note-13-8gb256gb-p-1048795/,4.88,
Смартфон POCO C65 6GB 128GB,1633500.0,glotr,https://files.glotr.uz/company/000/001/689/products/2024/04/12/2024-04-12-12-13-56-021409-a4952a29467a6cf8922756476f5ae85a.webp?_=ozauc,https://glotr.uz/smartfon-poco-c65-6gb-128gb-p-965034/,4.87,
Смартфон Xiaomi 12 Lite 6/128GB Black,5265000.0,glotr,https://files.glotr.uz/company/000/007/665/products/2022/10/17/2022-10-17-16-24-57-406569-44fa6474a065eecad78f1c5f244fa9ac.webp?_=ozauc,https://glotr.uz/smartfon-xiaomi-12-lite-6128gb-black-p-756261/,4.86,
Смартфон Tecno Camon 18P,3390000.0,glotr,https://files.glotr.uz/company/000/001/428/products/2022/04/03/2022-04-03-17-14-55-814642-4f045c229f4c3d38b1cc5c4e1026a481.webp?_=ozauc,https://glotr.uz/smartfon-tecno-camon-18p-p-698858/,4.79,
Смартфон Realme C55 8+256Gb Rainy Night,1796875.0,glotr,https://files.glotr.uz/company/000/033/239/proposals/2025/11/06/2025-11-06-14-41-05-581035-3f1e1f0f9e0502e741de30211a1a49f0.webp?_=ozauc,https://glotr.uz/smartfon-realme-c55-8256gb-rainy-night-p-1121676/,4.72,
Смартфон Apple iPhone 13 256GB Синий,9240000.0,glotr,https://files.glotr.uz/company/000/005/799/products/2023/09/30/2023-09-30-14-37-41-388212-1470f06efc5990eff4b6cc53ecbee000.webp?_=ozauc,https://glotr.uz/smartfon-apple-iphone-13-256gb-siniy-p-889953/,4.96,
Смартфон Xiaomi Redmi 15C 8ГБ/256Гб,2340000.0,glotr,https://files.glotr.uz/company/000/002/429/proposals/2026/08/10/2026-08-10-11-24-14-968142-b7d71b1b43d4e46578a827e6a8b52e3b.webp?_=ozauc,https://glotr.uz/smartfon-xiaomi-redmi-note-13-8gb128gb-p-1048793/,4.88,
Смартфон GOOGLE Pixel 6 Pro 12GB 256GB Stormy Black,11313500.0,glotr,https://files.glotr.uz/company/000/001/689/products/2022/11/23/2022-11-23-14-16-31-041958-7d4319c5c952bdca4e949dffea58fb07.webp?_=ozauc,https://glotr.uz/smartfon-google-pixel-6-pro-12gb-256gb-stormy-black-p-769403/,4.87,
Смартфон Xiaomi 12 Lite 8/128GB Green,5359500.0,glotr,https://files.glotr.uz/company/000/007/665/products/2022/10/17/2022-10-17-14-56-03-124164-737818bbf9465af75c90d46fd181839e.webp?_=ozauc,https://glotr.uz/smartfon-xiaomi-12-lite-8128gb-green-p-756213/,4.86,
Смартфон SPARK 40 Pro (KM6 256+8) Lake Blue,2415000.0,glotr,https://files.glotr.uz/company/000/033/239/proposals/2025/11/06/2025-11-06-10-43-31-020595-1e2506ba5254379fb94b782de6903039.webp?_=ozauc,https://glotr.uz/smartfon-spark-40-pro-km6-2568-lake-blue-p-1121608/,4.72,
Смартфон Samsung Galaxy S23 Ultra 12/512GB Лаймовый,12720000.0,glotr,https://files.glotr.uz/company/000/005/799/products/2023/08/29/2023-08-29-18-47-57-609286-52be3ba694b365606db846387ff8b245.webp?_=ozauc,https://glotr.uz/smartfon-samsung-galaxy-s23-ultra-12512gb-laymoviy-p-879244/,4.96,
Смартфон Samsung Galaxy A36 5G 8/128GB,3720000.0,glotr,https://files.glotr.uz/company/000/002/429/proposals/2025/11/13/2025-11-13-14-49-40-321034-a5315474072bb104cea58097c19d3ae3.webp?_=ozauc,https://glotr.uz/smartfon-samsung-galaxy-a36-5g-8128gb-p-1123081/,4.88,
Смартфон POCO F7 12/256GB Black,5275600.0,glotr,https://files.glotr.uz/company/000/001/689/proposals/2026/02/27/2026-02-27-16-49-08-735738-472854703cbb369d069099605231f834.webp?_=ozauc,https://glotr.uz/smartfon-poco-f7-12256gb-black-p-1139686/,4.87,
Смартфон Xiaomi Redmi Note 11S 6/128GB Graphite Gray,2940000.0,glotr,https://files.glotr.uz/company/000/007/665/products/2022/10/28/2022-10-28-11-52-56-742910-8b1203c26d2021d6066a6b8835287ab3.webp?_=ozauc,https://glotr.uz/smartfon-xiaomi-redmi-note-11s-6128gb-graphite-gray-p-760135/,4.86,
Смартфон Tecno Pop 5 LTE,1390000.0,glotr,https://files.glotr.uz/company/000/001/428/products/2022/04/03/2022-04-03-15-30-26-281087-1cf9cf19015011c06e6b495e451c7b20.webp?_=ozauc,https://glotr.uz/smartfon-tecno-pop-5-lte-p-698815/,4.79,
Задвижка чугунная ДУ50 PN16,685000.0,glotr,https://files.glotr.uz/company/000/010/465/products/2023/12/14/2023-12-14-13-00-15-283337-bdb8f25f1cbd3712df0b33c4e5b46014.webp?_=ozauc,https://glotr.uz/zadvijka-chugunnaya-du50-pn16-p-917519/,4.79,
Респираторная маска 3М 7502 Оригинал защита от пыли газа и химических веществ,100000.0,glotr,https://files.glotr.uz/company/000/039/548/proposals/2025/09/13/2025-09-13-12-30-51-563607-91ad7753682f7e37c18e3133493b5aee.webp?_=ozauc,https://glotr.uz/respiratornaya-maska-3m-7502-original-zashita-ot-pili-gaza-i-ximicheskix-veshestv-p-1113318/,2.36,
"Гранит серый полированный Куксарой, 18х600",175000.0,glotr,https://files.glotr.uz/company/000/020/342/products/2024/05/30/2024-05-30-08-35-20-359884-9b6a38a00c1213aed1302b6a5d721dcb.webp?_=ozauc,https://glotr.uz/granit-seriy-polirovanniy-kuksaroy-18x600-p-1000433/,4.85,
Проект и дизайн,23596.0,glotr,https://files.glotr.uz/company/000/003/969/products/2015/05/18/14319311737163-6f306b3452a222d713230c053cc5d106.jpg?_=ozauc,https://glotr.uz/proekt-i-dizayn-p-263670/,4.78,
Детская кухня (игрушечная). Модель № 1,1000000.0,glotr,https://files.glotr.uz/company/000/008/818/proposals/2025/11/13/2025-11-13-15-52-05-358256-ceea94a2136ca3cc602f2d3fb3271dc1.webp?_=ozauc,https://glotr.uz/detskaya-kuxnya-igrushechnaya-model-no-1-p-1123108/,4.52,
Смартфон SPARK GO 2 (KM4 128+4) Turquoise Green,1408750.0,glotr,https://files.glotr.uz/company/000/033/239/proposals/2025/11/06/2025-11-06-09-12-31-504366-7d8b0b1ea25f3e728b7fe4fc2084d6b8.webp?_=ozauc,https://glotr.uz/smartfon-spark-go-2-km4-1284-turquoise-green-p-1121596/,4.72,
Смартфон Apple iPhone 14 512GB Dual + E-SIM Фиолетовый,10560000.0,glotr,https://files.glotr.uz/company/000/005/799/products/2023/09/27/2023-09-27-16-31-04-685237-b96a52eefed82d05d135876f381a40da.webp?_=ozauc,https://glotr.uz/smartfon-apple-iphone-14-512gb-dual-e-sim-fioletoviy-p-889107/,4.96,
Смартфон Apple iPhone 17 Pro Max 256GB (E-Sim),17160000.0,glotr,https://files.glotr.uz/company/000/002/429/proposals/2025/12/27/2025-12-27-11-02-44-908061-e41f17e8fa0e501770840441435ba184.webp?_=ozauc,https://glotr.uz/smartfon-apple-iphone-17-pro-max-256gb-e-sim-p-1129152/,4.88,
Смартфон POCO F7 Pro 12/512GB Black,7114800.0,glotr,https://files.glotr.uz/company/000/001/689/proposals/2026/02/27/2026-02-27-16-57-27-513592-07b1b6eff723682f1831282b5d2d7bda.webp?_=ozauc,https://glotr.uz/smartfon-poco-f7-pro-12512gb-black-p-1139691/,4.87,
Смартфон Xiaomi Redmi Note 11 6/128GB Graphite Gray,2684000.0,glotr,https://files.glotr.uz/company/000/007/665/products/2022/10/28/2022-10-28-11-34-43-796872-fdd0316f8cc7bfe49740b31c87216545.webp?_=ozauc,https://glotr.uz/smartfon-xiaomi-redmi-note-11-6128gb-graphite-gray-p-760131/,4.86,
Redmi 12C Ocean Blue 3+64,862500.0,glotr,https://files.glotr.uz/company/000/033/239/proposals/2025/11/06/2025-11-06-16-38-07-846911-2378a9b052cacd40607e0569a58bb109.webp?_=ozauc,https://glotr.uz/redmi-12c-ocean-blue-364-p-1121718/,4.72,
Смартфон Samsung Galaxy A54 6/128GB Лайм,3900000.0,glotr,https://files.glotr.uz/company/000/005/799/products/2023/08/25/2023-08-25-18-39-36-787443-e7a867726095ead892ec403bc61ed2a8.webp?_=ozauc,https://glotr.uz/smartfon-samsung-galaxy-a54-6128gb-laym-p-876817/,4.96,
Смартфон Samsung Galaxy F17 5G 4/128GB,2436000.0,glotr,https://files.glotr.uz/company/000/002/429/proposals/2026/08/08/2026-08-08-16-38-07-074153-ce59ba1045ce9c93648c8fcfdfaca282.webp?_=ozauc,https://glotr.uz/smartfon-samsung-galaxy-a36-8256gb-p-1103742/,4.88,
Смартфон Apple iPhone 17 Pro Max 512GB ORANGE Sim,35271500.0,glotr,https://files.glotr.uz/company/000/001/689/proposals/2025/10/02/2025-10-02-12-57-31-412801-91d905594730deba1f39c625c73d5b25.webp?_=ozauc,https://glotr.uz/smartfon-apple-iphone-17-pro-max-512gb-orange-sim-p-1116475/,4.87,
Смартфон Xiaomi Redmi Note 11 4/128GB Star Blue,2575000.0,glotr,https://files.glotr.uz/company/000/007/665/products/2022/10/28/2022-10-28-11-39-12-188315-11f3f68c503e218c9d2073ba370f98a5.webp?_=ozauc,https://glotr.uz/smartfon-xiaomi-redmi-note-11-4128gb-star-blue-p-760132/,4.86,
Смартфон SPARK GO 2 KM4 64+4 Turquoise Green,1256000.0,glotr,https://files.glotr.uz/company/000/033/239/proposals/2025/11/05/2025-11-05-16-18-19-286016-79194149248da96406615c795e717a47.webp?_=ozauc,https://glotr.uz/smartfon-spark-go-2-km4-644-turquoise-green-p-1121563/,4.72,
Смартфон Apple iPhone 14 128GB Dual + 1-SIM Темная ночь,9240000.0,glotr,https://files.glotr.uz/company/000/005/799/products/2023/09/27/2023-09-27-15-59-10-802991-637b693f41124a553af5a48b4bc99e12.webp?_=ozauc,https://glotr.uz/smartfon-apple-iphone-14-128gb-dual-1-sim-temnaya-noch-p-889062/,4.96,
Смартфон Samsung Galaxy A56 5G 8/128GB,4320000.0,glotr,https://files.glotr.uz/company/000/002/429/proposals/2025/04/25/2025-04-25-15-30-08-701076-126f59f31024f40c0c15e25aac0918d3.webp?_=ozauc,https://glotr.uz/smartfon-samsung-galaxy-a56-8128gb-p-1094626/,4.88,
"Смартфон Samsung Galaxy A26 5G (A266) 8/256GB Black,White",3787300.0,glotr,https://files.glotr.uz/company/000/001/689/proposals/2025/10/29/2025-10-29-16-21-55-680150-4c671b3db8e5d20287dc468956eb65f5.webp?_=ozauc,https://glotr.uz/smartfon-samsung-galaxy-a26-5g-a266-8256gb-blackwhite-p-1120383/,4.87,
Смартфон Xiaomi 12T PRO Silver 12/256GB,8100000.0,glotr,https://files.glotr.uz/company/000/007/665/products/2022/10/17/2022-10-17-14-30-50-240558-83f55f5bd7fc958e9815f39c37cf311e.webp?_=ozauc,https://glotr.uz/smartfon-xiaomi-12t-pro-silver-12256gb-p-756202/,4.86,
Смартфон Tecno Camon 18,2890000.0,glotr,https://files.glotr.uz/company/000/001/428/products/2022/04/03/2022-04-03-17-14-53-611900-879e89b6df693add89075067adfc18e4.webp?_=ozauc,https://glotr.uz/smartfon-tecno-camon-18-p-698857/,4.79,
Смартфон SPARK GO 2 (KM4 64+3) Ink Black,1236250.0,glotr,https://files.glotr.uz/company/000/033/239/proposals/2025/11/05/2025-11-05-14-57-05-155371-2dedbdf7ae207439dc382489550d8fb3.webp?_=ozauc,https://glotr.uz/smartfon-spark-go-2-km4-643-ink-black-p-1121529/,4.72,
Смартфон Samsung A57 8/128 Gray,5340000.0,glotr,https://files.glotr.uz/company/000/005/799/proposals/2026/05/15/2026-05-15-12-23-02-264767-6dea63c90634a31bfe54067772d0539f.webp?_=ozauc,https://glotr.uz/smartfon-samsung-a57-8128-gray-p-1148497/,4.96,
Смартфон Samsung Galaxy Z Flip 7 12/256Gb RED,11820000.0,glotr,https://files.glotr.uz/company/000/002/429/proposals/2026/01/30/2026-01-30-14-35-33-323925-530bcce2aed4168a35d627246c8ab4ba.webp?_=ozauc,https://glotr.uz/smartfon-samsung-galaxy-m16-5g-4128gb-p-1123176/,4.88,
Смартфон Xiaomi Redmi A5 4/128Gb Midnight Black,1294700.0,glotr,https://files.glotr.uz/company/000/001/689/proposals/2026/02/24/2026-02-24-10-24-13-352219-21b943515c0b155e6b5a73f52a021abd.webp?_=ozauc,https://glotr.uz/smartfon-xiaomi-redmi-a5-4128gb-midnight-black-p-1138712/,4.87,
Смартфон Xiaomi 12 Lite 8/128GB Black,5359500.0,glotr,https://files.glotr.uz/company/000/007/665/products/2022/10/17/2022-10-17-16-23-00-483747-925292946be3d5e237b678c54b43cd44.webp?_=ozauc,https://glotr.uz/smartfon-xiaomi-12-lite-8128gb-black-p-756254/,4.86,
Redmi Note 12 Pro Plus 5G 8GB+256GB Polar White,4025000.0,glotr,https://files.glotr.uz/company/000/033/239/proposals/2025/11/06/2025-11-06-16-22-00-730033-ef1afbcd3930510a966fe709ca30f6ec.webp?_=ozauc,https://glotr.uz/redmi-note-12-pro-plus-5g-8gb256gb-polar-white-p-1121711/,4.72,
Смартфон Samsung A57 8/256 Gray,5820000.0,glotr,https://files.glotr.uz/company/000/005/799/proposals/2026/05/15/2026-05-15-12-35-56-671189-197f71e0cb01c784a60c17e5c422954e.webp?_=ozauc,https://glotr.uz/smartfon-samsung-a57-8256-gray-p-1148503/,4.96,
Смартфон Apple iPhone 17 Pro 512GB (eSIM),18720000.0,glotr,https://files.glotr.uz/company/000/002/429/proposals/2025/12/26/2025-12-26-17-53-17-510811-861b20e1a4182682cb9e5d8ffe7c5e9a.webp?_=ozauc,https://glotr.uz/smartfon-apple-iphone-17-pro-512gb-esim-p-1129108/,4.88,
Смартфон POCO C71 4/128GB Black,1270500.0,glotr,https://files.glotr.uz/company/000/001/689/proposals/2026/02/27/2026-02-27-15-47-38-873482-ece7fc6c615bb376745220015ea76db6.webp?_=ozauc,https://glotr.uz/smartfon-poco-c71-4128gb-black-p-1139662/,4.87,
Смартфон Xiaomi Redmi Note 11 6/128GB Twilight Blue,2684000.0,glotr,https://files.glotr.uz/company/000/007/665/products/2022/10/28/2022-10-28-11-45-02-958498-046392814e6ffb52c9063ee0a36b5e79.webp?_=ozauc,https://glotr.uz/smartfon-xiaomi-redmi-note-11-6128gb-twilight-blue-p-760134/,4.86,
"НОВЫЙ Apple iPhone 16 Pro Max, 16 Pro, 16 Plus, 16, Apple Watch 10 и Airpods 4 уже в Ташкенте! ПОДАРКИ первым покупателям!",16186500.0,glotr,https://files.glotr.uz/company/000/001/428/products/2024/09/23/2024-09-23-09-29-17-087776-1fefbe15233ab7c11d8062a27420c545.webp?_=ozauc,https://glotr.uz/noviy-apple-iphone-16-pro-max-16-pro-16-plus-16-apple-watch-10-i-airpods-4-uje-v-tashkente-podarki-pervim-pokupatelyam-p-1039760/,4.79,
Смартфон Realme C53 128GB 6GB NFC Mighty Black,1581250.0,glotr,https://files.glotr.uz/company/000/033/239/proposals/2025/11/06/2025-11-06-14-23-00-124063-0244a61c86e51a19ffb37b0e6a8df605.webp?_=ozauc,https://glotr.uz/smartfon-realme-c53-128gb-6gb-nfc-mighty-black-p-1121667/,4.72,
Apple iPhone 14 Pro Max 256GB 1-SIM Фиолетовый,14400000.0,glotr,https://files.glotr.uz/company/000/005/799/products/2023/09/23/2023-09-23-18-53-23-583237-0764c3ca42034524f83a4325832d6723.webp?_=ozauc,https://glotr.uz/apple-iphone-14-pro-max-256gb-1-sim-fioletoviy-p-887829/,4.96,
Смартфон Samsung Galaxy A26 5G 8/256GB,3420000.0,glotr,https://files.glotr.uz/company/000/002/429/proposals/2025/11/13/2025-11-13-15-12-34-046885-2ade036df8f75e0c26632abd52937ef8.webp?_=ozauc,https://glotr.uz/smartfon-samsung-galaxy-a26-5g-8256gb-p-1123087/,4.88,
Смартфон GOOGLE Pixel 6 8GB 128GB Stormy Black,7320500.0,glotr,https://files.glotr.uz/company/000/001/689/products/2022/11/23/2022-11-23-12-39-01-141991-602b05a7571bb61817a9910f8c5649c5.webp?_=ozauc,https://glotr.uz/smartfon-google-pixel-6-8gb-128gb-stormy-black-p-769327/,4.87,
Телефон Samung Gusto 1,675000.0,glotr,https://files.glotr.uz/company/000/007/665/products/2020/06/14/2020-06-14-19-02-09-228766-28326f6c08f3a1261757e4788aef5879.jpg?_=ozauc,https://glotr.uz/telefon-samung-gusto-1-p-314293/,4.86,
Смартфон Realme 11 256GB 8GB Dark Glory,2587500.0,glotr,https://files.glotr.uz/company/000/033/239/proposals/2025/11/06/2025-11-06-14-12-09-606651-7418af66a92be506dec73b3491a7fd6d.webp?_=ozauc,https://glotr.uz/smartfon-realme-11-256gb-8gb-dark-glory-p-1121663/,4.72,
Смартфон Apple iPhone 14 Pro Max 1TB 1-SIM Космический черный,18840000.0,glotr,https://files.glotr.uz/company/000/005/799/products/2023/09/23/2023-09-23-19-10-12-473979-bb4879afd7b138165726cac715613fce.webp?_=ozauc,https://glotr.uz/smartfon-apple-iphone-14-pro-max-1tb-1-sim-kosmicheskiy-cherniy-p-887847/,4.96,
Смартфон Samsung Galaxy A27 5G 6/128 ГБ,3696000.0,glotr,https://files.glotr.uz/company/000/002/429/proposals/2026/08/08/2026-08-08-15-28-27-923249-b4331e1cf9aa0661a43aa826a71749ac.webp?_=ozauc,https://glotr.uz/smartfon-samsung-galaxy-a17-8256gb-p-1123114/,4.88,
Смартфон Redmi Note 15 Pro 12/256Gb Black,3993000.0,glotr,https://files.glotr.uz/company/000/001/689/proposals/2026/02/24/2026-02-24-11-01-57-965311-015deeb3b08b301be8192d11991b4ab6.webp?_=ozauc,https://glotr.uz/smartfon-redmi-note-15-pro-12256gb-black-p-1138720/,4.87,
Смартфон Xiaomi Redmi 10 4/128GB Carbon Gray (2022),2320000.0,glotr,https://files.glotr.uz/company/000/007/665/products/2022/10/28/2022-10-28-11-12-25-795641-5439cbb0c33e7bc74031a3d0b93f3a5f.webp?_=ozauc,https://glotr.uz/smartfon-xiaomi-redmi-10-4128gb-carbon-gray-2022-p-760124/,4.86,
"НОВЫЙ Apple iPhone 16 Pro Max, 16 Pro, 16 Plus, 16, Apple Watch 10 и Airpods 4 уже в Ташкенте! ПОДАРКИ первым покупателям!",13486500.0,glotr,https://files.glotr.uz/company/000/001/428/products/2024/10/04/2024-10-04-09-25-41-671395-8d0f2c6e9ae3dfcd43c5f50bb6b107c8.webp?_=ozauc,https://glotr.uz/noviy-apple-iphone-16-pro-max-16-pro-16-plus-16-apple-watch-10-i-airpods-4-uje-v-tashkente-podarki-pervim-pokupatelyam-p-1044068/,4.79,
Смартфон SPARK 40C KM4k 128+4 Ripple Blue,1466250.0,glotr,https://files.glotr.uz/company/000/033/239/proposals/2025/11/06/2025-11-06-09-55-28-173278-4ab352147917a4ab10da17d6af6c3655.webp?_=ozauc,https://glotr.uz/smartfon-spark-40c-km4k-1284-ripple-blue-p-1121601/,4.72,
Смартфон Apple iPhone 14 Pro 1TB Dual + 1-SIM Космический черный,20880000.0,glotr,https://files.glotr.uz/company/000/005/799/products/2023/09/25/2023-09-25-12-36-00-556644-80143bc50767392e3dba82d305910f92.webp?_=ozauc,https://glotr.uz/smartfon-apple-iphone-14-pro-1tb-dual-1-sim-kosmicheskiy-cherniy-p-888244/,4.96,
Смартфон Samsung Galaxy Z Fold 7 12/256GB,21240000.0,glotr,https://files.glotr.uz/company/000/002/429/proposals/2026/01/30/2026-01-30-14-27-55-776395-0f99ce39cef8c3cfc7bb6a02179cd7ee.webp?_=ozauc,https://glotr.uz/smartfon-samsung-galaxy-m17-5g-4128gb-p-1123178/,4.88,
Смартфон Apple iPhone 17 Pro 1Tb ORANGE Sim,34606000.0,glotr,https://files.glotr.uz/company/000/001/689/proposals/2025/10/02/2025-10-02-12-49-59-709193-ba1043c2f20e56dd8604e7b9b996196f.webp?_=ozauc,https://glotr.uz/smartfon-apple-iphone-17-pro-1tb-orange-sim-p-1116472/,4.87,
Смартфон Xiaomi 12T PRO Black 8/256GB,7695000.0,glotr,https://files.glotr.uz/company/000/007/665/products/2022/10/17/2022-10-17-14-27-00-260284-1c44178bfce14b2e36866b41c2a6c16c.webp?_=ozauc,https://glotr.uz/smartfon-xiaomi-12t-pro-black-8256gb-p-756199/,4.86,
Смартфон Realme C55 6GB/128GB NFC Sunshower,1653125.0,glotr,https://files.glotr.uz/company/000/033/239/proposals/2025/11/06/2025-11-06-14-28-47-292767-c7f31a5dca8de4d493499685110934fb.webp?_=ozauc,https://glotr.uz/smartfon-realme-c55-6gb128gb-nfc-sunshower-p-1121670/,4.72,
Apple iPhone 14 128GB E-SIM Фиолетовый,8400000.0,glotr,https://files.glotr.uz/company/000/005/799/products/2023/09/27/2023-09-27-16-13-20-338372-a0f18e71124491544961783d45c63414.webp?_=ozauc,https://glotr.uz/apple-iphone-14-128gb-e-sim-fioletoviy-p-889072/,4.96,
"Комплектная трансформаторные подстанция КТПс-160/6(10)/0,4 У1",11000000.0,glotr,https://files.glotr.uz/company/000/008/465/proposals/2026/08/12/2026-08-12-18-36-28-260414-2ff35d271495aac845255751a3f3b923.webp?_=ozauc,https://glotr.uz/komplektnaya-transformatornie-podstantsiya-ktps-16061004-u1-p-129832/,2.94,
Спец.автомобиль Самосвал ISUZU FVR 34K,1006500000.0,glotr,https://files.glotr.uz/company/000/007/309/products/2024/07/14/2024-07-14-19-53-44-672046-38924fede88cb37cb18e6da1a3f38688.webp?_=ozauc,https://glotr.uz/spetsavtomobil-samosval-isuzu-fvr-34k-p-223298/,4.90,
Подметальная машина МК 1,188766720.0,glotr,https://files.glotr.uz/company/000/038/215/proposals/2025/04/03/2025-04-03-13-04-03-736861-f3de24ce037b590827edf0c4b36256b0.webp?_=ozauc,https://glotr.uz/podmetalnaya-mashina-mk-1-p-1091432/,5.00,
Дасуаньсу - средство для защиты организма от глистной инвазии,437500.0,glotr,https://files.glotr.uz/company/000/037/118/products/2024/07/27/2024-07-27-00-39-16-902197-089456a02c086fec9f81a0111d2d5499.webp?_=ozauc,https://glotr.uz/dasuansu-sredstvo-dlya-zashiti-organizma-ot-glistnoy-invazii-p-1013803/,2.79,
Приемник Chcnav i73,82585440.0,glotr,https://files.glotr.uz/company/000/015/820/products/2022/10/05/2022-10-05-15-52-44-910821-fecfddf5cb29541b3ab24bf1a9000e31.webp?_=ozauc,https://glotr.uz/priemnik-chcnav-i73-p-752816/,4.54,
Cлуховой аппарат Соната У-12,1700000.0,glotr,https://files.glotr.uz/company/000/028/269/products/2022/04/06/2022-04-06-16-46-17-806301-d79acaebb63be5bbfeb3e1caa78a0c7f.webp?_=ozauc,https://glotr.uz/cluxovoy-apparat-sonata-u-12-p-699733/,4.62,
Смартфон Apple iPhone 17 8/256GB (SIM + E Sim),11760000.0,glotr,https://files.glotr.uz/company/000/002/429/proposals/2025/11/14/2025-11-14-10-59-12-477976-3ebc1eebfc7d3c386df26a1817e63826.webp?_=ozauc,https://glotr.uz/smartfon-apple-iphone-17-8256gb-p-1123236/,4.88,
Смартфон Xiaomi 14T Pro 12GB+256GB Titanium Gray,7986000.0,glotr,https://files.glotr.uz/company/000/001/689/products/2024/10/24/2024-10-24-12-16-15-969689-8100a251be29cca4a121dc3122050be6.webp?_=ozauc,https://glotr.uz/smartfon-xiaomi-14t-pro-12gb256gb-titanium-gray-p-1049013/,4.87,
Смартфон Xiaomi 12 Lite EEA 8/256GB Black,5737500.0,glotr,https://files.glotr.uz/company/000/007/665/products/2022/10/17/2022-10-17-16-20-16-223473-239e6437fdbd2e6d8c7f9f621136b2ab.webp?_=ozauc,https://glotr.uz/smartfon-xiaomi-12-lite-eea-8256gb-black-p-756252/,4.86,
Смартфон SPARK GO 2 (KM4 128+4) Titanium Grey,1408750.0,glotr,https://files.glotr.uz/company/000/033/239/proposals/2025/11/06/2025-11-06-09-07-55-961030-93a81d3ee838d785530d666fea652cbe.webp?_=ozauc,https://glotr.uz/smartfon-spark-go-2-km4-1284-titanium-grey-p-1121595/,4.72,
Смартфон Apple iPhone 14 128GB Dual + 1-SIM Синий,9240000.0,glotr,https://files.glotr.uz/company/000/005/799/products/2023/09/27/2023-09-27-16-09-37-518671-bd483421d77c4e396cc5cd6b6464ec6d.webp?_=ozauc,https://glotr.uz/smartfon-apple-iphone-14-128gb-dual-1-sim-siniy-p-889067/,4.96,
Смартфон Apple iPhone 17 Pro Max 2TB (SIM + E Sim),30720000.0,glotr,https://files.glotr.uz/company/000/002/429/proposals/2025/11/14/2025-11-14-11-32-19-547653-f2a5ecc91a13596de04881b922f2ce1f.webp?_=ozauc,https://glotr.uz/smartfon-apple-iphone-17-pro-max-2tb-p-1123245/,4.88,
Смартфон Tecno Spark 10 pro 8+128Gb,1597200.0,glotr,https://files.glotr.uz/company/000/001/689/products/2024/08/15/2024-08-15-15-00-59-620040-8716aa93af21991d8ac88281fc91d21d.webp?_=ozauc,https://glotr.uz/smartfon-tecno-spark-10-pro-8128gb-p-1020775/,4.87,
Смартфон SPARK 40C KM4k 128+4 Veil White,1466250.0,glotr,https://files.glotr.uz/company/000/033/239/proposals/2025/11/06/2025-11-06-10-06-35-458928-9d60f22692e0d55adbc171ec2f840a02.webp?_=ozauc,https://glotr.uz/smartfon-spark-40c-km4k-1284-veil-white-p-1121603/,4.72,
Смартфон Apple iPhone 13 Mini 128GB Синий,9240000.0,glotr,https://files.glotr.uz/company/000/005/799/products/2023/09/30/2023-09-30-12-42-38-387316-47c4ac60c69f739746c4338564832891.webp?_=ozauc,https://glotr.uz/smartfon-apple-iphone-13-mini-128gb-siniy-p-889918/,4.96,
Смартфон Apple iPhone 17 Pro 512GB (SIM + E Sim),19920000.0,glotr,https://files.glotr.uz/company/000/002/429/proposals/2025/09/27/2025-09-27-15-06-39-837176-f8f91c8a2eac1ff9becfb674f0b06dd9.webp?_=ozauc,https://glotr.uz/smartfon-apple-iphone-17-pro-512gb-p-1115568/,4.88,
Смартфон XiaoMi 14 12/256Gb,9317000.0,glotr,https://files.glotr.uz/company/000/001/689/products/2024/08/28/2024-08-28-10-43-05-058811-81f0606c7e9dbe27d8ba4b803f9fbef0.webp?_=ozauc,https://glotr.uz/smartfon-xiaomi-14-12256gb-p-1026432/,4.87,
Смартфон Realme C53 128GB 6GB NFC Champion Gold,1581250.0,glotr,https://files.glotr.uz/company/000/033/239/proposals/2025/11/06/2025-11-06-14-17-54-206900-3efb60f5b61b70651b8f9c5f447a403f.webp?_=ozauc,https://glotr.uz/smartfon-realme-c53-128gb-6gb-nfc-champion-gold-p-1121665/,4.72,
Apple iPhone 14 256GB E-SIM Темная ночь,9600000.0,glotr,https://files.glotr.uz/company/000/005/799/products/2023/09/27/2023-09-27-16-23-59-672003-ec21da9bed1bf41873c6cccb9db0fc7d.webp?_=ozauc,https://glotr.uz/apple-iphone-14-256gb-e-sim-temnaya-noch-p-889094/,4.96,
Смартфон Apple iPhone 17 Pro Max 256GB (SIM + E Sim),17880000.0,glotr,https://files.glotr.uz/company/000/002/429/proposals/2025/09/27/2025-09-27-15-18-50-400011-12c24e2bdeab0138d2cdb679545750fa.webp?_=ozauc,https://glotr.uz/smartfon-apple-iphone-17-pro-max-256gb-p-1115570/,4.88,
Смартфон Samsung Galaxy S25 5G (S931) 12/128GB Navy,10164000.0,glotr,https://files.glotr.uz/company/000/001/689/proposals/2025/10/10/2025-10-10-18-31-08-397127-4383a7c827c5f843c74d30929e9d8df6.webp?_=ozauc,https://glotr.uz/smartfon-samsung-galaxy-s25-5g-s931-12128gb-navy-p-1118074/,4.87,
Смартфон Camon 30 8+256 Basaltic Dark,2587500.0,glotr,https://files.glotr.uz/company/000/033/239/proposals/2025/11/06/2025-11-06-11-50-43-607344-4cf46c04ff0e3aa369afcee6043b2936.webp?_=ozauc,https://glotr.uz/smartfon-camon-30-8256-basaltic-dark-p-1121631/,4.72,
Смартфон Apple iPhone 13 Mini 256GB Синий,11760000.0,glotr,https://files.glotr.uz/company/000/005/799/products/2023/09/30/2023-09-30-12-56-08-912241-766ca397d765eb6b1084af1667df9b13.webp?_=ozauc,https://glotr.uz/smartfon-apple-iphone-13-mini-256gb-siniy-p-889924/,4.96,
Смартфон Apple iPhone 17 Pro Max 1TB (SIM + E Sim),23880000.0,glotr,https://files.glotr.uz/company/000/002/429/proposals/2025/09/27/2025-09-27-15-31-53-447239-ff9686867d49629a8461a1080ff54b01.webp?_=ozauc,https://glotr.uz/smartfon-apple-iphone-17-pro-max-1tb-p-1115572/,4.88,
Смартфон Samsung Galaxy S25 5G (S931) 12/128GB Silver Shadow,10164000.0,glotr,https://files.glotr.uz/company/000/001/689/proposals/2025/10/10/2025-10-10-18-34-19-484660-2213b34cc30e0779ce2bb6c7540b8233.webp?_=ozauc,https://glotr.uz/smartfon-samsung-galaxy-s25-5g-s931-12128gb-silver-shadow-p-1118078/,4.87,
Смартфон SPARK GO 2 (KM4 128+3) Ink Black,1365625.0,glotr,https://files.glotr.uz/company/000/033/239/proposals/2025/11/05/2025-11-05-16-45-14-554065-0a3623e8e0f34f06ef5b3459f0cab04a.webp?_=ozauc,https://glotr.uz/smartfon-spark-go-2-km4-1283-ink-black-p-1121576/,4.72,
Смартфон Samsung Galaxy A03 3/32GB Синий,1860000.0,glotr,https://files.glotr.uz/company/000/005/799/products/2022/09/26/2022-09-26-20-17-24-220691-4b2daa5211d9217b8ee021855c3b5929.webp?_=ozauc,https://glotr.uz/smartfon-samsung-galaxy-a03-332gb-siniy-p-750458/,4.96,
Смартфон Apple iPhone 16e 128 ГБ,8160000.0,glotr,https://files.glotr.uz/company/000/002/429/proposals/2025/08/15/2025-08-15-11-47-34-162936-6e5e5f24fc751aa1dc3bf1e6a9e63e93.webp?_=ozauc,https://glotr.uz/smartfon-apple-iphone-16e-128-gb-p-1108826/,4.88,
Смартфон GOOGLE Pixel 7 Pro 12Gb 256GB Snow,15609000.0,glotr,https://files.glotr.uz/company/000/001/689/products/2022/11/22/2022-11-22-16-44-02-672337-2b7c81ca7429c0c63e4194b691dd82bb.webp?_=ozauc,https://glotr.uz/smartfon-google-pixel-7-pro-12gb-256gb-snow-p-769047/,4.87,
Смартфон SPARK 40C KM4k 128+4 Titanium Grey,1466250.0,glotr,https://files.glotr.uz/company/000/033/239/proposals/2025/11/06/2025-11-06-10-01-53-079570-c0fa73fa2e08460ac7f6c2612f611478.webp?_=ozauc,https://glotr.uz/smartfon-spark-40c-km4k-1284-titanium-grey-p-1121602/,4.72,
Смартфон Samsung Galaxy S21 FE 6/128GB Белый,6660000.0,glotr,https://files.glotr.uz/company/000/005/799/products/2022/09/27/2022-09-27-19-29-14-229750-d3a57c097f9db383f4d20bdee2892f85.webp?_=ozauc,https://glotr.uz/smartfon-samsung-galaxy-s21-fe-6128gb-beliy-p-750738/,4.96,
Смартфон Samsung Galaxy A26 5G 6/128GB,2940000.0,glotr,https://files.glotr.uz/company/000/002/429/proposals/2025/06/28/2025-06-28-15-08-26-930603-18041d1dcd562fbb8fa461312e1545bf.webp?_=ozauc,https://glotr.uz/smartfon-samsung-galaxy-a26-6128gb-p-1103737/,4.88,
Смартфон GOOGLE Pixel 7 8GB 128GB Obsidian,9559000.0,glotr,https://files.glotr.uz/company/000/001/689/products/2022/11/22/2022-11-22-15-36-23-433885-fad235f5b8f926747919865ebe421abe.webp?_=ozauc,https://glotr.uz/smartfon-google-pixel-7-8gb-128gb-obsidian-p-768980/,4.87,
Смартфон Realme C55 8+256Gb Sunshower,1796875.0,glotr,https://files.glotr.uz/company/000/033/239/proposals/2025/11/06/2025-11-06-14-35-01-268549-f42986538d7a6ef326cceb990332f68b.webp?_=ozauc,https://glotr.uz/smartfon-realme-c55-8256gb-sunshower-p-1121674/,4.72,
Смартфон Samsung Galaxy A13 4/64GB Черный,2592000.0,glotr,https://files.glotr.uz/company/000/005/799/products/2022/09/27/2022-09-27-12-58-39-545072-9977de27dedc23002b5c0c3b7eec575c.webp?_=ozauc,https://glotr.uz/smartfon-samsung-galaxy-a13-464gb-cherniy-p-750544/,4.96,
Смартфон Samsung Galaxy M36 5G 6/128GB,3180000.0,glotr,https://files.glotr.uz/company/000/002/429/proposals/2026/08/08/2026-08-08-16-57-59-947311-0d9a4e9321548bd0d5a500c7e8510b77.webp?_=ozauc,https://glotr.uz/smartfon-samsung-galaxy-a26-6256gb-p-1103739/,4.88,
Смартфон Tecno Spark Go 2024 4+128,1294700.0,glotr,https://files.glotr.uz/company/000/001/689/products/2024/08/15/2024-08-15-14-11-14-753906-d465c0e90b342a13220533787e29ab21.webp?_=ozauc,https://glotr.uz/smartfon-tecno-spark-go-2024-4128-p-1020747/,4.87,
Xiaomi 13 Lite 8GB+256GB Black,4312500.0,glotr,https://files.glotr.uz/company/000/033/239/proposals/2025/11/06/2025-11-06-16-16-46-881941-cbb19b2e9b1cc23da91a9d2b684b1e2d.webp?_=ozauc,https://glotr.uz/xiaomi-13-lite-8gb256gb-black-p-1121709/,4.72,
Смартфон Apple iPhone 17 256GB Черный 1-Sim,11760000.0,glotr,https://files.glotr.uz/company/000/005/799/proposals/2026/04/30/2026-04-30-10-48-19-003596-c12c12f93f8a8dbb76ec9050198397ea.webp?_=ozauc,https://glotr.uz/smartfon-apple-iphone-12-128gb-cherniy-p-890088/,4.96,
Смартфон Samsung Galaxy M17 5G 4/128GB,2436000.0,glotr,https://files.glotr.uz/company/000/002/429/proposals/2026/08/08/2026-08-08-16-47-55-208464-a85e18964cb0cb3116ae37361d7eda28.webp?_=ozauc,https://glotr.uz/smartfon-samsung-galaxy-a36-8128gb-p-1103741/,4.88,
Смартфон OPPO A17 4/64GB Midnight Black,2020700.0,glotr,https://files.glotr.uz/company/000/001/689/products/2023/07/21/2023-07-21-18-12-05-933765-386cf17ca2ddf773f3dc6487ebef64c0.webp?_=ozauc,https://glotr.uz/smartfon-oppo-a17-464gb-midnight-black-p-857905/,4.87,
Смартфон Realme C30s (64GB 4GB) Stripe Blue,1221875.0,glotr,https://files.glotr.uz/company/000/033/239/proposals/2025/11/06/2025-11-06-14-47-19-977160-e1bb8448b0aec5162c19f6bf7f08e722.webp?_=ozauc,https://glotr.uz/smartfon-realme-c30s-64gb-4gb-stripe-blue-p-1121677/,4.72,
Смартфон Samsung Galaxy A14 6/128GB Зеленый,2040000.0,glotr,https://files.glotr.uz/company/000/005/799/products/2023/08/25/2023-08-25-14-07-23-911882-6fa9aeb6f00fccef46e89450283a51a8.webp?_=ozauc,https://glotr.uz/smartfon-samsung-galaxy-a14-6128gb-zeleniy-p-876546/,4.96,
Смартфон Samsung Galaxy S26 12/256GB,10320000.0,glotr,https://files.glotr.uz/company/000/002/429/proposals/2026/07/02/2026-07-02-10-26-48-461070-08ca04e818fbe309802b178b6eb53650.webp?_=ozauc,https://glotr.uz/smartfon-samsung-galaxy-s25-12128gb-p-1094510/,4.88,
Смартфон TECNO Pova 5 8/128GB Amber Gold,2117500.0,glotr,https://files.glotr.uz/company/000/001/689/products/2023/10/06/2023-10-06-16-57-37-485583-e5e9a51e650b17669f73fdddb67d6d70.webp?_=ozauc,https://glotr.uz/smartfon-tecno-pova-5-8128gb-amber-gold-p-891766/,4.87,
Смартфон SPARK GO 2 KM4 64+4 Veil White,1265000.0,glotr,https://files.glotr.uz/company/000/033/239/proposals/2025/11/05/2025-11-05-16-28-37-379753-006093969be8ee97d78f9549d9e04a22.webp?_=ozauc,https://glotr.uz/smartfon-spark-go-2-km4-644-veil-white-p-1121571/,4.72,
Смартфон Apple iPhone 15 Pro 128GB Черный Титан,22620000.0,glotr,https://files.glotr.uz/company/000/005/799/products/2023/09/25/2023-09-25-13-59-48-623389-52aabe5368fc5b80f2bbcf1894925d22.webp?_=ozauc,https://glotr.uz/smartfon-apple-iphone-15-pro-128gb-cherniy-titan-p-888284/,4.96,
Смартфон Xiaomi Redmi Note 15 Pro Plus 5G 8/256GB,4920000.0,glotr,https://files.glotr.uz/company/000/002/429/proposals/2026/08/11/2026-08-11-10-25-28-754751-41d7849fbfeadcf17ce34b65ac6cdf2f.webp?_=ozauc,https://glotr.uz/smartfon-xiaomi-redmi-14c-4gb128gb-p-1048735/,4.88,
Смартфон Apple iPhone 17 Pro 512gb Silver Sim,31944000.0,glotr,https://files.glotr.uz/company/000/001/689/proposals/2025/10/02/2025-10-02-12-44-34-402171-6a62e36470ceab9f65d2df7f61e2b23e.webp?_=ozauc,https://glotr.uz/smartfon-apple-iphone-17-pro-512gb-silver-sim-p-1116470/,4.87,
Смартфон SPARK 40 Pro (KM6 256+8) Ink Black,2415000.0,glotr,https://files.glotr.uz/company/000/033/239/proposals/2025/11/06/2025-11-06-10-37-10-141204-643fae9cb6028c3bad2468353b230551.webp?_=ozauc,https://glotr.uz/smartfon-spark-40-pro-km6-2568-ink-black-p-1121607/,4.72,
Смартфон Apple iPhone 13 Pro 256GB Графитовый,12480000.0,glotr,https://files.glotr.uz/company/000/005/799/products/2023/09/30/2023-09-30-16-19-35-358639-57a3c259a8d3bf2ba8f7caa05bd984ec.webp?_=ozauc,https://glotr.uz/smartfon-apple-iphone-13-pro-256gb-grafitoviy-p-890047/,4.96,
Смартфон Xiaomi Redmi Note 15 Pro 5G 8/512GB,4200000.0,glotr,https://files.glotr.uz/company/000/002/429/proposals/2026/08/10/2026-08-10-18-50-20-052941-434df859c4e9bc5a40ef26320fcb57c9.webp?_=ozauc,https://glotr.uz/smartfon-xiaomi-redmi-14c-6gb128gb-p-1048770/,4.88,
"Смартфон Samsung Galaxy A26 5G (A266) 6/128GB Black,Light Green,White",3388000.0,glotr,https://files.glotr.uz/company/000/001/689/proposals/2025/10/29/2025-10-29-16-27-07-284362-f8bbe971652a305601fd5bab07ae49a2.webp?_=ozauc,https://glotr.uz/smartfon-samsung-galaxy-a26-5g-a266-6128gb-blacklight-greenwhite-p-1120387/,4.87,
Смартфон Camon 30 5G 8+256 BASALTIC DARK,2875000.0,glotr,https://files.glotr.uz/company/000/033/239/proposals/2025/11/06/2025-11-06-11-56-29-375616-d970f2f119b1d37049ee1ed83e4b6c70.webp?_=ozauc,https://glotr.uz/smartfon-camon-30-5g-8256-basaltic-dark-p-1121634/,4.72,
Смартфон Samsung Galaxy S22 8/256GB Фиолетовый,10560000.0,glotr,https://files.glotr.uz/company/000/005/799/products/2022/09/27/2022-09-27-14-02-08-370216-7152f24cb713ecc07a50511e53c75cde.webp?_=ozauc,https://glotr.uz/smartfon-samsung-galaxy-s22-8256gb-fioletoviy-p-750583/,4.96,
Ноутбук HP Probook 450 G9,8228000.0,glotr,https://files.glotr.uz/company/000/000/694/products/2023/07/20/2023-07-20-12-54-05-518381-4632e980839fe66f521fe63323ae4cad.webp?_=ozauc,https://glotr.uz/noutbuk-hp-probook-450-g9-p-30442/,2.37,
"Линолеум ПВХ на нетканой подоснове типа Б (ширина 1,5 м)",38000.0,glotr,https://files.glotr.uz/company/000/009/650/products/2019/02/25/15510929439914-3e3a33f07f3580d4acef2ad6376af413.jpg?_=ozauc,https://glotr.uz/linoleum-pvx-na-netkanoy-podosnove-tipa-b-shirina-15-m-p-166667/,4.58,
"Укрепляющий крем для груди Viaxi, Лидер продаж, укрепляющий и укрепляющий крем для груди в Турции, 50 мл",179000.0,glotr,https://files.glotr.uz/company/000/028/076/products/2022/03/14/2022-03-14-11-52-59-345764-764ff77d98320711068f1291119610a2.webp?_=ozauc,https://glotr.uz/ukreplyayushiy-krem-dlya-grudi-viaxi-lider-prodaj-ukreplyayushiy-i-ukreplyayushiy-krem-dlya-grudi-v-turtsii-50-ml-p-692238/,3.50,
HTC-1 Метеостанция термометр гигрометр измерение температуры и влажности в помещении и на улице,70000.0,glotr,https://files.glotr.uz/company/000/037/041/products/2024/07/12/2024-07-12-11-26-45-111558-c502e3e860683cc537807a01c34429bd.webp?_=ozauc,https://glotr.uz/htc-1-meteostantsiya-termometr-gigrometr-izmerenie-temperaturi-i-vlajnosti-v-pomeshenii-i-na-ulitse-p-1010079/,4.70,
Комбинированные просмотровые детекторы валют DoCash BIG D LED,3430000.0,glotr,https://files.glotr.uz/company/000/000/267/products/2012/07/16/13424329817355-347a36fb3746700b773e26675d73621c.jpg?_=ozauc,https://glotr.uz/docash-big-d-led-p-2991/,2.11,
"Обучение и проверка знаний работников в области охраны, безопасности и гигиены труда",630000.0,glotr,https://files.glotr.uz/company/000/015/597/products/2022/02/14/2022-02-14-20-45-31-772766-4f16841a9d3a4c89bdf26a4c1f26fe32.webp?_=ozauc,https://glotr.uz/obuchenie-i-proverka-znaniy-rabotnikov-v-oblasti-oxrani-bezopasnosti-i-gigieni-truda-p-679841/,4.50,
Смартфон Xiaomi Redmi Note 15 Pro 4G 12/512GB,4320000.0,glotr,https://files.glotr.uz/company/000/002/429/proposals/2026/08/10/2026-08-10-18-30-20-296930-aea5329e1be3c273d812519705509fd3.webp?_=ozauc,https://glotr.uz/smartfon-xiaomi-redmi-14c-8gb256gb-p-1048772/,4.88,
"Смартфон Xiaomi Redmi Note 14 8/128Gb Midnight Black,Blue",2299000.0,glotr,https://files.glotr.uz/company/000/001/689/proposals/2026/02/24/2026-02-24-10-33-07-949969-e2180aba6905e78949d7ba249c5ad82e.webp?_=ozauc,https://glotr.uz/smartfon-xiaomi-redmi-note-14-8128gb-midnight-blackblue-p-1138715/,4.87,
Redmi Note 12 Pro Plus 5G 8GB+256GB Midnight Black,4025000.0,glotr,https://files.glotr.uz/company/000/033/239/proposals/2025/11/06/2025-11-06-16-28-59-274675-841b48fd79ae00c6ba02bb9a75f53ae8.webp?_=ozauc,https://glotr.uz/redmi-note-12-pro-plus-5g-8gb256gb-midnight-black-p-1121712/,4.72,
Смартфон Samsung Galaxy A17 8/256GB Gray,2880000.0,glotr,https://files.glotr.uz/company/000/005/799/proposals/2026/02/16/2026-02-16-17-52-04-273866-b0bc86e026b37ac19aa8927ccd808483.webp?_=ozauc,https://glotr.uz/smartfon-samsung-galaxy-a03s-332gb-cherniy-p-750453/,4.96,
Смартфон Xiaomi Redmi 17 4GB/256GB,3288000.0,glotr,https://files.glotr.uz/company/000/002/429/proposals/2026/08/10/2026-08-10-17-55-55-288328-d3a52c7b41ad1ee7cee58a967307c059.webp?_=ozauc,https://glotr.uz/smartfon-xiaomi-redmi-13-8gb128gb-p-1048780/,4.88,
Смартфон POCO M8 Pro 5G 12/512GB Black,5445000.0,glotr,https://files.glotr.uz/company/000/001/689/proposals/2026/02/27/2026-02-27-16-19-04-033958-5f5104351cbabba65e90df4179108fe7.webp?_=ozauc,https://glotr.uz/smartfon-poco-m8-pro-5g-12512gb-black-p-1139672/,4.87,
Смартфон SPARK GO 2 KM4 64+4 Ink Black,1265000.0,glotr,https://files.glotr.uz/company/000/033/239/proposals/2025/11/05/2025-11-05-16-03-52-562193-a569479dc636c6933714bea7a831ea3e.webp?_=ozauc,https://glotr.uz/smartfon-spark-go-2-km4-644-ink-black-p-1121555/,4.72,
Смартфон Apple iPhone 14 Pro Max 256GB 1-SIM Серебристый,16560000.0,glotr,https://files.glotr.uz/company/000/005/799/products/2023/09/23/2023-09-23-18-51-22-571621-0baeb11938c43ed9537c2b1b15ddc8d3.webp?_=ozauc,https://glotr.uz/smartfon-apple-iphone-14-pro-max-256gb-1-sim-serebristiy-p-887827/,4.96,
Смартфон Xiaomi Poco M8 5G 8/256GB,3120000.0,glotr,https://files.glotr.uz/company/000/002/429/proposals/2026/08/13/2026-08-13-11-11-31-022298-39b721253efa9a1ae8bf7ecbc0b01c2c.webp?_=ozauc,https://glotr.uz/smartfon-xiaomi-poco-m6-8gb256gb-p-1048804/,4.88,
Смартфон POCO M7 8/256GB Black,2202200.0,glotr,https://files.glotr.uz/company/000/001/689/proposals/2026/02/27/2026-02-27-16-29-13-833980-151bf7789b333c1267c38139f132dab2.webp?_=ozauc,https://glotr.uz/smartfon-poco-m7-8256gb-black-p-1139677/,4.87,
Смартфон SPARK GO 2 (KM4 64+3) Veil White,1236250.0,glotr,https://files.glotr.uz/company/000/033/239/proposals/2025/11/05/2025-11-05-15-17-07-883636-768c25058da029749bcc3b357fb15970.webp?_=ozauc,https://glotr.uz/smartfon-spark-go-2-km4-643-veil-white-p-1121536/,4.72,
Смартфон Apple iPhone 15 Pro 256GB Белый Титан,23880000.0,glotr,https://files.glotr.uz/company/000/005/799/products/2023/09/26/2023-09-26-12-47-39-344027-a100c34280c59179cf7d1b986ed7929f.webp?_=ozauc,https://glotr.uz/smartfon-apple-iphone-15-pro-256gb-beliy-titan-p-888549/,4.96,
Смартфон Xiaomi Poco C81 Pro 4/128GB,1896000.0,glotr,https://files.glotr.uz/company/000/002/429/proposals/2026/08/13/2026-08-13-10-32-19-423959-df9ba6261cba2e2b2c3d2abc0de9a1e4.webp?_=ozauc,https://glotr.uz/smartfon-xiaomi-poco-x6-5g-12gb512gb-p-1048833/,4.88,
Смартфон Tecno Pova 6 PRO 12+256,3617900.0,glotr,https://files.glotr.uz/company/000/001/689/products/2024/08/22/2024-08-22-13-12-32-344202-267504b855448d414afe19cceabdc12f.webp?_=ozauc,https://glotr.uz/smartfon-tecno-pova-6-pro-12256-p-1023887/,4.87,
Смартфон Camon 30 8+256 Uyuni Salt White,2587500.0,glotr,https://files.glotr.uz/company/000/033/239/proposals/2025/11/06/2025-11-06-11-46-06-398444-c28bf8d433cdb82b9c24c97b12167f5c.webp?_=ozauc,https://glotr.uz/smartfon-camon-30-8256-uyuni-salt-white-p-1121627/,4.72,
Смартфон Apple iPhone 15 Pro Max 1TB Натуральный Титан,40080000.0,glotr,https://files.glotr.uz/company/000/005/799/products/2023/09/26/2023-09-26-13-01-28-850572-f88b4ce305fe65b51bb951e3fc4c1425.webp?_=ozauc,https://glotr.uz/smartfon-apple-iphone-15-pro-max-1tb-naturalniy-titan-p-888565/,4.96,
Смартфон Xiaomi Poco C81 Pro 4/64GB,1776000.0,glotr,https://files.glotr.uz/company/000/002/429/proposals/2026/08/13/2026-08-13-10-16-19-730999-5c259083eeaa602033407d63c7f4bbba.webp?_=ozauc,https://glotr.uz/smartfon-xiaomi-poco-f6-pro-12gb256gb-p-1048837/,4.88,
Смартфон Itel A90 4/256gb Black,1355200.0,glotr,https://files.glotr.uz/company/000/001/689/proposals/2025/06/04/2025-06-04-18-49-31-294213-b664e51e3347bf3d2f48f93786e3d1b4.webp?_=ozauc,https://glotr.uz/smartfon-itel-a90-4256gb-black-p-1100491/,4.87,
Смартфон SPARK GO 2 (KM4 128+3) Titanium Grey,1365625.0,glotr,https://files.glotr.uz/company/000/033/239/proposals/2025/11/05/2025-11-05-16-53-43-234680-551cd35150be2e9334d5e89cc9bc817c.webp?_=ozauc,https://glotr.uz/smartfon-spark-go-2-km4-1283-titanium-grey-p-1121578/,4.72,
Смартфон Apple iPhone 15 Pro 256GB Черный Титан,23880000.0,glotr,https://files.glotr.uz/company/000/005/799/products/2023/09/26/2023-09-26-12-46-50-691047-3fc5f812cb9cd0ee0a858ef48e163140.webp?_=ozauc,https://glotr.uz/smartfon-apple-iphone-15-pro-256gb-cherniy-titan-p-888547/,4.96,
Смартфон Xiaomi Redmi A7 Pro 4/64Gb,1812000.0,glotr,https://files.glotr.uz/company/000/002/429/proposals/2026/08/10/2026-08-10-10-42-19-547031-83dbc19c0f7df826ce435ff2b78a6cbc.webp?_=ozauc,https://glotr.uz/smartfon-xiaomi-14-12gb256gb-p-1048900/,4.88,
Смартфон OPPO A57S 4/64GB Sky Blue,2165900.0,glotr,https://files.glotr.uz/company/000/001/689/products/2023/07/21/2023-07-21-18-18-04-786767-42d770884ee70d089f1585d287b1ac0a.webp?_=ozauc,https://glotr.uz/smartfon-oppo-a57s-464gb-sky-blue-p-857911/,4.87,
Смартфон Camon 30 5G 8+256 UYUNI SALT WHITE,2875000.0,glotr,https://files.glotr.uz/company/000/033/239/proposals/2025/11/06/2025-11-06-12-01-50-416877-7440bd99758fd839e75fda8f7b6663c4.webp?_=ozauc,https://glotr.uz/smartfon-camon-30-5g-8256-uyuni-salt-white-p-1121638/,4.72,
Смартфон Apple iPhone 13 128GB Красный,9240000.0,glotr,https://files.glotr.uz/company/000/005/799/products/2023/09/30/2023-09-30-14-16-39-610049-8241b2c504ad08bc7dc1e1098070a683.webp?_=ozauc,https://glotr.uz/smartfon-apple-iphone-13-128gb-krasniy-p-889943/,4.96,
Смартфон Samsung Galaxy S26 Ultra 256 ГБ,13620000.0,glotr,https://files.glotr.uz/company/000/002/429/proposals/2026/07/02/2026-07-02-10-45-46-631693-8dcbb74be0541853ab38c7d229f6ff70.webp?_=ozauc,https://glotr.uz/smartfon-samsung-galaxy-a25-5g-8256-gb-p-1005070/,4.88,
Смартфон Realme C30s RMX3690 3/64GB Stripe Blue,1367300.0,glotr,https://files.glotr.uz/company/000/001/689/products/2023/07/20/2023-07-20-18-52-11-269630-657f9e55556e35e4a5fe237854a0ec2a.webp?_=ozauc,https://glotr.uz/smartfon-realme-c30s-rmx3690-364gb-stripe-blue-p-857229/,4.87,
Смартфон Realme 11 256GB 8GB Glory Gold,2587500.0,glotr,https://files.glotr.uz/company/000/033/239/proposals/2025/11/06/2025-11-06-14-06-40-027138-bb5d51b9a350af47088eeb815e856183.webp?_=ozauc,https://glotr.uz/smartfon-realme-11-256gb-8gb-glory-gold-p-1121662/,4.72,
Смартфон Apple iPhone 13 Mini 128GB Тёмная ночь,9240000.0,glotr,https://files.glotr.uz/company/000/005/799/products/2023/09/30/2023-09-30-12-44-56-355886-e9e8b7397a3371e7f76db48483b837ff.webp?_=ozauc,https://glotr.uz/smartfon-apple-iphone-13-mini-128gb-tyomnaya-noch-p-889919/,4.96,
Смартфон Samsung Galaxy S26 Ultra 512 GB,16020000.0,glotr,https://files.glotr.uz/company/000/002/429/proposals/2026/07/02/2026-07-02-11-09-10-730128-4b00328adccc465b5f71a0850a9d5f97.webp?_=ozauc,https://glotr.uz/smartfon-samsung-galaxy-s21-fe-8256-gb-p-962005/,4.88,
"Смартфон Xiaomi Redmi Note 14 8/256Gb Midnight Black,Blue",2444200.0,glotr,https://files.glotr.uz/company/000/001/689/proposals/2026/02/24/2026-02-24-10-38-43-903341-d9b67a1817daa21a565e7a48049f0741.webp?_=ozauc,https://glotr.uz/smartfon-xiaomi-redmi-note-14-8256gb-midnight-blackblue-p-1138716/,4.87,
Смартфон SPARK GO 2 KM4 128+3 Veil White,1365625.0,glotr,https://files.glotr.uz/company/000/033/239/proposals/2025/11/05/2025-11-05-17-05-14-656703-2dbc5f159a9fa6f2547af74c7e225266.webp?_=ozauc,https://glotr.uz/smartfon-spark-go-2-km4-1283-veil-white-p-1121582/,4.72,
Смартфон Apple iPhone 14 Pro Max 1TB E-SIM Золотистый,17280000.0,glotr,https://files.glotr.uz/company/000/005/799/products/2023/09/23/2023-09-23-19-16-34-545498-fee5757cfeda9e10a897397018965fa9.webp?_=ozauc,https://glotr.uz/smartfon-apple-iphone-14-pro-max-1tb-e-sim-zolotistiy-p-887854/,4.96,
Смартфон Samsung Galaxy A57 5G 8/256Gb,5352000.0,glotr,https://files.glotr.uz/company/000/002/429/proposals/2026/07/02/2026-07-02-12-05-35-813802-49dece2890666adfae359ec0b5c135ef.webp?_=ozauc,https://glotr.uz/smartfon-samsung-galaxy-s23-ultra-8256-gb-p-926381/,4.88,
Смартфон Samsung Galaxy S25+ 5G (S936) 12/256GB Navy,12184700.0,glotr,https://files.glotr.uz/company/000/001/689/proposals/2025/10/10/2025-10-10-18-10-29-201887-fd15df79f6aeb969aaf75773912a53f7.webp?_=ozauc,https://glotr.uz/smartfon-galaxy-s25-5g-s936-12256gb-navy-p-1118064/,4.87,
Смартфон Realme C30s (32GB 2GB) Stripe Blue,1078125.0,glotr,https://files.glotr.uz/company/000/033/239/proposals/2025/11/06/2025-11-06-14-54-04-939871-adb6c9b3cb583569074b68efab616424.webp?_=ozauc,https://glotr.uz/smartfon-realme-c30s-32gb-2gb-stripe-blue-p-1121683/,4.72,
Смартфон Apple iPhone 14 Pro 512GB Dual SIM Фиолетовый,18480000.0,glotr,https://files.glotr.uz/company/000/005/799/products/2023/09/25/2023-09-25-12-26-03-582947-8331e72762ea94445df8517ec1314c47.webp?_=ozauc,https://glotr.uz/smartfon-apple-iphone-14-pro-512gb-dual-sim-fioletoviy-p-888233/,4.96,
Смартфон Samsung Galaxy A07 4/128GB,1896000.0,glotr,https://files.glotr.uz/company/000/002/429/proposals/2026/07/02/2026-07-02-14-52-16-695530-c7eab3939d54d726a995c8f4b210f19d.webp?_=ozauc,https://glotr.uz/smartfon-samsung-galaxy-a54-5g-8128-gb-p-862295/,4.88,
Смартфон GOOGLE Pixel 6 8GB 256GB Kinda Coral,8651500.0,glotr,https://files.glotr.uz/company/000/001/689/products/2022/11/23/2022-11-23-12-45-08-547493-5a06a50c9cfac2ac3b04a043715a03ca.webp?_=ozauc,https://glotr.uz/smartfon-google-pixel-6-8gb-256gb-kinda-coral-p-769330/,4.87,
Смартфон SPARK 40C KM4k 128+4 Ink Black,1466250.0,glotr,https://files.glotr.uz/company/000/033/239/proposals/2025/11/06/2025-11-06-09-32-31-151871-228e8bb51329618cde9b63010838929a.webp?_=ozauc,https://glotr.uz/smartfon-spark-40c-km4k-1284-ink-black-p-1121599/,4.72,
Смартфон Apple iPhone 14 Pro Max 128GB E-SIM Серебристый,13200000.0,glotr,https://files.glotr.uz/company/000/005/799/products/2023/09/21/2023-09-21-15-23-37-622053-659e25701a0e9edb6db888dfb7561f78.webp?_=ozauc,https://glotr.uz/smartfon-apple-iphone-14-pro-max-128gb-e-sim-serebristiy-p-887007/,4.96,
Смартфон Xiaomi Poco X8 Pro 5G 12/512GB,5580000.0,glotr,https://files.glotr.uz/company/000/002/429/proposals/2026/08/13/2026-08-13-16-32-10-600651-b9e3d98f6fab4dbdbb3ff82e5f2c2561.webp?_=ozauc,https://glotr.uz/smartfon-xiaomi-poco-x3-pro-8256gb-black-p-597449/,4.88,
Смартфон Realme C33 4/64GB RMX3264 Sandy Gold,1694000.0,glotr,https://files.glotr.uz/company/000/001/689/products/2023/07/21/2023-07-21-10-57-39-737376-40d4c2ac48518f88776dc1c3eb8153b6.webp?_=ozauc,https://glotr.uz/smartfon-realme-c33-464gb-rmx3264-sandy-gold-p-857539/,4.87,
Смартфон Realme C33 MOBILE PHONE Night Sea(128GB 4GB),1437500.0,glotr,https://files.glotr.uz/company/000/033/239/proposals/2025/11/06/2025-11-06-14-59-21-320444-f9b622eeed2b4002b3d41a6ab7f05331.webp?_=ozauc,https://glotr.uz/smartfon-realme-c33-mobile-phone-night-sea128gb-4gb-p-1121687/,4.72,
Смартфон Samsung Galaxy S25+ 12/256GB Black,11820000.0,glotr,https://files.glotr.uz/company/000/005/799/products/2024/03/01/2024-03-01-00-18-23-171804-bcc155eda1c3188240d114531a921a91.webp?_=ozauc,https://glotr.uz/smartfon-samsung-galaxy-s24-ultra-5g-12512gb-titanium-violet-p-952398/,4.96,
Смартфон Xiaomi Poco X8 Pro Max 5G 12/512GB,7020000.0,glotr,https://files.glotr.uz/company/000/002/429/proposals/2026/08/13/2026-08-13-17-22-43-671341-100cca360af4ef5dafb34f9027ba2d5a.webp?_=ozauc,https://glotr.uz/smartfon-xiaomi-poco-x3-pro-6128gb-p-564379/,4.88,
Смартфон Realme 9i RMX3491 4/128GB Prism Black,2202200.0,glotr,https://files.glotr.uz/company/000/001/689/products/2023/07/21/2023-07-21-12-46-53-161241-75d97489def6ca107c3a7a3186f69a89.webp?_=ozauc,https://glotr.uz/smartfon-realme-9i-rmx3491-4128gb-prism-black-p-857636/,4.87,
Смартфон SPARK GO 2 (KM4 64+3) Titanium Grey,1236250.0,glotr,https://files.glotr.uz/company/000/033/239/proposals/2025/11/05/2025-11-05-15-36-24-182746-6464d7d25a6d89f9df9a17f21c8cef8c.webp?_=ozauc,https://glotr.uz/smartfon-spark-go-2-km4-643-titanium-grey-p-1121545/,4.72,
Смартфон Samsung Galaxy A33 5G 6/128GB Светло-синий,3000000.0,glotr,https://files.glotr.uz/company/000/005/799/products/2023/08/25/2023-08-25-15-37-59-012353-267418b53e1f648cb3577a6cf3bad027.webp?_=ozauc,https://glotr.uz/smartfon-samsung-galaxy-a33-5g-6128gb-svetlo-siniy-p-876669/,4.96,
Смартфон Samsung Galaxy Z Fold 7 12/512GB,22440000.0,glotr,https://files.glotr.uz/company/000/002/429/proposals/2026/01/30/2026-01-30-14-24-53-563774-8ffa4f9835c6e86586c4b9fc80ee6a25.webp?_=ozauc,https://glotr.uz/smartfon-samsung-galaxy-m36-5g-6128gb-p-1123179/,4.88,
Смартфон Xiaomi 14T Pro 12GB+1TB Titanium Gray,9317000.0,glotr,https://files.glotr.uz/company/000/001/689/products/2024/10/24/2024-10-24-12-20-03-882345-68f996f97bec28f411b8d7e550d16b2e.webp?_=ozauc,https://glotr.uz/smartfon-xiaomi-14t-pro-12gb1tb-titanium-gray-p-1049020/,4.87,
Респираторная маска 3М 7502 Оригинал защита от пыли газа и химических веществ,100000.0,glotr,https://files.glotr.uz/company/000/039/548/proposals/2025/09/13/2025-09-13-12-30-51-563607-91ad7753682f7e37c18e3133493b5aee.webp?_=ozauc,https://glotr.uz/respiratornaya-maska-3m-7502-original-zashita-ot-pili-gaza-i-ximicheskix-veshestv-p-1113318/,2.36,
Ручной металлодетектор Super Scanner GP-3003B1,105000.0,glotr,https://files.glotr.uz/company/000/037/971/proposals/2025/03/03/2025-03-03-01-33-56-128585-5baf4671c27d643fbda48cc347676927.webp?_=ozauc,https://glotr.uz/ruchnoy-metallodetektor-super-scanner-gp-3003b1-p-1086728/,2.06,
Кран шаровой фланцевый Ду25 PN40 LD PRIDE (Россия),397000.0,glotr,https://files.glotr.uz/company/000/029/707/products/2022/06/30/2022-06-30-14-29-20-302396-ba3580a202694e2c3d698a1a56647580.webp?_=ozauc,https://glotr.uz/kran-sharovoy-flantseviy-du25-pn40-ld-pride-rossiya-p-727021/,4.88,
Спецодежда для рабочих,275000.0,glotr,https://files.glotr.uz/company/000/022/703/products/2025/02/11/2025-02-11-00-38-58-445444-67c2f549495739c873a417dae3a5bab1.webp?_=ozauc,https://glotr.uz/spetsodejda-dlya-rabochix-p-1081262/,4.48,
Прокат детских карнавальных костюмов,90000.0,glotr,https://files.glotr.uz/company/000/003/015/products/2019/01/11/15471898096768-137b3c89cb466d8273c0bf7d8a6dc033.jpg?_=ozauc,https://glotr.uz/prokat-detskix-karnavalnix-kostyumov-p-271127/,2.71,
Кальций хлористый технический,100.0,glotr,https://files.glotr.uz/company/000/040/784/proposals/2026/05/15/2026-05-15-16-47-42-788738-f7d52987518f07edb4ba7ede3d5224ae.webp?_=ozauc,https://glotr.uz/kaltsiy-xloristiy-texnicheskiy-p-1148563/,2.27,
Смартфон SPARK 40 Pro (KM6 256+8) Moon Titanium,2415000.0,glotr,https://files.glotr.uz/company/000/033/239/proposals/2025/11/06/2025-11-06-10-50-15-399376-3422c183acf91deaab8404662e3dac1b.webp?_=ozauc,https://glotr.uz/smartfon-spark-40-pro-km6-2568-moon-titanium-p-1121611/,4.72,
Смартфон Apple iPhone 13 128GB Тёмная ночь,9240000.0,glotr,https://files.glotr.uz/company/000/005/799/products/2023/09/30/2023-09-30-14-10-10-377036-cc85559084642503edc73f124071047d.webp?_=ozauc,https://glotr.uz/smartfon-apple-iphone-13-128gb-tyomnaya-noch-p-889940/,4.96,
Смартфон Samsung Galaxy A17 8/256GB,3060000.0,glotr,https://files.glotr.uz/company/000/002/429/proposals/2026/08/08/2026-08-08-15-55-04-278251-37007d71b417989d9434182711ec5dea.webp?_=ozauc,https://glotr.uz/smartfon-samsung-galaxy-a17-8256gb-p-1123096/,4.88,
Смартфон POCO X7 PRO 5G 12/256GB Black,4670600.0,glotr,https://files.glotr.uz/company/000/001/689/proposals/2026/02/27/2026-02-27-16-42-54-324635-f68f3d370887e46b19e089615509ec36.webp?_=ozauc,https://glotr.uz/smartfon-poco-x7-pro-5g-12256gb-black-p-1139683/,4.87,
Смартфон Samsung Galaxy S23 Ultra 12/256GB Кремовый,11160000.0,glotr,https://files.glotr.uz/company/000/005/799/products/2023/08/29/2023-08-29-18-29-52-100180-2c8c9d4f51e6f8887ee27976592af6d7.webp?_=ozauc,https://glotr.uz/smartfon-samsung-galaxy-s23-ultra-12256gb-kremoviy-p-879225/,4.96,
Смартфон Samsung Galaxy S25 12/128GB,8400000.0,glotr,https://files.glotr.uz/company/000/002/429/proposals/2025/04/24/2025-04-24-16-30-55-960886-a4658f251541cfb5eee1b7ffc28ff03b.webp?_=ozauc,https://glotr.uz/smartfon-samsung-galaxy-s25-12128gb-p-1094508/,4.88,
Смартфон Samsung Galaxy A56 5G (A566) 8/128GB Black,5021500.0,glotr,https://files.glotr.uz/company/000/001/689/proposals/2025/10/10/2025-10-10-18-46-08-218218-70e1dc07095dcb7278ee804ee084258f.webp?_=ozauc,https://glotr.uz/smartfon-samsung-galaxy-a56-5g-a566-8128gb-black-p-1118082/,4.87,
Смартфон Samsung Galaxy S22 8/256GB Зеленый,9420000.0,glotr,https://files.glotr.uz/company/000/005/799/products/2022/09/27/2022-09-27-20-09-40-912066-771bff3908a948445de37ed8289ec5c1.webp?_=ozauc,https://glotr.uz/smartfon-samsung-galaxy-s22-8256gb-zeleniy-p-750748/,4.96,
Смартфон Xiaomi Redmi 17 4/128GB,2424000.0,glotr,https://files.glotr.uz/company/000/002/429/proposals/2026/08/10/2026-08-10-17-28-50-996240-e202160055187e76830157c943127c0e.webp?_=ozauc,https://glotr.uz/smartfon-xiaomi-redmi-13-8gb256gb-p-1048783/,4.88,
Смартфон Samsung Galaxy S25 Ultra 5G (S938) 12/256GB Titanium Black,15730000.0,glotr,https://files.glotr.uz/company/000/001/689/proposals/2025/10/10/2025-10-10-18-04-03-975615-438cd1d3f930c2594191ac1690fa5346.webp?_=ozauc,https://glotr.uz/smartfon-galaxy-s25-ultra-5g-s938-12256gb-titanium-black-p-1118060/,4.87,
Смартфон Xiaomi Redmi Note 17 8/256GB Black (Черный),3420000.0,glotr,https://files.glotr.uz/company/000/005/799/proposals/2026/08/10/2026-08-10-16-45-32-972743-bdf9d19954b688e0a1c407d49d79a5fe.webp?_=ozauc,https://glotr.uz/smartfon-tecno-spark-6-go-2021-232gb-red-p-682691/,4.96,
Смартфон Samsung Galaxy Z Flip7 12Гб/512Гб,11580000.0,glotr,https://files.glotr.uz/company/000/002/429/proposals/2026/02/21/2026-02-21-15-22-02-459237-97e08c6df23d4351c4913e8603d42351.webp?_=ozauc,https://glotr.uz/smartfon-samsung-galaxy-a07-4128gb-p-1123130/,4.88,
Смартфон Samsung Galaxy A56 5G (A566) 8/256GB Gray,5384500.0,glotr,https://files.glotr.uz/company/000/001/689/proposals/2025/10/10/2025-10-10-18-42-33-280837-c34ee6574a1ac1ccd2e48374f49725c4.webp?_=ozauc,https://glotr.uz/smartfon-samsung-galaxy-a56-5g-a566-8256gb-gray-p-1118081/,4.87,
Смартфон Samsung Galaxy A03s 4/64GB Синий,2184000.0,glotr,https://files.glotr.uz/company/000/005/799/products/2022/09/26/2022-09-26-20-05-47-597966-dd71b81058528b29a60aa14595a3d715.webp?_=ozauc,https://glotr.uz/smartfon-samsung-galaxy-a03s-464gb-siniy-p-750455/,4.96,
Смартфон Apple iPhone 16 128GB,10320000.0,glotr,https://files.glotr.uz/company/000/002/429/products/2024/10/31/2024-10-31-14-27-20-450921-e1beedcd1e1c1f99980ca67bda24afd4.webp?_=ozauc,https://glotr.uz/smartfon-apple-iphone-16-128gb-p-1051517/,4.88,
Смартфон Tecno Spark Go 2024 3/64GB Gravity Black,1137400.0,glotr,https://files.glotr.uz/company/000/001/689/products/2024/08/15/2024-08-15-12-32-00-492801-65a061a7a7127d297879d729de8d9f1c.webp?_=ozauc,https://glotr.uz/smartfon-tecno-spark-go-2024-364gb-gravity-black-p-1020669/,4.87,
Смартфон Samsung Galaxy A03s 4/64GB Черный,2184000.0,glotr,https://files.glotr.uz/company/000/005/799/products/2022/09/26/2022-09-26-20-06-48-232306-f2acab642aff6e4619fb3761c38e91ad.webp?_=ozauc,https://glotr.uz/smartfon-samsung-galaxy-a03s-464gb-cherniy-p-750456/,4.96,
Смартфон Xiaomi Redmi 15 8/256GB,2760000.0,glotr,https://files.glotr.uz/company/000/002/429/proposals/2026/08/10/2026-08-10-16-59-49-104732-0bc8101eac1e40159c3848279cf4f445.webp?_=ozauc,https://glotr.uz/smartfon-xiaomi-redmi-note-13-6gb128gb-p-1048789/,4.88,
Смартфон POCO M7 6/128GB Black,1996500.0,glotr,https://files.glotr.uz/company/000/001/689/proposals/2026/02/27/2026-02-27-16-25-06-423135-f2ea70d97d2e3abcb4c2557f6362ffee.webp?_=ozauc,https://glotr.uz/smartfon-poco-m7-6128gb-black-p-1139674/,4.87,
Смартфон Samsung Galaxy A03 3/32GB Красный,1860000.0,glotr,https://files.glotr.uz/company/000/005/799/products/2022/09/26/2022-09-26-20-20-55-432215-453fc0c5dd62966779f47e9ae3e57126.webp?_=ozauc,https://glotr.uz/smartfon-samsung-galaxy-a03-332gb-krasniy-p-750459/,4.96,
Смартфон Samsung Galaxy A56 5G 8/256GB,4860000.0,glotr,https://files.glotr.uz/company/000/002/429/proposals/2025/04/25/2025-04-25-15-33-39-173332-22681c4a00e0f247d1367842d6c08cd1.webp?_=ozauc,https://glotr.uz/smartfon-samsung-galaxy-a56-8256gb-p-1094630/,4.88,
Смартфон Tecno Pova 6 8+256,2891900.0,glotr,https://files.glotr.uz/company/000/001/689/products/2024/08/16/2024-08-16-13-02-17-298382-dc6a338000e1cf8352b72c0e457d8ed4.webp?_=ozauc,https://glotr.uz/smartfon-tecno-pova-6-8256-p-1021286/,4.87,
Смартфон Samsung Galaxy A03 4/64GB Красный,1860000.0,glotr,https://files.glotr.uz/company/000/005/799/products/2022/09/26/2022-09-26-20-21-42-614950-6c559d0f7bc2965b994b5d8e060868fd.webp?_=ozauc,https://glotr.uz/smartfon-samsung-galaxy-a03-464gb-krasniy-p-750460/,4.96,
Смартфон Apple iPhone 17 Pro Max 512GB (E-Sim),20160000.0,glotr,https://files.glotr.uz/company/000/002/429/proposals/2025/12/27/2025-12-27-11-04-00-908364-8908abc8adf60f59fbc3305953a42b0b.webp?_=ozauc,https://glotr.uz/smartfon-apple-iphone-17-pro-max-512gb-e-sim-p-1129153/,4.88,
Смартфон POCO F7 12/512GB Black,5929000.0,glotr,https://files.glotr.uz/company/000/001/689/proposals/2026/02/27/2026-02-27-16-51-34-782498-a3a834bcec81d4427ebe9035e0321262.webp?_=ozauc,https://glotr.uz/smartfon-poco-f7-12512gb-black-p-1139687/,4.87,
Смартфон Samsung Galaxy A13 4/128 GB Черный,2880000.0,glotr,https://files.glotr.uz/company/000/005/799/products/2022/09/26/2022-09-26-20-42-00-235567-a2fcd45dd59867b519a42a2f9ab1a281.webp?_=ozauc,https://glotr.uz/smartfon-samsung-galaxy-a13-4128-gb-cherniy-p-750462/,4.96,
Смартфон Xiaomi Redmi Note 17 8/256GB,3432000.0,glotr,https://files.glotr.uz/company/000/002/429/proposals/2026/08/11/2026-08-11-11-58-44-371701-7e0e6b92f9a0bd295b9d1f08c8eecf68.webp?_=ozauc,https://glotr.uz/smartfon-xiaomi-redmi-10-6128-gb-p-853901/,4.88,
Смартфон POCO X7 PRO 5G 8/256GB Black,4356000.0,glotr,https://files.glotr.uz/company/000/001/689/proposals/2026/02/27/2026-02-27-16-40-16-663346-1320a78c74938979d0cd0f8fad44713c.webp?_=ozauc,https://glotr.uz/smartfon-poco-x7-pro-5g-8256gb-black-p-1139681/,4.87,
Смартфон Samsung Galaxy A13 4/128 GB Голубой,2880000.0,glotr,https://files.glotr.uz/company/000/005/799/products/2022/09/27/2022-09-27-11-22-44-825183-cdb14489cbf58b69f90b19d9688dbd9b.webp?_=ozauc,https://glotr.uz/smartfon-samsung-galaxy-a13-4128-gb-goluboy-p-750524/,4.96,
Смартфон Samsung Galaxy Z Flip 7 12Гб/256Гб,11220000.0,glotr,https://files.glotr.uz/company/000/002/429/proposals/2026/02/21/2026-02-21-15-26-40-849773-6d958970d52856063aa43c9bb3f8dc51.webp?_=ozauc,https://glotr.uz/smartfon-samsung-galaxy-a07-6128gb-p-1123122/,4.88,
Смартфон GOOGLE Pixel 6A 6GB 128GB Sage,5989500.0,glotr,https://files.glotr.uz/company/000/001/689/products/2022/11/23/2022-11-23-12-04-29-891657-a9511604ef8166aea8d882898a63377f.webp?_=ozauc,https://glotr.uz/smartfon-google-pixel-6a-6gb-128gb-sage-p-769306/,4.87,
Смартфон Samsung Galaxy A13 3/32 GB Черный,2376000.0,glotr,https://files.glotr.uz/company/000/005/799/products/2022/09/27/2022-09-27-11-30-41-224822-d1a2e816076a48736a325e1c6fa1e74c.webp?_=ozauc,https://glotr.uz/smartfon-samsung-galaxy-a13-332-gb-cherniy-p-750526/,4.96,
Смартфон Samsung Galaxy S25 Ultra 12/512 ГБ,13320000.0,glotr,https://files.glotr.uz/company/000/002/429/proposals/2026/01/30/2026-01-30-14-45-06-400789-fb4b5f03b20337d75707c24a33851161.webp?_=ozauc,https://glotr.uz/smartfon-samsung-galaxy-f16-5g-6128gb-p-1123160/,4.88,
Смартфон GOOGLE Pixel 6 8GB 128GB Sorta Seafoam,7320500.0,glotr,https://files.glotr.uz/company/000/001/689/products/2022/11/23/2022-11-23-12-24-08-174964-a50c9d777620017558300ff0db4a80cd.webp?_=ozauc,https://glotr.uz/smartfon-google-pixel-6-8gb-128gb-sorta-seafoam-p-769316/,4.87,
Смартфон Samsung Galaxy A13 4/64GB Белый,2592000.0,glotr,https://files.glotr.uz/company/000/005/799/products/2022/09/27/2022-09-27-13-34-00-209305-13f90c1531864d62bf6b46571e73598c.webp?_=ozauc,https://glotr.uz/smartfon-samsung-galaxy-a13-464gb-beliy-p-750562/,4.96,
Смартфон Apple iPhone 16 Plus 128GB,12120000.0,glotr,https://files.glotr.uz/company/000/002/429/products/2024/10/31/2024-10-31-14-54-37-453825-0527259e4daa512c6b617ef964d308a2.webp?_=ozauc,https://glotr.uz/smartfon-apple-iphone-16-plus-128gb-p-1051552/,4.88,
Смартфон Xiaomi 14T 12GB+256GB Titan Black,6388800.0,glotr,https://files.glotr.uz/company/000/001/689/products/2024/10/24/2024-10-24-12-04-29-150508-fbf19df67a7e419019d4856933a9f350.webp?_=ozauc,https://glotr.uz/smartfon-xiaomi-14t-12gb256gb-titan-black-p-1049003/,4.87,
Смартфон Samsung Galaxy Z Flip 4 8/256GB Сияющий аметист,13200000.0,glotr,https://files.glotr.uz/company/000/005/799/products/2022/09/27/2022-09-27-15-13-47-882124-d78b8ef49da03685e7b428e3e41880c2.webp?_=ozauc,https://glotr.uz/smartfon-samsung-galaxy-z-flip-4-8256gb-siyayushiy-ametist-p-750640/,4.96,
Смартфон Apple iPhone 17 Pro Max 512GB (SIM + E Sim),21240000.0,glotr,https://files.glotr.uz/company/000/002/429/proposals/2025/09/27/2025-09-27-15-28-18-131397-1f3f53a782d265189995ae34cc598a1d.webp?_=ozauc,https://glotr.uz/smartfon-apple-iphone-17-pro-max-512gb-p-1115571/,4.88,
Смартфон Tecno CAMON 30 5G 8/256GB,3484800.0,glotr,https://files.glotr.uz/company/000/001/689/products/2024/08/22/2024-08-22-11-57-57-016707-868b3cef27e64a32910609b133f4df81.webp?_=ozauc,https://glotr.uz/smartfon-tecno-camon-30-5g-8256gb-p-1023844/,4.87,
Смартфон Samsung Galaxy S21 8/128GB Фиолетовый,7920000.0,glotr,https://files.glotr.uz/company/000/005/799/products/2022/09/27/2022-09-27-19-36-38-849614-733036f353b4f405c4278807617e8f20.webp?_=ozauc,https://glotr.uz/smartfon-samsung-galaxy-s21-8128gb-fioletoviy-p-750739/,4.96,
Смартфон Xiaomi Redmi Note 15 Pro Plus 5G 12/512GB,5604000.0,glotr,https://files.glotr.uz/company/000/002/429/proposals/2026/08/11/2026-08-11-10-48-16-739059-5679f79a44d0ee85610aa34b872eb43c.webp?_=ozauc,https://glotr.uz/smartfon-xiaomi-redmi-13c-8gb256gb-p-1048727/,4.88,
Смартфон POCO C85 8/256GB Black,1887600.0,glotr,https://files.glotr.uz/company/000/001/689/proposals/2026/02/27/2026-02-27-15-57-13-207773-251ba1f3cdb493eb5a048c525fd48267.webp?_=ozauc,https://glotr.uz/smartfon-poco-c85-8256gb-black-p-1139666/,4.87,
Смартфон Samsung Galaxy S22 8/256GB Черный фантом,9420000.0,glotr,https://files.glotr.uz/company/000/005/799/products/2022/09/27/2022-09-27-20-05-00-348470-36d0c66807082e293d7b830a8ac9a29f.webp?_=ozauc,https://glotr.uz/smartfon-samsung-galaxy-s22-8256gb-cherniy-fantom-p-750746/,4.96,
Смартфон Xiaomi Poco M8 5G 8/512GB,3660000.0,glotr,https://files.glotr.uz/company/000/002/429/proposals/2026/08/13/2026-08-13-11-37-08-707347-a3b8195b0d2b684c5e86077ebb923194.webp?_=ozauc,https://glotr.uz/smartfon-xiaomi-poco-f5-pro-12512gb-p-920014/,4.88,
Смартфон OPPO A17K 3/64GB Navy Blue,1585100.0,glotr,https://files.glotr.uz/company/000/001/689/products/2023/07/21/2023-07-21-17-50-34-706168-1dbcc5749a77d2e7ccac0c80002bcf05.webp?_=ozauc,https://glotr.uz/smartfon-oppo-a17k-364gb-navy-blue-p-857870/,4.87,
Смартфон Xiaomi Redmi Note 11 NFC 4/64GB Серый графит,2760000.0,glotr,https://files.glotr.uz/company/000/005/799/products/2022/09/30/2022-09-30-15-41-42-761363-2c25c82dcc2017e6e69fb111f7ddf666.webp?_=ozauc,https://glotr.uz/smartfon-xiaomi-redmi-note-11-nfc-464gb-seriy-grafit-p-751767/,4.96,
Смартфон Samsung Galaxy A17 6/128GB,2592000.0,glotr,https://files.glotr.uz/company/000/002/429/proposals/2026/08/08/2026-08-08-15-54-12-172736-45703036b4c315ecbaabe93fc206d2be.webp?_=ozauc,https://glotr.uz/smartfon-samsung-galaxy-z-fold-5-12256gb-2-sim-p-900301/,4.88,
Смартфон Tecno Spark 20C 4+128,1258400.0,glotr,https://files.glotr.uz/company/000/001/689/products/2024/08/15/2024-08-15-14-23-34-266069-bbbb21b1b41b31e22edd708d3def3643.webp?_=ozauc,https://glotr.uz/smartfon-tecno-spark-20c-4128-p-1020750/,4.87,
Смартфон Xiaomi 11 Lite 5G NE 12/256GB Мармеладно-голубой,6180000.0,glotr,https://files.glotr.uz/company/000/005/799/products/2022/09/30/2022-09-30-15-52-07-895096-43f219dfb10be929bdd24ec97803d7e3.webp?_=ozauc,https://glotr.uz/smartfon-xiaomi-11-lite-5g-ne-12256gb-marmeladno-goluboy-p-751776/,4.96,
Эмаль универсальная Gogle Paints 2.3 кг (голубая),33624.0,glotr,https://files.glotr.uz/company/000/033/068/products/2023/02/08/2023-02-08-18-43-32-582619-0ecef565b725b74b02d3fc595ad0b1f9.webp?_=ozauc,https://glotr.uz/emal-universalnaya-gogle-paints-23-kg-golubaya-p-794030/,3.40,
Стол для пиццы Abat СХС-80-01П,24850000.0,glotr,https://files.glotr.uz/company/000/029/981/products/2022/07/01/2022-07-01-18-24-42-048614-beda19464de22949375812c67fc72624.webp?_=ozauc,https://glotr.uz/stol-dlya-pitstsi-abat-sxs-80-01p-p-727725/,2.44,
ROOMZ RZ дисплей комнаты,19990000.0,glotr,https://files.glotr.uz/company/000/038/673/proposals/2025/05/19/2025-05-19-18-45-13-271976-1b64c126755ae6f3602ae631f56ccc6f.webp?_=ozauc,https://glotr.uz/roomz-rz-displey-komnati-p-1098199/,4.94,
"Электрический тельфер 300 кг, 20 м (Pound YS3 90L-2)",1120802.0,glotr,https://files.glotr.uz/company/000/039/809/proposals/2025/11/13/2025-11-13-10-02-42-197476-ba20304b0a11b6c69449f2b9ea3df18d.webp?_=ozauc,https://glotr.uz/elektricheskiy-telfer-300-kg-20-m-pound-ys3-90l-2-p-1122996/,4.55,
Интерактивная панель GalaxyHub 65,10000000.0,glotr,https://files.glotr.uz/company/000/039/516/proposals/2025/09/08/2025-09-08-12-12-28-270384-478a410badb53b5d7b43b48b5bad0874.webp?_=ozauc,https://glotr.uz/interaktivnaya-panel-galaxyhub-65-p-1112327/,4.62,
Смартфон Xiaomi Poco M8 Pro 5G 12/512GB,5064000.0,glotr,https://files.glotr.uz/company/000/002/429/proposals/2026/08/13/2026-08-13-12-50-43-947629-5ddf0997dad87faf1df289a012551f2f.webp?_=ozauc,https://glotr.uz/smartfon-xiaomi-poco-f3-8256-p-642443/,4.88,
Смартфон OPPO Reno 8T 8/128GB Sunset Orange,3956700.0,glotr,https://files.glotr.uz/company/000/001/689/products/2023/07/22/2023-07-22-10-39-55-829428-e6b5ff73f8213d137683da6a8660e8ed.webp?_=ozauc,https://glotr.uz/smartfon-oppo-reno-8t-8128gb-sunset-orange-p-858038/,4.87,
Смартфон Xiaomi Redmi Note 12S 8/256GB Global Голубой,2700000.0,glotr,https://files.glotr.uz/company/000/005/799/products/2023/08/23/2023-08-23-12-05-09-636840-68efbec01289d775285ebe2c9291444d.webp?_=ozauc,https://glotr.uz/smartfon-xiaomi-redmi-note-12s-8256gb-global-goluboy-p-875313/,4.96,
Смартфон Samsung Galaxy A36 5G 8/256GB,4200000.0,glotr,https://files.glotr.uz/company/000/002/429/proposals/2025/11/13/2025-11-13-14-44-56-085324-d3d0a7f882ecea985a6cf7c9c9b64e7b.webp?_=ozauc,https://glotr.uz/smartfon-samsung-galaxy-a36-5g-8256gb-p-1123078/,4.88,
Смартфон Tecno Pova 6 Neo 8+128,2214300.0,glotr,https://files.glotr.uz/company/000/001/689/products/2024/08/15/2024-08-15-15-22-13-011947-098e997b1cbed549114fd159878b590e.webp?_=ozauc,https://glotr.uz/smartfon-tecno-pova-6-neo-8128-p-1020789/,4.87,
Смартфон Xiaomi Redmi 12 4/128GB Global Голубой,2016000.0,glotr,https://files.glotr.uz/company/000/005/799/products/2023/08/23/2023-08-23-12-28-38-175679-bd39ea5cec55af9184c7d058e19f84d6.webp?_=ozauc,https://glotr.uz/smartfon-xiaomi-redmi-12-4128gb-global-goluboy-p-875337/,4.96,
Смартфон Apple iPhone 16 Pro Max 512 ГБ,18960000.0,glotr,https://files.glotr.uz/company/000/002/429/products/2024/09/24/2024-09-24-14-55-33-844047-79813fcdf1b134a1120d9f8028fe9048.webp?_=ozauc,https://glotr.uz/smartfon-apple-iphone-16-pro-max-512-gb-p-1040600/,4.88,
Смартфон GOOGLE Pixel 6 8GB 256GB Sorta Seafoam,8651500.0,glotr,https://files.glotr.uz/company/000/001/689/products/2022/11/23/2022-11-23-12-51-14-275476-01543bae212cabb75da735886cbdbf52.webp?_=ozauc,https://glotr.uz/smartfon-google-pixel-6-8gb-256gb-sorta-seafoam-p-769331/,4.87,
Смартфон Xiaomi Redmi 12 4/128GB Global Черный,2016000.0,glotr,https://files.glotr.uz/company/000/005/799/products/2023/08/23/2023-08-23-13-56-32-136279-8e0afeaecada6eaa076dcf2fd03e2a5a.webp?_=ozauc,https://glotr.uz/smartfon-xiaomi-redmi-12-4128gb-global-cherniy-p-875356/,4.96,
Смартфон Samsung Galaxy S25 Ultra 12/256 ГБ,12120000.0,glotr,https://files.glotr.uz/company/000/002/429/proposals/2026/01/30/2026-01-30-14-48-23-928485-b5aa5f4ad8e13a55a1d8c0e1ddc58f79.webp?_=ozauc,https://glotr.uz/smartfon-samsung-galaxy-f16-5g-4128gb-p-1123158/,4.88,
Смартфон GOOGLE Pixel 6 Pro 12GB 256GB Cloudy White,11313500.0,glotr,https://files.glotr.uz/company/000/001/689/products/2022/11/23/2022-11-23-14-13-49-289327-1ceb6ef550a52f44e3f8eb93b7c10e87.webp?_=ozauc,https://glotr.uz/smartfon-google-pixel-6-pro-12gb-256gb-cloudy-white-p-769400/,4.87,
Смартфон Xiaomi Redmi 12 8/256GB Global Серый,2256000.0,glotr,https://files.glotr.uz/company/000/005/799/products/2023/08/23/2023-08-23-14-24-00-061713-0c8508da53c0e73e4a840566df5bd067.webp?_=ozauc,https://glotr.uz/smartfon-xiaomi-redmi-12-8256gb-global-seriy-p-875357/,4.96,
Смартфон Apple iPhone 16 Pro Max 256 ГБ,16320000.0,glotr,https://files.glotr.uz/company/000/002/429/products/2024/09/24/2024-09-24-14-53-46-193092-52a18935abaec1e3a8b0f5e9f40d9528.webp?_=ozauc,https://glotr.uz/smartfon-apple-iphone-16-pro-max-256-gb-p-1040598/,4.88,
Смартфон Realme C33 4/128GB RMX3264 Night Sea,1887600.0,glotr,https://files.glotr.uz/company/000/001/689/products/2023/07/21/2023-07-21-11-32-19-721309-022551ace797ba4be6ae5c0d7efc4f64.webp?_=ozauc,https://glotr.uz/smartfon-realme-c33-4128gb-rmx3264-night-sea-p-857548/,4.87,
Смартфон Samsung Galaxy A04 3/32GB Черный,1536000.0,glotr,https://files.glotr.uz/company/000/005/799/products/2023/08/23/2023-08-23-17-26-29-129082-e8ce63257d729a4988c40a3612430fc5.webp?_=ozauc,https://glotr.uz/smartfon-samsung-galaxy-a04-332gb-cherniy-p-875556/,4.96,
Смартфон Samsung Galaxy A07 6/128Gb,1944000.0,glotr,https://files.glotr.uz/company/000/002/429/proposals/2026/07/02/2026-07-02-14-32-19-844537-8a752a33e35acbc9c6b0e6ee8ccaa672.webp?_=ozauc,https://glotr.uz/smartfon-samsung-galaxy-s23-ultra-12512-gb-p-862299/,4.88,
Смартфон GOOGLE Pixel 6 Pro 12GB 512GB Sorta Sunny,13310000.0,glotr,https://files.glotr.uz/company/000/001/689/products/2022/11/23/2022-11-23-14-21-15-270901-a05b704de19f07c5f480b884f10030e4.webp?_=ozauc,https://glotr.uz/smartfon-google-pixel-6-pro-12gb-512gb-sorta-sunny-p-769409/,4.87,
Смартфон Samsung Galaxy A04 3/32GB Медный,1536000.0,glotr,https://files.glotr.uz/company/000/005/799/products/2023/08/23/2023-08-23-17-29-20-585426-ab1ee747f35d72d321bbd45bc41d37ae.webp?_=ozauc,https://glotr.uz/smartfon-samsung-galaxy-a04-332gb-medniy-p-875561/,4.96,
Смартфон Xiaomi Poco X8 Pro Max 5G 12/256GB,6360000.0,glotr,https://files.glotr.uz/company/000/002/429/proposals/2026/08/13/2026-08-13-16-56-36-307632-ff5e7d82537bbce0e9b13a85f824cb47.webp?_=ozauc,https://glotr.uz/smartfon-xiaomi-poco-x3-pro-8256gb-bronze-p-597447/,4.88,
Смартфон Xiaomi 14T 12GB+512GB Titan Black,6921200.0,glotr,https://files.glotr.uz/company/000/001/689/products/2024/10/24/2024-10-24-12-06-24-055379-986425cdfe0efd680311fe9bc4c2d89b.webp?_=ozauc,https://glotr.uz/smartfon-xiaomi-14t-12gb512gb-titan-black-p-1049004/,4.87,
Смартфон Samsung Galaxy A04 4/64GB Черный,1620000.0,glotr,https://files.glotr.uz/company/000/005/799/products/2023/08/23/2023-08-23-17-35-38-741380-86fb4f5066765046c7aeaa027bca852c.webp?_=ozauc,https://glotr.uz/smartfon-samsung-galaxy-a04-464gb-cherniy-p-875565/,4.96,
Смартфон Apple iPhone 17 Air 12/256GB (E Sim ),12240000.0,glotr,https://files.glotr.uz/company/000/002/429/proposals/2025/11/14/2025-11-14-11-13-35-104914-a7b2922d41edb7dfd748f69ec692abb9.webp?_=ozauc,https://glotr.uz/smartfon-apple-iphone-17-air-12256gb-esim-p-1123237/,4.88,
Смартфон Samsung Galaxy A56 5G (A566) 8/256GB Black,5384500.0,glotr,https://files.glotr.uz/company/000/001/689/proposals/2025/10/10/2025-10-10-18-38-57-375638-2b8bd8c3d61afe5d3dbe990d6c6bce16.webp?_=ozauc,https://glotr.uz/smartfon-samsung-galaxy-a56-5g-a566-8256gb-black-p-1118080/,4.87,
Смартфон Samsung Galaxy A04s 4/64GB Черный,1980000.0,glotr,https://files.glotr.uz/company/000/005/799/products/2023/08/23/2023-08-23-18-09-04-073545-9ec33b02306b0d48ed2153bc559e0ad3.webp?_=ozauc,https://glotr.uz/smartfon-samsung-galaxy-a04s-464gb-cherniy-p-875582/,4.96,
Смартфон Apple iPhone 17 Pro 256GB (SIM + E Sim),16560000.0,glotr,https://files.glotr.uz/company/000/002/429/proposals/2025/09/27/2025-09-27-15-01-06-381101-1a22e4e7470248627984021c5a36b527.webp?_=ozauc,https://glotr.uz/smartfon-apple-iphone-17-pro-256gb-p-1115567/,4.88,
Cмартфон Samsung Galaxy S25+ 5G (S936) 12/256GB Silver Shadow,12184700.0,glotr,https://files.glotr.uz/company/000/001/689/proposals/2025/10/10/2025-10-10-18-15-27-892654-1d7ee0e4b2ab11683960ace51ef81b74.webp?_=ozauc,https://glotr.uz/cmartfon-samsung-galaxy-s25-5g-s936-12256gb-silver-shadow-p-1118067/,4.87,
Смартфон Samsung Galaxy A13 4/128GB Черный,2412000.0,glotr,https://files.glotr.uz/company/000/005/799/products/2023/08/25/2023-08-25-13-47-33-867974-2f542cf5531d20a8cf3342eab2c166ad.webp?_=ozauc,https://glotr.uz/smartfon-samsung-galaxy-a13-4128gb-cherniy-p-876534/,4.96,
Смартфон Xiaomi Redmi Note 17 6/256GB,3264000.0,glotr,https://files.glotr.uz/company/000/002/429/proposals/2026/08/11/2026-08-11-11-38-30-326700-cb868f69c2da317d3f29c27258a29ea5.webp?_=ozauc,https://glotr.uz/smartfon-xiaomi-redmi-a3-4gb128gb-p-1048716/,4.88,
Смартфон GOOGLE Pixel 7 Pro 12Gb 128GB Obsidian,13794000.0,glotr,https://files.glotr.uz/company/000/001/689/products/2022/11/22/2022-11-22-16-04-00-182285-5193f55fa5620dbab18cb85dbf3f1d71.webp?_=ozauc,https://glotr.uz/smartfon-google-pixel-7-pro-12gb-128gb-obsidian-p-769014/,4.87,
Смартфон Samsung Galaxy A14 4/64GB Черный,1812000.0,glotr,https://files.glotr.uz/company/000/005/799/products/2023/08/25/2023-08-25-13-56-41-482411-574a8ef5994148487b9ff414490a5421.webp?_=ozauc,https://glotr.uz/smartfon-samsung-galaxy-a14-464gb-cherniy-p-876539/,4.96,
Смартфон Xiaomi Poco C85 6/128GB,2004000.0,glotr,https://files.glotr.uz/company/000/002/429/proposals/2026/08/13/2026-08-13-10-46-05-584893-704be91e25d7404da0bb344f32106692.webp?_=ozauc,https://glotr.uz/smartfon-xiaomi-poco-m6-pro-12gb512gb-p-1048811/,4.88,
Смартфон Tecno Spark 8P (4+64) Dazzle Black,1089000.0,glotr,https://files.glotr.uz/company/000/001/689/products/2024/08/15/2024-08-15-11-06-03-981542-dbc4cdff40e621b63b8a89729a0d6243.webp?_=ozauc,https://glotr.uz/smartfon-tecno-spark-8p-464-dazzle-black-p-1020627/,4.87,
Смартфон Samsung Galaxy A14 4/64GB Зеленый,1812000.0,glotr,https://files.glotr.uz/company/000/005/799/products/2023/08/25/2023-08-25-14-05-58-588169-edf74831f080e017fc78b4736e74d5db.webp?_=ozauc,https://glotr.uz/smartfon-samsung-galaxy-a14-464gb-zeleniy-p-876544/,4.96,
Смартфон Xiaomi Redmi 15 6GB/128GB,2364000.0,glotr,https://files.glotr.uz/company/000/002/429/proposals/2026/08/10/2026-08-10-16-32-59-286442-b3bb52a938e304999112269251c3a274.webp?_=ozauc,https://glotr.uz/smartfon-xiaomi-14t-pro-12gb1024gb-p-1048898/,4.88,
Смартфон Samsung Galaxy S25 5G (S931) 12/128GB Icyblue,10164000.0,glotr,https://files.glotr.uz/company/000/001/689/proposals/2025/10/10/2025-10-10-18-27-38-538950-cdd8ba8a6176bf8cc08ac5ba948f2c70.webp?_=ozauc,https://glotr.uz/smartfon-samsung-galaxy-s25-5g-s931-12128gb-icyblue-p-1118072/,4.87,
Смартфон Samsung Galaxy A14 6/128GB Черный,2040000.0,glotr,https://files.glotr.uz/company/000/005/799/products/2023/08/25/2023-08-25-14-08-06-809805-f20baa4aee2ccb56058465a90ed802f8.webp?_=ozauc,https://glotr.uz/smartfon-samsung-galaxy-a14-6128gb-cherniy-p-876547/,4.96,
Смартфон Samsung Galaxy A37 5G 8/128Gb,4500000.0,glotr,https://files.glotr.uz/company/000/002/429/proposals/2026/07/02/2026-07-02-12-28-51-496718-66e4e17a4384fc60240b0ccecf2b60d8.webp?_=ozauc,https://glotr.uz/smartfon-samsung-galaxy-s21-fe-8128-gb-p-900306/,4.88,
Смартфон Samsung Galaxy S25 5G (S931) 12/256GB Navy,10890000.0,glotr,https://files.glotr.uz/company/000/001/689/proposals/2025/10/10/2025-10-10-18-24-01-632551-5771b15696664a930babbe7a8d45ae14.webp?_=ozauc,https://glotr.uz/smartfon-samsung-galaxy-s25-5g-s931-12256gb-navy-p-1118070/,4.87,
Смартфон Samsung Galaxy A14 6/128GB Серебристый,2040000.0,glotr,https://files.glotr.uz/company/000/005/799/products/2023/08/25/2023-08-25-14-12-29-599337-342aeb25c7cd88b0630a17cc6f30f2ab.webp?_=ozauc,https://glotr.uz/smartfon-samsung-galaxy-a14-6128gb-serebristiy-p-876550/,4.96,
Смартфон Apple iPhone 17 Pro Max 2TB (E-Sim),30720000.0,glotr,https://files.glotr.uz/company/000/002/429/proposals/2025/12/27/2025-12-27-11-07-06-610859-7dde1a680cf590911667d386f789b757.webp?_=ozauc,https://glotr.uz/smartfon-apple-iphone-17-pro-max-2tb-e-sim-p-1129155/,4.88,
Смартфон Tecno Spark 20 8/256,1766600.0,glotr,https://files.glotr.uz/company/000/001/689/products/2024/08/15/2024-08-15-15-08-26-606456-9889424e4bef6f1fb1b32ba36371e514.webp?_=ozauc,https://glotr.uz/smartfon-tecno-spark-20-8256-p-1020783/,4.87,
Смартфон Samsung Galaxy A14 4/64GB Серебристый,1812000.0,glotr,https://files.glotr.uz/company/000/005/799/products/2023/08/25/2023-08-25-14-13-05-099530-a56a2f2c67878d6f348578a8ca38b212.webp?_=ozauc,https://glotr.uz/smartfon-samsung-galaxy-a14-464gb-serebristiy-p-876551/,4.96,
Смартфон Samsung Galaxy S26 Ultra 1TB,20580000.0,glotr,https://files.glotr.uz/company/000/002/429/proposals/2026/07/02/2026-07-02-11-25-08-661967-1267a2af1583095eebe140282ba58707.webp?_=ozauc,https://glotr.uz/smartfon-samsung-galaxy-s24-8512-gb-p-944339/,4.88,
Смартфон GOOGLE Pixel 6 8GB 128GB Kinda Coral,7320500.0,glotr,https://files.glotr.uz/company/000/001/689/products/2022/11/23/2022-11-23-12-17-18-034810-a545de7db8b623519d9fd38a7715f215.webp?_=ozauc,https://glotr.uz/smartfon-google-pixel-6-8gb-128gb-kinda-coral-p-769312/,4.87,
Смартфон Samsung Galaxy A34 6/128GB Лайм,3240000.0,glotr,https://files.glotr.uz/company/000/005/799/products/2023/08/25/2023-08-25-16-06-46-715968-20b7fb362166dfd1d8d5a4d51da9cbdb.webp?_=ozauc,https://glotr.uz/smartfon-samsung-galaxy-a34-6128gb-laym-p-876725/,4.96,
Смартфон Apple iPhone 17 Pro 256GB (eSIM),15720000.0,glotr,https://files.glotr.uz/company/000/002/429/proposals/2025/12/26/2025-12-26-17-49-46-921546-0e4bec1fea22a7e5446d8986bac02bad.webp?_=ozauc,https://glotr.uz/smartfon-apple-iphone-17-pro-256gb-esim-p-1129105/,4.88,
Смартфон Realme C30s RMX3690 4/64GB Stripe Black,1573000.0,glotr,https://files.glotr.uz/company/000/001/689/products/2023/07/21/2023-07-21-10-15-30-698412-6528a457125fc3fb3de752a9c949f53a.webp?_=ozauc,https://glotr.uz/smartfon-realme-c30s-rmx3690-464gb-stripe-black-p-857469/,4.87,
Смартфон Samsung Galaxy A34 8/256GB Лавандовый,3540000.0,glotr,https://files.glotr.uz/company/000/005/799/products/2023/08/25/2023-08-25-16-22-12-333728-69d98e2f3b9b5f7767fbf8e670a710b9.webp?_=ozauc,https://glotr.uz/smartfon-samsung-galaxy-a34-8256gb-lavandoviy-p-876746/,4.96,
Смартфон Samsung Galaxy A57 5G 8/128Gb,5016000.0,glotr,https://files.glotr.uz/company/000/002/429/proposals/2026/07/02/2026-07-02-11-42-09-696247-acef2f4442856d143ae97a342e3cd779.webp?_=ozauc,https://glotr.uz/smartfon-samsung-galaxy-a24-6128gb-p-944322/,4.88,
Смартфон TECNO Spark 10 4/128GB Meta Black,1343100.0,glotr,https://files.glotr.uz/company/000/001/689/products/2023/10/06/2023-10-06-16-43-51-568865-90b72714ab4c2f0c7573440a45fb9520.webp?_=ozauc,https://glotr.uz/smartfon-tecno-spark-10-4128gb-meta-black-p-891750/,4.87,
Урсус - AGenYZ БАД Ursus для почек и мочевого пузыря,390000.0,glotr,https://files.glotr.uz/company/000/036/772/products/2024/05/19/2024-05-19-23-38-52-964821-e1135e4f76a76dd03bd99d719e840d38.webp?_=ozauc,https://glotr.uz/ursus-agenyz-bad-ursus-dlya-pochek-i-mochevogo-puzirya-p-997319/,2.78,
Кровать медицинская для дома с турником,3500000.0,glotr,https://files.glotr.uz/company/000/037/811/proposals/2026/01/23/2026-01-23-14-32-45-262356-ef7456a09ae96d4a660803f09652ef04.webp?_=ozauc,https://glotr.uz/krovat-meditsinskaya-dlya-doma-s-turnikom-p-1065124/,2.78,
Прокат детских карнавальных костюмов,90000.0,glotr,https://files.glotr.uz/company/000/003/015/products/2019/01/11/15471898096768-137b3c89cb466d8273c0bf7d8a6dc033.jpg?_=ozauc,https://glotr.uz/prokat-detskix-karnavalnix-kostyumov-p-271127/,2.71,
Подарки.Игрушки,350000.0,glotr,https://files.glotr.uz/company/000/038/493/proposals/2025/03/15/2025-03-15-15-33-26-134949-821b3f3d28d9a80effb9c4304bf3ff6d.webp?_=ozauc,https://glotr.uz/podarkiigrushki-p-1088791/,2.42,
Анализаторы зерна Infracont SGRAIN И XGRAIN,346489920.0,glotr,https://files.glotr.uz/company/000/039/173/proposals/2025/07/02/2025-07-02-10-02-51-469791-b000924ee36aabf008badb14d613df32.webp?_=ozauc,https://glotr.uz/analizatori-zerna-infracont-sgrain-i-xgrain-p-1104139/,4.80,
"Грунтовка ГФ-021 ""UNIQ""",19656.0,glotr,https://files.glotr.uz/company/000/025/459/products/2024/10/22/2024-10-22-16-22-09-549825-cd6d5598ccdde78417102baf7f8c59ef.webp?_=ozauc,https://glotr.uz/gruntovka-gf-021-uniq-p-562819/,2.28,
Смартфон Samsung Galaxy A53 5G 8/256GB Голубой,4320000.0,glotr,https://files.glotr.uz/company/000/005/799/products/2023/08/25/2023-08-25-16-57-03-679210-1db1993424c35c1ff4970c90aea08df2.webp?_=ozauc,https://glotr.uz/smartfon-samsung-galaxy-a53-5g-8256gb-goluboy-p-876766/,4.96,
Смартфон Samsung Galaxy S25 12/256GB Navy,9360000.0,glotr,https://files.glotr.uz/company/000/002/429/proposals/2026/01/30/2026-01-30-14-56-05-736198-f6e71b4df7466cdd9c81551101143932.webp?_=ozauc,https://glotr.uz/smartfon-samsung-galaxy-a07-364gb-p-1123149/,4.88,
Смартфон TECNO Camon 19 Neo (CH6i) 6/128Gb NFC Eco Black,1464100.0,glotr,https://files.glotr.uz/company/000/001/689/products/2022/08/25/2022-08-25-10-58-35-651497-ee17cf3afdc426c95224cd8ee411bb47.webp?_=ozauc,https://glotr.uz/smartfon-tecno-camon-19-neo-ch6i-6128gb-nfc-eco-black-p-743945/,4.87,
Смартфон Samsung Galaxy A54 8/256GB Лайм,4236000.0,glotr,https://files.glotr.uz/company/000/005/799/products/2023/08/25/2023-08-25-18-41-06-366169-4cc4867bd29cbee4967a3ade08e16200.webp?_=ozauc,https://glotr.uz/smartfon-samsung-galaxy-a54-8256gb-laym-p-876819/,4.96,
Смартфон Xiaomi Redmi Note 17 4/128GB,2796000.0,glotr,https://files.glotr.uz/company/000/002/429/proposals/2026/08/11/2026-08-11-11-20-42-141627-18922c0dc0308c87c9a3207fde181b20.webp?_=ozauc,https://glotr.uz/smartfon-xiaomi-redmi-a3-3gb64gb-p-1048720/,4.88,
Смартфон Realme C55 8/256GB RMX3710 Sunshower,2879800.0,glotr,https://files.glotr.uz/company/000/001/689/products/2023/07/21/2023-07-21-12-37-37-612609-493ed7a7e57397a809e7c115c9d2814f.webp?_=ozauc,https://glotr.uz/smartfon-realme-c55-8256gb-rmx3710-sunshower-p-857631/,4.87,
Смартфон Samsung Galaxy A54 6/128GB Лаванда,3900000.0,glotr,https://files.glotr.uz/company/000/005/799/products/2023/08/25/2023-08-25-18-46-44-076692-8aa94559812965c83baaac2e5d9055bb.webp?_=ozauc,https://glotr.uz/smartfon-samsung-galaxy-a54-6128gb-lavanda-p-876823/,4.96,
Смартфон Apple iPhone 16 Plus 256GB,14160000.0,glotr,https://files.glotr.uz/company/000/002/429/products/2024/10/31/2024-10-31-14-59-16-947734-5f0f244047fb74cd3d24fee347a2ea2e.webp?_=ozauc,https://glotr.uz/smartfon-apple-iphone-16-plus-256gb-p-1051558/,4.88,
Смартфон POCO C71 3/64GB Black,1125300.0,glotr,https://files.glotr.uz/company/000/001/689/proposals/2026/02/27/2026-02-27-15-42-29-778379-0537120fe926f9e05d3c8ac6e299d48e.webp?_=ozauc,https://glotr.uz/smartfon-poco-c71-364gb-black-p-1139659/,4.87,
Смартфон Samsung Galaxy A56 8/128GB Graphite,4680000.0,glotr,https://files.glotr.uz/company/000/005/799/proposals/2025/09/04/2025-09-04-02-42-06-651568-71dc45fafc4e3a580e391cea8290ae04.webp?_=ozauc,https://glotr.uz/smartfon-samsung-galaxy-a54-6128gb-beliy-p-876827/,4.96,
Смартфон GOOGLE Pixel 6A 6GB 128GB Charcoal,5989500.0,glotr,https://files.glotr.uz/company/000/001/689/products/2022/11/23/2022-11-23-11-44-30-090733-30253b6837ae015b3e556d981ec0ca6a.webp?_=ozauc,https://glotr.uz/smartfon-google-pixel-6a-6gb-128gb-charcoal-p-769291/,4.87,
Смартфон Samsung Galaxy S21 8/128GB Серый фантом,6900000.0,glotr,https://files.glotr.uz/company/000/005/799/products/2023/08/29/2023-08-29-12-51-41-227093-7420af980e965b383de25ff0fc5ab726.webp?_=ozauc,https://glotr.uz/smartfon-samsung-galaxy-s21-8128gb-seriy-fantom-p-878726/,4.96,
Смартфон GOOGLE Pixel 6 8GB 256GB Stormy Black,8651500.0,glotr,https://files.glotr.uz/company/000/001/689/products/2022/11/23/2022-11-23-13-02-00-847223-210fddf970d8fffff027f16326d7ec16.webp?_=ozauc,https://glotr.uz/smartfon-google-pixel-6-8gb-256gb-stormy-black-p-769340/,4.87,
Смартфон Samsung Galaxy S22 Ultra 12/256GB Черный фантом,11100000.0,glotr,https://files.glotr.uz/company/000/005/799/products/2023/08/29/2023-08-29-14-00-56-875550-8ebc402bfa19cdd099ab4c09f92fcede.webp?_=ozauc,https://glotr.uz/smartfon-samsung-galaxy-s22-ultra-12256gb-cherniy-fantom-p-878824/,4.96,
Смартфон Realme C33 4/64GB RMX3264 Night Sea,1730300.0,glotr,https://files.glotr.uz/company/000/001/689/products/2023/07/21/2023-07-21-10-36-20-371405-a9fd22e9b14a0e3fd50528bbec7e6ee1.webp?_=ozauc,https://glotr.uz/smartfon-realme-c33-464gb-rmx3264-night-sea-p-857514/,4.87,
Смартфон Samsung Galaxy S23 5G 8/256GB Кремовый,9600000.0,glotr,https://files.glotr.uz/company/000/005/799/products/2023/08/29/2023-08-29-14-17-57-318469-d8aff24aabd6450787b0956bf7c20845.webp?_=ozauc,https://glotr.uz/smartfon-samsung-galaxy-s23-5g-8256gb-kremoviy-p-878840/,4.96,
Смартфон TECNO Spark 10 4/128GB Meta Blue,1343100.0,glotr,https://files.glotr.uz/company/000/001/689/products/2023/10/06/2023-10-06-16-48-22-021475-6855baa14b0730f337b8fb168c3ea50a.webp?_=ozauc,https://glotr.uz/smartfon-tecno-spark-10-4128gb-meta-blue-p-891756/,4.87,
Смартфон Samsung Galaxy A17 6/128GB LightBlue,2544000.0,glotr,https://files.glotr.uz/company/000/005/799/proposals/2026/01/20/2026-01-20-01-41-42-666356-8ad7038661831cba438119f23d1ee41e.webp?_=ozauc,https://glotr.uz/smartfon-samsung-galaxy-s23-5g-8256gb-kremoviy-p-878853/,4.96,
Смартфон OPPO A78 8/256GB Aqua Green,3424300.0,glotr,https://files.glotr.uz/company/000/001/689/products/2023/10/06/2023-10-06-18-35-06-372461-16d4bf01189afb7712bfae0982f1cfdb.webp?_=ozauc,https://glotr.uz/smartfon-oppo-a78-8256gb-aqua-green-p-891816/,4.87,
Смартфон Samsung Galaxy S23 Ultra 12/256GB Лаймовый,11160000.0,glotr,https://files.glotr.uz/company/000/005/799/products/2023/08/29/2023-08-29-18-43-09-838710-228509e88f3800f4518ab3322439dbd5.webp?_=ozauc,https://glotr.uz/smartfon-samsung-galaxy-s23-ultra-12256gb-laymoviy-p-879240/,4.96,
Смартфон GOOGLE Pixel 6 Pro 12GB 256GB Sorta Sunny,11313500.0,glotr,https://files.glotr.uz/company/000/001/689/products/2022/11/23/2022-11-23-14-10-30-023925-b0f53bbfe9e89977dedb8a98ab33a064.webp?_=ozauc,https://glotr.uz/smartfon-google-pixel-6-pro-12gb-256gb-sorta-sunny-p-769397/,4.87,
Смартфон Samsung Galaxy S23 Ultra 12/256GB Черный фантом,11160000.0,glotr,https://files.glotr.uz/company/000/005/799/products/2023/08/29/2023-08-29-18-46-12-238003-4d4bc9a361845dfca1a92b11b301f690.webp?_=ozauc,https://glotr.uz/smartfon-samsung-galaxy-s23-ultra-12256gb-cherniy-fantom-p-879242/,4.96,
Смартфон Tecno Spark Go 2022 (2+32) Atlantic Blue,907500.0,glotr,https://files.glotr.uz/company/000/001/689/products/2024/08/15/2024-08-15-10-43-18-226432-a35c4107bcbc9b9e9c4fea1965182997.webp?_=ozauc,https://glotr.uz/smartfon-tecno-spark-go-2022-232-atlantic-blue-p-1020621/,4.87,
Смартфон Samsung Galaxy S23 Ultra 12/512GB Черный фантом,12720000.0,glotr,https://files.glotr.uz/company/000/005/799/products/2023/08/29/2023-08-29-18-47-06-452692-fef6e85652f4161702bf4f0e2211dfce.webp?_=ozauc,https://glotr.uz/smartfon-samsung-galaxy-s23-ultra-12512gb-cherniy-fantom-p-879243/,4.96,
Смартфон Itel A90 3/128gb Black,1125300.0,glotr,https://files.glotr.uz/company/000/001/689/proposals/2025/06/04/2025-06-04-18-45-51-726446-a64a5e8239b3a135027fd3460eaf073d.webp?_=ozauc,https://glotr.uz/smartfon-itel-a90-3128gb-black-p-1100490/,4.87,
Смартфон Huawei Nova Y61 4/64GB Сапфирово-синий,2028000.0,glotr,https://files.glotr.uz/company/000/005/799/products/2023/08/30/2023-08-30-14-09-36-527301-e8581579d3e9acecaf3b3b8accad824e.webp?_=ozauc,https://glotr.uz/smartfon-huawei-nova-y61-464gb-sapfirovo-siniy-p-879450/,4.96,
Смартфон OPPO A17K 3/64GB Blue,1585100.0,glotr,https://files.glotr.uz/company/000/001/689/products/2023/07/21/2023-07-21-17-53-35-415765-558b375da6cda2fc3eca3296614299c6.webp?_=ozauc,https://glotr.uz/smartfon-oppo-a17k-364gb-blue-p-857865/,4.87,
Смартфон Huawei Nova Y61 6/64GB Сапфирово-синий,2100000.0,glotr,https://files.glotr.uz/company/000/005/799/products/2023/08/30/2023-08-30-14-14-23-458024-e661f69c4ff6e74522b96607ffc4ce3d.webp?_=ozauc,https://glotr.uz/smartfon-huawei-nova-y61-664gb-sapfirovo-siniy-p-879466/,4.96,
Смартфон Tecno Spark 20C 8+128,1536700.0,glotr,https://files.glotr.uz/company/000/001/689/products/2024/08/15/2024-08-15-14-37-54-243994-96db7e042f8651e3387bb70675512bb2.webp?_=ozauc,https://glotr.uz/smartfon-tecno-spark-20c-8128-p-1020758/,4.87,
Смартфон Huawei Nova Y61 6/64GB Зелёный,2100000.0,glotr,https://files.glotr.uz/company/000/005/799/products/2023/08/30/2023-08-30-14-21-16-416605-9136563dfc09c8536c3ecf6f54ae4b7d.webp?_=ozauc,https://glotr.uz/smartfon-huawei-nova-y61-664gb-zelyoniy-p-879492/,4.96,
Смартфон GOOGLE Pixel 6 Pro 12GB 128GB Sorta Sunny,10648000.0,glotr,https://files.glotr.uz/company/000/001/689/products/2022/11/23/2022-11-23-13-42-25-750221-957b20744f4f15e0c903cd588b652435.webp?_=ozauc,https://glotr.uz/smartfon-google-pixel-6-pro-12gb-128gb-sorta-sunny-p-769364/,4.87,
Смартфон Huawei Nova Y61 4/64GB Зелёный,2028000.0,glotr,https://files.glotr.uz/company/000/005/799/products/2023/08/30/2023-08-30-14-23-08-520129-8758058e4f394cdfaf69c89b898c82d0.webp?_=ozauc,https://glotr.uz/smartfon-huawei-nova-y61-464gb-zelyoniy-p-879500/,4.96,
Смартфон OPPO Reno 8T 5G 8/256GB Sunrise Gold,5178800.0,glotr,https://files.glotr.uz/company/000/001/689/products/2023/07/22/2023-07-22-11-06-54-295503-035773fbdc499744e5a4bdb88dede2c3.webp?_=ozauc,https://glotr.uz/smartfon-oppo-reno-8t-5g-8256gb-sunrise-gold-p-858042/,4.87,
Смартфон Huawei Nova Y61 4/64GB Полночный черный,2028000.0,glotr,https://files.glotr.uz/company/000/005/799/products/2023/08/30/2023-08-30-14-26-19-479134-e7d74c725c91b498d460ebb6d7e0afd0.webp?_=ozauc,https://glotr.uz/smartfon-huawei-nova-y61-464gb-polnochniy-cherniy-p-879509/,4.96,
Смартфон GOOGLE Pixel 6 Pro 12GB 512GB Stormy Black,13310000.0,glotr,https://files.glotr.uz/company/000/001/689/products/2022/11/23/2022-11-23-14-26-41-035935-106b4bbc872e38713424215bbff16702.webp?_=ozauc,https://glotr.uz/smartfon-google-pixel-6-pro-12gb-512gb-stormy-black-p-769417/,4.87,
Смартфон Huawei Nova 9SE 8/128GB Голубой кристалл,3780000.0,glotr,https://files.glotr.uz/company/000/005/799/products/2023/08/30/2023-08-30-14-40-27-121837-adb60c63bf3e0a293e22fb47d7f7f535.webp?_=ozauc,https://glotr.uz/smartfon-huawei-nova-9se-8128gb-goluboy-kristall-p-879540/,4.96,
Смартфон GOOGLE Pixel 7 Pro 12Gb 128GB Snow,13794000.0,glotr,https://files.glotr.uz/company/000/001/689/products/2022/11/22/2022-11-22-16-25-25-260395-b78b4be02791aec564a301dab31f37be.webp?_=ozauc,https://glotr.uz/smartfon-google-pixel-7-pro-12gb-128gb-snow-p-769030/,4.87,
Смартфон Huawei Nova 10SE 8/128GB Сияющий черный,4500000.0,glotr,https://files.glotr.uz/company/000/005/799/products/2023/08/30/2023-08-30-15-01-35-507268-dc795f64a0c0b721d95b6206ed5b43dd.webp?_=ozauc,https://glotr.uz/smartfon-huawei-nova-10se-8128gb-siyayushiy-cherniy-p-879578/,4.96,
Смартфон Tecno Spark Go 2024 4+64,1222100.0,glotr,https://files.glotr.uz/company/000/001/689/products/2024/08/15/2024-08-15-13-39-10-504151-045332ea3155fa03f4a78f075c408b28.webp?_=ozauc,https://glotr.uz/smartfon-tecno-spark-go-2024-464-p-1020736/,4.87,
Смартфон Huawei Nova 11i 8/128GB Зеленый,3024000.0,glotr,https://files.glotr.uz/company/000/005/799/products/2023/08/30/2023-08-30-16-40-15-647252-fbfe8404f40f6228dd9b469baae30183.webp?_=ozauc,https://glotr.uz/smartfon-huawei-nova-11i-8128gb-zeleniy-p-879833/,4.96,
Смартфон Realme C35 4/128GB RMX3511 Glowing Green,2274800.0,glotr,https://files.glotr.uz/company/000/001/689/products/2023/07/21/2023-07-21-12-10-49-512038-79e17019cd558fcf23b72426a0434ec3.webp?_=ozauc,https://glotr.uz/smartfon-realme-c35-4128gb-rmx3511-glowing-green-p-857613/,4.87,
Смартфон Huawei P60 8/256GB Черный,10440000.0,glotr,https://files.glotr.uz/company/000/005/799/products/2023/08/30/2023-08-30-16-53-44-500961-57d56a8b68018db77f6ae849422d1346.webp?_=ozauc,https://glotr.uz/smartfon-huawei-p60-8256gb-cherniy-p-879841/,4.96,
Смартфон POCO M8 Pro 5G 8/256GB Black,4549600.0,glotr,https://files.glotr.uz/company/000/001/689/proposals/2026/02/27/2026-02-27-16-16-20-954721-c41d39d71ed196596cd5ad9e1cc6fc19.webp?_=ozauc,https://glotr.uz/smartfon-poco-m8-pro-5g-8256gb-black-p-1139671/,4.87,
Смартфон Huawei P60 8/256GB Зеленый,10440000.0,glotr,https://files.glotr.uz/company/000/005/799/products/2023/08/30/2023-08-30-16-58-45-349055-42d202311d145d406d94c22959fbf21b.webp?_=ozauc,https://glotr.uz/smartfon-huawei-p60-8256gb-zeleniy-p-879843/,4.96,
Смартфон Realme C33 RMX3627 4GB/128GB Sandy Gold,1887600.0,glotr,https://files.glotr.uz/company/000/001/689/products/2023/07/21/2023-07-21-11-10-38-389912-1996cd0f9e9630d9488d602fcfb31dc7.webp?_=ozauc,https://glotr.uz/smartfon-realme-c33-rmx3627-4gb128gb-sandy-gold-p-857546/,4.87,
Смартфон Huawei P60 Pro 8/256GB Черный,12360000.0,glotr,https://files.glotr.uz/company/000/005/799/products/2023/08/30/2023-08-30-17-31-59-219678-3576e10348dbfeb3f54b3fce50365702.webp?_=ozauc,https://glotr.uz/smartfon-huawei-p60-pro-8256gb-cherniy-p-879872/,4.96,
Смартфон Tecno Camon 30 8+256,2819300.0,glotr,https://files.glotr.uz/company/000/001/689/products/2024/08/16/2024-08-16-15-44-17-867039-f3d6ad92feaf7a20d6673df4327cc44c.webp?_=ozauc,https://glotr.uz/smartfon-tecno-camon-30-8256-p-1021364/,4.87,
Смартфон Huawei P60 Pro 8/256GB Жемчужина,12360000.0,glotr,https://files.glotr.uz/company/000/005/799/products/2023/08/30/2023-08-30-17-35-26-330968-ba9dc0b6bb4dc679f6509e0c8734f553.webp?_=ozauc,https://glotr.uz/smartfon-huawei-p60-pro-8256gb-jemchujina-p-879874/,4.96,
Смартфон POCO X7 5G 12/512GB Black,4017200.0,glotr,https://files.glotr.uz/company/000/001/689/proposals/2026/02/27/2026-02-27-16-35-58-462618-e5882ff5c77dfabbe217393955d0332c.webp?_=ozauc,https://glotr.uz/smartfon-poco-x7-5g-12512gb-black-p-1139679/,4.87,
Смартфон Apple iPhone 14 Pro Max 128GB Dual SIM Серебристый,14160000.0,glotr,https://files.glotr.uz/company/000/005/799/products/2023/09/21/2023-09-21-14-40-21-788238-9fdefbc944273a4f99b2f3cd4b94fb52.webp?_=ozauc,https://glotr.uz/smartfon-apple-iphone-14-pro-max-128gb-dual-sim-serebristiy-p-886991/,4.96,
Автоклавный газоблок,600000.0,glotr,https://files.glotr.uz/company/000/041/302/proposals/2026/09/08/2026-09-08-17-28-02-998813-2ca13a79bddc764cf6bb9fd9bf9a226a.webp?_=ozauc,https://glotr.uz/avtoklavniy-gazoblok-p-1164348/,2.47,
Камера видеонаблюдения Tiandy TC-C321N (AK/I3W/E/Y/2.8mm/V2.0 Colour Maker),341600.0,glotr,https://files.glotr.uz/company/000/039/663/proposals/2025/10/23/2025-10-23-10-04-38-257787-6f9f9a189f29f33164f4e8495189d4b9.webp?_=ozauc,https://glotr.uz/kamera-videonablyudeniya-tiandy-tc-c321n-aki3wey28mmv20-colour-maker-p-1119532/,4.98,
Расширительные баки WENTA 24 ЛИТЕР,530906.0,glotr,https://files.glotr.uz/company/000/022/308/products/2021/03/23/2021-03-23-16-16-59-611828-d68160d33310a05c0f4a4184b9d071f1.jpg?_=ozauc,https://glotr.uz/rasshiritelnie-baki-wenta-24-liter-p-487967/,4.50,
Разъединитель внутренней установки РВ-10/630,1700000.0,glotr,https://files.glotr.uz/company/000/009/525/products/2018/11/29/15434989478565-c12069d3126801981b049b74d314b43d.jpg?_=ozauc,https://glotr.uz/razedinitel-vnutrenney-ustanovki-rv-10630-p-152173/,4.44,
"Водоэмульсионная краска Master Rich, Fasad Export",280000.0,glotr,https://files.glotr.uz/company/000/018/768/products/2020/10/12/2020-10-12-13-15-56-960977-27af93d7e77385b7411cdbe6c6cda093.jpg?_=ozauc,https://glotr.uz/vodoemulsionnaya-kraska-master-rich-fasad-export-p-393878/,2.92,
"Вилочный дизельный погрузчик (Кара, Kara, Auto kara) Hangcha 3т.",190000000.0,glotr,https://files.glotr.uz/company/000/037/609/products/2024/10/24/2024-10-24-11-19-41-853456-a2be247ab517b722b9cfc4129c19f632.webp?_=ozauc,https://glotr.uz/vilochniy-dizelniy-pogruzchik-kara-kara-auto-kara-hangcha-3t-p-1048980/,2.99,
Смартфон GOOGLE Pixel 7 Pro 12Gb 256GB Obsidian,15609000.0,glotr,https://files.glotr.uz/company/000/001/689/products/2022/11/22/2022-11-22-16-40-14-536624-2d9e85895f7c2085abf8cc587d0bfdec.webp?_=ozauc,https://glotr.uz/smartfon-google-pixel-7-pro-12gb-256gb-obsidian-p-769041/,4.87,
Смартфон Apple iPhone 14 Pro Max 128GB 1 SIM Золотистый,13680000.0,glotr,https://files.glotr.uz/company/000/005/799/products/2023/09/21/2023-09-21-15-10-18-638696-218e7a1b7965231543385280e82ea093.webp?_=ozauc,https://glotr.uz/smartfon-apple-iphone-14-pro-max-128gb-1-sim-zolotistiy-p-887000/,4.96,
Смартфон OPPO Reno 7 8/128GB Cosmic Black,3557400.0,glotr,https://files.glotr.uz/company/000/001/689/products/2023/07/22/2023-07-22-10-22-40-049860-95bd2d6259d2f09e844a154a838cb353.webp?_=ozauc,https://glotr.uz/smartfon-oppo-reno-7-8128gb-cosmic-black-p-858031/,4.87,
Смартфон Apple iPhone 14 Pro Max 128GB 1 SIM Космический черный,13680000.0,glotr,https://files.glotr.uz/company/000/005/799/products/2023/09/21/2023-09-21-15-16-14-017137-d1aaa2923294451c744383c09dcf5fc2.webp?_=ozauc,https://glotr.uz/smartfon-apple-iphone-14-pro-max-128gb-1-sim-kosmicheskiy-cherniy-p-887004/,4.96,
Смартфон POCO X7 5G 8/256GB Black,3448500.0,glotr,https://files.glotr.uz/company/000/001/689/proposals/2026/02/27/2026-02-27-16-32-47-713941-ed1d08c5ad730dbd693d859a36c173cf.webp?_=ozauc,https://glotr.uz/smartfon-poco-x7-5g-8256gb-black-p-1139678/,4.87,
Смартфон Apple iPhone 14 Pro Max 128GB E-SIM Космический черный,13200000.0,glotr,https://files.glotr.uz/company/000/005/799/products/2023/09/21/2023-09-21-15-22-30-711880-7e51a8b31922a16ea62f800a2a60f286.webp?_=ozauc,https://glotr.uz/smartfon-apple-iphone-14-pro-max-128gb-e-sim-kosmicheskiy-cherniy-p-887005/,4.96,
Смартфон POCO X7 PRO 5G 12/512GB Black,5082000.0,glotr,https://files.glotr.uz/company/000/001/689/proposals/2026/02/27/2026-02-27-16-45-15-920744-1a17c315c923d3d6a7f2b8273e0635a2.webp?_=ozauc,https://glotr.uz/smartfon-poco-x7-pro-5g-12512gb-black-p-1139684/,4.87,
Смартфон Apple iPhone 14 Pro Max 128GB E-SIM Золотистый,13200000.0,glotr,https://files.glotr.uz/company/000/005/799/products/2023/09/21/2023-09-21-15-23-07-530718-f61a2770b09cf28afa33492f7be3090b.webp?_=ozauc,https://glotr.uz/smartfon-apple-iphone-14-pro-max-128gb-e-sim-zolosistiy-p-887006/,4.96,
Смартфон POCO C65 8GB 256GB,1766600.0,glotr,https://files.glotr.uz/company/000/001/689/products/2024/04/12/2024-04-12-12-17-22-969497-e3ba432baccc21620be252b760176785.webp?_=ozauc,https://glotr.uz/smartfon-poco-c65-8gb-256gb-p-965036/,4.87,
Смартфон Apple iPhone 14 Pro Max 128GB E-SIM Фиолетовый,13200000.0,glotr,https://files.glotr.uz/company/000/005/799/products/2023/09/21/2023-09-21-15-24-14-286767-5a2ce0afb933fd9f6482dad1bdcf5482.webp?_=ozauc,https://glotr.uz/smartfon-apple-iphone-14-pro-max-128gb-e-sim-fioletoviy-p-887008/,4.96,
Смартфон Xiaomi Redmi A5 3/64Gb Midnight Black,1149500.0,glotr,https://files.glotr.uz/company/000/001/689/proposals/2026/02/24/2026-02-24-10-19-31-839483-8bf15546f6406ab9fa27c845b6244c56.webp?_=ozauc,https://glotr.uz/smartfon-xiaomi-redmi-a5-364gb-midnight-black-p-1138711/,4.87,
Смартфон Apple iPhone 14 Pro Max 256GB Dual SIM Космический черный,15600000.0,glotr,https://files.glotr.uz/company/000/005/799/products/2023/09/21/2023-09-21-15-26-08-509511-662770967ecadf15a41166d62f837f88.webp?_=ozauc,https://glotr.uz/smartfon-apple-iphone-14-pro-max-256gb-dual-sim-kosmicheskiy-cherniy-p-887009/,4.96,
Смартфон Realme C30s RMX3690 3/64GB Stripe Black,1367300.0,glotr,https://files.glotr.uz/company/000/001/689/products/2023/07/20/2023-07-20-18-45-29-115713-94101d9ec9619e0618d534b4640fc370.webp?_=ozauc,https://glotr.uz/smartfon-realme-c30s-rmx3690-364gb-stripe-black-p-857216/,4.87,
Смартфон Apple iPhone 14 Pro Max 256GB 1-SIM Золотистый,16560000.0,glotr,https://files.glotr.uz/company/000/005/799/products/2023/09/23/2023-09-23-18-50-42-043742-e62d84f75d0fb99bd0bfa77783c6b2bd.webp?_=ozauc,https://glotr.uz/smartfon-apple-iphone-14-pro-max-256gb-1-sim-zolotistiy-p-887826/,4.96,
Смартфон POCO M8 5G 8/256GB Black,3412200.0,glotr,https://files.glotr.uz/company/000/001/689/proposals/2026/02/27/2026-02-27-16-03-06-247544-30010b8450079f26140fe10dc832d7f7.webp?_=ozauc,https://glotr.uz/smartfon-poco-m8-5g-8256gb-black-p-1139667/,4.87,
Смартфон Apple iPhone 14 Pro Max 256GB 1-SIM Космический черный,16560000.0,glotr,https://files.glotr.uz/company/000/005/799/products/2023/09/23/2023-09-23-18-51-57-866989-fb12b573a367c044e247aea1059518d8.webp?_=ozauc,https://glotr.uz/smartfon-apple-iphone-14-pro-max-256gb-1-sim-kosmicheskiy-cherniy-p-887828/,4.96,
Смартфон XIAOMI MIX Flip 12ГБ/256ГБ Black,13261600.0,glotr,https://files.glotr.uz/company/000/001/689/products/2024/10/24/2024-10-24-13-11-19-915664-516f9d27ada836e5ce91df74bb6f4990.webp?_=ozauc,https://glotr.uz/smartfon-xiaomi-mix-flip-12gb256gb-black-p-1049031/,4.87,
Apple iPhone 14 Pro Max 512GB 1-SIM Серебристый,16440000.0,glotr,https://files.glotr.uz/company/000/005/799/products/2023/09/23/2023-09-23-18-59-37-538847-4e594eb000eea00d69c90aa7cb68526c.webp?_=ozauc,https://glotr.uz/apple-iphone-14-pro-max-512gb-1-sim-serebristiy-p-887835/,4.96,
Смартфон Xiaomi 14T Pro 12GB+512GB Titanium Gray,8651500.0,glotr,https://files.glotr.uz/company/000/001/689/products/2024/10/24/2024-10-24-12-18-17-027631-7a3d66bda7c45e00b84051a80666535c.webp?_=ozauc,https://glotr.uz/smartfon-xiaomi-14t-pro-12gb512gb-titanium-gray-p-1049017/,4.87,
Apple iPhone 14 Pro Max 512GB 1-SIM Фиолетовый,16440000.0,glotr,https://files.glotr.uz/company/000/005/799/products/2023/09/23/2023-09-23-19-00-46-117554-f8450adbe644a298319dac0b48aff125.webp?_=ozauc,https://glotr.uz/apple-iphone-14-pro-max-512gb-1-sim-fioletoviy-p-887837/,4.96,
Смартфон Realme C55 8/256GB RMX3710 Rainy Night,2879800.0,glotr,https://files.glotr.uz/company/000/001/689/products/2023/07/21/2023-07-21-12-30-28-326006-19dd867f5b4e25f0ef5cfb851818b575.webp?_=ozauc,https://glotr.uz/smartfon-realme-c55-8256gb-rmx3710-rainy-night-p-857623/,4.87,
Смартфон Apple iPhone 14 Pro Max 512GB Dual SIM Космический черный,18840000.0,glotr,https://files.glotr.uz/company/000/005/799/products/2023/09/23/2023-09-23-19-04-21-378021-a46bb0dc6e0509b25248b7f3898a7d0e.webp?_=ozauc,https://glotr.uz/smartfon-apple-iphone-14-pro-max-512gb-dual-sim-kosmicheskiy-cherniy-p-887840/,4.96,
Смартфон Apple iPhone 17 Pro 256gb Deep Blue Sim,22627000.0,glotr,https://files.glotr.uz/company/000/001/689/proposals/2025/10/02/2025-10-02-12-39-49-586977-5398b660876aeb86add96519122a4ddf.webp?_=ozauc,https://glotr.uz/smartfon-apple-iphone-17-pro-256gb-deep-blue-sim-p-1116469/,4.87,
Смартфон Apple iPhone 14 Pro Max 512GB E-SIM Фиолетовый,16200000.0,glotr,https://files.glotr.uz/company/000/005/799/products/2023/09/23/2023-09-23-19-06-20-609585-3c8c0886e9544d138e2a5c0c40150fd0.webp?_=ozauc,https://glotr.uz/smartfon-apple-iphone-14-pro-max-512gb-e-sim-fioletoviy-p-887842/,4.96,
Смартфон POCO F7 Pro 12/256GB Black,6679200.0,glotr,https://files.glotr.uz/company/000/001/689/proposals/2026/02/27/2026-02-27-16-54-49-826433-61a405d0ce4f5bade48aeac8dbac55f0.webp?_=ozauc,https://glotr.uz/smartfon-poco-f7-pro-12256gb-black-p-1139689/,4.87,
Смартфон Apple iPhone 14 Pro Max 512GB E-SIM Золотистый,16200000.0,glotr,https://files.glotr.uz/company/000/005/799/products/2023/09/23/2023-09-23-19-06-53-715418-c47f4d0ad375b1857a3b285fa4b8f4f2.webp?_=ozauc,https://glotr.uz/smartfon-apple-iphone-14-pro-max-512gb-e-sim-zolotistiy-p-887843/,4.96,
Смартфон Redmi Note 15 Pro 8/256Gb Black,3678400.0,glotr,https://files.glotr.uz/company/000/001/689/proposals/2026/02/24/2026-02-24-10-58-05-622646-76db7e7cf2a9c61d2b37dcf11178e7e0.webp?_=ozauc,https://glotr.uz/smartfon-redmi-note-15-pro-8256gb-black-p-1138719/,4.87,
Смартфон Apple iPhone 14 Pro Max 512GB E-SIM Фиолетовый,16200000.0,glotr,https://files.glotr.uz/company/000/005/799/products/2023/09/23/2023-09-23-19-07-29-084930-4bd507087a8f1786bc5c5bb9d3b7eed7.webp?_=ozauc,https://glotr.uz/smartfon-apple-iphone-14-pro-max-512gb-e-sim-fioletoviy-p-887844/,4.96,
Смартфон GOOGLE Pixel 6 Pro 12GB 128GB Cloudy White,10648000.0,glotr,https://files.glotr.uz/company/000/001/689/products/2022/11/23/2022-11-23-13-50-53-112181-cc4f212af2ed0bf466f867b4e1d39e0a.webp?_=ozauc,https://glotr.uz/smartfon-google-pixel-6-pro-12gb-128gb-cloudy-white-p-769377/,4.87,
Смартфон Apple iPhone 14 Pro Max 1TB 1-SIM Золотистый,18840000.0,glotr,https://files.glotr.uz/company/000/005/799/products/2023/09/23/2023-09-23-19-09-44-908374-bf7519d1a1f7f083035e320d0d29722c.webp?_=ozauc,https://glotr.uz/smartfon-apple-iphone-14-pro-max-1tb-1-sim-zolotistiy-p-887846/,4.96,
Смартфон GOOGLE Pixel 7 8GB 128GB Lemongrass,9559000.0,glotr,https://files.glotr.uz/company/000/001/689/products/2022/11/22/2022-11-22-15-31-10-954014-f979eec0c2b3d3419027d4cd2996cdba.webp?_=ozauc,https://glotr.uz/smartfon-google-pixel-7-8gb-128gb-lemongrass-p-768986/,4.87,
Смартфон Apple iPhone 14 Pro Max 1TB 1-SIM Фиолетовый,18840000.0,glotr,https://files.glotr.uz/company/000/005/799/products/2023/09/23/2023-09-23-19-10-45-158692-1f55deecc545a45570c04cfb2f1a5ecc.webp?_=ozauc,https://glotr.uz/smartfon-apple-iphone-14-pro-max-1tb-1-sim-fioletoviy-p-887848/,4.96,
Смартфон Apple iPhone 17 Pro Max 256GB ORANGE Sim,30613000.0,glotr,https://files.glotr.uz/company/000/001/689/proposals/2025/10/02/2025-10-02-12-54-10-385128-64dae009d9662021933abcbdf8327575.webp?_=ozauc,https://glotr.uz/smartfon-apple-iphone-17-pro-max-256gb-orange-sim-p-1116473/,4.87,
Смартфон Apple iPhone 17 Air e-SIM Black,13080000.0,glotr,https://files.glotr.uz/company/000/005/799/proposals/2026/05/02/2026-05-02-12-06-45-253270-4118596c41a9a752caa822884ec3916c.webp?_=ozauc,https://glotr.uz/smartfon-apple-iphone-14-pro-max-1tb-dual-sim-zolotistiy-p-887850/,4.96,
Смартфон OPPO A57S 4/128GB Starry Black,2395800.0,glotr,https://files.glotr.uz/company/000/001/689/products/2023/07/21/2023-07-21-18-26-40-749309-4e2473442e9b3175b9723ddc1c2b1289.webp?_=ozauc,https://glotr.uz/smartfon-oppo-a57s-4128gb-starry-black-p-857915/,4.87,
Смартфон Apple iPhone 14 Pro Max 1TB Dual SIM Серебристый,20040000.0,glotr,https://files.glotr.uz/company/000/005/799/products/2023/09/23/2023-09-23-19-14-51-739008-3be3b35cf25e082b5900823fcd43fed7.webp?_=ozauc,https://glotr.uz/smartfon-apple-iphone-14-pro-max-1tb-dual-sim-serebristiy-p-887851/,4.96,
Смартфон GOOGLE Pixel 6 Pro 12GB 512GB Cloudy White,13310000.0,glotr,https://files.glotr.uz/company/000/001/689/products/2022/11/23/2022-11-23-14-24-02-093544-c2044cd6dfa9d02696b99c87860ce523.webp?_=ozauc,https://glotr.uz/smartfon-google-pixel-6-pro-12gb-512gb-cloudy-white-p-769413/,4.87,
Смартфон Apple iPhone 14 Pro Max 1TB Dual SIM Космический черный,20040000.0,glotr,https://files.glotr.uz/company/000/005/799/products/2023/09/23/2023-09-23-19-15-17-208742-781513cf4a218d6b91d972e72a5dd940.webp?_=ozauc,https://glotr.uz/smartfon-apple-iphone-14-pro-max-1tb-dual-sim-kosmicheskiy-cherniy-p-887852/,4.96,
Смартфон OPPO Reno 8T 8/128GB Cosmic Black,3956700.0,glotr,https://files.glotr.uz/company/000/001/689/products/2023/07/22/2023-07-22-10-35-49-096825-f5c5ab4ea986f30485b76567c10d6fcc.webp?_=ozauc,https://glotr.uz/smartfon-oppo-reno-8t-8128gb-cosmic-black-p-858037/,4.87,
Смартфон Apple iPhone 14 Pro Max 1TB E-SIM Серебристый,17280000.0,glotr,https://files.glotr.uz/company/000/005/799/products/2023/09/23/2023-09-23-19-17-30-082825-43d258d1fd3dec9d6a446b3586e28424.webp?_=ozauc,https://glotr.uz/smartfon-apple-iphone-14-pro-max-1tb-e-sim-serebristiy-p-887856/,4.96,
Смартфон Samsung Galaxy S25 5G (S931) 12/256GB Icyblue,10890000.0,glotr,https://files.glotr.uz/company/000/001/689/proposals/2025/10/10/2025-10-10-18-20-17-027693-45ec87d5a7180e97531698b764ff7ca5.webp?_=ozauc,https://glotr.uz/smartfon-samsung-galaxy-s25-5g-s931-12256gb-icyblue-p-1118069/,4.87,
Смартфон Apple iPhone 14 Pro Max 1TB E-SIM Фиолетовый,17280000.0,glotr,https://files.glotr.uz/company/000/005/799/products/2023/09/23/2023-09-23-19-17-59-184039-514dcd10f81276d37866ad718fc79158.webp?_=ozauc,https://glotr.uz/smartfon-apple-iphone-14-pro-max-1tb-e-sim-fioletoviy-p-887857/,4.96,
Смартфон Realme C30s RMX3690 4/64GB Stripe Blue,1573000.0,glotr,https://files.glotr.uz/company/000/001/689/products/2023/07/21/2023-07-21-10-17-57-559072-b59173f1cbd14afd60126e153edbc875.webp?_=ozauc,https://glotr.uz/smartfon-realme-c30s-rmx3690-464gb-stripe-blue-p-857480/,4.87,
Смартфон Apple iPhone 14 Pro 128GB 1-SIM Золотистый,12960000.0,glotr,https://files.glotr.uz/company/000/005/799/products/2023/09/25/2023-09-25-11-36-59-230090-b836d035845bb8149285c6410115ff47.webp?_=ozauc,https://glotr.uz/smartfon-apple-iphone-14-pro-128gb-1-sim-zolotistiy-p-888187/,4.96,
Смартфон POCO M8 5G 8/512GB Black,3993000.0,glotr,https://files.glotr.uz/company/000/001/689/proposals/2026/02/27/2026-02-27-16-11-29-136453-8be31ada76e84a48b09a50ac0e5e16b7.webp?_=ozauc,https://glotr.uz/smartfon-poco-m8-5g-8512gb-black-p-1139670/,4.87,
Смартфон Apple iPhone 14 Pro 128GB Dual SIM Фиолетовый,12960000.0,glotr,https://files.glotr.uz/company/000/005/799/products/2023/09/25/2023-09-25-11-41-58-152004-2ecdc4a5ba2a0b6b5b34140e2bfe929e.webp?_=ozauc,https://glotr.uz/smartfon-apple-iphone-14-pro-128gb-dual-sim-fioletoviy-p-888191/,4.96,
Смартфон Realme C35 4/128GB RMX3511 Glowing Black,2274800.0,glotr,https://files.glotr.uz/company/000/001/689/products/2023/07/21/2023-07-21-11-53-51-493266-a8f98fd59a1b47d93bbfe87823c1052c.webp?_=ozauc,https://glotr.uz/smartfon-realme-c35-4128gb-rmx3511-glowing-black-p-857603/,4.87,
Смартфон Apple iPhone 14 Pro 128GB Dual SIM Золотистый,12960000.0,glotr,https://files.glotr.uz/company/000/005/799/products/2023/09/25/2023-09-25-11-43-06-906078-22dc2cd3d31ebf6021e384a976f666bf.webp?_=ozauc,https://glotr.uz/smartfon-apple-iphone-14-pro-128gb-dual-sim-zolotistiy-p-888192/,4.96,
Смартфон Tecno Pova 6 Neo 8+256,2347400.0,glotr,https://files.glotr.uz/company/000/001/689/products/2024/08/16/2024-08-16-12-34-52-387472-ab11b96361a20ba92b84920e51551ce9.webp?_=ozauc,https://glotr.uz/smartfon-tecno-pova-6-neo-8256-p-1021264/,4.87,
Смартфон Apple iPhone 14 Pro 128GB E-SIM Космический черный,12480000.0,glotr,https://files.glotr.uz/company/000/005/799/products/2023/09/25/2023-09-25-11-46-05-642155-a5a95fe11fc1f7dca60d0fae5fd37065.webp?_=ozauc,https://glotr.uz/smartfon-apple-iphone-14-pro-128gb-e-sim-kosmicheskiy-cherniy-p-888196/,4.96,
Kaspersky Internet Security для 2ПК Базовая,500000.0,glotr,https://files.glotr.uz/company/000/010/665/products/2019/04/10/15548767944609-8bc6441fca11bd0fd641a0bcdc6ab879.jpg?_=ozauc,https://glotr.uz/kaspersky-internet-security-dlya-2pk-bazovaya-p-174491/,2.31,
"Сварочный аппарат ""Ресанта"" САИ 190ПН (65/19)",1567000.0,glotr,https://files.glotr.uz/company/000/034/913/products/2023/08/27/2023-08-27-13-50-29-681890-d53c8980f1aa478d1be3fb8ef7fb010d.webp?_=ozauc,https://glotr.uz/svarochniy-invertorniy-apparat-resanta-sai-190pn-6519-p-877487/,4.93,
"Pyripoxyfen ""Agro Admiral"" 20% (500 мл)",220000.0,glotr,https://files.glotr.uz/company/000/035/320/products/2023/10/26/2023-10-26-13-55-47-874907-6018195310b22af701dfa3f4c44cec59.webp?_=ozauc,https://glotr.uz/pyripoxyfen-agro-admiral-20-500-ml-p-898321/,3.97,
Качественный письменный перевод,60000.0,glotr,https://files.glotr.uz/company/000/039/869/proposals/2025/11/22/2025-11-22-18-28-49-945804-34352b488361bac6c56d704b3f5f63bb.webp?_=ozauc,https://glotr.uz/kachestvenniy-pismenniy-perevod-p-1124467/,2.99,
Медиаплеер TV Adapter Xiaomi Box S MDZ28AA,713900.0,glotr,https://files.glotr.uz/company/000/039/845/proposals/2025/11/10/2025-11-10-23-30-11-581322-b6d00d9eaf965bc9de55ea1211c31596.webp?_=ozauc,https://glotr.uz/mediapleer-tv-adapter-xiaomi-box-s-mdz28aa-p-1122468/,2.99,
Ноутбук HP Probook 450 G9,8228000.0,glotr,https://files.glotr.uz/company/000/000/694/products/2023/07/20/2023-07-20-12-54-05-518381-4632e980839fe66f521fe63323ae4cad.webp?_=ozauc,https://glotr.uz/noutbuk-hp-probook-450-g9-p-30442/,2.37,
Смартфон Realme C55 6/128GB RMX3710 Rainy Night,2601500.0,glotr,https://files.glotr.uz/company/000/001/689/products/2023/07/21/2023-07-21-12-24-41-689156-18b7df43bfda7f9286652c2a3ba1bb98.webp?_=ozauc,https://glotr.uz/smartfon-realme-c55-6128gb-rmx3710-rainy-night-p-857622/,4.87,
Смартфон Apple iPhone 14 Pro 128GB E-SIM Золотистый,12480000.0,glotr,https://files.glotr.uz/company/000/005/799/products/2023/09/25/2023-09-25-11-46-47-781832-a86f91b18bd4fb068c71ee704fbcae61.webp?_=ozauc,https://glotr.uz/smartfon-apple-iphone-14-pro-128gb-e-sim-zolotistiy-p-888198/,4.96,
Смартфон POCO C85 6/128GB Black,1621400.0,glotr,https://files.glotr.uz/company/000/001/689/proposals/2026/02/27/2026-02-27-15-52-24-934874-11ab251ad83e0c2292c8e1027e6ba51a.webp?_=ozauc,https://glotr.uz/smartfon-poco-c85-6128gb-black-p-1139664/,4.87,
Смартфон Apple iPhone 14 Pro 128GB E-SIM Серебристый,12480000.0,glotr,https://files.glotr.uz/company/000/005/799/products/2023/09/25/2023-09-25-11-47-18-793728-a08cbbbbf9740fe842ca4e129e02e73e.webp?_=ozauc,https://glotr.uz/smartfon-apple-iphone-14-pro-128gb-e-sim-serebristiy-p-888199/,4.96,
Смартфон GOOGLE Pixel 7 8GB 128GB Snow,9559000.0,glotr,https://files.glotr.uz/company/000/001/689/products/2022/11/22/2022-11-22-15-50-33-235079-c8a871330eea88a807f3823ebe7e7360.webp?_=ozauc,https://glotr.uz/smartfon-google-pixel-7-8gb-128gb-snow-p-768967/,4.87,
Смартфон Apple iPhone 14 Pro 128GB E-SIM Фиолетовый,12480000.0,glotr,https://files.glotr.uz/company/000/005/799/products/2023/09/25/2023-09-25-11-47-51-206468-8135cbcefd805d51e12d3af0314d3ee2.webp?_=ozauc,https://glotr.uz/smartfon-apple-iphone-14-pro-128gb-e-sim-fioletoviy-p-888200/,4.96,
Смартфон GOOGLE Pixel 7 Pro 12Gb 256GB Hazel,15609000.0,glotr,https://files.glotr.uz/company/000/001/689/products/2022/11/22/2022-11-22-16-51-04-558183-d9b8a560ddc2443f29a9916cf4ad31d9.webp?_=ozauc,https://glotr.uz/smartfon-google-pixel-7-pro-12gb-256gb-hazel-p-769055/,4.87,
Смартфон Apple iPhone 14 Pro 256GB Dual SIM Космический черный,13800000.0,glotr,https://files.glotr.uz/company/000/005/799/products/2023/09/25/2023-09-25-12-05-55-152218-a6613a1156670c3ad9f23fa43a4318a1.webp?_=ozauc,https://glotr.uz/smartfon-apple-iphone-14-pro-256gb-dual-sim-kosmicheskiy-cherniy-p-888206/,4.96,
Смартфон GOOGLE Pixel 6 Pro 12GB 128GB Stormy Black,10648000.0,glotr,https://files.glotr.uz/company/000/001/689/products/2022/11/23/2022-11-23-14-04-07-774643-1416e8ad8e3a673857e0c3940454affc.webp?_=ozauc,https://glotr.uz/smartfon-google-pixel-6-pro-12gb-128gb-stormy-black-p-769388/,4.87,
Смартфон Apple iPhone 14 Pro 256GB Dual SIM Золотистый,13800000.0,glotr,https://files.glotr.uz/company/000/005/799/products/2023/09/25/2023-09-25-12-06-20-095194-3be394240d9758aee6b1a2cc8d7cdd5f.webp?_=ozauc,https://glotr.uz/smartfon-apple-iphone-14-pro-256gb-dual-sim-zolotistiy-p-888207/,4.96,
Смартфон OPPO A78 8/256GB Mist Black,3424300.0,glotr,https://files.glotr.uz/company/000/001/689/products/2023/10/06/2023-10-06-18-57-13-711611-2ae061be62ddf9fb9b09a2b8821306dc.webp?_=ozauc,https://glotr.uz/smartfon-oppo-a78-8256gb-mist-black-p-891821/,4.87,
Смартфон Apple iPhone 14 Pro 256GB Dual SIM Серебристый,13800000.0,glotr,https://files.glotr.uz/company/000/005/799/products/2023/09/25/2023-09-25-12-06-45-389120-a7a8d478ca8299c73608c77df179e6e4.webp?_=ozauc,https://glotr.uz/smartfon-apple-iphone-14-pro-256gb-dual-sim-serebristiy-p-888208/,4.96,
Смартфон Tecno Pova 6 12+256 Meteorit Grey,3085500.0,glotr,https://files.glotr.uz/company/000/001/689/products/2024/08/21/2024-08-21-17-37-36-306950-441f6765bab86f14f8b89dc3a8bebf78.webp?_=ozauc,https://glotr.uz/smartfon-tecno-pova-6-12256-meteorit-grey-p-1023725/,4.87,
Смартфон Apple iPhone 14 Pro 256GB 1-SIM Золотистый,13320000.0,glotr,https://files.glotr.uz/company/000/005/799/products/2023/09/25/2023-09-25-12-07-49-801583-164d2eeb28b4d0f3b5483b36412b9390.webp?_=ozauc,https://glotr.uz/smartfon-apple-iphone-14-pro-256gb-1-sim-zolotistiy-p-888209/,4.96,
Смартфон Xiaomi Redmi Note 14 6/128Gb Midnight Black,2129600.0,glotr,https://files.glotr.uz/company/000/001/689/proposals/2026/02/24/2026-02-24-10-28-49-919444-5fb44edb19498a37e1c48ded97c01730.webp?_=ozauc,https://glotr.uz/smartfon-xiaomi-redmi-note-14-6128gb-midnight-black-p-1138713/,4.87,
Смартфон Apple iPhone 14 Pro 256GB 1-SIM Фиолетовый,13320000.0,glotr,https://files.glotr.uz/company/000/005/799/products/2023/09/25/2023-09-25-12-08-33-003698-868ad1a34c5f844ccbf3debf1f7be1d2.webp?_=ozauc,https://glotr.uz/smartfon-apple-iphone-14-pro-256gb-1-sim-fioletoviy-p-888210/,4.96,
Смартфон Samsung Galaxy A56 5G (A566) 8/128GB Gray,5021500.0,glotr,https://files.glotr.uz/company/000/001/689/proposals/2025/10/10/2025-10-10-18-49-01-768202-34cb8b4b32db08bedcdc32cfc7c2a4d2.webp?_=ozauc,https://glotr.uz/smartfon-samsung-galaxy-a56-5g-a566-8128gb-gray-p-1118084/,4.87,
Смартфон Apple iPhone 14 Pro 256GB 1-SIM Космический черный,13320000.0,glotr,https://files.glotr.uz/company/000/005/799/products/2023/09/25/2023-09-25-12-08-58-238426-d37520b6c324f3200359f2c88387d802.webp?_=ozauc,https://glotr.uz/smartfon-apple-iphone-14-pro-256gb-1-sim-kosmicheskiy-cherniy-p-888211/,4.96,
Смартфон GOOGLE Pixel 6A 6GB 128GB Chalk,5989500.0,glotr,https://files.glotr.uz/company/000/001/689/products/2022/11/23/2022-11-23-11-54-18-341618-a5de94908e13bb0294bf454aa8bf5a62.webp?_=ozauc,https://glotr.uz/smartfon-google-pixel-6a-6gb-128gb-chalk-p-769299/,4.87,
Смартфон Apple iPhone 14 Pro 256GB E-SIM Космический черный,13200000.0,glotr,https://files.glotr.uz/company/000/005/799/products/2023/09/25/2023-09-25-12-10-29-156447-bff6fbe95e2d219ad4a30a0608d94449.webp?_=ozauc,https://glotr.uz/smartfon-apple-iphone-14-pro-256gb-e-sim-kosmicheskiy-cherniy-p-888214/,4.96,
"Смартфон Samsung Galaxy A36 5G (A366) 8/256GB Light Violet,Gray",4598000.0,glotr,https://files.glotr.uz/company/000/001/689/proposals/2025/10/29/2025-10-29-16-13-41-841651-7a093f6701ec0a4a83d0c7d422be6efd.webp?_=ozauc,https://glotr.uz/smartfon-samsung-galaxy-a36-5g-a366-8256gb-light-violetgray-p-1120373/,4.87,
Смартфон Apple iPhone 14 Pro 256GB E-SIM Серебристый,13200000.0,glotr,https://files.glotr.uz/company/000/005/799/products/2023/09/25/2023-09-25-12-11-06-037544-a57d2a6987ec968d638f695ea9d6cc5a.webp?_=ozauc,https://glotr.uz/smartfon-apple-iphone-14-pro-256gb-e-sim-serebristiy-p-888216/,4.96,
Смартфон OPPO A57S 4/64GB Starry Black,2165900.0,glotr,https://files.glotr.uz/company/000/001/689/products/2023/07/21/2023-07-21-18-23-53-537630-e67af24632576d2967340b46818e3a2c.webp?_=ozauc,https://glotr.uz/smartfon-oppo-a57s-464gb-starry-black-p-857913/,4.87,
Смартфон Apple iPhone 14 Pro 256GB E-SIM Золотистый,13200000.0,glotr,https://files.glotr.uz/company/000/005/799/products/2023/09/25/2023-09-25-12-11-31-746594-fbf7986fc8b4c9a441d0c1b8a49a111d.webp?_=ozauc,https://glotr.uz/smartfon-apple-iphone-14-pro-256gb-e-sim-zolotistiy-p-888217/,4.96,
Смартфон OPPO Reno 7 8/128GB Sunset Orange,3557400.0,glotr,https://files.glotr.uz/company/000/001/689/products/2023/07/21/2023-07-21-18-54-24-634868-7ea59321a45086d88ba7534b47db7bc3.webp?_=ozauc,https://glotr.uz/smartfon-oppo-reno-7-8128gb-sunset-orange-p-857932/,4.87,
Смартфон Apple iPhone 14 Pro 512GB 1-SIM Золотистый,17040000.0,glotr,https://files.glotr.uz/company/000/005/799/products/2023/09/25/2023-09-25-12-22-36-762879-6e46af7332c0df2a5467ebf5ba481741.webp?_=ozauc,https://glotr.uz/smartfon-apple-iphone-14-pro-512gb-1-sim-zolotistiy-p-888223/,4.96,
Смартфон OPPO A17 4/64GB Lake Blue,2020700.0,glotr,https://files.glotr.uz/company/000/001/689/products/2023/07/21/2023-07-21-18-08-26-546569-fc8cdd138a1568748c6043233e677de9.webp?_=ozauc,https://glotr.uz/smartfon-oppo-a17-464gb-lake-blue-p-857902/,4.87,
Смартфон Apple iPhone 14 Pro 512GB 1-SIM Фиолетовый,17040000.0,glotr,https://files.glotr.uz/company/000/005/799/products/2023/09/25/2023-09-25-12-22-59-697550-4b154785377fc5c601ba6cd676bd0d8d.webp?_=ozauc,https://glotr.uz/smartfon-apple-iphone-14-pro-512gb-1-sim-fioletoviy-p-888224/,4.96,
Смартфон Apple iPhone 17 Pro 256GB ORANGE Sim,22627000.0,glotr,https://files.glotr.uz/company/000/001/689/proposals/2025/10/02/2025-10-02-12-32-10-564534-fc51977aa04ac8bf5d3ada915bba2aa1.webp?_=ozauc,https://glotr.uz/smartfon-apple-iphone-17-pro-256gb-orange-sim-p-1116466/,4.87,
Смартфон Apple iPhone 14 Pro 512GB 1-SIM Космический черный,17040000.0,glotr,https://files.glotr.uz/company/000/005/799/products/2023/09/25/2023-09-25-12-23-25-567189-03fefe4d58aeb6bea1044f8d2f7a2753.webp?_=ozauc,https://glotr.uz/smartfon-apple-iphone-14-pro-512gb-1-sim-kosmicheskiy-cherniy-p-888226/,4.96,
Смартфон Tecno Spark 20 Pro 8+256,2274800.0,glotr,https://files.glotr.uz/company/000/001/689/products/2024/08/16/2024-08-16-12-01-27-295528-24c00f77df24a3e7c16e6dd50403aeae.webp?_=ozauc,https://glotr.uz/smartfon-tecno-spark-20-pro-8256-p-1021249/,4.87,
Смартфон Apple iPhone 14 Pro 512GB Dual SIM Космический черный,18480000.0,glotr,https://files.glotr.uz/company/000/005/799/products/2023/09/25/2023-09-25-12-24-41-279002-7db405d8bfe44e2c7eaec41caddba79c.webp?_=ozauc,https://glotr.uz/smartfon-apple-iphone-14-pro-512gb-dual-sim-kosmicheskiy-cherniy-p-888229/,4.96,
Смартфон Samsung Galaxy S25 Ultra 5G (S938) 12/512GB Titanium Blue,16940000.0,glotr,https://files.glotr.uz/company/000/001/689/proposals/2025/10/10/2025-10-10-17-59-44-911471-5bf035ebfdc85aa45a3a2c3c83a921e7.webp?_=ozauc,https://glotr.uz/smartfon-galaxy-s25-ultra-5g-s938-12512gb-titanium-blue-p-1118058/,4.87,
Смартфон Apple iPhone 14 Pro 512GB Dual SIM Серебристый,18480000.0,glotr,https://files.glotr.uz/company/000/005/799/products/2023/09/25/2023-09-25-12-25-40-025503-d4228f79f126f369adadf9850e3f93b2.webp?_=ozauc,https://glotr.uz/smartfon-apple-iphone-14-pro-512gb-dual-sim-serebristiy-p-888232/,4.96,
Смартфон Apple iPhone 14 Pro 512GB E-SIM Фиолетовый,15360000.0,glotr,https://files.glotr.uz/company/000/005/799/products/2023/09/25/2023-09-25-12-26-54-781860-e73e71ff542abe3333f1894550a0cbaf.webp?_=ozauc,https://glotr.uz/smartfon-apple-iphone-14-pro-512gb-e-sim-fioletoviy-p-888234/,4.96,
Смартфон Apple iPhone 14 Pro 512GB E-SIM Космический черный,15360000.0,glotr,https://files.glotr.uz/company/000/005/799/products/2023/09/25/2023-09-25-12-27-24-150931-3f54447d2959900918c316ec5a283ad9.webp?_=ozauc,https://glotr.uz/smartfon-apple-iphone-14-pro-512gb-e-sim-kosmicheskiy-cherniy-p-888235/,4.96,
Смартфон Apple iPhone 14 Pro 512GB E-SIM Золотистый,15360000.0,glotr,https://files.glotr.uz/company/000/005/799/products/2023/09/25/2023-09-25-12-27-49-464569-755d9db0cb4c1d8baf2877fc06985c32.webp?_=ozauc,https://glotr.uz/smartfon-apple-iphone-14-pro-512gb-e-sim-zolotistiy-p-888236/,4.96,
Смартфон Apple iPhone 14 Pro 1TB Dual + 1-SIM Фиолетовый,20880000.0,glotr,https://files.glotr.uz/company/000/005/799/products/2023/09/25/2023-09-25-12-34-47-415977-53590c09d909fbe3ccd4318e243351ec.webp?_=ozauc,https://glotr.uz/smartfon-apple-iphone-14-pro-1tb-dual-1-sim-fioletoviy-p-888240/,4.96,
Смартфон Apple iPhone 14 Pro 1TB Dual + 1-SIM Золотистый,20880000.0,glotr,https://files.glotr.uz/company/000/005/799/products/2023/09/25/2023-09-25-12-35-10-816859-2e1e78075c6fb69a1f162859bba92023.webp?_=ozauc,https://glotr.uz/smartfon-apple-iphone-14-pro-1tb-dual-1-sim-zolotistiy-p-888242/,4.96,
Смартфон Apple iPhone 14 Pro 1TB E-SIM Фиолетовый,16920000.0,glotr,https://files.glotr.uz/company/000/005/799/products/2023/09/25/2023-09-25-12-37-11-006173-cd63d1d7db3f595b6f4704bd963ae306.webp?_=ozauc,https://glotr.uz/smartfon-apple-iphone-14-pro-1tb-e-sim-fioletoviy-p-888246/,4.96,
Смартфон Apple iPhone 14 Pro 1TB E-SIM Серебристый,16920000.0,glotr,https://files.glotr.uz/company/000/005/799/products/2023/09/25/2023-09-25-12-56-08-121719-a3f7a3f9a22b3de87051239d9fddf071.webp?_=ozauc,https://glotr.uz/smartfon-apple-iphone-14-pro-1tb-e-sim-serebristiy-p-888252/,4.96,
Смартфон Apple iPhone 15 Pro 128GB Белый Титан,22620000.0,glotr,https://files.glotr.uz/company/000/005/799/products/2023/09/25/2023-09-25-15-25-05-600543-ddba2f8da0f41797ad4d93e8d6616a7a.webp?_=ozauc,https://glotr.uz/smartfon-apple-iphone-15-pro-128gb-beliy-titan-p-888334/,4.96,
Смартфон Apple iPhone 15 Pro 128GB Натуральный Титан,22620000.0,glotr,https://files.glotr.uz/company/000/005/799/products/2023/09/25/2023-09-25-15-28-42-892720-a28549da7bbb058d7483c5299227d9bc.webp?_=ozauc,https://glotr.uz/smartfon-apple-iphone-15-pro-128gb-naturalniy-titan-p-888337/,4.96,
Смартфон Apple iPhone 15 Pro 256GB Натуральный Титан,14400000.0,glotr,https://files.glotr.uz/company/000/005/799/products/2023/09/26/2023-09-26-12-48-13-526739-6312095cdf315679cb0c930f1fff1586.webp?_=ozauc,https://glotr.uz/smartfon-apple-iphone-15-pro-256gb-naturalniy-titan-p-888550/,4.96,
Смартфон Apple iPhone 15 Pro 256GB Синий Титан,14400000.0,glotr,https://files.glotr.uz/company/000/005/799/products/2023/09/26/2023-09-26-12-48-41-302010-edbdf36612ff1bbb116d341a25c95ab0.webp?_=ozauc,https://glotr.uz/smartfon-apple-iphone-15-pro-256gb-siniy-titan-p-888552/,4.96,
Смартфон Apple iPhone 15 Pro Max 256GB Белый Титан,15840000.0,glotr,https://files.glotr.uz/company/000/005/799/products/2023/09/26/2023-09-26-12-56-03-336779-3833bd2ead4587e0e08f64f68d044b9d.webp?_=ozauc,https://glotr.uz/smartfon-apple-iphone-15-pro-max-256gb-beliy-titan-p-888556/,4.96,
Смартфон Apple iPhone 15 Pro Max 256GB Натуральный Титан,29280000.0,glotr,https://files.glotr.uz/company/000/005/799/products/2023/09/26/2023-09-26-12-56-43-025248-9ba9a2515ff59d66f15c294a732cabad.webp?_=ozauc,https://glotr.uz/smartfon-apple-iphone-15-pro-max-256gb-naturalniy-titan-p-888557/,4.96,
Смартфон Apple iPhone 15 Pro Max 256GB Синий Титан,29280000.0,glotr,https://files.glotr.uz/company/000/005/799/products/2023/09/26/2023-09-26-12-57-09-996499-c1353a577149da652ab097d2fb073676.webp?_=ozauc,https://glotr.uz/smartfon-apple-iphone-15-pro-max-256gb-siniy-titan-p-888558/,4.96,
Смартфон Apple iPhone 15 Pro Max 512GB Черный Титан,35880000.0,glotr,https://files.glotr.uz/company/000/005/799/products/2023/09/26/2023-09-26-12-58-15-084199-eee568f40e79447abf802b268b1f49ac.webp?_=ozauc,https://glotr.uz/smartfon-apple-iphone-15-pro-max-512gb-cherniy-titan-p-888559/,4.96,
Смартфон Apple iPhone 15 Pro Max 512GB Синий Титан,35880000.0,glotr,https://files.glotr.uz/company/000/005/799/products/2023/09/26/2023-09-26-12-59-42-604128-f3fd9b6fdea4eed1b6e17747c8f1c6db.webp?_=ozauc,https://glotr.uz/smartfon-apple-iphone-15-pro-max-512gb-siniy-titan-p-888562/,4.96,
Оцинкованный профиль Г-образный 40х40х3000 мм,22416.0,glotr,https://files.glotr.uz/company/000/035/448/products/2024/06/26/2024-06-26-16-01-23-762599-17794d6442ec1f400cc997d88dc2b887.webp?_=ozauc,https://glotr.uz/otsinkovanniy-profil-g-obrazniy-40x40x3000-mm-p-1006251/,4.93,
"Счетчик газа СТГ-50/100,80-160,80-250,80-400,100-250,100-400,100-650,150-650,150-800,150-1000,150-1600 с блок корректором БК и блок корректром Флоугаз",27900000.0,glotr,https://files.glotr.uz/company/000/002/645/products/2015/02/10/14235424696245-8e0d22a8557b160997cb2636809c9f20.jpg?_=ozauc,https://glotr.uz/schetchik-gaza-stg-5010080-16080-25080-400100-250100-400100-650150-650150-800150-1000150-1600-s-blok-korrektorom-bk-i-blok-korrektrom-flougaz-p-52130/,4.73,
"Кофе ""Волшебные бобы для циклонного похудения"" теперь можно купить и в Ташкенте",197000.0,glotr,https://files.glotr.uz/company/000/008/486/products/2018/06/12/15287955755970-f74f4d1504e1a8a7fb56a241a6d788d9.jpg?_=ozauc,https://glotr.uz/kofe-volshebnie-bobi-dlya-tsiklonnogo-poxudeniya-teper-mojno-kupit-i-v-tashkente-p-129960/,4.98,
"Батарейки пальчиковые, размер АА, 2 шт, Beshr Power One Alkaline LR6, щелочные батарейки",9000.0,glotr,https://files.glotr.uz/company/000/026/410/proposals/2026/04/16/2026-04-16-16-27-52-278533-18a470a328812c6bfeb6e0881cf8cc68.webp?_=ozauc,https://glotr.uz/batareyki-beshr-power-one-alkaline-aa-2v-p-608552/,4.95,
Кронштейн и опоры ЗУС (Защитно-улавливающая система),750000.0,glotr,https://files.glotr.uz/company/000/027/539/products/2022/01/28/2022-01-28-13-39-48-653139-1d1fe40d073432952676f8eec42a6704.webp?_=ozauc,https://glotr.uz/kronshteyn-i-opori-zus-zashitno-ulavlivayushaya-sistema-p-673269/,4.46,
Смартфон Apple iPhone 15 Pro Max 1TB Белый Титан,40080000.0,glotr,https://files.glotr.uz/company/000/005/799/products/2023/09/26/2023-09-26-13-01-02-947249-2997a12b2df6cf3b75161424cdc899ef.webp?_=ozauc,https://glotr.uz/smartfon-apple-iphone-15-pro-max-1tb-beliy-titan-p-888564/,4.96,
Смартфон Apple iPhone 15 Pro Max 1TB Синий Титан,40080000.0,glotr,https://files.glotr.uz/company/000/005/799/products/2023/09/26/2023-09-26-13-01-54-729701-ba7bc550ba0cde4503214340e1ff564e.webp?_=ozauc,https://glotr.uz/smartfon-apple-iphone-15-pro-max-1tb-siniy-titan-p-888566/,4.96,
Смартфон Apple iPhone 14 Plus 128GB Dual + 1-SIM Сияющая звезда,11040000.0,glotr,https://files.glotr.uz/company/000/005/799/products/2023/09/27/2023-09-27-14-31-32-163817-718e45b8efc368695ebccab91972f71f.webp?_=ozauc,https://glotr.uz/smartfon-apple-iphone-14-plus-128gb-dual-1-sim-siyayushaya-zvezda-p-889004/,4.96,
Смартфон Apple iPhone 14 Plus 128GB Dual + 1-SIM Красный,11040000.0,glotr,https://files.glotr.uz/company/000/005/799/products/2023/09/27/2023-09-27-14-34-25-174019-d20886a2cb6e76079385518dc145ae88.webp?_=ozauc,https://glotr.uz/smartfon-apple-iphone-14-plus-128gb-dual-1-sim-krasniy-p-889006/,4.96,
Смартфон Apple iPhone 14 Plus 128GB Dual + 1-SIM Темная ночь,11040000.0,glotr,https://files.glotr.uz/company/000/005/799/products/2023/09/27/2023-09-27-14-44-04-034996-8a2e5d475fc9191953b311e98df006c5.webp?_=ozauc,https://glotr.uz/smartfon-apple-iphone-14-plus-128gb-dual-1-sim-temnaya-noch-p-889011/,4.96,
Смартфон Apple iPhone 14 Plus 128GB Dual + 1-SIM Синий,11040000.0,glotr,https://files.glotr.uz/company/000/005/799/products/2023/09/27/2023-09-27-14-59-05-753306-faf419886c97514434175e618f6d77f8.webp?_=ozauc,https://glotr.uz/smartfon-apple-iphone-14-plus-128gb-dual-1-sim-siniy-p-889016/,4.96,
Смартфон Apple iPhone 14 Plus 128GB Dual + 1-SIM Желтый,11040000.0,glotr,https://files.glotr.uz/company/000/005/799/products/2023/09/27/2023-09-27-15-00-46-980122-7902d7d7717c5357c17f36211ef4b245.webp?_=ozauc,https://glotr.uz/smartfon-apple-iphone-14-plus-128gb-dual-1-sim-jeltiy-p-889020/,4.96,
Смартфон Apple iPhone 17 256GB 1-SIM Sage,11760000.0,glotr,https://files.glotr.uz/company/000/005/799/proposals/2026/05/02/2026-05-02-11-46-12-851003-9372ef77fb5a8d4b32874d06b05aa78b.webp?_=ozauc,https://glotr.uz/smartfon-apple-iphone-14-plus-128gb-e-sim-siniy-p-889022/,4.96,
Смартфон Apple iPhone 14 Plus 128GB E-SIM Сияющая звезда,9960000.0,glotr,https://files.glotr.uz/company/000/005/799/products/2023/09/27/2023-09-27-15-02-51-528147-b06c5b8d42559e5d8003abe783e66ced.webp?_=ozauc,https://glotr.uz/smartfon-apple-iphone-14-plus-128gb-e-sim-siyayushaya-zvezda-p-889023/,4.96,
Смартфон Apple iPhone 14 Plus 256GB Dual + 1-SIM Синий,12480000.0,glotr,https://files.glotr.uz/company/000/005/799/products/2023/09/27/2023-09-27-15-04-47-090284-1e26ecbac985cd4488e6ede2384f0f5c.webp?_=ozauc,https://glotr.uz/smartfon-apple-iphone-14-plus-256gb-dual-1-sim-siniy-p-889025/,4.96,
Смартфон Apple iPhone 14 Plus 256GB Dual + 1-SIM Темная ночь,12480000.0,glotr,https://files.glotr.uz/company/000/005/799/products/2023/09/27/2023-09-27-15-05-45-146102-74e47a8b5869602543fa3d69d3911616.webp?_=ozauc,https://glotr.uz/smartfon-apple-iphone-14-plus-256gb-dual-1-sim-temnaya-noch-p-889027/,4.96,
Смартфон Apple iPhone 14 Plus 256GB Dual + 1-SIM Сияющая звезда,12480000.0,glotr,https://files.glotr.uz/company/000/005/799/products/2023/09/27/2023-09-27-15-06-14-568829-f525b68ceb9640e433db37a6793f35dd.webp?_=ozauc,https://glotr.uz/smartfon-apple-iphone-14-plus-256gb-dual-1-sim-siyayushaya-zvezda-p-889029/,4.96,
Смартфон Apple iPhone 14 Plus 256GB E-SIM Синий,11640000.0,glotr,https://files.glotr.uz/company/000/005/799/products/2023/09/27/2023-09-27-15-19-00-419425-4a4a4ca4dc09115b48ca346e38508232.webp?_=ozauc,https://glotr.uz/smartfon-apple-iphone-14-plus-256gb-e-sim-siniy-p-889033/,4.96,
Смартфон Apple iPhone 14 Plus 256GB E-SIM Фиолетовый,11640000.0,glotr,https://files.glotr.uz/company/000/005/799/products/2023/09/27/2023-09-27-15-19-39-589941-bd982deb9d1513cec0d6c529e17bb43f.webp?_=ozauc,https://glotr.uz/smartfon-apple-iphone-14-plus-256gb-e-sim-fioletoviy-p-889034/,4.96,
Apple iPhone 14 Plus 256GB E-SIM Темная ночь,11400000.0,glotr,https://files.glotr.uz/company/000/005/799/products/2023/09/27/2023-09-27-15-20-14-716946-7a5959e2cc9ed42cfabc1c0f52ef443c.webp?_=ozauc,https://glotr.uz/apple-iphone-14-plus-256gb-e-sim-temnaya-noch-p-889035/,4.96,
Apple iPhone 14 Plus 256GB E-SIM Сияющая звезда,11400000.0,glotr,https://files.glotr.uz/company/000/005/799/products/2023/09/27/2023-09-27-15-20-42-778014-03a2844595d11ed70a8b2f74ae7a72e1.webp?_=ozauc,https://glotr.uz/apple-iphone-14-plus-256gb-e-sim-siyayushaya-zvezda-p-889036/,4.96,
Apple iPhone 14 Plus 256GB Dual 1-SIM Синий,11760000.0,glotr,https://files.glotr.uz/company/000/005/799/products/2023/09/27/2023-09-27-15-22-31-713544-6dbc2bac69953418a7b7808f967e4047.webp?_=ozauc,https://glotr.uz/apple-iphone-14-plus-256gb-dual-1-sim-siniy-p-889039/,4.96,
Apple iPhone 14 Plus 256GB Dual 1-SIM Фиолетовый,11760000.0,glotr,https://files.glotr.uz/company/000/005/799/products/2023/09/27/2023-09-27-15-22-58-830574-e11971e1ae9308a4aa99c962ba089e26.webp?_=ozauc,https://glotr.uz/apple-iphone-14-plus-256gb-dual-1-sim-fioletoviy-p-889040/,4.96,
Apple iPhone 14 Plus 256GB Dual 1-SIM Темная ночь,11760000.0,glotr,https://files.glotr.uz/company/000/005/799/products/2023/09/27/2023-09-27-15-23-23-806781-442337bd96aa221243e4a5fe55674324.webp?_=ozauc,https://glotr.uz/apple-iphone-14-plus-256gb-dual-1-sim-temnaya-noch-p-889041/,4.96,
Apple iPhone 14 Plus 256GB Dual 1-SIM Сияющая звезда,11760000.0,glotr,https://files.glotr.uz/company/000/005/799/products/2023/09/27/2023-09-27-15-23-48-811276-10ade6383e47b64ac5d6b5b72dfa3633.webp?_=ozauc,https://glotr.uz/apple-iphone-14-plus-256gb-dual-1-sim-siyayushaya-zvezda-p-889042/,4.96,
Смартфон Apple iPhone 14 Plus 512GB E-SIM Фиолетовый,12360000.0,glotr,https://files.glotr.uz/company/000/005/799/products/2023/09/27/2023-09-27-15-26-02-074030-6345357544518ccbd7abe1b58d73105f.webp?_=ozauc,https://glotr.uz/smartfon-apple-iphone-14-plus-512gb-e-sim-fioletoviy-p-889047/,4.96,
Смартфон Apple iPhone 14 Plus 512GB E-SIM Красная,12360000.0,glotr,https://files.glotr.uz/company/000/005/799/products/2023/09/27/2023-09-27-15-28-50-126641-d39dab5eea4bd15cdee236350cd216cf.webp?_=ozauc,https://glotr.uz/smartfon-apple-iphone-14-plus-512gb-e-sim-krasnaya-p-889051/,4.96,
Apple iPhone 14 128GB Dual + 1-SIM Желтый,9240000.0,glotr,https://files.glotr.uz/company/000/005/799/products/2023/09/27/2023-09-27-16-12-05-042161-2f204cd1c74fc252b2819754c9414399.webp?_=ozauc,https://glotr.uz/apple-iphone-14-128gb-dual-1-sim-jeltiy-p-889069/,4.96,
Apple iPhone 14 128GB E-SIM Темная ночь,8400000.0,glotr,https://files.glotr.uz/company/000/005/799/products/2023/09/27/2023-09-27-16-13-50-210271-023d75ad317571f609c6306ad49c44e2.webp?_=ozauc,https://glotr.uz/apple-iphone-14-128gb-e-sim-temnaya-noch-p-889073/,4.96,
Apple iPhone 14 128GB E-SIM Сияющая звезда,8400000.0,glotr,https://files.glotr.uz/company/000/005/799/products/2023/09/27/2023-09-27-16-14-18-677792-c7bb2c30e2cb8b4571e020697c9bb837.webp?_=ozauc,https://glotr.uz/apple-iphone-14-128gb-e-sim-siyayushaya-zvezda-p-889074/,4.96,
Apple iPhone 14 128GB E-SIM Красная,8400000.0,glotr,https://files.glotr.uz/company/000/005/799/products/2023/09/27/2023-09-27-16-14-44-657637-de6fa103ffb729530ab18331b3065ca0.webp?_=ozauc,https://glotr.uz/apple-iphone-14-128gb-e-sim-krasnaya-p-889075/,4.96,
Apple iPhone 14 128GB E-SIM Желтая,8400000.0,glotr,https://files.glotr.uz/company/000/005/799/products/2023/09/27/2023-09-27-16-15-41-067911-184a118d3775f33f59201afd7dfa0a90.webp?_=ozauc,https://glotr.uz/apple-iphone-14-128gb-e-sim-jeltaya-p-889078/,4.96,
Apple iPhone 14 256GB 1-SIM Фиолетовая,10680000.0,glotr,https://files.glotr.uz/company/000/005/799/products/2023/09/27/2023-09-27-16-16-52-741526-f61a4e747418f725aedcfce5dc2dcebc.webp?_=ozauc,https://glotr.uz/apple-iphone-14-256gb-1-sim-fioletovaya-p-889080/,4.96,
Apple iPhone 14 256GB 1-SIM Темная ночь,10680000.0,glotr,https://files.glotr.uz/company/000/005/799/products/2023/09/27/2023-09-27-16-17-18-299503-689b93bb9c14e809914f14c6c5df3e62.webp?_=ozauc,https://glotr.uz/apple-iphone-14-256gb-1-sim-temnaya-noch-p-889081/,4.96,
Apple iPhone 14 256GB 1-SIM Сияющая звезда,10680000.0,glotr,https://files.glotr.uz/company/000/005/799/products/2023/09/27/2023-09-27-16-17-45-257697-9821e737321c78c72c4a25ad79676104.webp?_=ozauc,https://glotr.uz/apple-iphone-14-256gb-1-sim-siyayushaya-zvezda-p-889083/,4.96,
Apple iPhone 14 256GB 1-SIM Красная,10680000.0,glotr,https://files.glotr.uz/company/000/005/799/products/2023/09/27/2023-09-27-16-18-10-138141-878b488fb2095c5292b81b7c476ffd9b.webp?_=ozauc,https://glotr.uz/apple-iphone-14-256gb-1-sim-krasnaya-p-889084/,4.96,
Apple iPhone 14 256GB 1-SIM Синий,10680000.0,glotr,https://files.glotr.uz/company/000/005/799/products/2023/09/27/2023-09-27-16-18-35-696043-f10e76550f744760bfaa3b929edffa8f.webp?_=ozauc,https://glotr.uz/apple-iphone-14-256gb-1-sim-siniy-p-889086/,4.96,
Apple iPhone 14 256GB Dual SIM Фиолетовый,10800000.0,glotr,https://files.glotr.uz/company/000/005/799/products/2023/09/27/2023-09-27-16-20-03-955166-ad8b02d314442b4c0a3c252d9954463c.webp?_=ozauc,https://glotr.uz/apple-iphone-14-256gb-dual-sim-fioletoviy-p-889087/,4.96,
Apple iPhone 14 256GB Dual SIM Темная ночь,10800000.0,glotr,https://files.glotr.uz/company/000/005/799/products/2023/09/27/2023-09-27-16-20-39-477921-6dc7393d921af8b3dfe26edc12776320.webp?_=ozauc,https://glotr.uz/apple-iphone-14-256gb-dual-sim-temnaya-noch-p-889088/,4.96,
Apple iPhone 14 256GB Dual SIM Сияющая звезда,10800000.0,glotr,https://files.glotr.uz/company/000/005/799/products/2023/09/27/2023-09-27-16-21-09-791405-416e74b8a8025b6393eff6ad93850629.webp?_=ozauc,https://glotr.uz/apple-iphone-14-256gb-dual-sim-siyayushaya-zvezda-p-889090/,4.96,
Apple iPhone 14 256GB Dual SIM Красная,10800000.0,glotr,https://files.glotr.uz/company/000/005/799/products/2023/09/27/2023-09-27-16-21-39-306124-59ba0ebe3a442b8f225f4cc8276792b2.webp?_=ozauc,https://glotr.uz/apple-iphone-14-256gb-dual-sim-krasnaya-p-889091/,4.96,
Apple iPhone 14 256GB Dual SIM Синий,10800000.0,glotr,https://files.glotr.uz/company/000/005/799/products/2023/09/27/2023-09-27-16-22-06-981911-648f0d72ceeb097f8f8413577559f131.webp?_=ozauc,https://glotr.uz/apple-iphone-14-256gb-dual-sim-siniy-p-889092/,4.96,
Apple iPhone 14 256GB E-SIM Фиолетовый,9600000.0,glotr,https://files.glotr.uz/company/000/005/799/products/2023/09/27/2023-09-27-16-23-29-045984-b1a5678fac70e2d4312d5f26513ecbd9.webp?_=ozauc,https://glotr.uz/apple-iphone-14-256gb-e-sim-fioletoviy-p-889093/,4.96,
Apple iPhone 14 256GB E-SIM Сияющая звезда,9600000.0,glotr,https://files.glotr.uz/company/000/005/799/products/2023/09/27/2023-09-27-16-24-25-894253-ed94259be30d5011e5650d3d9f9ad5af.webp?_=ozauc,https://glotr.uz/apple-iphone-14-256gb-e-sim-siyayushaya-zvezda-p-889095/,4.96,
Apple iPhone 14 256GB E-SIM Синий,9600000.0,glotr,https://files.glotr.uz/company/000/005/799/products/2023/09/27/2023-09-27-16-25-17-350958-2576e9e731ba408150cf2b78b2ade2aa.webp?_=ozauc,https://glotr.uz/apple-iphone-14-256gb-e-sim-siniy-p-889097/,4.96,
Apple iPhone 14 512GB Dual + 1-SIM Фиолетовый,12360000.0,glotr,https://files.glotr.uz/company/000/005/799/products/2023/09/27/2023-09-27-16-26-48-335854-8f95e31607226d5790a38e9451b0d0ef.webp?_=ozauc,https://glotr.uz/apple-iphone-14-512gb-dual-1-sim-fioletoviy-p-889098/,4.96,
Apple iPhone 14 512GB Dual + 1-SIM Сияющая звезда,12360000.0,glotr,https://files.glotr.uz/company/000/005/799/products/2023/09/27/2023-09-27-16-27-36-794610-30814b5d72ed04e206127c200b13c435.webp?_=ozauc,https://glotr.uz/apple-iphone-14-512gb-dual-1-sim-siyayushaya-zvezda-p-889100/,4.96,
Смартфон Apple iPhone 14 512GB Dual + 1-SIM Синий,12360000.0,glotr,https://files.glotr.uz/company/000/005/799/products/2023/09/27/2023-09-27-16-28-30-099768-ce291dcae2c24487a4e4d6b5dd69cb1d.webp?_=ozauc,https://glotr.uz/smartfon-apple-iphone-14-512gb-dual-1-sim-siniy-p-889103/,4.96,
Смартфон Apple iPhone 14 512GB Dual + E-SIM Красная,10560000.0,glotr,https://files.glotr.uz/company/000/005/799/products/2023/09/27/2023-09-27-16-30-10-433854-1076f84b882c5a8a95a33b9832d18740.webp?_=ozauc,https://glotr.uz/smartfon-apple-iphone-14-512gb-dual-e-sim-krasnaya-p-889105/,4.96,
Смартфон Apple iPhone 14 512GB Dual + E-SIM Синий,10560000.0,glotr,https://files.glotr.uz/company/000/005/799/products/2023/09/27/2023-09-27-16-30-35-810685-37828d5ac58d29eca5668464373c6d4f.webp?_=ozauc,https://glotr.uz/smartfon-apple-iphone-14-512gb-dual-e-sim-siniy-p-889106/,4.96,
Смартфон Apple iPhone 14 512GB Dual + E-SIM Темная ночь,10560000.0,glotr,https://files.glotr.uz/company/000/005/799/products/2023/09/27/2023-09-27-16-31-31-518498-a1049ca4929af73c3c43e9018feeabd5.webp?_=ozauc,https://glotr.uz/smartfon-apple-iphone-14-512gb-dual-e-sim-temnaya-noch-p-889108/,4.96,
Смартфон Apple iPhone 13 Mini 128GB Розовый,9240000.0,glotr,https://files.glotr.uz/company/000/005/799/products/2023/09/30/2023-09-30-12-52-28-927470-048a07d7b80f8bff3ec0122b65f46afc.webp?_=ozauc,https://glotr.uz/smartfon-apple-iphone-13-mini-128gb-rozoviy-p-889921/,4.96,
Смартфон Apple iPhone 13 Mini 256GB Тёмная ночь,11760000.0,glotr,https://files.glotr.uz/company/000/005/799/products/2023/09/30/2023-09-30-12-56-56-985701-d69123aafd4313ac04724f7601bac7bb.webp?_=ozauc,https://glotr.uz/smartfon-apple-iphone-13-mini-256gb-tyomnaya-noch-p-889926/,4.96,
Смартфон Apple iPhone 13 Mini 256GB Красная,11760000.0,glotr,https://files.glotr.uz/company/000/005/799/products/2023/09/30/2023-09-30-12-59-21-069232-f2cdef38c4b4f6a43e134023145c4c9f.webp?_=ozauc,https://glotr.uz/smartfon-apple-iphone-13-mini-256gb-krasnaya-p-889927/,4.96,
Смартфон Apple iPhone 13 Mini 256GB Сияющая звезда,11760000.0,glotr,https://files.glotr.uz/company/000/005/799/products/2023/09/30/2023-09-30-12-59-50-845113-94412045566051e8bcfcc070be277ec5.webp?_=ozauc,https://glotr.uz/smartfon-apple-iphone-13-mini-256gb-siyayushaya-zvezda-p-889928/,4.96,
Ноутбук HP Probook 450 G9,8228000.0,glotr,https://files.glotr.uz/company/000/000/694/products/2023/07/20/2023-07-20-12-54-05-518381-4632e980839fe66f521fe63323ae4cad.webp?_=ozauc,https://glotr.uz/noutbuk-hp-probook-450-g9-p-30442/,2.37,
"Сварочный аппарат ""Ресанта"" САИ 190ПН (65/19)",1567000.0,glotr,https://files.glotr.uz/company/000/034/913/products/2023/08/27/2023-08-27-13-50-29-681890-d53c8980f1aa478d1be3fb8ef7fb010d.webp?_=ozauc,https://glotr.uz/svarochniy-invertorniy-apparat-resanta-sai-190pn-6519-p-877487/,4.93,
Крем для омоложения Goji Cream,129000.0,glotr,https://files.glotr.uz/company/000/008/402/products/2018/05/28/15275022794512-decb8bbaf7db13a0038288e80289584f.jpg?_=ozauc,https://glotr.uz/krem-dlya-omolojeniya-goji-cream-p-127802/,4.92,
Солнечная панель (монокристаллическая) Solardevice,1534.0,glotr,https://files.glotr.uz/company/000/033/059/products/2023/06/17/2023-06-17-13-22-30-770687-11a8f1682fe32fa43ad3e312f0d6af87.webp?_=ozauc,https://glotr.uz/solnechnaya-panel-monokristallicheskaya-solardevice-p-841941/,4.95,
Медиаплеер TV Adapter Xiaomi Box S MDZ28AA,713900.0,glotr,https://files.glotr.uz/company/000/039/845/proposals/2025/11/10/2025-11-10-23-30-11-581322-b6d00d9eaf965bc9de55ea1211c31596.webp?_=ozauc,https://glotr.uz/mediapleer-tv-adapter-xiaomi-box-s-mdz28aa-p-1122468/,2.99,
