title,price,store,image_url,product_url,rating,review_count
Смартфон Vivo Y53S 8/128 GB Blue,3064000.0,mediapark,https://cdn.mediapark.uz/imgs/600x600_6be7f757-302a-4b14-8847-053bbadd5b71_Artboard-1.webp,https://mediapark.uz/ru/product/smartfon-vivo-y53s-8-128-gb-blue-13897,3,
Смартфон Oppo A55 4/64 GB Rainbow Blue,1690000.0,mediapark,https://cdn.mediapark.uz/imgs/300cad7b-bdcf-4aa9-8b53-4c6fe8d2155f_Artboard1copy4_(1300x1300).webp,https://mediapark.uz/ru/product/smartfon-oppo-a55-4-64-gb-rainbow-blue-15604,3,
Смартфон Huawei Nova 9SE 8/128 GB Blue Crystal,3328000.0,mediapark,https://cdn.mediapark.uz/imgs/d2a77acc-4c53-49cc-916c-7213bae8f769.webp,https://mediapark.uz/ru/product/smartfon-huawei-nova-9se-8-128-gb-blue-crystal-15631,3,
Смартфон vivo Y33S 4/64 GB Midday Dream,2813000.0,mediapark,https://cdn.mediapark.uz/imgs/b8c5ecc5-c580-4b0a-bbd3-9fc4bc7b2f67.webp,https://mediapark.uz/ru/product/smartfon-vivo-y33s-4-64-gb-midday-dream-15942,3,
Смартфон Huawei Nova 10 Pro 8/128 GB Shining Black,8419000.0,mediapark,https://cdn.mediapark.uz/imgs/307dd8b0-48ed-4c44-82e2-fc8ac0a93477.webp,https://mediapark.uz/ru/product/smartfon-huawei-nova-10-pro-8-128-gb-shining-black-16094,3,
Смартфон Huawei Nova 10 8/128 GB Shining Black,6911000.0,mediapark,https://cdn.mediapark.uz/imgs/600x600_f0415627-f137-48c1-90a2-a1fa15ac924b_1.webp,https://mediapark.uz/ru/product/smartfon-huawei-nova-10-8-128-gb-shining-black-16103,3,
Смартфон Huawei Nova 10 8/128 GB Shimmery Silver,6911000.0,mediapark,https://cdn.mediapark.uz/imgs/cb4ddc5c-9905-4d98-b10a-836029f9cb3b.webp,https://mediapark.uz/ru/product/smartfon-huawei-nova-10-8-128-gb-shimmery-silver-16104,3,
Смартфон Huawei Nova 10 SE 8/128 GB Shining Black,4135000.0,mediapark,https://cdn.mediapark.uz/imgs/a9dcb1c3-89bf-4c59-85f0-eaab2f86a2b8.webp,https://mediapark.uz/ru/product/smartfon-huawei-nova-10-se-8-128-gb-shining-black-16109,3,
Смартфон Huawei Nova 10 SE 8/128 GB Shimmery Silver,4135000.0,mediapark,https://cdn.mediapark.uz/imgs/f86ddb89-51e7-4fb8-a470-740f9cb1365f_Artboard1_(1300x1300).webp,https://mediapark.uz/ru/product/smartfon-huawei-nova-10-se-8-128-gb-shimmery-silver-16111,3,
Смартфон Huawei Nova 10 SE 8/128 GB Mint Green,4135000.0,mediapark,https://cdn.mediapark.uz/imgs/c846d5a9-ed6b-4d50-9084-ef1d03f76872.webp,https://mediapark.uz/ru/product/smartfon-huawei-nova-10-se-8-128-gb-mint-green-16112,3,
Смартфон Samsung Galaxy S23 8/128 GB Lavender,11936000.0,mediapark,https://cdn.mediapark.uz/imgs/9a5747c0-3cf5-4911-a826-644235aa1d8e.webp,https://mediapark.uz/ru/product/smartfon-samsung-galaxy-s23-8-128-gb-lavender-16409,3,
Смартфон Oppo Reno 8T 8/128GB Black,2596000.0,mediapark,https://cdn.mediapark.uz/imgs/b2aac3d5-b3ee-466a-b9e4-0f47c8ec3fcd.webp,https://mediapark.uz/ru/product/smartfon-oppo-reno-8t-8-128gb-black-16524,3,
Смартфон Oppo Reno 8T 5G 8/256GB Black,4170000.0,mediapark,https://cdn.mediapark.uz/imgs/c95744e1-a8a0-41b2-8b1a-f63fe45e22c0.webp,https://mediapark.uz/ru/product/smartfon-oppo-reno-8t-5g-8-256gb-black-16764,3,
Смартфон Oppo Reno 8T 5G 8/256GB Gold,4170000.0,mediapark,https://cdn.mediapark.uz/imgs/d3ac23fd-3272-4bdd-a991-f0c428a8c9c4_Golsh-1.webp,https://mediapark.uz/ru/product/smartfon-oppo-reno-8t-5g-8-256gb-gold-16765,3,
Смартфон Realme 10 4G 8/128GB Clash White,3199000.0,mediapark,https://cdn.mediapark.uz/imgs/600x600_ad3236ae-9a4e-4b13-96ac-cb124cd189f5_Artboard-1@1300x-100.webp,https://mediapark.uz/ru/product/smartfon-realme-10-4g-8-128gb-clash-white-16796,3,
Смартфон Realme 10 4G 8/128GB Rush Black,3199000.0,mediapark,https://cdn.mediapark.uz/imgs/600x600_835b0b1e-39da-4b25-827e-67c417608794_Artboard-1@1300x-100.webp,https://mediapark.uz/ru/product/smartfon-realme-10-4g-8-128gb-rush-black-16798,3,
Смартфон Realme GT Neo 3T 8/256GB Dragon Ball,5987000.0,mediapark,https://cdn.mediapark.uz/imgs/4669d731-cbd0-49c7-b538-d9e191584101.webp,https://mediapark.uz/ru/product/smartfon-realme-gt-neo-3t-8-256gb-dragon-ball-16800,3,
Смартфон HONOR 90 5G 8/256 Midnight Black,5849000.0,mediapark,https://cdn.mediapark.uz/imgs/6205e117-7076-49cf-8ab9-733e2f9872a2_Artboard5_1300.webp,https://mediapark.uz/ru/product/smartfon-honor-90-5g-8-256-midnight-black-17266,3,
Смартфон HONOR 90 5G 8/256GB Peacock Blue,5849000.0,mediapark,https://cdn.mediapark.uz/imgs/51730da5-ac2c-46f5-8f22-63c89a5ac0d4_mediaparkproduct_1_(1300x1300).webp,https://mediapark.uz/ru/product/smartfon-honor-90-5g-8-256gb-peacock-blue-17267,3,
Смартфон Oppo A58 8/128 Black,2285000.0,mediapark,https://cdn.mediapark.uz/imgs/143160c1-3711-407a-9b28-3e12c0294fa5_Монтажнаяобласть2_1300.webp,https://mediapark.uz/ru/product/smartfon-oppo-a58-8-128-black-19341,3,
Смартфон Oppo A38 4/128 Black,1813000.0,mediapark,https://cdn.mediapark.uz/imgs/600x600_0808710d-60d5-4231-8a03-8facbebf3f6e_File.webp,https://mediapark.uz/ru/product/smartfon-oppo-a38-4-128-black-19342,3,
Смартфон Oppo A38 4/128 Gold,1813000.0,mediapark,https://cdn.mediapark.uz/imgs/f035f2ed-dc94-47af-8f93-1e7c66c01f92_Монтажнаяобласть2_1300.webp,https://mediapark.uz/ru/product/smartfon-oppo-a38-4-128-gold-19343,3,
Смартфон Realme 11 4G 8/256 RMX3636 Black,3325000.0,mediapark,https://cdn.mediapark.uz/imgs/5f804088-1185-497c-8d0e-d813dd0c9a84_Монтажнаяобласть1_1300.webp,https://mediapark.uz/ru/product/smartfon-realme-11-4g-8-256-rmx3636-black-19356,3,
Смартфон Infinix Hot 60 i 4+256GB Silver,2460000.0,mediapark,https://cdn.mediapark.uz/imgs/600x600_2c1b4909-f1e3-426c-bc5a-8b5e0598ab61_1.webp,https://mediapark.uz/ru/product/smartfon-infinix-hot-60-i-4-256gb-silver-36339,3,
Смартфон Infinix Hot 60 i 8+256GB Silver,2460000.0,mediapark,https://cdn.mediapark.uz/imgs/600x600_c1996e2b-5f23-4616-af95-9781e67a32b7_1.webp,https://mediapark.uz/ru/product/smartfon-infinix-hot-60-i-8-256gb-silver-36341,3,
Смартфон Infinix Hot 50 Pro 8+256GB Black,2952000.0,mediapark,https://cdn.mediapark.uz/imgs/600x600_10af6a89-e73b-44a3-bd7f-20aad4cf0b61_1.webp,https://mediapark.uz/ru/product/smartfon-infinix-hot-50-pro-8-256gb-black-36343,3,
Смартфон Infinix Hot 50 Pro 8+256GB Purple,2952000.0,mediapark,https://cdn.mediapark.uz/imgs/600x600_6874ef81-09c7-4d36-8432-4d3749c76a55_1.webp,https://mediapark.uz/ru/product/smartfon-infinix-hot-50-pro-8-256gb-purple-36344,3,
Смартфон Infinix Hot 60 Pro 8+256GB Black,3280000.0,mediapark,https://cdn.mediapark.uz/imgs/600x600_b9f8e76b-810a-43b3-bcd0-eadd30ecd18b_1.webp,https://mediapark.uz/ru/product/smartfon-infinix-hot-60-pro-8-256gb-black-36345,3,
Смартфон Infinix Hot 60 Pro 8+256GB Silver,3280000.0,mediapark,https://cdn.mediapark.uz/imgs/600x600_6d4cfc23-8ef2-48bd-965a-1c1da10d7d7d_1.webp,https://mediapark.uz/ru/product/smartfon-infinix-hot-60-pro-8-256gb-silver-36346,3,
Смартфон Infinix Hot 60 Pro Plus (8+8)+256GB Black,3690000.0,mediapark,https://cdn.mediapark.uz/imgs/600x600_8e2945a2-d351-44ad-9852-1f867bd273d3_1.webp,https://mediapark.uz/ru/product/smartfon-infinix-hot-60-pro-plus-8-8-256gb-black-36348,3,
Смартфон Infinix Hot 60 Pro Plus (8+8)+256GB Silver,3690000.0,mediapark,https://cdn.mediapark.uz/imgs/600x600_b688f2e4-4d36-434e-b91a-b15ed4da38e1_1.webp,https://mediapark.uz/ru/product/smartfon-infinix-hot-60-pro-plus-8-8-256gb-silver-36349,3,
Смартфон Infinix GT 30 5G 16/256gb Grey,4264000.0,mediapark,https://cdn.mediapark.uz/imgs/600x600_ab634950-5f9d-4df7-8b8e-928e8f775341_1.webp,https://mediapark.uz/ru/product/smartfon-infinix-gt-30-5g-16-256gb-grey-36350,3,
Смартфон Infinix GT 30 Pro 5G 12/256gb Dark flare,6232000.0,mediapark,https://cdn.mediapark.uz/imgs/600x600_078b7fe0-b6ec-453e-a1d6-a9769fad52c0_1.webp,https://mediapark.uz/ru/product/smartfon-infinix-gt-30-pro-5g-24-256gb-dark-flare-36351,3,
Смартфон Infinix GT 30 Pro 5G 16/256GB Silver,5412000.0,mediapark,https://cdn.mediapark.uz/imgs/600x600_a8065348-0431-4274-a0e6-014acffaa333_1.webp,https://mediapark.uz/ru/product/smartfon-infinix-gt-30-pro-5g-16-256gb-silver-36352,3,
Смартфон Realme C85 Pro 8/256 Purple  ,4499000.0,mediapark,https://cdn.mediapark.uz/imgs/600x600_215ad518-a2be-44a9-8ec6-7f33789dbbd6_1.webp,https://mediapark.uz/ru/product/smartfon-realme-c85-pro-8-256-purple-36387,3,
Смартфон VIVO Y28 (8/128) Agate Green,3099000.0,mediapark,https://cdn.mediapark.uz/imgs/600x600_2aaefd8e-cf07-4349-a9b8-3f7bf04d1702_Artboard-1.webp,https://mediapark.uz/ru/product/smartfon-vivo-y28-8-128-agate-green-26314,3,
Смартфон VIVO Y28 (8/256) Agate Green,3475000.0,mediapark,https://cdn.mediapark.uz/imgs/600x600_7941751a-ae50-4a77-a0df-71b7bec071a3_Artboard-1.webp,https://mediapark.uz/ru/product/smartfon-vivo-y28-8-256-agate-green-26316,3,
Смартфон VIVO Y28 (8/256) Gleaming Orange,3475000.0,mediapark,https://cdn.mediapark.uz/imgs/600x600_e6e7ec74-4682-4539-9829-96790b179efb_Artboard-1.webp,https://mediapark.uz/ru/product/smartfon-vivo-y28-8-256-gleaming-orange-26317,3,
Смартфон OPPO RENO 11F 5G (8/256) Ocean Blue,3990000.0,mediapark,https://cdn.mediapark.uz/imgs/600x600_5e4643cd-c6d2-41ec-b8e0-facd6992e879_Artboard-11300.webp,https://mediapark.uz/ru/product/smartfon-oppo-reno-11f-5g-8-256-ocean-blue-26404,3,
Смартфон Realme 16 Pro 8/256 Purple ,7999000.0,mediapark,https://cdn.mediapark.uz/imgs/600x600_084317cd-5e23-4990-95b6-88f93923effe_1.webp,https://mediapark.uz/ru/product/smartfon-realme-16-pro-8-256-purple-36388,3,
Смартфон Realme 16 Pro 8/256 Grey  ,7999000.0,mediapark,https://cdn.mediapark.uz/imgs/600x600_6624a625-9782-4678-a0e6-2e557571c109_1.webp,https://mediapark.uz/ru/product/smartfon-realme-16-pro-8-256-grey-36389,3,
Смартфон Realme 15 5G 12/256 Suit Titanium,5999000.0,mediapark,https://cdn.mediapark.uz/imgs/600x600_0e2a05c4-bb40-4222-b24d-4beb51c5eb52_1-1.webp,https://mediapark.uz/ru/product/smartfon-realme-15-5g-12-256-black-36390,3,
Смартфон Realme 15 5G 12/256 Silk Pink  ,5999000.0,mediapark,https://cdn.mediapark.uz/imgs/600x600_196bd7af-b4bf-4154-a27b-965268133341_1.webp,https://mediapark.uz/ru/product/smartfon-realme-15-5g-12-256-pink-36391,3,
Смартфон Realme GT 7 12/512 Black  ,11899000.0,mediapark,https://cdn.mediapark.uz/imgs/600x600_4f2f49c5-21d6-4883-a401-f6d84ac17b88_Дизайн-без-названия-(4).webp,https://mediapark.uz/ru/product/smartfon-realme-gt-7-12-512-black-36392,3,
Смартфон TECNO CAMON 20 PRO (8/256) Predawn Black,3023000.0,mediapark,https://cdn.mediapark.uz/imgs/600x600_daf81022-285a-413b-9ab7-26739864e14a_Artboard-1.webp,https://mediapark.uz/ru/product/smartfon-tecno-camon-20-pro-8-256-predawn-black-26457,3,
Смартфон Realme GT 7 12/512 Blue  ,11899000.0,mediapark,https://cdn.mediapark.uz/imgs/600x600_0c8558b3-f044-4dc0-8b49-95e75abfc3af_1.webp,https://mediapark.uz/ru/product/smartfon-realme-gt-7-12-512-blue-36395,3,
Смартфон HONOR 200 PRO 12/512 Cyan Blue,7399000.0,mediapark,https://cdn.mediapark.uz/imgs/600x600_3789ea4b-70d3-485c-b05f-ca2d7f71dcf7_Artboard-1.webp,https://mediapark.uz/ru/product/smartfon-honor-200-pro-12-512-cyan-blue-27001,3,
Смартфон OPPO RENO 12F 8/256 Matte Grey,3953000.0,mediapark,https://cdn.mediapark.uz/imgs/600x600_06de320f-20c8-40d5-9d7d-03c16b2981f9_Artboard-1.webp,https://mediapark.uz/ru/product/smartfon-oppo-reno-12f-8-256-matte-grey-27232,3,
Смартфон OPPO RENO 12F 8/256 Amber Orange,3953000.0,mediapark,https://cdn.mediapark.uz/imgs/600x600_2eccbbd3-e3e3-4da2-8be0-5f4b36041a7f_Artboard-1.webp,https://mediapark.uz/ru/product/smartfon-oppo-reno-12f-8-256-amber-orange-27233,3,
Смартфон OPPO RENO 12 PRO 12/512 Sunset Gold,5990000.0,mediapark,https://cdn.mediapark.uz/imgs/600x600_cb7cc113-7836-454c-bdee-2987c0d81a45_Artboard-1.webp,https://mediapark.uz/ru/product/smartfon-oppo-reno-12-pro-12-512-sunset-gold-27298,3,
Смартфон REALME C65 6/128 Black,2484000.0,mediapark,https://cdn.mediapark.uz/imgs/600x600_6b148e67-1a0c-4e91-ad0b-8e3a158efdc3_Artboard-11300.webp,https://mediapark.uz/ru/product/smartfon-realme-c65-6-128-black-27312,3,
Смартфон HUAWEI NOVA 12I (8/128) Black,2899000.0,mediapark,https://cdn.mediapark.uz/imgs/600x600_f0806172-0c74-48e6-be2b-4b8f00d43fdc_Artboard-11300.webp,https://mediapark.uz/ru/product/smartfon-huawei-nova-12i-8-128-black-27760,3,
Смартфон HUAWEI NOVA 12I (8/128) Green,2899000.0,mediapark,https://cdn.mediapark.uz/imgs/600x600_fe1283b3-f6b0-4779-888f-79acca0f19ab_Artboard-11300.webp,https://mediapark.uz/ru/product/smartfon-huawei-nova-12i-8-128-green-27761,3,
Смартфон HUAWEI NOVA 12I (8/256) Black,3250000.0,mediapark,https://cdn.mediapark.uz/imgs/600x600_a782557d-68eb-41a6-8fff-648bfebb3a61_Artboard-11300.webp,https://mediapark.uz/ru/product/smartfon-huawei-nova-12i-8-256-black-27762,3,
Смартфон HUAWEI NOVA 12I (8/256) Green,3250000.0,mediapark,https://cdn.mediapark.uz/imgs/600x600_073304e8-ff2b-4216-b0eb-ae274409a971_Artboard-11300.webp,https://mediapark.uz/ru/product/smartfon-huawei-nova-12i-8-256-green-27763,3,
Смартфон HUAWEI NOVA 12S (8/256) Black,5030000.0,mediapark,https://cdn.mediapark.uz/imgs/600x600_84050440-411f-498b-9072-0ce8b424fa73_Artboard-11300.webp,https://mediapark.uz/ru/product/smartfon-huawei-nova-12s-8-256-black-27764,3,
Смартфон HUAWEI NOVA 12S (8/256) Blue,5030000.0,mediapark,https://cdn.mediapark.uz/imgs/600x600_2f9440df-faff-40e9-aa60-ce544cfa5296_Artboard-11300.webp,https://mediapark.uz/ru/product/smartfon-huawei-nova-12s-8-256-blue-27765,3,
Смартфон HUAWEI NOVA 12S (8/256) White,5030000.0,mediapark,https://cdn.mediapark.uz/imgs/600x600_af14ec26-9dc7-4995-bcbc-19a154314979_Artboard-11300.webp,https://mediapark.uz/ru/product/smartfon-huawei-nova-12s-8-256-white-27766,3,
Смартфон HUAWEI NOVA 12SE (8/256) Black,4000000.0,mediapark,https://cdn.mediapark.uz/imgs/600x600_39748069-28ec-4392-8dba-05885dbca97b_Artboard-1.webp,https://mediapark.uz/ru/product/smartfon-huawei-nova-12se-8-256-black-27767,3,
Смартфон HUAWEI NOVA 12SE (8/256) Green,4000000.0,mediapark,https://cdn.mediapark.uz/imgs/600x600_0a667b06-fce9-40eb-9bb9-8b6ce754f744_Artboard-11300.webp,https://mediapark.uz/ru/product/smartfon-huawei-nova-12se-8-256-green-27768,3,
Смартфон HUAWEI NOVA 12SE (8/256) White,4000000.0,mediapark,https://cdn.mediapark.uz/imgs/600x600_24bbbe0e-61ea-47a8-9e75-1c72d2804bfb_Artboard-11300.webp,https://mediapark.uz/ru/product/smartfon-huawei-nova-12se-8-256-white-27769,3,
Смартфон HUAWEI NOVA Y72 (8/256) Black,2730000.0,mediapark,https://cdn.mediapark.uz/imgs/600x600_5c7054c5-6fe5-4c58-9353-07e859fd859b_Artboard-11300.webp,https://mediapark.uz/ru/product/smartfon-huawei-nova-y72-8-256-black-27770,3,
Смартфон HUAWEI NOVA Y72 (8/256) Green,2730000.0,mediapark,https://cdn.mediapark.uz/imgs/600x600_07a9b7e3-737d-42e6-8993-29275086803e_Artboard-11300.webp,https://mediapark.uz/ru/product/smartfon-huawei-nova-y72-8-256-green-27771,3,
Смартфон OPPO A3 (6/256) Sparkle Black,2590000.0,mediapark,https://cdn.mediapark.uz/imgs/600x600_eb0edd2f-5aca-492b-a46f-f6e1b2320a04_Artboard-1.webp,https://mediapark.uz/ru/product/smartfon-oppo-a3-6-256-sparkle-black-27932,3,
Смартфон OPPO A3 (6/256) Starry Purple,2590000.0,mediapark,https://cdn.mediapark.uz/imgs/600x600_4446fbe2-fa8d-4aca-9c41-308a20b3a25b_Artboard-1.webp,https://mediapark.uz/ru/product/smartfon-oppo-a3-6-256-srarry-purple-27933,3,
Смартфон OPPO A3X (4/128) Nebula Red,1755000.0,mediapark,https://cdn.mediapark.uz/imgs/600x600_f2679e06-4685-45af-9bab-a92eae51885f_Artboard-1.webp,https://mediapark.uz/ru/product/smartfon-oppo-a3x-4-128-nebula-red-27936,3,
Смартфон OPPO A3X (4/128) Ocean Blue,2225000.0,mediapark,https://cdn.mediapark.uz/imgs/600x600_1f409747-a6ba-49ce-83c8-3d57e123cbb2_Artboard-1.webp,https://mediapark.uz/ru/product/smartfon-oppo-a3x-4-128-ocean-blue-27937,3,
Смартфон Realme C71 6/128GB Green  ,2553000.0,mediapark,https://cdn.mediapark.uz/imgs/600x600_537071db-6701-442f-807b-574f0ea9704c_1.webp,https://mediapark.uz/ru/product/smartfon-realme-c71-6-128gb-green-36577,3,
Смартфон HONOR 600 8/256GB Golden White  ,6777000.0,mediapark,https://cdn.mediapark.uz/imgs/600x600_66739388-0be6-4a20-a854-0d7207e0e63e_1.webp,https://mediapark.uz/ru/product/smartfon-honor-600-8-256gb-golden-white-36774,3,
Смартфон HONOR 600 8/256GB Orange,6777000.0,mediapark,https://cdn.mediapark.uz/imgs/600x600_cee3475b-c006-4d3c-993d-0fb7295976f6_1.webp,https://mediapark.uz/ru/product/smartfon-honor-600-8-256gb-orange-36775,3,
Смартфон HONOR 600 Pro 12/512GB Black  ,10999000.0,mediapark,https://cdn.mediapark.uz/imgs/600x600_dd88d7dc-8333-4ace-a0bf-6a76053c35c8_1.webp,https://mediapark.uz/ru/product/smartfon-honor-600-pro-12-512gb-black-36780,3,
Смартфон Google Pixel 9 12/128 GB Black  ,10225000.0,mediapark,https://cdn.mediapark.uz/imgs/600x600_1ae949f7-ce47-4a76-a94c-f2ed0d5885b4_1.webp,https://mediapark.uz/ru/product/smartfon-google-pixel-9-12-128-gb-black-36887,3,
Смартфон Google Pixel 9 12/256 GB Green  ,10455000.0,mediapark,https://cdn.mediapark.uz/imgs/600x600_2d07fa46-5c40-4e7d-ac61-5d25ac8644ac_1.webp,https://mediapark.uz/ru/product/smartfon-google-pixel-9-12-256-gb-green-36892,3,
Смартфон Google Pixel 9 12/256 GB Black  ,10455000.0,mediapark,https://cdn.mediapark.uz/imgs/600x600_0482fec5-9b56-4cde-9eae-559994b87d48_1.webp,https://mediapark.uz/ru/product/smartfon-google-pixel-9-12-256-gb-black-36894,3,
Смартфон Google Pixel 10 12/256 GB Black  ,12316000.0,mediapark,https://cdn.mediapark.uz/imgs/600x600_431c0e50-f0ed-4ea5-90e1-ceac818ad299_1.webp,https://mediapark.uz/ru/product/smartfon-google-pixel-10-12-256-gb-black-36896,3,
Смартфон Google Pixel 10 Pro XL 16/256 GB Black  ,15391000.0,mediapark,https://cdn.mediapark.uz/imgs/600x600_d1b4b2f8-21bb-46f2-869c-7300a3e4e5cd_1.webp,https://mediapark.uz/ru/product/smartfon-google-pixel-10-pro-xl-12-256-gb-black-36899,3,
Смартфон Google Pixel 10 Pro Fold 16/512 GB  ,19926000.0,mediapark,https://cdn.mediapark.uz/imgs/600x600_1c67f78c-6ab3-47e5-b657-36da95da5d97_1.webp,https://mediapark.uz/ru/product/smartfon-google-pixel-10-pro-fold-12-512-gb-36903,3,
Смартфон Xiaomi Redmi Note 14 Pro+ 5G 8/256GB Frost Blue,5674000.0,mediapark,https://cdn.mediapark.uz/imgs/600x600_ae0aa0fe-13c2-426b-b9be-9f538e258f03_Artboard-1.webp,https://mediapark.uz/ru/product/smartfon-xiaomi-redmi-note-14-pro-5g-016u-28419,3,
Смартфон Xiaomi Redmi Note 14 6/128GB Green,2457000.0,mediapark,https://cdn.mediapark.uz/imgs/600x600_a59de888-acd8-4209-8b6c-7b3474870ea6_Монтажная-область-1.webp,https://mediapark.uz/ru/product/smartfon-xiaomi-redmi-note-14-07n-6-128gb-green-28422,3,
Смартфон Xiaomi Redmi Note 14 Pro 8/256GB Purple,4095000.0,mediapark,https://cdn.mediapark.uz/imgs/600x600_bedfdf3d-2cad-4f6f-bf4f-d28d555bfded_Монтажная-область-1-(2).webp,https://mediapark.uz/ru/product/smartfon-xiaomi-redmi-note-14-pro-06-8-128gb-purple-28430,3,
Смартфон Xiaomi Redmi Note 14 Pro+ 5G 8/256GB Midnight Black,5674000.0,mediapark,https://cdn.mediapark.uz/imgs/600x600_028afe8f-9f75-476e-8aa1-c2279c9d410e_Artboard-1.webp,https://mediapark.uz/ru/product/smartfon-xiaomi-redmi-note-14-pro-5g-8-256gb-midnight-black-28455,3,
Смартфон Samsung Galaxy S25 Ultra (12/256) Titanium Gray,15208000.0,mediapark,https://cdn.mediapark.uz/imgs/600x600_2744bc7f-d9d7-403e-9de5-e5f5a1228496_Artboard-1.webp,https://mediapark.uz/ru/product/smartfon-samsung-galaxy-s25-ultra-12-256-titanium-gray-28520,3,
Смартфон Honor 200 8/256 GB Black,6429000.0,mediapark,https://cdn.mediapark.uz/imgs/600x600_62fbecb8-988a-4970-82f8-6d81fc72149e_Artboard-1.webp,https://mediapark.uz/ru/product/smartfon-honor-200-8-256-black-28650,3,
Смартфон Honor X8C 8/256 GB Green,3549000.0,mediapark,https://cdn.mediapark.uz/imgs/600x600_4fd767b6-db7e-4fa6-bcf2-b37fd34632ee_photo_2025-02-17_15-08-08.webp,https://mediapark.uz/ru/product/smartfon-honor-x8c-8-256-green-28798,3,
Смартфон Honor X8C 8/256 GB Black,3549000.0,mediapark,https://cdn.mediapark.uz/imgs/600x600_f907c431-f0de-4192-be79-b62dac6bf011_Artboard-1.webp,https://mediapark.uz/ru/product/smartfon-honor-x8c-8-256-black-28799,3,
Смартфон Honor X8C 8/256 GB White,3549000.0,mediapark,https://cdn.mediapark.uz/imgs/600x600_6fbe3147-be3d-4700-b803-9323da32cda6_Artboard-1.webp,https://mediapark.uz/ru/product/smartfon-honor-x8c-8-256-white-28800,3,
Смартфон Honor X8C 8/128 GB Green,3239000.0,mediapark,https://cdn.mediapark.uz/imgs/600x600_a4752c56-82d4-4c6c-869b-006c210f7225_photo_2025-02-17_15-08-08.webp,https://mediapark.uz/ru/product/smartfon-honor-x8c-8-128gb-green-28803,3,
Смартфон Honor X8C 8/128 GB Black,3239000.0,mediapark,https://cdn.mediapark.uz/imgs/600x600_36b0adfa-92fa-4f08-b470-6ef6f25862b8_Artboard-1.webp,https://mediapark.uz/ru/product/smartfon-honor-x8c-8-128gb-black-28809,3,
Смартфон Realme 13+ 5G (8/256) Gold,4873000.0,mediapark,https://cdn.mediapark.uz/imgs/600x600_3001a109-a5df-4bfb-9e70-b233692df36e_Artboard-1.webp,https://mediapark.uz/ru/product/smartfon-realme-13-5g-8-256-gold-29167,3,
Смартфон Realme C75 (8/256) Black,3129000.0,mediapark,https://cdn.mediapark.uz/imgs/600x600_5e57c13f-b854-46c7-b00d-ae3840651086_Artboard-1.webp,https://mediapark.uz/ru/product/smartfon-realme-c75-8-256-black-29169,3,
Смартфон Realme C75 (8/256) Gold,3129000.0,mediapark,https://cdn.mediapark.uz/imgs/600x600_2f894c2b-d2e0-4e48-9c28-56376bf89e75_Artboard-1.webp,https://mediapark.uz/ru/product/smartfon-realme-c75-8-256-gold-29170,3,
Смартфон Oppo Reno 13 5G (12/512) Blue,8615000.0,mediapark,https://cdn.mediapark.uz/imgs/600x600_58649c02-5cf0-44fa-95a7-82f7719e1a27_Artboard-1.webp,https://mediapark.uz/ru/product/smartfon-oppo-reno-13-5g-12-512-blue-29171,3,
Смартфон Oppo Reno 13 5G (12/512) White,8615000.0,mediapark,https://cdn.mediapark.uz/imgs/600x600_e47e6e99-262a-4732-bef3-d907d102480b_Artboard-1.webp,https://mediapark.uz/ru/product/smartfon-oppo-reno-13-5g-12-512-white-29172,3,
Смартфон Oppo Reno 13F (8/512) Gray,5968000.0,mediapark,https://cdn.mediapark.uz/imgs/600x600_23790976-1a23-468e-a49b-e2f48cf1a736_Artboard-1.webp,https://mediapark.uz/ru/product/smartfon-oppo-reno-13f-8-512-gray-29175,3,
Смартфон Oppo Reno 13F (8/512) Purple,5968000.0,mediapark,https://cdn.mediapark.uz/imgs/600x600_4aa492d0-efaa-4726-8292-1a5966099f3f_Artboard-1.webp,https://mediapark.uz/ru/product/smartfon-oppo-reno-13f-8-512-purple-29176,3,
Смартфон Samsung Galaxy A36 128GB Lavender,4176000.0,mediapark,https://cdn.mediapark.uz/imgs/600x600_2498ffbe-b491-4874-882c-b639ce9a7767_Artboard-1.webp,https://mediapark.uz/ru/product/smartfon-samsung-sm-a366e-a36-128gb-lavender-29569,3,
Смартфон Samsung Galaxy A36 128GB White,4176000.0,mediapark,https://cdn.mediapark.uz/imgs/600x600_25e22c1e-a29e-4b9c-aa6c-35496a7df11b_Artboard-1.webp,https://mediapark.uz/ru/product/smartfon-samsung-sm-a366e-a36-128gb-white-29571,3,
Смартфон Samsung Galaxy A36 256GB Lavender,4489000.0,mediapark,https://cdn.mediapark.uz/imgs/600x600_1017399a-dd9b-4eb2-ab02-d5a575996ec0_Artboard-1.webp,https://mediapark.uz/ru/product/smartfon-samsung-sm-a366e-a36-256gb-lavebder-29573,3,
Смартфон Oppo A5 Pro (8/256) Olive Green,3349000.0,mediapark,https://cdn.mediapark.uz/imgs/600x600_45119bdb-98f9-45f2-a696-d36192045c25_Artboard-11300.webp,https://mediapark.uz/ru/product/smartfon-oppo-a5-pro-8-256-olive-green-29917,3,
Смартфон Samsung Galaxy A26 128GB Black,3180000.0,mediapark,https://cdn.mediapark.uz/imgs/600x600_cbc74bdd-685d-4530-83ba-9a2bc34c05a7_Artboard-11300.webp,https://mediapark.uz/ru/product/smartfon-samsung-galaxy-a26-128gb-black-29924,3,
Смартфон Huawei Nova 13 (12/256) Black,4425000.0,mediapark,https://cdn.mediapark.uz/imgs/600x600_92d76ea6-cc78-447e-bc48-86fb93595f23_Artboard-1.webp,https://mediapark.uz/ru/product/smartfon-huawei-nova-13-12-256-black-30456,3,
Смартфон Huawei Nova 13 (12/256) Green,4425000.0,mediapark,https://cdn.mediapark.uz/imgs/600x600_a39acfd9-6084-49b3-88e2-f0e6208c9a4e_Artboard-1.webp,https://mediapark.uz/ru/product/smartfon-huawei-nova-13-12-256-green-30457,3,
Смартфон Huawei Nova 13 Pro (12/512) Black,6859000.0,mediapark,https://cdn.mediapark.uz/imgs/600x600_b5209a61-095a-4a35-a356-9b23551e2f8f_photo_2025-05-06_18-22-31.webp,https://mediapark.uz/ru/product/smartfon-huawei-nova-13-pro-12-512-black-30459,3,
Смартфон Huawei Nova 13 Pro (12/512) Green,6859000.0,mediapark,https://cdn.mediapark.uz/imgs/600x600_3fa9f349-0a2d-41e3-8495-a0a188c6dcec_a5-(1).webp,https://mediapark.uz/ru/product/smartfon-huawei-nova-13-pro-12-512-green-30460,3,
Смартфон Huawei Nova 13 Pro (12/512) White,6859000.0,mediapark,https://cdn.mediapark.uz/imgs/600x600_865d6f73-e111-4d08-85b3-0b2f3ce25417_Artboard-1.webp,https://mediapark.uz/ru/product/smartfon-huawei-nova-13-pro-12-512-white-30461,3,
Смартфон Huawei Pura 70 (12/256) White,8525000.0,mediapark,https://cdn.mediapark.uz/imgs/600x600_2fa4eec2-87b5-4327-9995-48d0d17fa575_photo_2025-05-06_18-28-04.webp,https://mediapark.uz/ru/product/smartfon-huawei-pura-70-12-256-white-30463,3,
Смартфон Google Pixel 9 Pro XL 16/256Gb Hazel,20150000.0,mediapark,https://cdn.mediapark.uz/imgs/600x600_89b4f367-089d-4119-bd66-904e257c222a_Google-pixel-9-Pro-XL-HAZEL.webp,https://mediapark.uz/ru/product/smartfon-google-pixel-9-pro-xl-16-256gb-hazel-30991,3,
Смартфон Vivo Y29 (8/128) Brown,3033000.0,mediapark,https://cdn.mediapark.uz/imgs/600x600_afb6e88a-536b-4c61-9203-ac022a66dccd_128)--Brown.webp,https://mediapark.uz/ru/product/smartfon-vivo-y29-8-128-brown-31013,3,
Смартфон Vivo Y29 (8/128) White,3033000.0,mediapark,https://cdn.mediapark.uz/imgs/600x600_98374cb4-b19d-4f8b-b9b9-cb46e2058805_128)--White.webp,https://mediapark.uz/ru/product/smartfon-vivo-y29-8-128-white-31014,3,
Смартфон Honor 400 Pro 5G (12/512) Lunar Grey,8349000.0,mediapark,https://cdn.mediapark.uz/imgs/600x600_14cdbf40-9b97-4569-84d3-3ad3ac352bb6_512)-Lunar-Grey-6.webp,https://mediapark.uz/ru/product/smartfon-honor-400-pro-5g-12-512-lunar-grey-31025,3,
Смартфон Honor 400 Pro 5G (12/512) Midnight Black,8349000.0,mediapark,https://cdn.mediapark.uz/imgs/600x600_9a3bec16-a34a-47a5-9874-dc2963177280_a5-(4).webp,https://mediapark.uz/ru/product/smartfon-honor-400-pro-5g-12-512-midnight-black-31026,3,
Смартфон POCO C71 4/128GB Blue,1900000.0,mediapark,https://cdn.mediapark.uz/imgs/600x600_da228142-d492-46e3-a309-fc4c79d4c9ef_POCO-C71-4GB+128GB-Blue.webp,https://mediapark.uz/ru/product/smartfon-poco-c71-4gb-128gb-blue-31141,3,
Смартфон Samsung Galaxy S25 Ultra (12/256) Titanium Jetblack,15208000.0,mediapark,https://cdn.mediapark.uz/imgs/600x600_1a3677f6-73f0-4e03-baf0-8746fa06c0c8_256-Titanium-Jetblack.webp,https://mediapark.uz/ru/product/smartfon-galaxy-s25-ultra-12-256-titanium-jetblack-31279,3,
Смартфон Samsung Galaxy S25 Ultra (12/512) Titanium Jetblack,16404000.0,mediapark,https://cdn.mediapark.uz/imgs/600x600_289d0e84-c3c2-46ac-a59a-fe7d7cacb4b9_512-Titanium-Jetblack--18-885-000-050000000000084364p.webp,https://mediapark.uz/ru/product/smartfon-galaxy-s25-ultra-12-512-titanium-jetblack-31280,3,
Смартфон Xiaomi MIX 12GB+512GB Flip Black,17179000.0,mediapark,https://cdn.mediapark.uz/imgs/600x600_95c1aada-9fec-47c5-a718-5b5c71cd2a07_Смартфон-Xiaomi-MIX-12GB+512GB-Flip-Black-01.webp,https://mediapark.uz/ru/product/smartfon-xiaomi-mix-12gb-512gb-flip-black-31477,3,
Смартфон Xiaomi MIX 12GB+512GB Flip Purple,17179000.0,mediapark,https://cdn.mediapark.uz/imgs/600x600_f4aaeee4-d024-479e-b23d-ea3b0a25585d_Смартфон-Xiaomi-MIX-12GB+512GB-Flip-Purple-01.webp,https://mediapark.uz/ru/product/smartfon-xiaomi-mix-12gb-512gb-flip-purple-31478,3,
Смартфон OPPO Reno 14 5G (12/512) Opal White,8702000.0,mediapark,https://cdn.mediapark.uz/imgs/600x600_41af66d9-347f-47cb-9cca-d8ed5d9b6f4e_Artboard-1.webp,https://mediapark.uz/ru/product/smartfon-oppo-reno-14-5g-12-512-opal-white-31999,3,
Смартфон OPPO Reno14F 5G (12/512) Opal Blue,6212000.0,mediapark,https://cdn.mediapark.uz/imgs/600x600_35aa28b8-bc66-4e4c-a4e2-a44c781618ef_Artboard-1.webp,https://mediapark.uz/ru/product/smartfon-oppo-reno14-f-5g-12-512-opal-blue-32002,3,
Смартфон Apple iPhone 17 256 GB Lavender,14399000.0,mediapark,https://cdn.mediapark.uz/imgs/600x600_5591034d-2869-49f1-a573-5dabaa408923_5.webp,https://mediapark.uz/ru/product/smartfon-apple-iphone-17-8-128-gb-32411,3,
Смартфон Apple iPhone 17 256 GB Mist Blue,14399000.0,mediapark,https://cdn.mediapark.uz/imgs/600x600_f6174042-738e-4467-9142-23dd2b5e7e9f_9.webp,https://mediapark.uz/ru/product/smartfon-apple-iphone-17-8-256-gb-32412,3,
Смартфон Apple iPhone 17 Pro 256 GB Deep Blue,17638000.0,mediapark,https://cdn.mediapark.uz/imgs/600x600_50dd7160-147c-4a28-92aa-e6a263c86335_3.webp,https://mediapark.uz/ru/product/smartfon-apple-iphone-17-pro-8-128-gb-32414,3,
Смартфон Apple iPhone 17 Pro 256 GB Cosmic Orange,17638000.0,mediapark,https://cdn.mediapark.uz/imgs/600x600_d2e4c99b-6f72-4842-a9d1-326ae012021f_1.webp,https://mediapark.uz/ru/product/smartfon-apple-iphone-17-pro-8-256-gb-32415,3,
Смартфон Apple iPhone 17 Pro Max 256 GB Silver ,19402000.0,mediapark,https://cdn.mediapark.uz/imgs/600x600_f45c5c27-3e34-4bd7-aa5f-e4cf74b08ef3_5.webp,https://mediapark.uz/ru/product/smartfon-apple-iphone-17-pro-max-8-128-gb-32417,3,
Смартфон Apple iPhone 17 Pro Max 256 GB Cosmic Orange,19402000.0,mediapark,https://cdn.mediapark.uz/imgs/600x600_087c6b75-1f5d-45e5-ad32-391ac1c779ab_1.webp,https://mediapark.uz/ru/product/smartfon-apple-iphone-17-pro-max-8-256-gb-32418,3,
Смартфон Apple iPhone 17 256 GB Sage,14399000.0,mediapark,https://cdn.mediapark.uz/imgs/600x600_bf5d7159-00d9-45b1-8396-0edea7d971f5_1.webp,https://mediapark.uz/ru/product/smartfon-apple-iphone-17-8-128-gb-sage-32479,3,
Смартфон Apple iPhone 17 256 GB Black,14399000.0,mediapark,https://cdn.mediapark.uz/imgs/600x600_cf96065e-c1f3-492a-8b0b-6efda33a34d7_3.webp,https://mediapark.uz/ru/product/smartfon-apple-iphone-17-8-128-gb-mist-blue-32482,3,
Смартфон Apple iPhone 17 Pro 256 GB Silver,17638000.0,mediapark,https://cdn.mediapark.uz/imgs/600x600_97527c4c-3a26-4751-8d2d-949cdac0fe0e_5.webp,https://mediapark.uz/ru/product/smartfon-apple-iphone-17-pro-8-128-gb-cosmic-orange-32483,3,
Смартфон Apple iPhone 17 Pro Max 256 GB Deep Blue,19402000.0,mediapark,https://cdn.mediapark.uz/imgs/600x600_53a0574b-88e2-4ffc-9e80-cf39b774d0b0_3.webp,https://mediapark.uz/ru/product/smartfon-apple-iphone-17-pro-max-8-256-gb-deep-blue-32484,3,
Смартфон Apple iPhone 17 Pro 512 GB Cosmic Orange,22233000.0,mediapark,https://cdn.mediapark.uz/imgs/600x600_d26d22a5-d140-4659-a6cc-7f341f4f922b_1.webp,https://mediapark.uz/ru/product/smartfon-apple-iphone-17-pro-8-512-gb-cosmic-orange-32636,3,
Смартфон Apple iPhone 17 Pro 512 GB Silver,22233000.0,mediapark,https://cdn.mediapark.uz/imgs/600x600_bdc3ed1b-753e-4366-a260-bfe2749a1faa_5.webp,https://mediapark.uz/ru/product/smartfon-apple-iphone-17-pro-8-512-gb-silver-32638,3,
Смартфон Apple iPhone 17 Pro Max 512 GB Cosmic Orange,23999000.0,mediapark,https://cdn.mediapark.uz/imgs/600x600_127b6434-3aaa-478e-bc19-9ade02b8cd18_1.webp,https://mediapark.uz/ru/product/smartfon-apple-iphone-17-pro-max-12-512-gb-cosmic-orange-32639,3,
Смартфон Apple iPhone 17 Pro Max 512 GB Deep Blue,23999000.0,mediapark,https://cdn.mediapark.uz/imgs/600x600_c844b79c-a01e-4b98-86f9-20da44b889a0_3.webp,https://mediapark.uz/ru/product/smartfon-apple-iphone-17-pro-max-12-512-gb-deep-blue-32640,3,
Смартфон Apple iPhone 17 Pro Max 512 GB Silver,23999000.0,mediapark,https://cdn.mediapark.uz/imgs/600x600_68379efc-2e31-491f-a7ad-3ac9e6c37c0a_5.webp,https://mediapark.uz/ru/product/smartfon-apple-iphone-17-pro-max-12-512-gb-silver-32641,3,
Смартфон Samsung Galaxy Z Flip 7 Black 12/256,19219000.0,mediapark,https://cdn.mediapark.uz/imgs/600x600_27eababf-52f9-40ab-a67a-b5c7063d893d_Artboard-1.webp,https://mediapark.uz/ru/product/smartfon-samsung-galaxy-z-flip-7-black-12-256-32771,3,
Смартфон Samsung Galaxy Z Fold 7 Black 12/256,33056000.0,mediapark,https://cdn.mediapark.uz/imgs/600x600_590481d8-4da3-4409-b0e8-6aa60c00b63a_Artboard-6.webp,https://mediapark.uz/ru/product/smartfon-samsung-galaxy-z-flod-7-black-12-256-32777,3,
Смартфон Samsung Galaxy Z Fold 7 Silver 12/256,33056000.0,mediapark,https://cdn.mediapark.uz/imgs/600x600_7d2c6da0-12df-401c-b0b7-e276b7e0a4df_Artboard-6.webp,https://mediapark.uz/ru/product/smartfon-samsung-galaxy-z-flod-7-silver-12-256-32779,3,
Смартфон Samsung Galaxy Z Fold 7 Blue 12/256,33056000.0,mediapark,https://cdn.mediapark.uz/imgs/600x600_76680a27-3bf6-41b0-a8f7-75acf517ef94_Artboard-6.webp,https://mediapark.uz/ru/product/smartfon-samsung-galaxy-z-flod-7-blue-12-256-32781,3,
Смартфон Samsung Galaxy Z Fold 7 Black 12/512,40744000.0,mediapark,https://cdn.mediapark.uz/imgs/600x600_60c16a29-323a-4948-9686-9b957c2610b8_Artboard-6.webp,https://mediapark.uz/ru/product/smartfon-samsung-galaxy-z-flod-7-black-12-512-32783,3,
Смартфон Samsung Galaxy Z Fold 7 Silver 12/512,40744000.0,mediapark,https://cdn.mediapark.uz/imgs/600x600_8486e713-caa9-4bb9-9b9b-4676a65dded2_Artboard-3.webp,https://mediapark.uz/ru/product/smartfon-samsung-galaxy-z-flod-7-silver-12-512-32784,3,
Смартфон Samsung Galaxy A17 128GB Black,2699000.0,mediapark,https://cdn.mediapark.uz/imgs/600x600_e7af7d61-2a52-4ec1-85b0-15662c0c386c_Artboard-1.webp,https://mediapark.uz/ru/product/smartfon-samsung-sm-a175f-a17-128gb-black-32920,3,
Смартфон Samsung Galaxy A17 128GB Gray,2699000.0,mediapark,https://cdn.mediapark.uz/imgs/600x600_c3582034-4fa7-441c-a16b-8eb26bfedfda_Дизайн-без-названия-(3).webp,https://mediapark.uz/ru/product/smartfon-samsung-sm-a175f-a17-128gb-gray-32921,3,
Смартфон Samsung Galaxy A17 128GB Light Blue ,2699000.0,mediapark,https://cdn.mediapark.uz/imgs/600x600_35e6ac3a-1be0-43ef-85f9-8db54ffff632_Дизайн-без-названия-(3).webp,https://mediapark.uz/ru/product/smartfon-samsung-sm-a175f-a17-128gb-light-blue-32922,3,
Смартфон SAMSUNG SM-A175F A17 256GB Gray,3352000.0,mediapark,https://cdn.mediapark.uz/imgs/600x600_48775d7f-29cd-4192-9aa9-98aae6630916_Artboard-2.webp,https://mediapark.uz/ru/product/smartfon-samsung-sm-a175f-a17-256gb-gray-32924,3,
Смартфон OPPO A5 6/128 Aurora Green,2999000.0,mediapark,https://cdn.mediapark.uz/imgs/600x600_5ef53ad7-7a41-417f-8c57-f91b23e29907_1fa69d7eea2471fd956200a33077a5ef1a623ce3f6890b9eef6134b09d5ae90d.jpg.webp,https://mediapark.uz/ru/product/smartfon-oppo-a5-6-128-aurora-green-32926,3,
Смартфон OPPO A5 6/128 Mist White,2999000.0,mediapark,https://cdn.mediapark.uz/imgs/600x600_4076a144-f3d4-4c28-bb71-0b28e533b641_Artboard-1.webp,https://mediapark.uz/ru/product/smartfon-oppo-a5-6-128-mist-white-32927,3,
Смартфон OPPO A5 8/256 Aurora Green,3399000.0,mediapark,https://cdn.mediapark.uz/imgs/600x600_78574fa2-225d-477b-a2c6-fc37b629ca8a_Artboard-1.webp,https://mediapark.uz/ru/product/smartfon-oppo-a5-8-256-aurora-green-32928,3,
Смартфон OPPO A5 8/256 Mist White,3399000.0,mediapark,https://cdn.mediapark.uz/imgs/600x600_b5698496-c9c2-4cb8-aca4-5972f1ea0846_Artboard-1.webp,https://mediapark.uz/ru/product/smartfon-oppo-a5-8-256-mist-white-32929,3,
Смартфон Honor X7d 8/256 Desert Gold,3149000.0,mediapark,https://cdn.mediapark.uz/imgs/600x600_a2ab1e22-74ff-4160-abca-362f46f53269_Дизайн-без-названия-(5).webp,https://mediapark.uz/ru/product/smartfon-honor-x7d-8-256-desert-gold-32930,3,
Смартфон Huawei Mate 70 Pro 12/512 GB  ,15839000.0,mediapark,https://cdn.mediapark.uz/imgs/600x600_b7edf054-6540-4555-ad87-fb5ddba7027c_1.webp,https://mediapark.uz/ru/product/smartfon-huawei-mate-70-pro-12-512-gb-32981,3,
Смартфон Huawei Nova Y72s 8GB+128GB,2196000.0,mediapark,https://cdn.mediapark.uz/imgs/600x600_990bfb22-9808-463a-bbf7-c8b002b067ea_1.webp,https://mediapark.uz/ru/product/smartfon-huawei-nova-y72s-8gb-128gb-32983,3,
Смартфон Huawei Nova Y72s 8GB+256GB,2536000.0,mediapark,https://cdn.mediapark.uz/imgs/600x600_b25e72a6-f279-4f34-9049-21c9cbe490c4_1.webp,https://mediapark.uz/ru/product/smartfon-huawei-nova-y72s-8gb-256gb-32984,3,
Смартфон Huawei Nova Y73 8GB+128GB blue,2464000.0,mediapark,https://cdn.mediapark.uz/imgs/600x600_f3d7a826-fd44-4cec-ba92-5cbbde1a93dc_1.webp,https://mediapark.uz/ru/product/smartfon-huawei-nova-y73-8gb-128gb-blue-32985,3,
Смартфон Huawei Nova Y73 8GB+256GB black,2804000.0,mediapark,https://cdn.mediapark.uz/imgs/600x600_508eeaba-2d46-4863-a735-449f11ce68fd_1.webp,https://mediapark.uz/ru/product/smartfon-huawei-nova-y73-8gb-256gb-black-32986,3,
Смартфон Huawei Mate X6 12GB+512GB  ,27339000.0,mediapark,https://cdn.mediapark.uz/imgs/600x600_f37ef86b-ed91-4577-af3f-1b823d6ae973_1.webp,https://mediapark.uz/ru/product/smartfon-huawei-mate-x6-12gb-512gb-32987,3,
Смартфон Huawei Mate XT 16GB+1TB  ,50268000.0,mediapark,https://cdn.mediapark.uz/imgs/600x600_046eeeb6-3db2-4d0d-a9e9-3c99f472045b_1.webp,https://mediapark.uz/ru/product/smartfon-huawei-mate-xt-16gb-1tb-32988,3,
Смартфон Huawei Pura 70 Pro 12/512 black,15446000.0,mediapark,https://cdn.mediapark.uz/imgs/600x600_5160ebcd-c813-43d4-8748-9b7dcfd7a59c_1.webp,https://mediapark.uz/ru/product/smartfon-huawei-pura-70-pro-12-512-black-32989,3,
Смартфон Huawei Pura 80 Pro 12/512 Black,15357000.0,mediapark,https://cdn.mediapark.uz/imgs/600x600_d4bc2b1f-fee3-45ff-a8b0-6d97fea27017_1.webp,https://mediapark.uz/ru/product/smartfon-huawei-pura-80-pro-12-512-black-32992,3,
Смартфон Huawei Pura 80 Ultra 12/512 gold,22321000.0,mediapark,https://cdn.mediapark.uz/imgs/600x600_5d140b24-60f1-480d-a9ca-8b1e08773c83_1.webp,https://mediapark.uz/ru/product/smartfon-huawei-pura-80-ultra-12-512-gold-32993,3,
Смартфон Huawei Nova 12S 8/256 Black  ,4464000.0,mediapark,https://cdn.mediapark.uz/imgs/600x600_37e64a95-0fcb-4a4f-b641-a4c3a80c4bea_1.webp,https://mediapark.uz/ru/product/smartfon-huawei-nova-12s-8-256-black-32995,3,
Смартфон Huawei Nova 13 12GB+256GB  ,6232000.0,mediapark,https://cdn.mediapark.uz/imgs/600x600_96496b00-c1b6-4be4-aaee-e9e2d3b4a34c_1.webp,https://mediapark.uz/ru/product/smartfon-huawei-nova-13-12gb-256gb-32996,3,
Смартфон Huawei Nova 13 Pro 12GB+512GB  ,8821000.0,mediapark,https://cdn.mediapark.uz/imgs/600x600_7546bbb0-b69c-41ab-aa1c-9541d426ddc3_1.webp,https://mediapark.uz/ru/product/smartfon-huawei-nova-13-pro-12gb-512gb-32997,3,
Смартфон Huawei Pura 70 12/256 black,10268000.0,mediapark,https://cdn.mediapark.uz/imgs/600x600_b880243f-4fab-47b0-9cb2-26eaff7f69cc_1.webp,https://mediapark.uz/ru/product/smartfon-huawei-pura-70-12-256-black-33001,3,
Смартфон REALME 14T 5G (8/256) Black  ,4929000.0,mediapark,https://cdn.mediapark.uz/imgs/600x600_b9f0078c-cb46-4e6b-9adb-08b7620ab98d_1.webp,https://mediapark.uz/ru/product/smartfon-realme-14t-5g-8-256-black-33155,3,
Смартфон HONOR X6C 6/256 Ocean Blue,2323000.0,mediapark,https://cdn.mediapark.uz/imgs/600x600_c0ac4edc-7757-4053-affa-1f2cb47b192e_f6846172d534b547f35d98acbd220b445fdb6f7947223669c2af73020e5a3f3a.jpg.webp,https://mediapark.uz/ru/product/smartfon-honor-x6c-6-256-green-33327,3,
Смартфон OPPO Reno15 F 5G 8/256 Aurora Blue,5579000.0,mediapark,https://cdn.mediapark.uz/imgs/600x600_27bb89d6-6b72-47b3-b868-fd6013d701fe_1.webp,https://mediapark.uz/ru/product/smartfon-oppo-reno15-f-5g-8-512-aurora-blue-34320,3,
Смартфон OPPO Reno15 F 5G 12/512 Aurora Blue,6699000.0,mediapark,https://cdn.mediapark.uz/imgs/600x600_f153edd4-9a0a-4cc5-8ab5-1abd9eebf8fe_1.webp,https://mediapark.uz/ru/product/smartfon-oppo-reno15-f-5g-12-512-aurora-blue-34440,3,
Смартфон Samsung Galaxy S26 12/256 GB Black,10959000.0,mediapark,https://cdn.mediapark.uz/imgs/600x600_4220ad6d-757e-41bb-bfc4-7d3c72fe05ab_1.webp,https://mediapark.uz/ru/product/smartfon-galaxy-s26-8-256-black-34580,3,
Смартфон Samsung Galaxy S26 12/512 GB Black,13448000.0,mediapark,https://cdn.mediapark.uz/imgs/600x600_62f9b1f6-d0e7-449f-8f7f-1b399f4c06f4_1.webp,https://mediapark.uz/ru/product/smartfon-galaxy-s26-12-256-gb-black-34581,3,
Смартфон Samsung Galaxy S26 12/256 GB Cobalt Violet,10959000.0,mediapark,https://cdn.mediapark.uz/imgs/600x600_c00ddb23-136f-42a2-ac8d-1bf7533bbd37_1.webp,https://mediapark.uz/ru/product/smartfon-galaxy-s26-12-256-gb-cobalt-violet-34582,3,
Смартфон Samsung Galaxy S26 Ultra 12/256 GB Black,14766000.0,mediapark,https://cdn.mediapark.uz/imgs/600x600_914129f4-5e1a-4b18-b2ac-8b9ea89e55be_1.webp,https://mediapark.uz/ru/product/smartfon-samsung-galaxy-s26-ultra-8-256-gb-black-34586,3,
Смартфон Samsung Galaxy S26 Ultra 12/512 GB Black,16836000.0,mediapark,https://cdn.mediapark.uz/imgs/600x600_45d4132a-323c-46dd-ab45-ef4867c23304_1.webp,https://mediapark.uz/ru/product/smartfon-samsung-galaxy-s26-ultra-12-512-gb-black-34608,3,
Смартфон Samsung Galaxy S26 Ultra 12/256 GB Cobalt Violet,14766000.0,mediapark,https://cdn.mediapark.uz/imgs/600x600_91aa40b3-57a8-424b-a0fa-eeea0c3cd9cf_1.webp,https://mediapark.uz/ru/product/smartfon-samsung-galaxy-s26-ultra-12-256-gb-cobalt-violet-34610,3,
Смартфон Samsung Galaxy S26 Ultra 12/512 GB Cobalt Violet,16836000.0,mediapark,https://cdn.mediapark.uz/imgs/600x600_ef8a7b1b-7d2c-4867-bec5-cb47a9bdc97d_1.webp,https://mediapark.uz/ru/product/smartfon-samsung-galaxy-s26-ultra-12-512-gb-cobalt-violet-34611,3,
Смартфон Samsung Galaxy S26 Ultra 12/256 GB White,14766000.0,mediapark,https://cdn.mediapark.uz/imgs/600x600_78273dbb-d853-4d9e-bc9a-3814c74245cc_1.webp,https://mediapark.uz/ru/product/smartfon-samsung-galaxy-s26-ultra-12-256-gb-white-34612,3,
Смартфон Xiaomi Redmi Note 15 Pro 8/256 Blue ,3898000.0,mediapark,https://cdn.mediapark.uz/imgs/600x600_a9ff011b-4b48-4f23-97d9-8a0ad4c35af2_1.webp,https://mediapark.uz/ru/product/smartfon-xiaomi-redmi-note-15-pro-8-256-blue-34828,3,
Смартфон Xiaomi Redmi Note 15 Pro 8/256 Black,3898000.0,mediapark,https://cdn.mediapark.uz/imgs/600x600_a9278340-c347-49a9-9944-0219679df128_1.webp,https://mediapark.uz/ru/product/smartfon-xiaomi-redmi-note-15-pro-8-256-black-34829,3,
Смартфон Xiaomi Redmi Note 15 Pro 5G 8/512 Titanium Color,4999000.0,mediapark,https://cdn.mediapark.uz/imgs/600x600_bb95e350-ebcf-42c4-91f4-6c7f6209a5fb_1.webp,https://mediapark.uz/ru/product/smartfon-xiaomi-redmi-note-15-pro-5g-8-512-titanium-color-34830,3,
Смартфон Samsung Galaxy A37 128 GB Dark Green ,4952000.0,mediapark,https://cdn.mediapark.uz/imgs/600x600_c9eab634-ca1b-4a0e-8e69-7093a3609250_3.webp,https://mediapark.uz/ru/product/smartfon-samsung-sm-a376e-a37-128gb-dark-green-34971,3,
Смартфон Samsung Galaxy A37 128 GB Gray ,4952000.0,mediapark,https://cdn.mediapark.uz/imgs/600x600_de770783-0a7f-4397-aae9-336292e21f10_1.webp,https://mediapark.uz/ru/product/smartfon-samsung-sm-a376e-a37-128gb-gray-34972,3,
Смартфон Samsung Galaxy A37 128 GB Light Violet ,4952000.0,mediapark,https://cdn.mediapark.uz/imgs/600x600_40f0d270-3e40-4e7f-b06a-d30b3f8342c5_1.webp,https://mediapark.uz/ru/product/smartfon-samsung-sm-a376e-a37-128gb-light-violet-34973,3,
Смартфон Samsung Galaxy A37 256 GB Dark Green  ,5381000.0,mediapark,https://cdn.mediapark.uz/imgs/600x600_8b8a4c12-769e-4ae1-944e-ad0a144b9262_1.webp,https://mediapark.uz/ru/product/smartfon-samsung-sm-a376e-a37-256gb-dark-green-34974,3,
Смартфон Samsung Galaxy A37 256 GB Gray,5381000.0,mediapark,https://cdn.mediapark.uz/imgs/600x600_bb6a1f7e-3e8d-492c-827d-3159e1b6caed_1.webp,https://mediapark.uz/ru/product/smartfon-samsung-sm-a376e-a37-256gb-gray-34981,3,
Смартфон Samsung Galaxy A37 256 GB Light Violet,5381000.0,mediapark,https://cdn.mediapark.uz/imgs/600x600_f818ba82-5295-4fde-bc35-706bd123ea07_1.webp,https://mediapark.uz/ru/product/smartfon-samsung-sm-a376e-a37-256gb-light-violet-34983,3,
Смартфон Samsung Galaxy A57 128 GB Dark Blue   ,5333000.0,mediapark,https://cdn.mediapark.uz/imgs/600x600_be02c51a-28f2-405e-a57e-2ffaf1c3c1d0_1.webp,https://mediapark.uz/ru/product/smartfon-samsung-sm-a576b-a57-128gb-dark-blue-34985,3,
Смартфон Samsung Galaxy A57 128 GB Gray   ,5333000.0,mediapark,https://cdn.mediapark.uz/imgs/600x600_97ce83d8-013d-447e-9aaf-37881a08d681_1.webp,https://mediapark.uz/ru/product/smartfon-samsung-sm-a576b-a57-128gb-gray-34988,3,
Смартфон Samsung Galaxy A57 128 GB Violet ,5333000.0,mediapark,https://cdn.mediapark.uz/imgs/600x600_52bdabfa-e704-429c-97d3-f2be4414ebd1_1.webp,https://mediapark.uz/ru/product/smartfon-samsung-sm-a576b-a57-128gb-violet-34991,3,
Смартфон Samsung Galaxy A57 256 GB Dark Blue,5763000.0,mediapark,https://cdn.mediapark.uz/imgs/600x600_d24801d8-1795-43e2-81da-07ca61004fd2_1.webp,https://mediapark.uz/ru/product/smartfon-samsung-sm-a576b-a57-256gb-dark-blue-34993,3,
Смартфон Samsung Galaxy A57 256 GB Gray ,5763000.0,mediapark,https://cdn.mediapark.uz/imgs/600x600_884a0729-7f23-414d-b243-05ea68644cb6_1.webp,https://mediapark.uz/ru/product/smartfon-samsung-sm-a576b-a57-256gb-gray-34994,3,
Смартфон Samsung Galaxy A57 256 GB Violet,6120000.0,mediapark,https://cdn.mediapark.uz/imgs/600x600_e2d2612a-fe6f-4a26-bd90-33af5888ca7a_1.webp,https://mediapark.uz/ru/product/smartfon-samsung-sm-a576b-a57-256gb-violet-34995,3,
Смартфон HONOR 600 Lite 8/256 GB Velvet Black  ,5239000.0,mediapark,https://cdn.mediapark.uz/imgs/600x600_6e193149-89f7-49a2-9e0b-b2581ecb7452_1.webp,https://mediapark.uz/ru/product/smartfon-honor-600-lite-8-256-gb-black-35250,3,
Смартфон HONOR 600 Lite 8/256 GB Light Gold  ,5239000.0,mediapark,https://cdn.mediapark.uz/imgs/600x600_500a9ddc-92af-46e9-a14f-5017272ac135_1.webp,https://mediapark.uz/ru/product/smartfon-honor-600-lite-8-256-gb-light-gold-35251,3,
Смартфон HONOR 600 Lite 8/256 GB Velvet Gray  ,5239000.0,mediapark,https://cdn.mediapark.uz/imgs/600x600_faf6ccbb-2f4d-4491-a176-cf1d4a460930_1.webp,https://mediapark.uz/ru/product/smartfon-honor-600-lite-8-256-gb-velvet-gray-35252,3,
Смартфон HONOR X9d (12/256) Midnight Black  ,5699000.0,mediapark,https://cdn.mediapark.uz/imgs/600x600_e99cfb28-eed3-4139-9311-97540f472c4b_1.webp,https://mediapark.uz/ru/product/smartfon-honor-x9d-12-256-midnight-black-33782,3,
Смартфон HONOR X9d (12/256) Reddish Brown  ,5699000.0,mediapark,https://cdn.mediapark.uz/imgs/600x600_7c464de6-3787-444d-a104-98498ba08105_1.webp,https://mediapark.uz/ru/product/smartfon-honor-x9d-12-256-reddish-brown-33783,3,
Смартфон HONOR X9d (12/256) Sunrise Gold,5699000.0,mediapark,https://cdn.mediapark.uz/imgs/600x600_992a1036-2a0c-4037-b8e3-081b0bdec234_1.webp,https://mediapark.uz/ru/product/smartfon-honor-x9d-12-256-sunsire-gold-33784,3,
Смартфон HONOR X9d (8/256) Midnight Black  ,5289000.0,mediapark,https://cdn.mediapark.uz/imgs/600x600_282f6c95-9080-4bca-84fa-5adc8219df01_1.webp,https://mediapark.uz/ru/product/smartfon-honor-x9d-8-256-midnight-black-33785,3,
Смартфон HONOR X9d (8/256) Reddish Brown  ,5289000.0,mediapark,https://cdn.mediapark.uz/imgs/600x600_4c7ef888-7e39-48cf-b893-0a5abf4c7932_1.webp,https://mediapark.uz/ru/product/smartfon-honor-x9d-8-256-reddish-brown-33786,3,
Смартфон HONOR X9d (8/256) Sunsire Gold  ,5289000.0,mediapark,https://cdn.mediapark.uz/imgs/600x600_69715bdd-08ae-44cd-8cfd-93c012e4d001_1.webp,https://mediapark.uz/ru/product/smartfon-honor-x9d-8-256-sunsire-gold-33787,3,
Смартфон HONOR X6C (6/256) Black  ,2323000.0,mediapark,https://cdn.mediapark.uz/imgs/600x600_381c0fca-5b41-40be-adcf-1a8d3c373135_1.webp,https://mediapark.uz/ru/product/smartfon-honor-x6c-6-256-black-33832,3,
Смартфон OPPO A5I (4/128) Starry Purple  ,2180000.0,mediapark,https://cdn.mediapark.uz/imgs/600x600_c6126be9-deaa-4d12-869a-c49f80a56dde_1.webp,https://mediapark.uz/ru/product/smartfon-oppo-a5i-4-128-starry-purple-33834,3,
Смартфон OPPO A5X (4/128) Laser White  ,2229000.0,mediapark,https://cdn.mediapark.uz/imgs/600x600_fd913221-dd21-435f-85c6-4d3dcaecfab6_1.webp,https://mediapark.uz/ru/product/smartfon-oppo-a5x-4-128-laser-white-33835,3,
Смартфон VIVO V50 (12/256) Blue  ,8099000.0,mediapark,https://cdn.mediapark.uz/imgs/600x600_2658d93e-674c-485e-838f-3c2abc75d38e_1.webp,https://mediapark.uz/ru/product/smartfon-vivo-v50-12-256-blue-33837,3,
Смартфон VIVO V60 LITE (8/256) Black  ,4599000.0,mediapark,https://cdn.mediapark.uz/imgs/600x600_57c90f03-a697-4196-83bc-392e2ce7f9ea_1.webp,https://mediapark.uz/ru/product/smartfon-vivo-v60-lite-8-256-black-33838,3,
Смартфон VIVO V60 LITE (8/256) Blue  ,4599000.0,mediapark,https://cdn.mediapark.uz/imgs/600x600_1e75f078-139b-49d7-bdc1-594f2d27e557_1.webp,https://mediapark.uz/ru/product/smartfon-vivo-v60-lite-8-256-blue-33839,3,
Смартфон VIVO Y04S (6/256) Gold ,2511000.0,mediapark,https://cdn.mediapark.uz/imgs/600x600_bfe85d4a-9a3b-4744-a6b4-29b4890c4751_1.webp,https://mediapark.uz/ru/product/smartfon-vivo-y04s-6-256-gold-33842,3,
Смартфон VIVO Y04S (6/256) Green ,2511000.0,mediapark,https://cdn.mediapark.uz/imgs/600x600_5c4a6cea-5377-4ba4-91fc-9d5c9ea56bd2_1.webp,https://mediapark.uz/ru/product/smartfon-vivo-y04s-6-256-green-33843,3,
Смартфон VIVO V60 (12/512) Gold,8270000.0,mediapark,https://cdn.mediapark.uz/imgs/600x600_791f9945-f449-47e8-9cf3-ed7822830b20_1.webp,https://mediapark.uz/ru/product/smartfon-vivo-v60-12-512-gold-33849,3,
Смартфон VIVO Y29 (8/256) Brown ,3399000.0,mediapark,https://cdn.mediapark.uz/imgs/600x600_9d9a7658-4971-423a-a930-689c25eed2a7_1.webp,https://mediapark.uz/ru/product/smartfon-vivo-y29-8-256-brown-33859,3,
Смартфон VIVO Y29 (8/256) White ,3399000.0,mediapark,https://cdn.mediapark.uz/imgs/600x600_43542fde-ccaf-4682-b0ba-320b8e3b7f17_1.webp,https://mediapark.uz/ru/product/smartfon-vivo-y29-8-256-white-33860,3,
Смартфон XIAOMI REDMI 15 6/128GB Sandy Purple,2218000.0,mediapark,https://cdn.mediapark.uz/imgs/600x600_f5cba1d1-9173-4978-9bb7-0d1fe42bed39_1.webp,https://mediapark.uz/ru/product/smartfon-xiaomi-redmi-15-6-128-snady-purple-33862,3,
Смартфон XIAOMI REDMI 15 (8/256) Sandy Purple ,2580000.0,mediapark,https://cdn.mediapark.uz/imgs/600x600_6a6291b6-bb03-474e-9d2b-90b509cf3ca7_1.webp,https://mediapark.uz/ru/product/smartfon-xiaomi-redmi-15-8-256-sandy-purple-33863,3,
Смартфон XIAOMI REDMI 15C (8/256) Moonlight Blue ,2419000.0,mediapark,https://cdn.mediapark.uz/imgs/600x600_19ecf20f-25bf-4e7a-8039-e67ef2312e37_1.webp,https://mediapark.uz/ru/product/smartfon-xiaomi-redmi-15c-8-256-moonlight-blue-33864,3,
Смартфон XIAOMI REDMI NOTE 14 PRO + 5G (8/256) Lavender Purple ,5674000.0,mediapark,https://cdn.mediapark.uz/imgs/600x600_744564f9-76cb-452e-8e64-0f560b219556_1.webp,https://mediapark.uz/ru/product/smartfon-xiaomi-redmi-note-14-pro-5g-8-256-lavender-purple-33865,3,
Смартфон XIAOMI REDMI NOTE 14S (8/256) Purple ,3470000.0,mediapark,https://cdn.mediapark.uz/imgs/600x600_38504774-4d4c-40be-aea9-46581dc4a574_1.webp,https://mediapark.uz/ru/product/smartfon-xiaomi-redmi-note-14s-8-256-purple-33866,3,
Смартфон OPPO A6S 8/256 Ice White,4909000.0,mediapark,https://cdn.mediapark.uz/imgs/600x600_97c04ac0-dce0-4deb-9597-8b2de88e8f0b_1.webp,https://mediapark.uz/ru/product/smartfon-oppo-a6s-8-256-ice-white-35376,3,
Смартфон OPPO A6S 8/256 Cappuccino Brown,4909000.0,mediapark,https://cdn.mediapark.uz/imgs/600x600_ca6d5508-3f57-4bef-99c3-ba0dfd2c683c_1.webp,https://mediapark.uz/ru/product/smartfon-oppo-a6s-8-256-cappuccino-brown-35377,3,
Смартфон OPPO A6 8/128 Aurora Gold,3909000.0,mediapark,https://cdn.mediapark.uz/imgs/600x600_795a2359-d6cc-4fe1-ac34-dd4a917932d3_1.webp,https://mediapark.uz/ru/product/smartfon-oppo-a6-8-128-aurora-gold-35378,3,
Смартфон OPPO A6 8/128 Sapphire Blue,3909000.0,mediapark,https://cdn.mediapark.uz/imgs/600x600_039afe22-2a0f-49c5-8bb5-b90a243ae3d7_1.webp,https://mediapark.uz/ru/product/smartfon-oppo-a6-8-128-sapphire-blue-35379,3,
Смартфон OPPO A6 8/256 Aurora Gold,4239000.0,mediapark,https://cdn.mediapark.uz/imgs/600x600_5dde30b0-82ac-4e3b-86a3-f7ce36be038e_1.webp,https://mediapark.uz/ru/product/smartfon-oppo-a6-8-256-aurora-gold-35380,3,
Смартфон OPPO A6 8/256 Sapphire Blue,4239000.0,mediapark,https://cdn.mediapark.uz/imgs/600x600_706df04e-5dfd-4586-967c-783f0bd87fab_1.webp,https://mediapark.uz/ru/product/smartfon-oppo-a6-8-256-sapphire-blue-35381,3,
Смартфон OPPO A3 (6/128) Sparkie Black  ,2234000.0,mediapark,https://cdn.mediapark.uz/imgs/600x600_ab06e2a1-bd4c-4a21-9734-727fcaea5454_Artboard-1.webp,https://mediapark.uz/ru/product/smartfon-oppo-a3-6-128-sparkie-black-33974,3,
Смартфон VIVO Y11D (4/256) Platinum  ,2467000.0,mediapark,https://cdn.mediapark.uz/imgs/600x600_36a0d8a2-bbaa-41e6-a2cf-eff326862f43_1.webp,https://mediapark.uz/ru/product/smartfon-vivo-y11d-4-256-platinum-36131,3,
Смартфон VIVO Y31D (8/128) Grey,3119000.0,mediapark,https://cdn.mediapark.uz/imgs/600x600_e53ec840-ad7a-4266-ac52-05e672cd550e_1.webp,https://mediapark.uz/ru/product/smartfon-vivo-y31d-8-128-grey-36132,3,
Смартфон VIVO Y11D (4/256) Black  ,2467000.0,mediapark,https://cdn.mediapark.uz/imgs/600x600_e565efe0-bd32-4291-bba7-eba4893c0ffc_1.webp,https://mediapark.uz/ru/product/smartfon-vivo-y11d-4-256-black-36133,3,
Смартфон VIVO Y31D (8/128) White,3119000.0,mediapark,https://cdn.mediapark.uz/imgs/600x600_c720baf2-eea1-4521-a09f-1c8bccedd76d_1.webp,https://mediapark.uz/ru/product/smartfon-vivo-y31d-8-128-white-36134,3,
Смартфон VIVO Y31D (8/256) White,3709000.0,mediapark,https://cdn.mediapark.uz/imgs/600x600_cbabf978-317a-477b-b165-7689471b4ac5_1.webp,https://mediapark.uz/ru/product/smartfon-vivo-y31d-8-256-white-36135,3,
Смартфон VIVO Y31D (8/256) Grey,3709000.0,mediapark,https://cdn.mediapark.uz/imgs/600x600_993ef77e-9a3f-49de-b513-2223204d0249_1.webp,https://mediapark.uz/ru/product/smartfon-vivo-y31d-8-256-grey-36136,3,
Смартфон VIVO V70 (12/256) Gray  ,8709000.0,mediapark,https://cdn.mediapark.uz/imgs/600x600_70df20a0-3618-4c03-bc7d-7d33a505b159_1.webp,https://mediapark.uz/ru/product/smartfon-vivo-v70-12-256-gray-36137,3,
Смартфон VIVO V70 (12/256) Black,8709000.0,mediapark,https://cdn.mediapark.uz/imgs/600x600_dc89a0c6-a7c5-4ecb-92c2-6c6bc8eafff7_1.webp,https://mediapark.uz/ru/product/smartfon-vivo-v70-12-256-black-36138,3,
Смартфон Infinix Smart 10 4+256GB Black,2580000.0,mediapark,https://cdn.mediapark.uz/imgs/600x600_6e078cc4-d51d-4c57-ab05-18f302e9292e_1.webp,https://mediapark.uz/ru/product/smartfon-infinix-smart-10-4-256gb-black-36318,3,
Смартфон Infinix Smart 10 4+256GB Blue,2580000.0,mediapark,https://cdn.mediapark.uz/imgs/600x600_f9828e43-261a-4c82-a88b-05bbf0d3eaf3_1.webp,https://mediapark.uz/ru/product/smartfon-infinix-smart-10-4-256gb-blue-36320,3,
Смартфон Infinix Smart 10 4+256GB Silver,2580000.0,mediapark,https://cdn.mediapark.uz/imgs/600x600_9420aec4-ed85-45c3-9815-439dc890df33_1.webp,https://mediapark.uz/ru/product/smartfon-infinix-smart-10-4-256gb-silver-36323,3,
Смартфон Infinix Smart 10 4+256GB Gold,2580000.0,mediapark,https://cdn.mediapark.uz/imgs/600x600_00cb247b-bb1b-4722-bba6-a662deac492d_1.webp,https://mediapark.uz/ru/product/smartfon-infinix-smart-10-4-256gb-gold-36324,3,
Смартфон Infinix Smart 10 Plus 4+128GB Black,2050000.0,mediapark,https://cdn.mediapark.uz/imgs/600x600_3934027c-9c32-4b51-976c-d9283c18dd4d_1.webp,https://mediapark.uz/ru/product/smartfon-infinix-smart-10-plus-4-128gb-black-36326,3,
Смартфон Infinix Smart 10 Plus 4+128GB Silver,2050000.0,mediapark,https://cdn.mediapark.uz/imgs/600x600_1d244b0b-d653-4453-a632-146a8ec6e842_1.webp,https://mediapark.uz/ru/product/smartfon-infinix-smart-10-plus-4-128gb-silver-36327,3,
Смартфон Infinix Hot 60 i 4+128GB Black,2132000.0,mediapark,https://cdn.mediapark.uz/imgs/600x600_57891e82-3163-48fe-bb70-7a8b1cb09f43_1.webp,https://mediapark.uz/ru/product/smartfon-infinix-hot-60-i-4-128gb-black-36329,3,
Смартфон Infinix Hot 60 i 4+128GB Blue,2132000.0,mediapark,https://cdn.mediapark.uz/imgs/600x600_fd705acd-8c5f-4abb-b137-b2b4a4c8e5c5_1.webp,https://mediapark.uz/ru/product/smartfon-infinix-hot-60-i-4-128gb-blue-36330,3,
Смартфон Infinix Hot 60 i 4+128GB Green,2132000.0,mediapark,https://cdn.mediapark.uz/imgs/600x600_0c84dcc6-1088-4078-89e2-f18818c5a174_1.webp,https://mediapark.uz/ru/product/smartfon-infinix-hot-60-i-4-128gb-green-36331,3,
Смартфон Infinix Hot 60 i 4+128GB Purple,2132000.0,mediapark,https://cdn.mediapark.uz/imgs/600x600_9d21894e-386c-4bde-8b49-3e41c5c3c2aa_1.webp,https://mediapark.uz/ru/product/smartfon-infinix-hot-60-i-4-128gb-purple-36333,3,
Смартфон XIAOMI REDMI 15C (8/256) Orange,2419000.0,mediapark,https://cdn.mediapark.uz/imgs/600x600_78480ccb-fcca-40a5-b676-f1c283fd22f5_Artboard-1.webp,https://mediapark.uz/ru/product/smartfon-xiaomi-redmi-15c-8-256-orange-33983,3,
Смартфон XIAOMI REDMI 15 (8/256) Midnight Black  ,2580000.0,mediapark,https://cdn.mediapark.uz/imgs/600x600_bceec0d9-b6ee-4530-acff-d963bd8d735c_Artboard-1.webp,https://mediapark.uz/ru/product/smartfon-xiaomi-redmi-15-8-256-midnight-black-33996,3,
Смартфон HONOR X7D 8/256 Velvet Black  ,3149000.0,mediapark,https://cdn.mediapark.uz/imgs/600x600_d43da28b-ab54-4d84-a52f-100e68ce16a2_Дизайн-без-названия-(3).webp,https://mediapark.uz/ru/product/smartfon-honor-x7d-8-256-velvet-black-33997,3,
Смартфон HONOR X7D 8/256 Meteor Silver  ,3149000.0,mediapark,https://cdn.mediapark.uz/imgs/600x600_50ded412-794d-4f2e-ab01-4a451871d1dc_Дизайн-без-названия-(4).webp,https://mediapark.uz/ru/product/smartfon-honor-x7d-8-256-meteor-silver-33998,3,
Смартфон OPPO A5X (4/128) Midnight Blue  ,2229000.0,mediapark,https://cdn.mediapark.uz/imgs/600x600_cfc5faf0-bb37-45c4-8737-c6d18c673650_Artboard-1.webp,https://mediapark.uz/ru/product/smartfon-oppo-a5x-4-128-midnight-blue-33999,3,
Смартфон HUAWEI NOVA Y61 (4/128) Blue,1549000.0,mediapark,https://cdn.mediapark.uz/imgs/600x600_f08e387d-1407-4258-a929-a3c6c3267f4b_Artboard-1.webp,https://mediapark.uz/ru/product/smartfon-huawei-nova-y61-4-128-blue-34029,3,
Смартфон ZTE Nubia Neo 3 5G 8/256 GB Gold,2215000.0,mediapark,https://cdn.mediapark.uz/imgs/600x600_ab3840fb-5dff-467a-a548-10b861602bef_1.webp,https://mediapark.uz/ru/product/smartfon-zte-nubia-neo-3-5g-8-256-gb-gold-34049,3,
Смартфон ZTE Nubia Neo 3 5G 8/256 GB Black,2215000.0,mediapark,https://cdn.mediapark.uz/imgs/600x600_8952ce9f-f034-40b2-ae93-83c47bc668ff_1.webp,https://mediapark.uz/ru/product/smartfon-zte-nubia-neo-3-5g-8-256-gb-black-34050,3,
Смартфон ZTE Nubia Neo 3 5G 8/256 GB Silver,2215000.0,mediapark,https://cdn.mediapark.uz/imgs/600x600_b16661d3-f73b-4215-bd29-6a9598c16580_1.webp,https://mediapark.uz/ru/product/smartfon-zte-nubia-neo-3-5g-8-256-gb-gray-34051,3,
Смартфон Vivo X300 Pro 16/512 Phantom Black,17399000.0,mediapark,https://cdn.mediapark.uz/imgs/600x600_a343a86b-fd62-47ac-9b51-8a42222af366_1.webp,https://mediapark.uz/ru/product/smartfon-vivo-x300-pro-34142,3,
Смартфон Vivo X300 (16/512) Black,16699000.0,mediapark,https://cdn.mediapark.uz/imgs/600x600_58ac3bc3-430f-4bae-bfc8-75f150574b18_1.webp,https://mediapark.uz/ru/product/smartfon-vivo-x300-34143,3,
Смартфон Xiaomi Redmi Note 15 Pro+ 5G (8/256) Black,6182000.0,mediapark,https://cdn.mediapark.uz/imgs/600x600_ed7f4de2-fa5e-423c-b266-1259ac76862d_1.webp,https://mediapark.uz/ru/product/smartfon-xiaomi-redmi-note-15-pro-5g-8-256-black-34144,3,
Смартфон Xiaomi Redmi Note 15 Pro+ 5G (8/256) Glacier Blue,6182000.0,mediapark,https://cdn.mediapark.uz/imgs/600x600_ed98ad24-40c2-4a9b-900e-615fb989bff5_1.webp,https://mediapark.uz/ru/product/smartfon-xiaomi-redmi-note-15-pro-5g-8-256-glacier-blue-34145,3,
Смартфон Xiaomi Redmi Note 15 Pro+ 5G (8/256) Mocha Brown,6182000.0,mediapark,https://cdn.mediapark.uz/imgs/600x600_52305e47-67cf-4ca8-a6cc-7941474397a5_1.webp,https://mediapark.uz/ru/product/smartfon-xiaomi-redmi-note-15-pro-5g-8-256-mocha-brown-34146,3,
Смартфон Xiaomi Redmi Note 15 Pro 5G (8/256) Black,4435000.0,mediapark,https://cdn.mediapark.uz/imgs/600x600_555b7fbc-e2a4-4d02-b700-394376eae37e_1.webp,https://mediapark.uz/ru/product/smartfon-xiaomi-redmi-note-15-pro-5g-8-256-black-34151,3,
Смартфон Xiaomi Redmi Note 15 Pro 5G (8/256) Glacier Blue,4435000.0,mediapark,https://cdn.mediapark.uz/imgs/600x600_ad27ab67-4481-4635-8de6-4948e19f76e2_1.webp,https://mediapark.uz/ru/product/smartfon-xiaomi-redmi-note-15-pro-5g-8-256-glacier-blue-34152,3,
Смартфон Realme 15 Pro (12/512) Silver,7699000.0,mediapark,https://cdn.mediapark.uz/imgs/600x600_c9a0c2aa-e3c8-4741-bf3d-c6468079ca33_Дизайн-без-названия-(2).webp,https://mediapark.uz/ru/product/smartfon-realme-15-pro-12-512-silver-34168,3,
Смартфон Vivo X300 Pro 16/512 Dune Brown,17399000.0,mediapark,https://cdn.mediapark.uz/imgs/600x600_99957edb-52ed-4efe-80df-3b307179a158_1.webp,https://mediapark.uz/ru/product/smartfon-vivo-x300-pro-16-512-dune-brown-34203,3,
Смартфон Honor X7D 6/128 Desert Gold,2673000.0,mediapark,https://cdn.mediapark.uz/imgs/600x600_b9d0069b-59dd-448c-863e-3d550c6b17e4_Дизайн-без-названия-(5).webp,https://mediapark.uz/ru/product/smartfon-honor-x7d-6-128-desert-gold-34214,3,
Смартфон Honor X8D 8/256 Black,4609000.0,mediapark,https://cdn.mediapark.uz/imgs/600x600_c3db1f3d-cf90-4fb1-b0b2-83ae653db83a_1.webp,https://mediapark.uz/ru/product/smartfon-honor-x8d-8-256-black-34238,3,
Смартфон Honor X8D 8/256 Blue,4609000.0,mediapark,https://cdn.mediapark.uz/imgs/600x600_64d6ef2e-ff41-4745-977e-f7c31d44eb04_1.webp,https://mediapark.uz/ru/product/smartfon-honor-x8d-8-256-blue-34239,3,
Смартфон Honor X8D 8/256 Silver,4609000.0,mediapark,https://cdn.mediapark.uz/imgs/600x600_0fea9b72-eefb-459b-b243-326c22d6c169_1.webp,https://mediapark.uz/ru/product/smartfon-honor-x8d-8-256-silver-34240,3,
Смартфон Xiaomi 17 12/256 Black  ,16157000.0,mediapark,https://cdn.mediapark.uz/imgs/600x600_cd001ee2-9340-4cfe-b269-23cc03d43ba3_1.webp,https://mediapark.uz/ru/product/smartfon-xiaomi-17-12-256-black-37027,3,
Смартфон Xiaomi 17T Pro 12/1024 Black  ,15786000.0,mediapark,https://cdn.mediapark.uz/imgs/600x600_be2b34fa-5264-4a17-a869-a5148f2db469_Дизайн-без-названия-(4).webp,https://mediapark.uz/ru/product/smartfon-xiaomi-17t-pro-12-1024-black-37028,3,
Смартфон Xiaomi 17T Pro 12/512 Black  ,13929000.0,mediapark,https://cdn.mediapark.uz/imgs/600x600_acb81428-453f-4817-87dc-34559783e67d_Дизайн-без-названия-(4).webp,https://mediapark.uz/ru/product/smartfon-xiaomi-17t-pro-12-512-black-37029,3,
Смартфон Xiaomi 17T Pro 12/256 Black  ,12443000.0,mediapark,https://cdn.mediapark.uz/imgs/600x600_d6e922f2-7d0d-4727-bb17-37ae0c069ebe_Дизайн-без-названия-(4).webp,https://mediapark.uz/ru/product/smartfon-xiaomi-17t-pro-12-256-black-37030,3,
Смартфон Xiaomi 17T 12/512 Black  ,8800000.0,mediapark,https://cdn.mediapark.uz/imgs/600x600_17cbfad3-23b4-42ac-bd96-f2cf65568402_3cc0ac2b-eb86-492e-b3e1-1261c19388c8_Дизайн-без-названия-(4).webp,https://mediapark.uz/ru/product/smartfon-xiaomi-17t-12-512-black-37031,3,
Смартфон POCO X8 Pro Max 12/512 Black  ,10400000.0,mediapark,https://cdn.mediapark.uz/imgs/600x600_230c11ac-791b-4be0-9d15-8027ce8f84f3_1.webp,https://mediapark.uz/ru/product/smartfon-poco-x8-pro-max-12-512-black-37034,3,
Смартфон POCO C85 6/128 Black  ,2547000.0,mediapark,https://cdn.mediapark.uz/imgs/600x600_90c9e734-3ed3-430f-9c04-7c352db94e27_1.webp,https://mediapark.uz/ru/product/smartfon-poco-c85-6-128-black-37037,3,
Смартфон Xiaomi 17 Ultra 16/512 Black  ,23957000.0,mediapark,https://cdn.mediapark.uz/imgs/600x600_b44ac3a9-c891-4b42-9b32-adfa134fe6f8_1.webp,https://mediapark.uz/ru/product/smartfon-xiaomi-17-ultra-16-512-black-37041,3,
Смартфон Xiaomi 17 12/512 Black  ,16900000.0,mediapark,https://cdn.mediapark.uz/imgs/600x600_48ad1eb2-eaa7-4c61-8a20-0b0d4ca8d340_1.webp,https://mediapark.uz/ru/product/smartfon-xiaomi-17-12-512-black-37043,3,
Смартфон POCO X8 PRO MAX 12/256 Black  ,9471000.0,mediapark,https://cdn.mediapark.uz/imgs/600x600_d057d334-cfc4-4c29-8948-d9d9ee9bffbf_1.webp,https://mediapark.uz/ru/product/smartfon-poco-x8-pro-max-12-256-black-37087,3,
Смартфон POCO X8 Pro 12/512 Black  ,8079000.0,mediapark,https://cdn.mediapark.uz/imgs/600x600_8f29172a-2225-440d-9da5-1561920f510c_1.webp,https://mediapark.uz/ru/product/smartfon-poco-x8-pro-12-512-black-37088,3,
Смартфон POCO X8 Pro 8/512 Black  ,7895000.0,mediapark,https://cdn.mediapark.uz/imgs/600x600_e521bf3e-9202-40ca-a07a-b85f40163d7a_1.webp,https://mediapark.uz/ru/product/smartfon-poco-x8-pro-8-512-black-37089,3,
Смартфон POCO X8 Pro 8/256 Black  ,7109000.0,mediapark,https://cdn.mediapark.uz/imgs/600x600_33232579-7b36-46d5-8143-6fdfc80c3765_1.webp,https://mediapark.uz/ru/product/smartfon-poco-x8-pro-8-256-black-37090,3,
Смартфон POCO M8 Pro 5G 12/512 Black  ,7336000.0,mediapark,https://cdn.mediapark.uz/imgs/600x600_81ddd68f-e86d-4203-bb93-9ac0c7c36ad8_1.webp,https://mediapark.uz/ru/product/smartfon-poco-m8-pro-5g-12-512-black-37091,3,
Смартфон POCO M8 Pro 5G 8/256 Black  ,6221000.0,mediapark,https://cdn.mediapark.uz/imgs/600x600_f6d194a6-84f3-41d7-85d0-e36545e15578_1.webp,https://mediapark.uz/ru/product/smartfon-poco-m8-pro-5g-8-256-black-37092,3,
Смартфон POCO M8 5G 8/512 Black  ,5386000.0,mediapark,https://cdn.mediapark.uz/imgs/600x600_4dad9df5-10b3-4b06-9bda-beff4e5c1cda_1.webp,https://mediapark.uz/ru/product/smartfon-poco-m8-5g-8-512-black-37094,3,
Смартфон POCO C85 8/256 Black  ,3036000.0,mediapark,https://cdn.mediapark.uz/imgs/600x600_d10681c1-80e4-48a9-b973-5c97c2b4e22c_1.webp,https://mediapark.uz/ru/product/smartfon-poco-c85-8-256-black-37108,3,
Смартфон POCO M8 5G 8/256 Black  ,4643000.0,mediapark,https://cdn.mediapark.uz/imgs/600x600_99e32908-5a79-411e-bf62-d4717cd7807b_1.webp,https://mediapark.uz/ru/product/smartfon-poco-m8-5g-8-256-black-37110,3,
Смартфон Xiaomi Redmi A7 Pro 4/128GB Mist Black,1986000.0,mediapark,https://cdn.mediapark.uz/imgs/600x600_28bbef54-c17c-44db-bb96-066b03f04d24_1.webp,https://mediapark.uz/ru/product/smartfon-xiaomi-redmi-a7-pro-4-128gb-mist-black-37355,3,
Смартфон Xiaomi Redmi A7 Pro 4/128 Mist Blue,1986000.0,mediapark,https://cdn.mediapark.uz/imgs/600x600_7efdd15b-8725-4863-be89-851b898177e9_1.webp,https://mediapark.uz/ru/product/smartfon-xiaomi-redmi-a7-pro-4-128-mist-blue-37356,3,
Смартфон Realme C85 8/256 Black  ,4259000.0,mediapark,https://cdn.mediapark.uz/imgs/600x600_ad4e5b4c-706b-4410-a7dc-74549410d09f_1.webp,https://mediapark.uz/ru/product/smartfon-realme-c85-8-256-black-37589,3,
Смартфон Realme C85 8/256 Blue ,4259000.0,mediapark,https://cdn.mediapark.uz/imgs/600x600_c532e334-fb68-417b-ac12-26b5c539e113_1.webp,https://mediapark.uz/ru/product/smartfon-realme-c85-8-256-blue-37590,3,
Смартфон OPPO A6s Pro 8/256GB Lumina Forest  ,5405000.0,mediapark,https://cdn.mediapark.uz/imgs/600x600_add0b809-3911-4505-ba71-b4513d41333f_1.webp,https://mediapark.uz/ru/product/smartfon-oppo-a6s-pro-8-256gb-lumina-forest-37599,3,
Смартфон OPPO A6s Pro 8/256GB Eclipse Blue  ,5405000.0,mediapark,https://cdn.mediapark.uz/imgs/600x600_1b657aae-6623-4da1-9159-5c755542cca5_1.webp,https://mediapark.uz/ru/product/smartfon-oppo-a6s-pro-8-256gb-eclipse-blue-37600,3,
Смартфон Samsung Galaxy A27 8/256GB Black ,4233000.0,mediapark,https://cdn.mediapark.uz/imgs/600x600_8e46a409-59b7-457d-ad2e-c99fbcc7cb3d_1.webp,https://mediapark.uz/ru/product/smartfon-samsung-galaxy-a27-sm-a276-8-256gb-black-37772,3,
Смартфон Samsung Galaxy A27 6/128GB Black ,3609000.0,mediapark,https://cdn.mediapark.uz/imgs/600x600_7d063fb9-abef-4cde-a06f-d87c3b9538a1_1.webp,https://mediapark.uz/ru/product/smartfon-samsung-galaxy-a27-sm-a276-6-128gb-black-37773,3,
Смартфон Samsung Galaxy A27 6/128GB Blue  ,3609000.0,mediapark,https://cdn.mediapark.uz/imgs/600x600_37beefef-d3d9-47a5-b1ba-9c5849ab0313_1.webp,https://mediapark.uz/ru/product/smartfon-samsung-galaxy-a27-sm-a276-6-128gb-blue-37774,3,
Смартфон Samsung Galaxy A27 8/256GB Blue ,4233000.0,mediapark,https://cdn.mediapark.uz/imgs/600x600_62e71c35-5dd5-4b7d-9051-0a6c0a12c189_1.webp,https://mediapark.uz/ru/product/smartfon-samsung-galaxy-a27-sm-a276-8-256gb-blue-37776,3,
Смартфон HONOR 600 Pro 12GB/512GB Orange  ,10999000.0,mediapark,https://cdn.mediapark.uz/imgs/600x600_aa1a4421-fbfa-4ae9-84ca-7ef19017de87_1.webp,https://mediapark.uz/ru/product/smartfon-honor-600-pro-12gb-512gb-orange-38045,3,
Смартфон HONOR 600 Pro 12GB/512GB Golden White  ,10999000.0,mediapark,https://cdn.mediapark.uz/imgs/600x600_a3e7ae81-2895-4306-a3ba-41876a700836_1.webp,https://mediapark.uz/ru/product/smartfon-honor-600-pro-12gb-512gb-golden-white-38046,3,
Смартфон OPPO A6 Pro 8GB/256GB Stellar Blue  ,4499000.0,mediapark,https://cdn.mediapark.uz/imgs/600x600_c1295edd-2628-489b-8df0-75d290d261c9_1.webp,https://mediapark.uz/ru/product/smartfon-oppo-a6-pro-8gb-256gb-stellar-blue-38048,3,
Смартфон Vivo V70 FE 8GB/256GB Blue  ,6599000.0,mediapark,https://cdn.mediapark.uz/imgs/600x600_69f9616d-110d-4446-ab76-7eeb9de1d509_1.webp,https://mediapark.uz/ru/product/smartfon-vivo-v70-fe-8gb-256gb-blue-38055,3,
Смартфон HONOR CHOICE T10 4GB/64GB Black  ,1579000.0,mediapark,https://cdn.mediapark.uz/imgs/600x600_94accd78-c0a4-4b50-9ebf-2aba419c8832_Товар-(1).webp,https://mediapark.uz/ru/product/smartfon-honor-choice-t10-4gb-64gb-black-38777,3,
Смартфон HONOR X7e 6/256GB Light Blue  ,3392000.0,mediapark,https://cdn.mediapark.uz/imgs/600x600_55b05094-329d-4113-8598-dc8804fa0995_1.webp,https://mediapark.uz/ru/product/smartfon-honor-x7e-6gb-256gb-light-blue-38778,3,
Смартфон HONOR X7e 6/256GB Sunrise Orange,3392000.0,mediapark,https://cdn.mediapark.uz/imgs/600x600_1d96b16e-689d-4f58-b534-b8d38b14cef9_1.webp,https://mediapark.uz/ru/product/smartfon-honor-x7e-6gb-256gb-sunrise-orange-38779,3,
Смартфон Realme 16 5G 8/256GB Air Black  ,6339000.0,mediapark,https://cdn.mediapark.uz/imgs/600x600_9298e743-7122-47f0-8e10-f12cdd55dd9a_723fc93456c2718363985066d15ce7a16efa9fd0cfe7cd297b6ddb026681b4c6.jpg.webp,https://mediapark.uz/ru/product/smartfon-realme-16-5g-8gb-256gb-air-black-38814,3,
Смартфон Realme C100i 4GB/128GB Purple,2899000.0,mediapark,https://cdn.mediapark.uz/imgs/600x600_ca76d5ce-a124-4937-ac55-02c240f1dcb5_195ba5df5774ed131a9dd6214febe9be9f9c1ea5e888f836ec45df76536811ac.jpg.webp,https://mediapark.uz/ru/product/smartfon-realme-c100i-4gb-128gb-purple-38815,3,
Смартфон Realme C100i 4GB/128GB Dusk Grey  ,2899000.0,mediapark,https://cdn.mediapark.uz/imgs/600x600_dacdd945-359c-4ffd-8316-d3aba84f933a_18571657798f36a15824a3bd2d02364cbfe89dddefe34a869586a40348346924.jpg.webp,https://mediapark.uz/ru/product/smartfon-realme-c100i-4gb-128gb-dusk-grey-38816,3,
Смартфон HONOR X7e 6/256GB Midnight Black  ,3392000.0,mediapark,https://cdn.mediapark.uz/imgs/600x600_8fe1d78f-84a8-4700-8194-4adc76437450_1.webp,https://mediapark.uz/ru/product/smartfon-honor-x7e-6-256gb-midnight-black-38852,3,
Смартфон Realme C85 Pro 8GB/128GB Peacock Green  ,3739000.0,mediapark,https://cdn.mediapark.uz/imgs/600x600_99e5008a-601e-4ebe-9148-6286bd23c8e6_1.webp,https://mediapark.uz/ru/product/smartfon-realme-c85-pro-8gb-128gb-peacock-green-38880,3,
Смартфон Realme Note 80 4/128GB Glacier Blue  ,2599000.0,mediapark,https://cdn.mediapark.uz/imgs/600x600_345627ed-5c19-4b49-9264-197d64cdcbaf_1.webp,https://mediapark.uz/ru/product/smartfon-realme-note-80-4-128gb-glacier-blue-38881,3,
Смартфон Realme C85 Pro 8GB/128GB Parrot Purple  ,3739000.0,mediapark,https://cdn.mediapark.uz/imgs/600x600_f01a9c6d-9d50-4859-b7b2-89afbc31671d_1.webp,https://mediapark.uz/ru/product/smartfon-realme-c85-pro-8gb-128gb-parrot-purple-38882,3,
Смартфон Realme Note 80 4GB/128GB Storm Black  ,2599000.0,mediapark,https://cdn.mediapark.uz/imgs/600x600_2efe0641-19ec-4c22-bc73-8280c8c5a39c_1.webp,https://mediapark.uz/ru/product/smartfon-realme-note-80-4gb-128gb-storm-black-38883,3,
Смартфон HONOR CHOICE T10 4GB/64GB Silver  ,1579000.0,mediapark,https://cdn.mediapark.uz/imgs/600x600_83bcf7a2-8871-45ef-8858-f8f8c96145d4_Товар-(2).webp,https://mediapark.uz/ru/product/smartfon-honor-choice-t10-4gb-64gb-silver-38934,3,
Смартфон OPPO A6x 4/256GB Ice Blue  ,3599000.0,mediapark,https://cdn.mediapark.uz/imgs/600x600_2b37c6ae-a638-46ef-b519-dfced4cdbc0e_1.webp,https://mediapark.uz/ru/product/smartfon-oppo-a6x-4-gb-256-gb-ice-blue-39084,3,
Смартфон OPPO A6x 4/256GB Plum Purple  ,3599000.0,mediapark,https://cdn.mediapark.uz/imgs/600x600_3d1459e6-fb5f-42ca-91d0-7c19e545e0ec_1.webp,https://mediapark.uz/ru/product/smartfon-oppo-a6x-4-gb-256-gb-plum-purple-39085,3,
Смартфон HONOR X6e 6/256 GB Gold  ,2950000.0,mediapark,https://cdn.mediapark.uz/imgs/600x600_1dc5c24e-246f-44bc-bef7-fe8e52f80f30_1.webp,https://mediapark.uz/ru/product/smartfon-honor-x6e-6-256-gb-gold-39097,3,
Смартфон HONOR X6e 6/256GB Midnight Black,2950000.0,mediapark,https://cdn.mediapark.uz/imgs/600x600_4960ea2f-cefe-4699-aad6-57ad5a6f3b50_1.webp,https://mediapark.uz/ru/product/smartfon-honor-x6e-6-256gb-black-39098,3,
Смартфон Vivo Y11d 4 ГБ/128 ГБ Platinum  ,2509000.0,mediapark,https://cdn.mediapark.uz/imgs/600x600_5a4cd926-d4c3-4aca-ab58-e016e824a744_1.webp,https://mediapark.uz/ru/product/smartfon-vivo-y11d-4-gb-128-gb-platinum-39099,3,
Смартфон Vivo Y11d 4 ГБ/128 ГБ Black  ,2509000.0,mediapark,https://cdn.mediapark.uz/imgs/600x600_9fca1859-9806-4b4b-b60d-08b7539a8a8c_1.webp,https://mediapark.uz/ru/product/smartfon-vivo-y11d-4-gb-128-gb-black-39100,3,
Смартфон Vivo Y05 4/128 GB Gold  ,2499000.0,mediapark,https://cdn.mediapark.uz/imgs/600x600_abf00b06-f3ab-4128-a180-c324281d5295_1.webp,https://mediapark.uz/ru/product/smartfon-vivo-y05-4-gb-128-gb-gold-39101,3,
Смартфон Vivo Y05 4/128 GB Black  ,2499000.0,mediapark,https://cdn.mediapark.uz/imgs/600x600_374fca96-cfa2-4c1c-b044-40070d09b59b_1.webp,https://mediapark.uz/ru/product/smartfon-vivo-y05-4-gb-128-gb-black-39102,3,
Смартфон Realme C100x 4/128 GB Blue,2899000.0,mediapark,https://cdn.mediapark.uz/imgs/600x600_cde64eec-6fb5-4527-8698-c057ee0a8555_1.webp,https://mediapark.uz/ru/product/smartfon-realme-c100x-4-128-gb-blue-39280,3,
Смартфон HONOR 600 8/512 GB Orange  ,7469000.0,mediapark,https://cdn.mediapark.uz/imgs/600x600_566b5164-84ec-4828-bf50-9ade1294fa21_1.webp,https://mediapark.uz/ru/product/smartfon-honor-600-8-512-gb-orange-39383,3,
Смартфон HONOR 600 8/512 GB Black  ,7469000.0,mediapark,https://cdn.mediapark.uz/imgs/600x600_bdf8bcd4-b7c8-4559-a42e-3b8431e5153f_1.webp,https://mediapark.uz/ru/product/smartfon-honor-600-8-512-gb-black-39390,3,
Смартфон HONOR X5d Plus 4/128GB Tidal Blue,2270000.0,mediapark,https://cdn.mediapark.uz/imgs/600x600_70d7fd7a-b728-4891-975d-754dbb7bcce2_1.webp,https://mediapark.uz/ru/product/smartfon-honor-x5d-plus-4-128gb-tidal-blue-39705,3,
Смартфон HONOR X6e 4/256GB Gold  ,2818000.0,mediapark,https://cdn.mediapark.uz/imgs/600x600_c2181690-695f-466a-a5f6-f6b5c6b0a3b6_1.webp,https://mediapark.uz/ru/product/smartfon-honor-x6e-4-256gb-gold-39706,3,
Смартфон HONOR X5d Plus 4/128GB Midnight Black  ,2270000.0,mediapark,https://cdn.mediapark.uz/imgs/600x600_e58685a0-a216-4467-a6cd-700e0dc9e858_1.webp,https://mediapark.uz/ru/product/smartfon-honor-x5d-plus-4-128gb-midnight-black-39707,3,
Смартфон HONOR X6e 4/256GB Midnight Black  ,2818000.0,mediapark,https://cdn.mediapark.uz/imgs/600x600_8a0f1229-5d34-4e9e-8e8c-cc11d717dd97_1.webp,https://mediapark.uz/ru/product/smartfon-honor-x6e-4-256gb-midnight-black-39708,3,
Смартфон Xiaomi Redmi 17 4/128GB Black  ,2452000.0,mediapark,https://cdn.mediapark.uz/imgs/600x600_864b8054-3e11-4e76-8578-ca5e12288d9c_1.webp,https://mediapark.uz/ru/product/smartfon-xiaomi-redmi-17-4-128gb-black-39709,3,
Смартфон Xiaomi Redmi Note 17 5G 8/256GB Celestial Purple  ,3585000.0,mediapark,https://cdn.mediapark.uz/imgs/600x600_139520e6-d544-4353-8200-bf28e3c0ae29_1.webp,https://mediapark.uz/ru/product/smartfon-xiaomi-redmi-note-17-5g-8-256gb-celestial-purple-39710,3,
Смартфон Xiaomi Redmi 17 4/128GB Oak Green  ,2452000.0,mediapark,https://cdn.mediapark.uz/imgs/600x600_a79526ac-3bf8-4db4-862e-a1010845b69e_1.webp,https://mediapark.uz/ru/product/smartfon-xiaomi-redmi-17-4-128gb-oak-green-39711,3,
Смартфон Xiaomi Redmi 17 4/128GB Deep Blue  ,2452000.0,mediapark,https://cdn.mediapark.uz/imgs/600x600_4f5ce2ca-7b6f-4c7b-a960-26f77ef3c387_1.webp,https://mediapark.uz/ru/product/smartfon-xiaomi-redmi-17-4-128gb-deep-blue-39712,3,
Смартфон Xiaomi Redmi 17 8/256GB Deep Blue  ,3385000.0,mediapark,https://cdn.mediapark.uz/imgs/600x600_c3936f54-3da2-4dc8-93be-723fac575781_1.webp,https://mediapark.uz/ru/product/smartfon-xiaomi-redmi-17-8-256gb-deep-blue-39713,3,
Смартфон HONOR X7e 6/128GB Light Blue  ,2891000.0,mediapark,https://cdn.mediapark.uz/imgs/600x600_e395c358-dd60-4034-8e78-b78d6afc83ed_1.webp,https://mediapark.uz/ru/product/smartfon-honor-x7e-6-128gb-light-blue-39716,3,
Смартфон HONOR X7e 6/128GB Sunrise Orange  ,2891000.0,mediapark,https://cdn.mediapark.uz/imgs/600x600_c7f022bb-a1e0-4612-add9-db4e9ea771a6_1.webp,https://mediapark.uz/ru/product/smartfon-honor-x7e-6-128gb-sunrise-orange-39718,3,
Смартфон HONOR X7e 6/128GB Midnight Black  ,2891000.0,mediapark,https://cdn.mediapark.uz/imgs/600x600_f7cb0295-e7b1-4c5a-a5b3-bc86fed73eec_1.webp,https://mediapark.uz/ru/product/smartfon-honor-x7e-6-128gb-midnight-black-39719,3,
Смартфон Xiaomi Redmi 17 8/256Gb Oak Green  ,3385000.0,mediapark,https://cdn.mediapark.uz/imgs/600x600_73c3856a-4ba1-4099-a016-14b923e8b1d9_1.webp,https://mediapark.uz/ru/product/smartfon-xiaomi-redmi-17-8-256gb-oak-green-39766,3,
Смартфон Xiaomi Redmi 17 8/256GB Black  ,3385000.0,mediapark,https://cdn.mediapark.uz/imgs/600x600_e216384b-df70-4e56-a4e8-2defe1b43e50_1.webp,https://mediapark.uz/ru/product/smartfon-xiaomi-redmi-17-8-256gb-black-39883,3,
Смартфон Samsung Galaxy S26 FE 8/256GB Graphite  ,10199000.0,mediapark,https://cdn.mediapark.uz/imgs/600x600_af73daaa-41f2-4e3f-994d-10e9cc2ee4b2_1.webp,https://mediapark.uz/ru/product/smartfon-samsung-galaxy-s26-fe-8-256gb-graphite-40178,3,
Смартфон Samsung Galaxy S26 FE 8/256GB Blueberry  ,10199000.0,mediapark,https://cdn.mediapark.uz/imgs/600x600_348af048-24fb-444a-b480-c84ac241ce2b_1.webp,https://mediapark.uz/ru/product/smartfon-samsung-galaxy-s26-fe-8-256gb-blueberry-40179,3,
Смартфон Apple iPhone 6S 16Gb Gray,4419000.0,mediapark,https://cdn.mediapark.uz/imgs/2e67a58d-a886-4a01-b874-8e365eb2ebef_test.webp,https://mediapark.uz/ru/product/smartfon-apple-iphone-6s-16gb-gray-153,3,
Смартфон Samsung J110H Galaxy J1 Ace 8/512 GB Black,784000.0,mediapark,https://cdn.mediapark.uz/imgs/4a64842c-8e1b-4e11-a6a2-4e8ead8dc9d2_test.webp,https://mediapark.uz/ru/product/smartfon-samsung-j110h-galaxy-j1-ace-8-512-gb-black-158,3,
Смартфон Samsung J510 Galaxy J5 2/16 GB Black,1503000.0,mediapark,https://cdn.mediapark.uz/imgs/7a6a6916-b6dd-4dad-9843-9f5e111e5a8e_test.webp,https://mediapark.uz/ru/product/smartfon-samsung-j510-galaxy-j5-2-16-gb-black-159,3,
Смартфон Samsung J200H Galaxy J2 Duos 1/8 GB Black,1080000.0,mediapark,https://cdn.mediapark.uz/imgs/110559a7-b1f9-4efd-9b41-98bfc976154e_test.webp,https://mediapark.uz/ru/product/smartfon-samsung-j200h-galaxy-j2-duos-1-8-gb-black-341,3,
Смартфон Samsung J320 Galaxy J3 (2016),1168000.0,mediapark,https://cdn.mediapark.uz/imgs/3c6a81f4-18b8-4b6b-a22d-10e39ef5fbec_test.webp,https://mediapark.uz/ru/product/smartfon-samsung-j320-galaxy-j3-2016-342,3,
Смартфон Apple iPhone 6s 32 GB Gold,5076000.0,mediapark,https://cdn.mediapark.uz/imgs/39619f94-0949-4ade-9072-a19898a84f93_test.webp,https://mediapark.uz/ru/product/smartfon-apple-iphone-6s-32-gb-gold-343,3,
Смартфон Lenovo S60 2/8 GB White,1630000.0,mediapark,https://cdn.mediapark.uz/imgs/ad1ef0b3-87a0-4c99-b8f9-8eaf9e531352_test.webp,https://mediapark.uz/ru/product/smartfon-lenovo-s60-2-8-gb-white-909,3,
Смартфон Samsung Galaxy J1 mini J105F ,655000.0,mediapark,https://cdn.mediapark.uz/imgs/a56a6014-2d1c-4afc-abc9-3fc6cd217600_test.webp,https://mediapark.uz/ru/product/smartfon-samsung-galaxy-j1-mini-j105f-911,3,
Смартфон Xiaomi Redmi 3S 2/16 GB Grey,1540000.0,mediapark,https://cdn.mediapark.uz/imgs/319ee839-3e5c-488c-8dee-e35193cdaf19_test.webp,https://mediapark.uz/ru/product/smartfon-xiaomi-redmi-3s-2-16-gb-grey-913,3,
Смартфон Xiaomi Redmi 4X 3/32 GB Gold,1350000.0,mediapark,https://cdn.mediapark.uz/imgs/df9a1d57-e408-476d-b083-e744474cd06d_test.webp,https://mediapark.uz/ru/product/smartfon-xiaomi-redmi-4x-3-32-gb-gold-914,3,
Смартфон Samsung Galaxy A7 3/32 GB Black,3198000.0,mediapark,https://cdn.mediapark.uz/imgs/ccf38d98-8900-4817-b111-f94db724913a_test.webp,https://mediapark.uz/ru/product/smartfon-samsung-galaxy-a7-3-32-gb-black-1268,3,
Смартфон Samsung Galaxy S8 4/64 GB Black,4160000.0,mediapark,https://cdn.mediapark.uz/imgs/eeaaf1c4-9003-4081-97f5-6bb8e8f8c3ed_test.webp,https://mediapark.uz/ru/product/smartfon-samsung-galaxy-s8-4-64-gb-black-1411,3,
Смартфон Samsung Galaxy A5 A520F 3/32 GB Black,2368000.0,mediapark,https://cdn.mediapark.uz/imgs/66002106-9ec4-4c55-ac94-8aaccbd87fab_test.webp,https://mediapark.uz/ru/product/smartfon-samsung-galaxy-a5-a520f-3-32-gb-black-1412,3,
Смартфон Xiaomi Redmi 4X 2/16 GB Black,1119000.0,mediapark,https://cdn.mediapark.uz/imgs/d773fd8c-4155-4bb3-bc21-52ce5c49e0f0_test.webp,https://mediapark.uz/ru/product/smartfon-xiaomi-redmi-4x-2-16-gb-black-1546,3,
Смартфон Xiaomi Redmi 4A 2/16 GB Black,1226000.0,mediapark,https://cdn.mediapark.uz/imgs/d85850b5-f67a-41d7-a17c-534043ebe4b1_test.webp,https://mediapark.uz/ru/product/smartfon-xiaomi-redmi-4a-2-16-gb-black-1547,3,
Смартфон Xiaomi Redmi 3X 3/32 GB Silver,1475000.0,mediapark,https://cdn.mediapark.uz/imgs/f19c76ea-dae4-4601-b2b4-850b023d6c3b_test.webp,https://mediapark.uz/ru/product/smartfon-xiaomi-redmi-3x-3-32-gb-silver-1548,3,
Смартфон Xiaomi Redmi Note 4 3/32 GB White,1356000.0,mediapark,https://cdn.mediapark.uz/imgs/5eff9e79-d6a4-4653-9612-e05f0f048f79_test.webp,https://mediapark.uz/ru/product/smartfon-xiaomi-redmi-note-4-3-32-gb-white-1549,3,
Смартфон Samsung Galaxy S8+ SM-G955 4/64 GB Black,5900000.0,mediapark,https://cdn.mediapark.uz/imgs/fc91d1a7-1c21-48d5-8801-66d00c12c1a2_test.webp,https://mediapark.uz/ru/product/smartfon-samsung-galaxy-s8-sm-g955-4-64-gb-black-1559,3,
Смартфон Samsung Galaxy J3 SM-J330F 2/16 GB,1239000.0,mediapark,https://cdn.mediapark.uz/imgs/5510a1ba-af4a-441b-8a97-7bcde470c250_test.webp,https://mediapark.uz/ru/product/smartfon-samsung-galaxy-j3-sm-j330f-2-16-gb-1570,3,
Смартфон Samsung Galaxy J5 SM-J530FM 2/16 Black,1482000.0,mediapark,https://cdn.mediapark.uz/imgs/8c3d11f4-5a61-421d-bace-9b70a63795cc_test.webp,https://mediapark.uz/ru/product/smartfon-samsung-galaxy-j5-sm-j530fm-2-16-black-1571,3,
Смартфон Samsung Galaxy J7 SM-J730FM 3/16 GB,1748000.0,mediapark,https://cdn.mediapark.uz/imgs/521d8457-8a98-4c79-95c8-e79c769b5ad5_test.webp,https://mediapark.uz/ru/product/smartfon-samsung-galaxy-j7-sm-j730fm-3-16-gb-1572,3,
Смартфон Xiaomi Mi A1 4/32 GB Black,1770000.0,mediapark,https://cdn.mediapark.uz/imgs/0992aaed-ea91-412a-907e-05861eefb6c8_test.webp,https://mediapark.uz/ru/product/smartfon-xiaomi-mi-a1-4-32-gb-black-1794,3,
Смартфон Xiaomi Mi 5Х 4/64 GB Gold,1770000.0,mediapark,https://cdn.mediapark.uz/imgs/ad6c58d2-db3c-4046-9a6c-4078e79e15a9_test.webp,https://mediapark.uz/ru/product/smartfon-xiaomi-mi-5h-4-64-gb-gold-1795,3,
Смартфон Xiaomi Redmi 5 2/16 GB Black,1140000.0,mediapark,https://cdn.mediapark.uz/imgs/ae53fcb8-8fbe-4a70-8fa8-f95542b9ef4c_test.webp,https://mediapark.uz/ru/product/smartfon-xiaomi-redmi-5-2-16-gb-black-1796,3,
Смартфон Samsung Galaxy A8 4/32 GB ,2440000.0,mediapark,https://cdn.mediapark.uz/imgs/95981bd1-c290-45f5-ba1a-d62bd743fd37_test.webp,https://mediapark.uz/ru/product/smartfon-samsung-galaxy-a8-4-32-gb-1862,3,
Смартфон Samsung Galaxy A8+ 4/32 GB,3290000.0,mediapark,https://cdn.mediapark.uz/imgs/f2c2422f-91fb-40ec-9729-6fd2d0794091_test.webp,https://mediapark.uz/ru/product/smartfon-samsung-galaxy-a8-4-32-gb-1863,3,
Смартфон Samsung Galaxy S9+ 6/64 GB Black,5536000.0,mediapark,https://cdn.mediapark.uz/imgs/d793d150-b46f-49b5-ab2f-43b4b72c6a89_test.webp,https://mediapark.uz/ru/product/smartfon-samsung-galaxy-s9-6-64-gb-black-1866,3,
Смартфон Samsung Galaxy A6 3/32 GB Black,1599000.0,mediapark,https://cdn.mediapark.uz/imgs/fa0c4dbb-ea5f-4899-a6b2-4d5253bf7ef9_test.webp,https://mediapark.uz/ru/product/smartfon-samsung-galaxy-a6-3-32-gb-black-1869,3,
Смартфон Xiaomi Note 5A Prime 3/32 GB Grey,1198000.0,mediapark,https://cdn.mediapark.uz/imgs/6dcda4fe-5e7a-4e3f-889e-adadc9e29bd7_test.webp,https://mediapark.uz/ru/product/smartfon-xiaomi-note-5a-prime-3-32-gb-grey-1874,3,
Смартфон Xiaomi Note 5 4/64 GB Global Version,1472000.0,mediapark,https://cdn.mediapark.uz/imgs/63c80ff5-6bb4-4d31-be79-9b08b4725c1d_test.webp,https://mediapark.uz/ru/product/smartfon-xiaomi-note-5-4-64-gb-global-version-1875,3,
Смартфон Xiaomi Redmi S2 64 GB Global Version,1286000.0,mediapark,https://cdn.mediapark.uz/imgs/5c2936f4-4e42-4922-9991-1682301fe8d0_test.webp,https://mediapark.uz/ru/product/smartfon-xiaomi-redmi-s2-64-gb-global-version-2031,3,
Смартфон Xiaomi Redmi Note 5 3/32 GB Global Version,1440000.0,mediapark,https://cdn.mediapark.uz/imgs/13f69aec-03ea-4f61-b7d8-5c3c7a7f56c5_test.webp,https://mediapark.uz/ru/product/smartfon-xiaomi-redmi-note-5-3-32-gb-global-version-2032,3,
Смартфон Xiaomi Mi 6X 4/64 GB,1795000.0,mediapark,https://cdn.mediapark.uz/imgs/79fcbf97-1621-4d39-af00-5fc2157d71b2_test.webp,https://mediapark.uz/ru/product/smartfon-xiaomi-mi-6x-4-64-gb-2033,3,
Смартфон Samsung Galaxy Note 9 8/512 GB Black,7638000.0,mediapark,https://cdn.mediapark.uz/imgs/23340ad2-0e2d-4e18-bf45-341e77219fd9_test.webp,https://mediapark.uz/ru/product/smartfon-samsung-galaxy-note-9-8-512-gb-black-2099,3,
Смартфон Samsung Galaxy J6 3/32 GB Grey,1425000.0,mediapark,https://cdn.mediapark.uz/imgs/cca3d224-3ddf-49af-8f6d-07425c2f4ee1_test.webp,https://mediapark.uz/ru/product/smartfon-samsung-galaxy-j6-3-32-gb-grey-2100,3,
Смартфон Samsung Galaxy J2 J250 (2018),889000.0,mediapark,https://cdn.mediapark.uz/imgs/8971ee8b-e0f1-4ba1-8c59-7f8e25c9dbbe_test.webp,https://mediapark.uz/ru/product/smartfon-samsung-galaxy-j2-j250-2018-2107,3,
Смартфон Samsung Galaxy A6+ A605 3/32 GB Black,1955000.0,mediapark,https://cdn.mediapark.uz/imgs/eb6fc55c-2fca-4486-8090-90edfe04a97e_test.webp,https://mediapark.uz/ru/product/smartfon-samsung-galaxy-a6-a605-3-32-gb-black-2108,3,
Смартфон Xiaomi A2 Lite 32 GB Black,1286000.0,mediapark,https://cdn.mediapark.uz/imgs/33977136-ca57-4e57-b1a9-2a21a6644613_test.webp,https://mediapark.uz/ru/product/smartfon-xiaomi-a2-lite-32-gb-black-2117,3,
Смартфон Xiaomi A2 Lite 3/32 GB Gold,1143000.0,mediapark,https://cdn.mediapark.uz/imgs/1a7862ab-cf72-49a9-8642-180661a96f20_test.webp,https://mediapark.uz/ru/product/smartfon-xiaomi-a2-lite-3-32-gb-gold-2118,3,
Смартфон Xiaomi Redmi 6A 2/16 GB Black,796000.0,mediapark,https://cdn.mediapark.uz/imgs/855761c5-5784-445a-a4f5-a88b3097f019_test.webp,https://mediapark.uz/ru/product/smartfon-xiaomi-redmi-6a-2-16-gb-black-2120,3,
Смартфон Xiaomi Redmi 6A 3/32 GB Black,982000.0,mediapark,https://cdn.mediapark.uz/imgs/369c9107-e228-4bff-8ad9-4ee427e244ac_test.webp,https://mediapark.uz/ru/product/smartfon-xiaomi-redmi-6a-3-32-gb-black-2121,3,
Смартфон Xiaomi Redmi 6 3/32 Grey,1463000.0,mediapark,https://cdn.mediapark.uz/imgs/ddfb484b-8dbd-4c10-b36c-05b498881baa_test.webp,https://mediapark.uz/ru/product/smartfon-xiaomi-redmi-6-3-32-grey-2122,3,
Смартфон Apple iPhone 7 32 GB Silver,4025000.0,mediapark,https://cdn.mediapark.uz/imgs/3d628d80-bfbe-4efb-88a0-bc0e3885ffeb_test.webp,https://mediapark.uz/ru/product/smartfon-apple-iphone-7-32-gb-silver-2124,3,
Смартфон Xiaomi A2 Lite 4/64 GB Gold,1499000.0,mediapark,https://cdn.mediapark.uz/imgs/d01c8bc7-a003-41f4-a6d7-0b7b717add00_test.webp,https://mediapark.uz/ru/product/smartfon-xiaomi-a2-lite-4-64-gb-gold-2136,3,
Смартфон Xiaomi A2 Lite 4/64 GB Black,1499000.0,mediapark,https://cdn.mediapark.uz/imgs/921a829e-867d-4464-91c0-8ac05a0b9638_test.webp,https://mediapark.uz/ru/product/smartfon-xiaomi-a2-lite-4-64-gb-black-2137,3,
Смартфон Xiaomi Mi8 SE 6/64 GB Red,2335000.0,mediapark,https://cdn.mediapark.uz/imgs/d30fc2d6-83b6-4fe9-b624-68a32fd2ce15_test.webp,https://mediapark.uz/ru/product/smartfon-xiaomi-mi8-se-6-64-gb-red-2211,3,
Смартфон Xiaomi Redmi Note 6 Pro 3/32 GB Mix,1544000.0,mediapark,https://cdn.mediapark.uz/imgs/5720fb35-6af9-40cf-9f81-839856eb247c_test.webp,https://mediapark.uz/ru/product/smartfon-xiaomi-redmi-note-6-pro-3-32-gb-mix-2287,3,
Смартфон Xiaomi Redmi Note 6 Pro 4/64 GB Mix,1657000.0,mediapark,https://cdn.mediapark.uz/imgs/8e706549-7951-4ce4-858b-a87c337d865c_test.webp,https://mediapark.uz/ru/product/smartfon-xiaomi-redmi-note-6-pro-4-64-gb-mix-2288,3,
Смартфон Samsung Galaxy A7 SM-A750 4/64 GB Black,2133000.0,mediapark,https://cdn.mediapark.uz/imgs/319784bb-577a-44bf-b759-497db5e83d72_test.webp,https://mediapark.uz/ru/product/smartfon-samsung-galaxy-a7-sm-a750-4-64-gb-black-2289,3,
Смартфон Xiaomi Mi Max 3 4/64 GB Black,2293000.0,mediapark,https://cdn.mediapark.uz/imgs/ea5e895b-1af1-4731-a7da-e0456f7e55e4_test.webp,https://mediapark.uz/ru/product/smartfon-xiaomi-mi-max-3-4-64-gb-black-2312,3,
Смартфон Xiaomi Redmi 5 Plus 3/32 GB China Version,1070000.0,mediapark,https://cdn.mediapark.uz/imgs/f58283c9-3b6f-40c0-a735-c6c2caec75ee_test.webp,https://mediapark.uz/ru/product/smartfon-xiaomi-redmi-5-plus-3-32-gb-china-version-2314,3,
Смартфон Xiaomi Redmi 5 Plus 4/64 GB China Version,1309000.0,mediapark,https://cdn.mediapark.uz/imgs/1c478224-94e6-4495-b218-527411f370a1_test.webp,https://mediapark.uz/ru/product/smartfon-xiaomi-redmi-5-plus-4-64-gb-china-version-2315,3,
Смартфон Xiaomi Redmi Note 5 4/64 GB Gold China Version,1682000.0,mediapark,https://cdn.mediapark.uz/imgs/7e880b50-b4aa-4f0f-b92d-7e9c5f78627c_test.webp,https://mediapark.uz/ru/product/smartfon-xiaomi-redmi-note-5-4-64-gb-gold-china-version-2316,3,
Смартфон Samsung Galaxy A9 6/128 GB Mix,3313000.0,mediapark,https://cdn.mediapark.uz/imgs/5406b4c9-b6ca-4a73-8536-a14f06b608c6_test.webp,https://mediapark.uz/ru/product/smartfon-samsung-galaxy-a9-6-128-gb-mix-2407,3,
Смартфон Xiaomi Mi8 Lite 4/64 GB,1712000.0,mediapark,https://cdn.mediapark.uz/imgs/e04d9750-4221-4dd2-b00d-0e3580ed5b97_test.webp,https://mediapark.uz/ru/product/smartfon-xiaomi-mi8-lite-4-64-gb-2427,3,
Смартфон Xiaomi Mi8 Pro 8/128 GB Black,4293000.0,mediapark,https://cdn.mediapark.uz/imgs/191d7d54-31af-4259-ac59-0c02926eb73d_test.webp,https://mediapark.uz/ru/product/smartfon-xiaomi-mi8-pro-8-128-gb-black-2428,3,
Смартфон Xiaomi Mi8 SE 3/64 GB Gold,2293000.0,mediapark,https://cdn.mediapark.uz/imgs/ebb07f9f-1847-4f43-923c-fd5633547a79_test.webp,https://mediapark.uz/ru/product/smartfon-xiaomi-mi8-se-3-64-gb-gold-2434,3,
Смартфон Xiaomi Pocophone F1 6/64 GB Red,2572000.0,mediapark,https://cdn.mediapark.uz/imgs/1cf01f76-d158-4536-838b-ab1b8955d278_test.webp,https://mediapark.uz/ru/product/smartfon-xiaomi-pocophone-f1-6-64-gb-red-2459,3,
Смартфон Xiaomi Pocophone F1 6/128 GB Black,2660000.0,mediapark,https://cdn.mediapark.uz/imgs/9ac0d657-8b6b-401f-8923-43c0bfd7401e_test.webp,https://mediapark.uz/ru/product/smartfon-xiaomi-pocophone-f1-6-128-gb-black-2460,3,
Смартфон Xiaomi Mi 6/128 GB Mix ,4767000.0,mediapark,https://cdn.mediapark.uz/imgs/a677ab3a-1e88-4061-aa22-02056d43375a_test.webp,https://mediapark.uz/ru/product/smartfon-xiaomi-mi-6-128-gb-mix-2461,3,
Смартфон Samsung Galaxy S10E 6/128 GB Black,6299000.0,mediapark,https://cdn.mediapark.uz/imgs/fd6dd6fc-74b5-4cd8-9727-5e61d5d5ea8c_test.webp,https://mediapark.uz/ru/product/smartfon-samsung-galaxy-s10e-6-128-gb-black-2532,3,
Смартфон Apple iPhone XR 64 GB White,6900000.0,mediapark,https://cdn.mediapark.uz/imgs/f7490d44-2cdf-42f8-8eff-83d3535e6222_test.webp,https://mediapark.uz/ru/product/smartfon-apple-iphone-xr-64-gb-white-2553,3,
Смартфон Apple iPhone XR 64 GB Coral,6900000.0,mediapark,https://cdn.mediapark.uz/imgs/94018a5e-e0c6-40be-be69-d8b851db001e_test.webp,https://mediapark.uz/ru/product/smartfon-apple-iphone-xr-64-gb-coral-2555,3,
Смартфон Xiaomi Redmi Go 1/8 GB Grey,684000.0,mediapark,https://cdn.mediapark.uz/imgs/74823b00-1705-4e75-a516-a12b8d988fcb_test.webp,https://mediapark.uz/ru/product/smartfon-xiaomi-redmi-go-1-8-gb-grey-2557,3,
Смартфон Xiaomi Redmi 7 3/32 GB Black,1730000.0,mediapark,https://cdn.mediapark.uz/imgs/71c6fada-a86c-4159-93a0-160f3ee6c5d1_test.webp,https://mediapark.uz/ru/product/smartfon-xiaomi-redmi-7-3-32-gb-black-2581,3,
Смартфон Xiaomi Mi9 6/64 GB,4699000.0,mediapark,https://cdn.mediapark.uz/imgs/727a65ec-f522-4311-bb53-c551db9922e3_test.webp,https://mediapark.uz/ru/product/smartfon-xiaomi-mi9-6-64-gb-2582,3,
Смартфон Xiaomi Mi8 Lite 128 GB Black,2161000.0,mediapark,https://cdn.mediapark.uz/imgs/be3a6fa7-8c4f-4b88-bb84-3814b75c9711_test.webp,https://mediapark.uz/ru/product/smartfon-xiaomi-mi8-lite-128-gb-black-2586,3,
Смартфон Apple iPhone Xs 64 GB Silver,8000000.0,mediapark,https://cdn.mediapark.uz/imgs/0da9425f-3d88-45a1-8a4e-fdb400650181_test.webp,https://mediapark.uz/ru/product/smartfon-apple-iphone-xs-64-gb-silver-2587,3,
Смартфон Apple iPhone Xs 64 GB Gold,8000000.0,mediapark,https://cdn.mediapark.uz/imgs/3b49165c-99be-4578-877a-73d60d7f5812_test.webp,https://mediapark.uz/ru/product/smartfon-apple-iphone-xs-64-gb-gold-2588,3,
Смартфон Apple iPhone Xs 64 GB Grey,8400000.0,mediapark,https://cdn.mediapark.uz/imgs/53f8393d-33aa-4f06-afb8-bd0eb863aad5_test.webp,https://mediapark.uz/ru/product/smartfon-apple-iphone-xs-64-gb-grey-2589,3,
Смартфон Xiaomi Redmi Note 7 3/32 GB Global Version,1632000.0,mediapark,https://cdn.mediapark.uz/imgs/d740be19-875a-4232-b1b5-beee03453c90_test.webp,https://mediapark.uz/ru/product/smartfon-xiaomi-redmi-note-7-3-32-gb-global-version-2596,3,
Смартфон Xiaomi Mi9 6/128 GB Black,3873000.0,mediapark,https://cdn.mediapark.uz/imgs/7210dd17-adf4-453e-bc89-245e747eb0eb_test.webp,https://mediapark.uz/ru/product/smartfon-xiaomi-mi9-6-128-gb-black-2612,3,
Смартфон Samsung Galaxy M10 3/32 GB Blue,1289000.0,mediapark,https://cdn.mediapark.uz/imgs/b5f43afe-8f87-4866-88b1-bb9728a7080d_test.webp,https://mediapark.uz/ru/product/smartfon-samsung-galaxy-m10-3-32-gb-blue-2626,3,
Смартфон Samsung Galaxy M20 3/32 GB,1543000.0,mediapark,https://cdn.mediapark.uz/imgs/53c29d3d-cf7f-4fce-b608-4bf7206f1d0a_test.webp,https://mediapark.uz/ru/product/smartfon-samsung-galaxy-m20-3-32-gb-2627,3,
Смартфон Xiaomi Mi9 SE 6/64 GB Black,3085000.0,mediapark,https://cdn.mediapark.uz/imgs/b65cfe43-f853-4e7a-847f-3d78d23b7c43_test.webp,https://mediapark.uz/ru/product/smartfon-xiaomi-mi9-se-6-64-gb-black-2628,3,
Смартфон Xiaomi Redmi 7 2/16 GB Black,1357000.0,mediapark,https://cdn.mediapark.uz/imgs/f8e1c7d8-cd2f-4b1e-8606-f77da0fc90ea_test.webp,https://mediapark.uz/ru/product/smartfon-xiaomi-redmi-7-2-16-gb-black-2638,3,
Смартфон Xiaomi Redmi 7A 2/16 GB,1056000.0,mediapark,https://cdn.mediapark.uz/imgs/1910f3d4-36a0-4416-ab1e-16acb287f418_test.webp,https://mediapark.uz/ru/product/smartfon-xiaomi-redmi-7a-2-16-gb-2832,3,
Смартфон Apple iPhone XR 128 GB Blue,7400000.0,mediapark,https://cdn.mediapark.uz/imgs/b80fa1c8-5267-4c0b-a65c-a2825187ff55_test.webp,https://mediapark.uz/ru/product/smartfon-apple-iphone-xr-128-gb-blue-2857,3,
Смартфон Xiaomi Mi A3 4/128 GB,2125000.0,mediapark,https://cdn.mediapark.uz/imgs/df6eac04-1319-45f4-96de-e1ac8603acc4_test.webp,https://mediapark.uz/ru/product/smartfon-xiaomi-mi-a3-4-128-gb-2860,3,
Смартфон Xiaomi Mi 9 Lite 6/128 GB,2573000.0,mediapark,https://cdn.mediapark.uz/imgs/f1e8795a-b5f4-4733-a637-f1754b4c4a45_test.webp,https://mediapark.uz/ru/product/smartfon-xiaomi-mi-9-lite-6-128-gb-2972,3,
Смартфон Apple iPhone 11 64 GB White,8388000.0,mediapark,https://cdn.mediapark.uz/imgs/ffa347b6-7442-4566-bad5-996325cda354_test.webp,https://mediapark.uz/ru/product/smartfon-apple-iphone-11-64-gb-white-3106,3,
Смартфон Apple iPhone 11 64 GB Yellow,8388000.0,mediapark,https://cdn.mediapark.uz/imgs/a9c32422-fdc4-43b1-bbc3-a9b6338dbf59_test.webp,https://mediapark.uz/ru/product/smartfon-apple-iphone-11-64-gb-yellow-3107,3,
Смартфон Apple iPhone 11 64 GB Purple,8388000.0,mediapark,https://cdn.mediapark.uz/imgs/bb58aea8-51da-4c75-ac03-0cda653bb5cb_test.webp,https://mediapark.uz/ru/product/smartfon-apple-iphone-11-64-gb-purple-3108,3,
Смартфон Apple iPhone 11 64 GB Green,8388000.0,mediapark,https://cdn.mediapark.uz/imgs/e67d6eaa-46ff-4a23-9e3a-c99b2be30654_test.webp,https://mediapark.uz/ru/product/smartfon-apple-iphone-11-64-gb-green-3109,3,
Смартфон Apple iPhone 11 128 GB Green,8465000.0,mediapark,https://cdn.mediapark.uz/imgs/74bc84d3-c909-41f3-91e4-304fa429886f_test.webp,https://mediapark.uz/ru/product/smartfon-apple-iphone-11-128-gb-green-3111,3,
Смартфон Xiaomi Redmi Note 8 3/32 GB Black,1750000.0,mediapark,https://cdn.mediapark.uz/imgs/f1a55434-03a9-4e79-a3ea-1fb2b57503db_test.webp,https://mediapark.uz/ru/product/smartfon-xiaomi-redmi-note-8-3-32-gb-black-3156,3,
Смартфон Xiaomi Redmi Note 8 4/128 GB ,2221000.0,mediapark,https://cdn.mediapark.uz/imgs/c91e0a2a-9adf-4213-951e-e870f15bea5b_test.webp,https://mediapark.uz/ru/product/smartfon-xiaomi-redmi-note-8-4-128-gb-3157,3,
Смартфон Artel Gap Yo‘q 1/16 GB Black,675000.0,mediapark,https://cdn.mediapark.uz/imgs/5d5aea4a-743d-4ff0-93a2-d3c76437c4ce_mediaparkproduct_1_1300.webp,https://mediapark.uz/ru/product/smartfon-artel-gap-yo-q-1-16-gb-black-3187,3,
Смартфон Samsung Galaxy A51 4/64 GB Blue,3275000.0,mediapark,https://cdn.mediapark.uz/imgs/91db2f2a-7f5e-4db8-ade2-c146a172c5bc_test.webp,https://mediapark.uz/ru/product/smartfon-samsung-galaxy-a51-4-64-gb-blue-3242,3,
Смартфон Samsung Galaxy A51 4/64 GB Black,3275000.0,mediapark,https://cdn.mediapark.uz/imgs/debbfb01-d084-4314-a6c1-5639030e299f_test.webp,https://mediapark.uz/ru/product/smartfon-samsung-galaxy-a51-4-64-gb-black-3246,3,
Смартфон vivo Y91C 2/32 GB Blue,1931000.0,mediapark,https://cdn.mediapark.uz/imgs/600x600_8afee3b4-40cf-4dd6-9d94-61d965a370bc_Artboard-1.webp,https://mediapark.uz/ru/product/smartfon-vivo-y91c-2-32-gb-blue-3295,3,
Смартфон Vivo Y12 3/64 GB Blue,2309000.0,mediapark,https://cdn.mediapark.uz/imgs/600x600_cf038ee0-2c3f-40f3-93a0-a37636321ed4_Artboard-1_(1300x1300).webp,https://mediapark.uz/ru/product/smartfon-vivo-y12-3-64-gb-blue-3297,3,
Смартфон Xiaomi Redmi Note 9 4/128 GB Polar White,2802000.0,mediapark,https://cdn.mediapark.uz/imgs/7018a6fb-13ac-4481-a7dc-5578fdc76a3f_test.webp,https://mediapark.uz/ru/product/smartfon-xiaomi-redmi-note-9-4-128-gb-polar-white-4180,3,
Смартфон Samsung Galaxy Z Flip 8/256 GB Purple,11365000.0,mediapark,https://cdn.mediapark.uz/imgs/1b59a190-c799-48db-b82e-38d784db09cb_test.webp,https://mediapark.uz/ru/product/smartfon-samsung-galaxy-z-flip-8-256-gb-purple-4361,3,
Смартфон Samsung Galaxy Z Flip 8/256 GB Black,11365000.0,mediapark,https://cdn.mediapark.uz/imgs/e93e3344-f0e9-431b-9acb-c104bdcf5f84_test.webp,https://mediapark.uz/ru/product/smartfon-samsung-galaxy-z-flip-8-256-gb-black-4362,3,
Смартфон Samsung Galaxy A01 2/16 GB Blue,1422000.0,mediapark,https://cdn.mediapark.uz/imgs/e6459c9c-aa62-4258-9edd-3043d8087814_test.webp,https://mediapark.uz/ru/product/smartfon-samsung-galaxy-a01-2-16-gb-blue-4368,3,
Смартфон Apple iPhone SE (2022) 128 GB Midnight,7214000.0,mediapark,https://cdn.mediapark.uz/imgs/065ee319-121b-4439-b07f-569ebc607f13_test.webp,https://mediapark.uz/ru/product/smartfon-apple-iphone-se-2022-128-gb-midnight-4439,3,
Смартфон Xiaomi Redmi 9 3/32 GB Green,2187000.0,mediapark,https://cdn.mediapark.uz/imgs/600x600_b2b46e48-7b75-480b-a7b9-ba1d688e7388_1.webp,https://mediapark.uz/ru/product/smartfon-xiaomi-redmi-9-4-64-gb-sunset-purple-4531,3,
Смартфон Xiaomi Redmi Note 9 Pro 6/64 GB Interstellar Grey,3286000.0,mediapark,https://cdn.mediapark.uz/imgs/a8ee5b2d-6544-4830-a293-ee08fe04016b_test.webp,https://mediapark.uz/ru/product/smartfon-xiaomi-redmi-note-9-pro-6-64-gb-interstellar-grey-4550,3,
Смартфон Realme 6i 3/64 GB White Milk,2076000.0,mediapark,https://cdn.mediapark.uz/imgs/31e5c197-79bb-441b-b16a-04ce2cc379a5_test.webp,https://mediapark.uz/ru/product/smartfon-realme-6i-3-64-gb-white-milk-4591,3,
Смартфон Samsung Galaxy A71 6/128 GB Blue,4253000.0,mediapark,https://cdn.mediapark.uz/imgs/e07516e1-80a0-4481-b3ee-67e5bc34994f_test.webp,https://mediapark.uz/ru/product/smartfon-samsung-galaxy-a71-6-128-gb-blue-5163,3,
Смартфон Samsung Galaxy A71 6/128 GB Black,4253000.0,mediapark,https://cdn.mediapark.uz/imgs/3bba3108-6de4-4de5-9cb7-337716721054_test.webp,https://mediapark.uz/ru/product/smartfon-samsung-galaxy-a71-6-128-gb-black-5164,3,
Смартфон Samsung Galaxy A71 6/128 GB Silver,4253000.0,mediapark,https://cdn.mediapark.uz/imgs/a651b3e6-610d-4996-9265-936cf73b93c0_test.webp,https://mediapark.uz/ru/product/smartfon-samsung-galaxy-a71-6-128-gb-silver-5165,3,
Смартфон Xiaomi Redmi 9C 2/32 GB Orange,1849000.0,mediapark,https://cdn.mediapark.uz/imgs/09fd24c6-344a-424b-b434-7c657cd7c1ac_test.webp,https://mediapark.uz/ru/product/smartfon-xiaomi-redmi-9c-2-32-gb-orange-5329,3,
Смартфон Apple iPhone 12 64 GB White,8800000.0,mediapark,https://cdn.mediapark.uz/imgs/f8c762a2-1d51-4ac7-8fc3-a95c472c35ff_test.webp,https://mediapark.uz/ru/product/smartfon-apple-iphone-12-64-gb-white-5518,3,
Смартфон Apple iPhone 12 64 GB Blue ,7908000.0,mediapark,https://cdn.mediapark.uz/imgs/fdd58819-4feb-4491-86fe-bc63113376f3_test.webp,https://mediapark.uz/ru/product/smartfon-apple-iphone-12-64-gb-blue-5520,3,
Смартфон Apple iPhone 12 64 GB Green,7908000.0,mediapark,https://cdn.mediapark.uz/imgs/cca24b4e-150e-4f3e-8d1d-67c416da25e9_test.webp,https://mediapark.uz/ru/product/smartfon-apple-iphone-12-64-gb-green-5521,3,
Смартфон Apple iPhone 12 Pro 256 ГБ Gold,12650000.0,mediapark,https://cdn.mediapark.uz/imgs/1f812b38-87b3-4978-97d9-a4d6ce18027c_test.webp,https://mediapark.uz/ru/product/smartfon-apple-iphone-12-pro-256-gb-gold-5542,3,
Смартфон Apple iPhone 12 Pro Max 256 ГБ Graphite,17500000.0,mediapark,https://cdn.mediapark.uz/imgs/ebc067a1-5a22-4f5c-974d-e940d53d0d7e_test.webp,https://mediapark.uz/ru/product/smartfon-apple-iphone-12-pro-max-256-gb-graphite-5544,3,
Смартфон Apple iPhone 12 Pro Max 256 ГБ Gold,13696000.0,mediapark,https://cdn.mediapark.uz/imgs/b48124ed-7733-474f-9a7d-b3678ace25d5_test.webp,https://mediapark.uz/ru/product/smartfon-apple-iphone-12-pro-max-256-gb-gold-5546,3,
Смартфон Apple iPhone SE (2022) 128 GB Starlight,6083000.0,mediapark,https://cdn.mediapark.uz/imgs/0b02fb58-7f99-463f-ba80-bb54d0e64b91_test.webp,https://mediapark.uz/ru/product/smartfon-apple-iphone-se-2022-128-gb-starlight-5549,3,
Смартфон Samsung Galaxy A21s 32 GB Black,2437000.0,mediapark,https://cdn.mediapark.uz/imgs/97df3aa3-fa6f-42db-8fef-c7a916606290_test.webp,https://mediapark.uz/ru/product/smartfon-samsung-galaxy-a21s-32-gb-black-5602,3,
Смартфон Samsung Galaxy S20 FE 6/128 GB Cloud White,7543000.0,mediapark,https://cdn.mediapark.uz/imgs/1c39b939-6354-4f7b-afa9-90bbb89044ad_test.webp,https://mediapark.uz/ru/product/smartfon-samsung-galaxy-s20-fe-6-128-gb-cloud-white-5622,3,
Смартфон Samsung Galaxy S20 FE 6/128 GB Cloud Lavander,6352000.0,mediapark,https://cdn.mediapark.uz/imgs/7a209c9f-cf63-4319-8b84-14a8c31ef000_test.webp,https://mediapark.uz/ru/product/smartfon-samsung-galaxy-s20-fe-6-128-gb-cloud-lavander-5624,3,
Смартфон Xiaomi Poco X3 6/64 GB Shadow Gray,3410000.0,mediapark,https://cdn.mediapark.uz/imgs/470e42d9-47de-4c30-9d03-8a873e343e07_10_@1300.webp,https://mediapark.uz/ru/product/smartfon-xiaomi-poco-x3-6-64-gb-shadow-gray-6038,3,
Смартфон Oppo A52 4/64 GB Twilight Black,2350000.0,mediapark,https://cdn.mediapark.uz/imgs/66954f09-5370-47e1-8300-19e8d292dc37_test.webp,https://mediapark.uz/ru/product/smartfon-oppo-a52-4-64-gb-twilight-black-6046,3,
Смартфон Oppo A52 4/64 GB Stream White,2350000.0,mediapark,https://cdn.mediapark.uz/imgs/e8fb4dc9-b4de-4390-bbda-67c925b927ff_test.webp,https://mediapark.uz/ru/product/smartfon-oppo-a52-4-64-gb-stream-white-6047,3,
Смартфон Oppo A53 4/128 GB Black,2400000.0,mediapark,https://cdn.mediapark.uz/imgs/734a8fcc-2400-40ca-a0b7-98ef81021c59_test.webp,https://mediapark.uz/ru/product/smartfon-oppo-a53-4-128-gb-black-6048,3,
Смартфон Samsung Galaxy S21+ 8/128 GB Phantom Black,10312000.0,mediapark,https://cdn.mediapark.uz/imgs/073991de-8c66-4f10-9f99-54555f429111.webp,https://mediapark.uz/ru/product/smartfon-samsung-galaxy-s21-8-128-gb-phantom-black-6206,3,
Смартфон Vivo Y1S 2/32 GB Black,1721000.0,mediapark,https://cdn.mediapark.uz/imgs/600x600_e4468d60-0771-4c7a-930d-21117409c651_32-GB-Black-1.webp,https://mediapark.uz/ru/product/smartfon-vivo-y1s-2-32-gb-black-6296,3,
Смартфон Vivo Y1S 2/32 GB Blue,1721000.0,mediapark,https://cdn.mediapark.uz/imgs/600x600_d0aea8da-a6e1-48a8-87b5-391d4fdf7ad0_32-GB-Blue-1.webp,https://mediapark.uz/ru/product/smartfon-vivo-y1s-2-32-gb-blue-6297,3,
Смартфон Vivo Y20 4/64 GB Black,2518000.0,mediapark,https://cdn.mediapark.uz/imgs/a9a9b12b-109a-4630-8b0c-153e8ec26278_test.webp,https://mediapark.uz/ru/product/smartfon-vivo-y20-4-64-gb-black-6300,3,
Смартфон Vivo Y31 4/128 GB Blue,3036000.0,mediapark,https://cdn.mediapark.uz/imgs/600x600_8937104f-db27-4421-8ccf-1b4cdd05bfcf_Artboard-1.webp,https://mediapark.uz/ru/product/smartfon-vivo-y31-4-128-gb-blue-6421,3,
Смартфон Vivo X60 Pro 12/256 GB Shimmer Blue,9046000.0,mediapark,https://cdn.mediapark.uz/imgs/a7afd063-f5ac-41cd-8743-af5168c5d2f9_test.webp,https://mediapark.uz/ru/product/smartfon-vivo-x60-pro-12-256-gb-shimmer-blue-6442,3,
Смартфон Samsung Galaxy A32 4/64 GB Black,3337000.0,mediapark,https://cdn.mediapark.uz/imgs/a99a8bd7-adf2-4b3a-867d-ec853f9ffda7.webp,https://mediapark.uz/ru/product/smartfon-samsung-galaxy-a32-4-64-gb-black-6515,3,
Смартфон Samsung Galaxy A52 4/128 GB Black,3482000.0,mediapark,https://cdn.mediapark.uz/imgs/211db946-7da2-45c3-ad22-266b9b2dff6b.webp,https://mediapark.uz/ru/product/smartfon-samsung-galaxy-a52-4-128-gb-mix-6516,3,
Смартфон Vivo Y31 4/128 GB Black,3036000.0,mediapark,https://cdn.mediapark.uz/imgs/a71e0da4-f2a6-4a29-b240-829a809954bb_test.webp,https://mediapark.uz/ru/product/smartfon-vivo-y31-4-128-gb-black-7236,3,
Смартфон Xiaomi Redmi Note 9 128 GB Green,2648000.0,mediapark,https://cdn.mediapark.uz/imgs/d4331dce-05f1-4ffb-90e4-078725e3bef0_test.webp,https://mediapark.uz/ru/product/smartfon-xiaomi-redmi-note-9-128-gb-green-7265,3,
Смартфон Xiaomi Redmi 9A 2/32 GB Green,1647000.0,mediapark,https://cdn.mediapark.uz/imgs/1afce660-4885-49b7-ac47-831cdcc566ea_test.webp,https://mediapark.uz/ru/product/smartfon-xiaomi-redmi-9a-2-32-gb-green-7288,3,
Смартфон Oppo A54 4/64GB Blue,1676000.0,mediapark,https://cdn.mediapark.uz/imgs/08c18615-60fc-41f9-9db8-95767fc1a49a_Artboard1copy6_(1300x1300).webp,https://mediapark.uz/ru/product/smartfon-oppo-a54-4-64gb-blue-7362,3,
Смартфон Xiaomi Redmi 5X,1330000.0,mediapark,https://cdn.mediapark.uz/imgs/3b301f44-81c9-42d4-9b2f-0957a0542a40_test.webp,https://mediapark.uz/ru/product/smartfon-xiaomi-redmi-5x-7402,3,
Смартфон Samsung Galaxy A02S 3/32 GB Blue,1741000.0,mediapark,https://cdn.mediapark.uz/imgs/0454541d-579a-44fb-b57b-c40d9e9dd9c6.webp,https://mediapark.uz/ru/product/smartfon-samsung-galaxy-a02s-3-32-gb-blue-7416,3,
Смартфон Realme C25 4/64 GB,1694000.0,mediapark,https://cdn.mediapark.uz/imgs/f1a5d6c8-89b5-4264-85ed-c97316dbe8d9_test.webp,https://mediapark.uz/ru/product/smartfon-realme-c25-4-64-gb-7713,3,
Смартфон Xiaomi Mi 11 Lite 6/128 GB Blue,4008000.0,mediapark,https://cdn.mediapark.uz/imgs/014406de-24ee-4386-813b-1db04be4f8eb_test.webp,https://mediapark.uz/ru/product/smartfon-xiaomi-mi-11-lite-6-128-gb-blue-8100,3,
Смартфон Xiaomi Poco M3 Pro 4/64 GB Black,3094000.0,mediapark,https://cdn.mediapark.uz/imgs/39b89126-5733-4121-9e06-55ab15503be3_test.webp,https://mediapark.uz/ru/product/smartfon-xiaomi-poco-m3-pro-4-64-gb-black-9997,3,
Смартфон Samsung Galaxy Z Fold 3 8/256 GB Black,11935000.0,mediapark,https://cdn.mediapark.uz/imgs/6132083c-6fbb-4158-a77c-3150f961ea4f.webp,https://mediapark.uz/ru/product/smartfon-samsung-galaxy-z-fold-3-8-256-gb-black-10497,3,
Смартфон Samsung Galaxy Z Flip 3 8/128 GB Light Violet,11336000.0,mediapark,https://cdn.mediapark.uz/imgs/5ac4334a-4195-44cb-8498-7750ffc6dca9.webp,https://mediapark.uz/ru/product/smartfon-samsung-galaxy-z-flip-3-8-128-gb-light-violet-10499,3,
Смартфон Oppo A54 4/128 GB Black,1988000.0,mediapark,https://cdn.mediapark.uz/imgs/600x600_2dafb9a7-8978-4ccc-95a2-72d1d80dfac6_Монтажная-область-11300.webp,https://mediapark.uz/ru/product/smartfon-oppo-a54-4-128-gb-black-10708,3,
Смартфон Oppo A54 4/128GB Blue,1988000.0,mediapark,https://cdn.mediapark.uz/imgs/600x600_d2c274e2-8d71-4d56-ad7d-163214742f40_Монтажная-область-11300.webp,https://mediapark.uz/ru/product/smartfon-oppo-a54-4-128gb-blue-10709,3,
Смартфон Oppo A74 4/128 GB Black,2234000.0,mediapark,https://cdn.mediapark.uz/imgs/600x600_c2910dc1-c459-47d2-9c90-e39298e88bda_Монтажная-область-11300.webp,https://mediapark.uz/ru/product/smartfon-oppo-a74-4-128-gb-black-10710,3,
Смартфон Oppo A74 4/128 GB Blue,1734000.0,mediapark,https://cdn.mediapark.uz/imgs/600x600_39ad2ab3-eda2-4619-aaee-4c17d99a4647_Монтажная-область-11300.webp,https://mediapark.uz/ru/product/smartfon-oppo-a74-4-128-gb-blue-10711,3,
Смартфон Vivo Y31 4/64 GB Blue,2798000.0,mediapark,https://cdn.mediapark.uz/imgs/2c510439-75fd-498d-8ee2-26f9ea947cc8.webp,https://mediapark.uz/ru/product/smartfon-vivo-y31-4-64-gb-blue-10744,3,
Смартфон Xiaomi Poco F3 6/128 GB Blue,5775000.0,mediapark,https://cdn.mediapark.uz/imgs/600x600_2fa70cf2-e17c-4119-bb5b-dadb347e9e1a_Монтажная-область-11300.webp,https://mediapark.uz/ru/product/smartfon-xiaomi-poco-f3-6-128-gb-blue-10746,3,
Смартфон Xiaomi Poco F3 8/256 GB Black,6147000.0,mediapark,https://cdn.mediapark.uz/imgs/600x600_fdc146ff-4e39-48a4-ae78-bfef73ede840_Монтажная-область-11300.webp,https://mediapark.uz/ru/product/smartfon-xiaomi-poco-f3-8-256-gb-black-10930,3,
Смартфон Vivo V21 8/128 GB Dusk Blue,5805000.0,mediapark,https://cdn.mediapark.uz/imgs/1a987eff-47ac-4167-be02-b4f50a2176c7.webp,https://mediapark.uz/ru/product/smartfon-vivo-v21-8-128-gb-dusk-blue-12117,3,
Смартфон Vivo V21 8/128 GB Sunset Dazzle,6720000.0,mediapark,https://cdn.mediapark.uz/imgs/6d119f85-d2a7-4d67-bc82-9d9407d234fd_Artboard1_600.webp,https://mediapark.uz/ru/product/smartfon-vivo-v21-8-128-gb-sunset-dazzle-12312,3,
Смартфон Samsung Galaxy A03s 4/64 GB Blue,1857000.0,mediapark,https://cdn.mediapark.uz/imgs/8aa12c7a-5ec6-42b5-9588-084746eaa81a.webp,https://mediapark.uz/ru/product/smartfon-samsung-galaxy-a03s-4-64-gb-blue-12399,3,
Смартфон Samsung Galaxy A12 4/64 GB Black,2606000.0,mediapark,https://cdn.mediapark.uz/imgs/ffb20e57-395d-4037-89e4-3ae57c8eec44.webp,https://mediapark.uz/ru/product/smartfon-samsung-galaxy-a12-4-64-gb-black-12512,3,
Смартфон Apple iPhone 13 128 GB Starlight,7299000.0,mediapark,https://cdn.mediapark.uz/imgs/600x600_47fab0bd-a9f3-401f-8401-747a6c619d01_Artboard-11300.webp,https://mediapark.uz/ru/product/smartfon-apple-iphone-13-128-gb-starlight-12631,3,
Смартфон Samsung Galaxy A12 2/32 GB Black,1976000.0,mediapark,https://cdn.mediapark.uz/imgs/da895ce2-45ea-4a81-90d9-2122a0614962.webp,https://mediapark.uz/ru/product/smartfon-samsung-galaxy-a12-2-32-gb-black-12739,3,
Смартфон Apple iPhone 13 128 GB Midnight,7299000.0,mediapark,https://cdn.mediapark.uz/imgs/600x600_d17679a3-0b0b-4474-ba38-3e1ace4dfd05_Artboard-11300.webp,https://mediapark.uz/ru/product/smartfon-apple-iphone-13-128-gb-midnight-13594,3,
Смартфон Vivo Y53S 8/128 GB Rainbow,3064000.0,mediapark,https://cdn.mediapark.uz/imgs/044aba80-59f0-474f-b866-561d9f0ca9d2_Artboard1.webp,https://mediapark.uz/ru/product/smartfon-vivo-y53s-8-128-gb-rainbow-13890,3,
Смартфон Samsung Galaxy Z Fold3 12/256 GB Silver,11935000.0,mediapark,https://cdn.mediapark.uz/imgs/acde3282-b257-46e3-932d-3f6840ec8264.webp,https://mediapark.uz/ru/product/smartfon-samsung-galaxy-z-fold3-12-256-gb-silver-13957,3,
Смартфон Samsung Galaxy S21 FE 128GB Graphite,5612000.0,mediapark,https://cdn.mediapark.uz/imgs/63f032d5-b265-4421-8b12-1eb963e2809a.webp,https://mediapark.uz/ru/product/smartfon-samsung-galaxy-s21-fe-128gb-graphite-14157,3,
Смартфон Samsung Galaxy S21 FE White,5612000.0,mediapark,https://cdn.mediapark.uz/imgs/8b93251b-b246-4db8-bb61-6d337d6c5c81.webp,https://mediapark.uz/ru/product/smartfon-samsung-galaxy-s21-fe-white-14160,3,
Смартфон Xiaomi Mi 11 Lite 8/128GB Green,4455000.0,mediapark,https://cdn.mediapark.uz/imgs/600x600_2f3c310f-9827-4fcf-a33c-80bf1cd9d6fe_Монтажная-область-11300.webp,https://mediapark.uz/ru/product/smartfon-xiaomi-mi-11-lite-8-128gb-green-14174,3,
Смартфон Xiaomi 11T 8/256 GB Blue,6187000.0,mediapark,https://cdn.mediapark.uz/imgs/600x600_3a7a7f1f-5243-47d4-819c-9d917bfdb785_Монтажная-область-11300.webp,https://mediapark.uz/ru/product/smartfon-xiaomi-11t-8-256-gb-blue-14268,3,
Смартфон Samsung Galaxy A03 Core 2/32 GB Blue,1524000.0,mediapark,https://cdn.mediapark.uz/imgs/600x600_dc8e2514-9250-41ca-b83a-aad687e047f7_Монтажная-область-11300.webp,https://mediapark.uz/ru/product/smartfon-samsung-galaxy-a03-core-2-32-gb-blue-14377,3,
Смартфон Samsung Galaxy S22 8/256 GB Green,9409000.0,mediapark,https://cdn.mediapark.uz/imgs/a1025397-e133-4f20-b37b-41743c4512c1.webp,https://mediapark.uz/ru/product/smartfon-samsung-galaxy-s22-8-256-gb-green-14389,3,
Смартфон Samsung Galaxy S22 8/256 GB Phantom Black,9409000.0,mediapark,https://cdn.mediapark.uz/imgs/4b5f1415-7a35-4c7a-b925-6565dcf99bb9.webp,https://mediapark.uz/ru/product/smartfon-samsung-galaxy-s22-8-256-gb-phantom-black-14390,3,
Смартфон Samsung Galaxy S22 8/256 GB Phantom White,9409000.0,mediapark,https://cdn.mediapark.uz/imgs/c3b2d624-404b-46ba-a8dc-df1894120edf.webp,https://mediapark.uz/ru/product/smartfon-samsung-galaxy-s22-8-256-gb-phantom-white-14392,3,
Смартфон Samsung Galaxy S22 8/256 GB Pink Gold,9409000.0,mediapark,https://cdn.mediapark.uz/imgs/057682de-9a0b-479b-b3b2-09e1cd1dfa18.webp,https://mediapark.uz/ru/product/smartfon-samsung-galaxy-s22-8-256-gb-pink-gold-14393,3,
Смартфон Samsung Galaxy S22+ 8/128 GB Phantom Black,11093000.0,mediapark,https://cdn.mediapark.uz/imgs/5ba66a22-e598-456c-9fd6-ff20be2d76f6.webp,https://mediapark.uz/ru/product/smartfon-samsung-galaxy-s22-8-128-gb-phantom-black-14401,3,
Смартфон Samsung Galaxy S22 Ultra 8/256 GB White,12638000.0,mediapark,https://cdn.mediapark.uz/imgs/9b428a36-b301-4c99-badc-dcb42d9663ba.webp,https://mediapark.uz/ru/product/smartfon-samsung-galaxy-s22-ultra-8-256-gb-white-14409,3,
Смартфон Vivo Y15S 3/32 GB Blue,2082000.0,mediapark,https://cdn.mediapark.uz/imgs/600x600_448dea2e-dc3c-49dd-8826-3d73291e12ea_Artboard-1_(1300x1300).webp,https://mediapark.uz/ru/product/smartfon-vivo-y15s-3-32-gb-blue-14484,3,
Смартфон Xiaomi Redmi 9C 4/128 GB Purple,2361000.0,mediapark,https://cdn.mediapark.uz/imgs/600x600_3a715828-2bf3-4521-a948-e63bf79c911d_Монтажная-область-11300.webp,https://mediapark.uz/ru/product/smartfon-xiaomi-redmi-9c-4-128-gb-purple-14490,3,
Смартфон Oppo A91 8/128 GB Red,1986000.0,mediapark,https://cdn.mediapark.uz/imgs/600x600_d5212171-2e26-4e9c-8ee6-45430111c125_Artboard-1.webp,https://mediapark.uz/ru/product/smartfon-oppo-a91-8-128-gb-red-14491,3,
Смартфон Vivo Y21 4/64 GB Metallic Blue,2473000.0,mediapark,https://cdn.mediapark.uz/imgs/600x600_0c74d960-f399-49ff-b968-45e7e4b2f559_64-GB-Metallic-Blue-1.webp,https://mediapark.uz/ru/product/smartfon-vivo-y21-4-64-gb-metallic-blue-14637,3,
Смартфон Vivo Y33S 4/128 GB Mirror Black,2993000.0,mediapark,https://cdn.mediapark.uz/imgs/600x600_cf1a77f4-2bcd-49ad-a6fa-ae379e3886a6_Монтажная-область-11300.webp,https://mediapark.uz/ru/product/smartfon-vivo-y33s-4-128-gb-mirror-black-14639,3,
Смартфон Samsung Galaxy A53 5G 6/128 GB Awesome Black,2659000.0,mediapark,https://cdn.mediapark.uz/imgs/8655f479-54e3-41f7-a7a6-b7d49ee5a191.webp,https://mediapark.uz/ru/product/smartfon-samsung-galaxy-a53-5g-6-128-gb-awesome-black-14654,3,
Смартфон Samsung Galaxy A13 3/32GB Black,1785000.0,mediapark,https://cdn.mediapark.uz/imgs/074f388e-8665-4390-b1c1-f9876aa47984.webp,https://mediapark.uz/ru/product/smartfon-samsung-galaxy-a13-3-32gb-black-14674,3,
Смартфон Oppo Reno 7 8/128 GB Black,4152000.0,mediapark,https://cdn.mediapark.uz/imgs/346b7ca2-9852-48b2-81ef-31ff878fb72d_smartfon-oppo-reno-7-8-128-cosmic-black-6-transformed.webp,https://mediapark.uz/ru/product/smartfon-oppo-reno-7-8-128-gb-black-14680,3,
Смартфон Samsung Galaxy A22 5G 4/64 GB Black,2829000.0,mediapark,https://cdn.mediapark.uz/imgs/27035047-625f-4df8-9518-e80ff562f45c.webp,https://mediapark.uz/ru/product/smartfon-samsung-galaxy-a22-5g-4-64-gb-black-14749,3,
Смартфон Samsung Galaxy A13 3/32 GB White,1785000.0,mediapark,https://cdn.mediapark.uz/imgs/7d2bc321-aa7d-4fc5-8912-5a1617284439.webp,https://mediapark.uz/ru/product/smartfon-samsung-galaxy-a13-3-32-gb-white-14811,3,
Смартфон Samsung Galaxy A13 3/32 GB Blue,1785000.0,mediapark,https://cdn.mediapark.uz/imgs/063b71f6-1871-44bb-bb44-81b02e939445.webp,https://mediapark.uz/ru/product/smartfon-samsung-galaxy-a13-3-32-gb-blue-14812,3,
Смартфон Samsung Galaxy A23 4/64 GB Black,2399000.0,mediapark,https://cdn.mediapark.uz/imgs/9df55c1f-9133-4c2b-93b0-c880c0fe84ca.webp,https://mediapark.uz/ru/product/smartfon-samsung-galaxy-a23-4-64-gb-black-14815,3,
Смартфон Samsung Galaxy A23 4/64 GB White,2399000.0,mediapark,https://cdn.mediapark.uz/imgs/779c859c-adc6-4f77-8286-8cc3e2b1d9d9.webp,https://mediapark.uz/ru/product/smartfon-samsung-galaxy-a23-4-64-gb-white-14816,3,
Смартфон Samsung Galaxy A73 6/128 GB Gray,5000000.0,mediapark,https://cdn.mediapark.uz/imgs/55d32a98-2b8a-452f-8308-486ce1668c52.webp,https://mediapark.uz/ru/product/smartfon-samsung-galaxy-a73-6-128-gb-gray-14818,3,
Смартфон Samsung Galaxy A73 6/128 GB Mint,5000000.0,mediapark,https://cdn.mediapark.uz/imgs/31254a63-9ae5-4012-93d0-a3a2c915204f.webp,https://mediapark.uz/ru/product/smartfon-samsung-galaxy-a73-6-128-gb-mint-14819,3,
Смартфон Oppo Reno 7 8/128 GB Sunset Orange,3880000.0,mediapark,https://cdn.mediapark.uz/imgs/aa222536-2546-4682-9625-eb7e1e8f422e.webp,https://mediapark.uz/ru/product/smartfon-oppo-reno-7-8-128-gb-sunset-orange-14847,3,
Смартфон Oppo A72 4/128 GB Purple,1915000.0,mediapark,https://cdn.mediapark.uz/imgs/600x600_f2220c67-2583-4e7b-8440-843d6f88b0dd_Artboard-1@1300x-100.webp,https://mediapark.uz/ru/product/smartfon-oppo-a72-4-128-gb-purple-14884,3,
Смартфон Oppo A72 4/128 GB White,1915000.0,mediapark,https://cdn.mediapark.uz/imgs/ddd39514-d943-4650-af7e-934f7faf9a3c.webp,https://mediapark.uz/ru/product/smartfon-oppo-a72-4-128-gb-white-14886,3,
Смартфон Oppo A72 4/128 GB Black,1915000.0,mediapark,https://cdn.mediapark.uz/imgs/600x600_bc34ddab-8d87-46b8-ae07-de0bbf0b922c_Artboard-1@1300x-100.webp,https://mediapark.uz/ru/product/smartfon-oppo-a72-4-128-gb-black-14888,3,
Смартфон Samsung Galaxy A03 4/64 GB Black,1887000.0,mediapark,https://cdn.mediapark.uz/imgs/600x600_c9d6f596-9f06-48e2-914e-b9e652a37737_Монтажная-область-11300.webp,https://mediapark.uz/ru/product/smartfon-samsung-galaxy-a03-4-64-gb-black-15029,3,
Смартфон Samsung Galaxy A03 4/64 GB Blue,1857000.0,mediapark,https://cdn.mediapark.uz/imgs/8215e43c-11cb-489d-8dbe-5d5d72cf5d61_test.webp,https://mediapark.uz/ru/product/smartfon-samsung-galaxy-a03-4-64-gb-blue-15030,3,
Смартфон Samsung Galaxy Z Fold 4 8/256 GB Gray,13712000.0,mediapark,https://cdn.mediapark.uz/imgs/c95b4143-f1e2-4e93-981d-5604fa1effb6.webp,https://mediapark.uz/ru/product/smartfon-samsung-galaxy-z-fold-4-8-256-gb-gray-15086,3,
Смартфон Samsung Galaxy Z Fold 4 8/256 GB Black,13712000.0,mediapark,https://cdn.mediapark.uz/imgs/60e2f35a-85b9-4261-a936-392f269f9a53.webp,https://mediapark.uz/ru/product/smartfon-samsung-galaxy-z-fold-4-8-256-gb-black-15088,3,
Смартфон Samsung Galaxy Z Fold 4 8/512 GB Gray,14322000.0,mediapark,https://cdn.mediapark.uz/imgs/363d45bb-1799-486f-a9f0-54ad44b6181e.webp,https://mediapark.uz/ru/product/smartfon-samsung-galaxy-z-fold-4-8-512-gb-gray-15089,3,
Смартфон Samsung Galaxy Z Flip4 8/256 GB Gray,12999000.0,mediapark,https://cdn.mediapark.uz/imgs/bf6da4ba-80cd-4343-9b54-331efbd631ec_test.webp,https://mediapark.uz/ru/product/smartfon-samsung-galaxy-z-flip4-8-256-gb-gray-15096,3,
Смартфон Samsung Galaxy Z Flip 4 8/256 GB Gold,12999000.0,mediapark,https://cdn.mediapark.uz/imgs/9a893232-d54a-4927-a2cc-17f70f4a1248.webp,https://mediapark.uz/ru/product/smartfon-samsung-galaxy-z-flip-4-8-256-gb-gold-15098,3,
Смартфон Xiaomi Redmi Note 10 8/128 GB Green,3396000.0,mediapark,https://cdn.mediapark.uz/imgs/600x600_22d07616-96c3-4881-ab59-ef80c7c50eb2_Монтажная-область-11300.webp,https://mediapark.uz/ru/product/smartfon-xiaomi-redmi-note-10-8-128-gb-green-15129,3,
Смартфон Apple iPhone SE (2022) 128 GB Red,6083000.0,mediapark,https://cdn.mediapark.uz/imgs/20c59e8a-bfbf-4336-a29e-1a3331ecf22a_test.webp,https://mediapark.uz/ru/product/smartfon-apple-iphone-se-2022-128-gb-red-15225,3,
Смартфон Apple iPhone SE (2022) 64 GB Red,4867000.0,mediapark,https://cdn.mediapark.uz/imgs/2a175b46-67bd-4186-ac31-050efc7d5d7f_test.webp,https://mediapark.uz/ru/product/smartfon-apple-iphone-se-2022-64-gb-red-15226,3,
Смартфон Apple iPhone SE (2022) 64 GB Midnight,4867000.0,mediapark,https://cdn.mediapark.uz/imgs/5d9de54c-a577-4240-8e5e-0a34f19c21fa_test.webp,https://mediapark.uz/ru/product/smartfon-apple-iphone-se-2022-64-gb-midnight-15227,3,
Смартфон Apple iPhone SE (2022) 64 GB Starlight,4867000.0,mediapark,https://cdn.mediapark.uz/imgs/622e2e66-17a1-4922-bb2d-3593a564f8b5_test.webp,https://mediapark.uz/ru/product/smartfon-apple-iphone-se-2022-64-gb-starlight-15228,3,
Смартфон Apple iPhone SE (2022) 256 GB Starlight,7179000.0,mediapark,https://cdn.mediapark.uz/imgs/3381eb5b-4818-45fc-9fb4-8d413f343de6_test.webp,https://mediapark.uz/ru/product/smartfon-apple-iphone-se-2022-256-gb-starlight-15229,3,
Смартфон Apple iPhone SE (2022) 256 GB Midnight	,7179000.0,mediapark,https://cdn.mediapark.uz/imgs/5cc1975f-c3cc-4b7c-95a1-8cb2b0ec6b77_test.webp,https://mediapark.uz/ru/product/smartfon-apple-iphone-se-2022-256-gb-midnight-15230,3,
Смартфон Apple iPhone SE (2022) 256 GB Red,7179000.0,mediapark,https://cdn.mediapark.uz/imgs/e2152b4a-7a9d-40bc-9d66-4ed347bc6175_test.webp,https://mediapark.uz/ru/product/smartfon-apple-iphone-se-2022-256-gb-red-15231,3,
Смартфон Xiaomi Redmi 10A 2/32 GB Gray,1788000.0,mediapark,https://cdn.mediapark.uz/imgs/a3830d70-a83c-4d2a-a8d0-2cbac5c7223d_test.webp,https://mediapark.uz/ru/product/smartfon-xiaomi-redmi-10a-2-32-gb-gray-15243,3,
Смартфон Xiaomi Redmi 10A 4/128 GB Blue,2270000.0,mediapark,https://cdn.mediapark.uz/imgs/0d17b204-ce1f-4d56-b550-5477a36e2d07_test.webp,https://mediapark.uz/ru/product/smartfon-xiaomi-redmi-10a-4-128-gb-blue-15247,3,
Смартфон Realme C11 (2021) 2/32 GB Iron Grey,785000.0,mediapark,https://cdn.mediapark.uz/imgs/21a38174-5a8e-484f-aae5-7150c77e301b.webp,https://mediapark.uz/ru/product/smartfon-realme-c11-2021-2-32-gb-iron-grey-15257,3,
Смартфон Samsung Galaxy A03s 3/32 GB Black,1785000.0,mediapark,https://cdn.mediapark.uz/imgs/a30f5354-8869-4246-9b8d-58198e7d7928.webp,https://mediapark.uz/ru/product/smartfon-samsung-galaxy-a03s-3-32-gb-black-15262,3,
Смартфон Apple iPhone 14 128 GB Midnight,8299000.0,mediapark,https://cdn.mediapark.uz/imgs/600x600_684c228b-dfef-45cd-81c1-931226225fc7_1.webp,https://mediapark.uz/ru/product/smartfon-apple-iphone-14-128-gb-midnight-15303,3,
Смартфон Apple iPhone 14 128 GB Starlight,8299000.0,mediapark,https://cdn.mediapark.uz/imgs/600x600_f3b17faf-e019-42b2-a893-533485a6319b_1.webp,https://mediapark.uz/ru/product/smartfon-apple-iphone-14-128-gb-starlight-15304,3,
Смартфон Apple iPhone 14 Pro 128 GB Space Black,15914000.0,mediapark,https://cdn.mediapark.uz/imgs/1ff166ce-8636-4b61-9895-6704ac172f61.webp,https://mediapark.uz/ru/product/smartfon-apple-iphone-14-pro-128-gb-space-black-15337,3,
Смартфон Apple iPhone 14 Pro 128 GB Silver,14728000.0,mediapark,https://cdn.mediapark.uz/imgs/15b42d45-89b9-465e-98e2-5551831cbc3f.webp,https://mediapark.uz/ru/product/smartfon-apple-iphone-14-pro-128-gb-silver-15338,3,
Смартфон Xiaomi 12 12/256 GB Blue,9299000.0,mediapark,https://cdn.mediapark.uz/imgs/600x600_1905b6ad-815f-4460-904c-d8921632b38a_Монтажная-область-11300.webp,https://mediapark.uz/ru/product/smartfon-xiaomi-12-12-256-gb-blue-15342,3,
Смартфон Xiaomi 12 8/256 GB Grey,8299000.0,mediapark,https://cdn.mediapark.uz/imgs/600x600_40d17dac-b530-4259-b8db-9e185c31e7a0_Монтажная-область-11300.webp,https://mediapark.uz/ru/product/smartfon-xiaomi-12-8-256-gb-grey-15344,3,
Смартфон Xiaomi 12 8/128 GB Grey,7999000.0,mediapark,https://cdn.mediapark.uz/imgs/518ec988-8616-4b7f-aa70-d4e45ea9f687.webp,https://mediapark.uz/ru/product/smartfon-xiaomi-12-8-128-gb-grey-15345,3,
Смартфон Apple iPhone 14 Pro Max 512 GB Space Black,16999000.0,mediapark,https://cdn.mediapark.uz/imgs/5c09743d-627a-426a-a787-189c2ac5c8c7.webp,https://mediapark.uz/ru/product/smartfon-apple-iphone-14-pro-max-512-gb-space-black-15374,3,
Смартфон Apple iPhone 14 Pro Max 512 GB Deep Purple,17741000.0,mediapark,https://cdn.mediapark.uz/imgs/593ebbd2-855e-461a-90b7-f1e396fd7833.webp,https://mediapark.uz/ru/product/smartfon-apple-iphone-14-pro-max-512-gb-deep-purple-15377,3,
Смартфон Apple iPhone 14 Pro Max 1TB Silver,23799000.0,mediapark,https://cdn.mediapark.uz/imgs/2f62af52-4b27-4989-ab35-e53380c3fccc_mediaparkproduct_3_1300.webp,https://mediapark.uz/ru/product/smartfon-apple-iphone-14-pro-max-1tb-silver-15380,3,
Смартфон Vivo V25 Pro 8/128 GB Blue,6600000.0,mediapark,https://cdn.mediapark.uz/imgs/555d9338-4afe-4989-8948-966790ca1c02_test.webp,https://mediapark.uz/ru/product/smartfon-vivo-v25-pro-8-128-gb-blue-15418,3,
Смартфон Vivo V25 Pro 8/128 GB Black,6600000.0,mediapark,https://cdn.mediapark.uz/imgs/f8875fd4-558c-4d62-b37d-de11440dce62_test.webp,https://mediapark.uz/ru/product/smartfon-vivo-v25-pro-8-128-gb-black-15419,3,
Смартфон Vivo V25 Pro 12/256 GB Gold,6600000.0,mediapark,https://cdn.mediapark.uz/imgs/2bb84489-9a56-4e52-b590-b674233ea76e_test.webp,https://mediapark.uz/ru/product/smartfon-vivo-v25-pro-12-256-gb-gold-15422,3,
Смартфон Xiaomi Mi 12T 8/128 GB Blue,5464000.0,mediapark,https://cdn.mediapark.uz/imgs/9c0c7715-96c8-4563-ba77-004b9387d5e6_test.webp,https://mediapark.uz/ru/product/smartfon-xiaomi-mi-12t-8-128-gb-blue-15429,3,
Смартфон Samsung Galaxy A23 4/128 GB Black,3134000.0,mediapark,https://cdn.mediapark.uz/imgs/f7f52e93-4744-4909-98af-e27ba797994a.webp,https://mediapark.uz/ru/product/smartfon-samsung-galaxy-a23-4-128-gb-black-15439,3,
Смартфон HONOR 70 8/256 GB Midnight Black,6100000.0,mediapark,https://cdn.mediapark.uz/imgs/213750c1-c45b-435c-bb4c-acbe090354d8_Artboard8_(1300x1300).webp,https://mediapark.uz/ru/product/smartfon-honor-70-8-256-gb-midnight-black-15440,3,
Смартфон HONOR 70 8/128 GB Midnight Black,6394000.0,mediapark,https://cdn.mediapark.uz/imgs/0a7b2249-5767-4918-9b38-3a9f0e261d8b_Artboard8_(1300x1300).webp,https://mediapark.uz/ru/product/smartfon-honor-70-8-128-gb-midnight-black-15442,3,
Смартфон HONOR 70 8/128 GB Emerald Green,6394000.0,mediapark,https://cdn.mediapark.uz/imgs/cadbe2da-5aa2-4f44-aca6-9357ab5076b7_Artboard2_(1300x1300).webp,https://mediapark.uz/ru/product/smartfon-honor-70-8-128-gb-emerald-green-15443,3,
Смартфон HONOR X9 6/128 GB Ocean Blue,3363000.0,mediapark,https://cdn.mediapark.uz/imgs/3e1afdce-a15d-4ebc-8f07-5819d3b18f41_Artboard8_(1300x1300).webp,https://mediapark.uz/ru/product/smartfon-honor-x9-6-128-gb-ocean-blue-15450,3,
Смартфон Xiaomi Redmi 10C 3/64 GB Green,2049000.0,mediapark,https://cdn.mediapark.uz/imgs/c2436de9-4528-425a-94b5-95c83dd9f41c.webp,https://mediapark.uz/ru/product/smartfon-xiaomi-redmi-10c-3-64-gb-green-15479,3,
Смартфон Oppo A17 4/64 GB Midnight Black,1376000.0,mediapark,https://cdn.mediapark.uz/imgs/ffed7604-64a9-4675-a1a4-174c35215fdf.webp,https://mediapark.uz/ru/product/smartfon-oppo-a17-4-64-gb-midnight-black-15595,3,
Смартфон Oppo A17 4/64 GB Lake Blue,1376000.0,mediapark,https://cdn.mediapark.uz/imgs/ee8aed27-88b5-4d63-a477-92d28d50c9ac.webp,https://mediapark.uz/ru/product/smartfon-oppo-a17-4-64-gb-lake-blue-15597,3,
Смартфон Oppo A57s 4/64 GB Starry Black,2252000.0,mediapark,https://cdn.mediapark.uz/imgs/2c58f2ae-73e2-4a65-bc22-fdf8688218ec.webp,https://mediapark.uz/ru/product/smartfon-oppo-a57s-4-64-gb-starry-black-15599,3,
Смартфон Oppo A57s 4/64 GB Sky Blue,1790000.0,mediapark,https://cdn.mediapark.uz/imgs/8981e5fa-a0c1-4266-a3b2-f7dbdcbc1fef.webp,https://mediapark.uz/ru/product/smartfon-oppo-a57s-4-64-gb-sky-blue-15600,3,
Смартфон Huawei Nova Y70 4/64 GB Midnight Black,1985000.0,mediapark,https://cdn.mediapark.uz/imgs/600x600_3d3781b4-7475-4c74-917b-6c9f4455efb1_mediapark-product_0_1300.webp,https://mediapark.uz/ru/product/smartfon-huawei-nova-y70-4-64-gb-midnight-black-15615,3,
Смартфон Huawei Nova Y70 4/64 GB Blue Crystal,1985000.0,mediapark,https://cdn.mediapark.uz/imgs/600x600_adaaa520-baa4-45fb-af58-973182f498c9_mediapark-product_0_1300.webp,https://mediapark.uz/ru/product/smartfon-huawei-nova-y70-4-64-gb-blue-crystal-15618,3,
Смартфон Huawei Nova Y70 4/128 GB Midnight Black,2371000.0,mediapark,https://cdn.mediapark.uz/imgs/600x600_659ece62-48e1-4cec-a433-d75c179787a9_mediapark-product_0_1300.webp,https://mediapark.uz/ru/product/smartfon-huawei-nova-y70-4-128-gb-midnight-black-15619,3,
Смартфон Huawei Nova Y70 4/128 GB Blue Crystal,2372000.0,mediapark,https://cdn.mediapark.uz/imgs/600x600_38c7b938-d5f9-4125-82de-3f6a6944e8a6_mediapark-product_0_1300.webp,https://mediapark.uz/ru/product/smartfon-huawei-nova-y70-4-128-gb-blue-crystal-15621,3,
Смартфон Huawei Nova Y90 4/128 GB Blue Crystal,3041000.0,mediapark,https://cdn.mediapark.uz/imgs/600x600_4c988228-0066-4b52-92ea-a84aeb54c026_mediapark-product_0_1300.webp,https://mediapark.uz/ru/product/smartfon-huawei-nova-y90-4-128-gb-blue-crystal-15626,3,
Смартфон Huawei Nova Y90 4/128 GB Emerald Green,3042000.0,mediapark,https://cdn.mediapark.uz/imgs/600x600_e4677181-c9a1-4734-921e-cd0dac3ed057_mediapark-product_0_1300.webp,https://mediapark.uz/ru/product/smartfon-huawei-nova-y90-4-128-gb-emerald-green-15627,3,
Смартфон Huawei Nova Y90 4/128 GB Midnight Black,3042000.0,mediapark,https://cdn.mediapark.uz/imgs/600x600_5f61cdee-026b-42c6-a4e7-85c1864a6d4c_mediapark-product_0_1300.webp,https://mediapark.uz/ru/product/smartfon-huawei-nova-y90-4-128-gb-midnight-black-15628,3,
Смартфон Huawei P50 Pro 8/256 GB Black,13421000.0,mediapark,https://cdn.mediapark.uz/imgs/cde5fc62-2897-427d-86ba-ac53f68e39d4_Artboard1copy_(1300x1300).webp,https://mediapark.uz/ru/product/smartfon-huawei-p50-pro-8-256-gb-black-15636,3,
Смартфон Huawei P50 Pro 8/256 GB Light Gold,13421000.0,mediapark,https://cdn.mediapark.uz/imgs/847656d6-80ff-48e7-be6b-372d1116f6fe.webp,https://mediapark.uz/ru/product/smartfon-huawei-p50-pro-8-256-gb-light-gold-15640,3,
Смартфон Tecno Pop 5 Lite 2/32 GB Blue,773000.0,mediapark,https://cdn.mediapark.uz/imgs/09b549e0-b225-4b66-83c4-3bda8dd57e99_test.webp,https://mediapark.uz/ru/product/smartfon-tecno-pop-5-lite-2-32-gb-blue-15656,3,
Смартфон Samsung Galaxy A13 3/128 GB Black,2515000.0,mediapark,https://cdn.mediapark.uz/imgs/d93cdd65-3fc4-42f5-9fb8-786fd97aa2e8.webp,https://mediapark.uz/ru/product/smartfon-samsung-galaxy-a13-3-128-gb-black-15700,3,
Смартфон Realme Narzo 50 (RMX3286) 6/128 GB Blue,2899000.0,mediapark,https://cdn.mediapark.uz/imgs/18255292-64fc-47ab-900a-4afde4146873_Realme_Narzo_50_(RMX3286)_6-128_GB_Black.webp,https://mediapark.uz/ru/product/smartfon-realme-narzo-50-rmx3286-6-128-gb-blue-15920,3,
Смартфон Vivo Y22 4/64 GB Starlit Blue,2187000.0,mediapark,https://cdn.mediapark.uz/imgs/600x600_b7e5d177-8b0d-4a89-a00e-85dab8f321e7_Artboard-1_(1300x1300).webp,https://mediapark.uz/ru/product/smartfon-vivo-y22-4-64-gb-starlit-blue-15943,3,
Смартфон Vivo Y22 4/64 GB Metaverse Green,2187000.0,mediapark,https://cdn.mediapark.uz/imgs/600x600_5e1abf87-136a-4cc6-b304-99b2491b04d8_Artboard-1_(1300x1300).webp,https://mediapark.uz/ru/product/smartfon-vivo-y22-4-64-gb-metaverse-green-15944,3,
Смартфон Samsung Galaxy A04s 3/32 GB Black,2076000.0,mediapark,https://cdn.mediapark.uz/imgs/1555b120-97e5-46d5-b7a5-c6aff87cf63a.webp,https://mediapark.uz/ru/product/smartfon-samsung-galaxy-a04s-3-32-gb-black-15945,3,
Смартфон Samsung Galaxy A04s 3/32 GB Copper,2076000.0,mediapark,https://cdn.mediapark.uz/imgs/90faa37c-fb1b-4c21-9494-6024a4b56956.webp,https://mediapark.uz/ru/product/smartfon-samsung-galaxy-a04s-3-32-gb-copper-15946,3,
Смартфон Samsung Galaxy A04s 4/64 GB Black,2176000.0,mediapark,https://cdn.mediapark.uz/imgs/c75ccbcf-fb5c-498e-b761-71e313dda252.webp,https://mediapark.uz/ru/product/smartfon-samsung-galaxy-a04s-4-64-gb-black-15949,3,
Смартфон Samsung Galaxy A04s 4/64 GB Green,2176000.0,mediapark,https://cdn.mediapark.uz/imgs/8639e7bf-c58e-4f9b-8937-1eaa7d2ed387.webp,https://mediapark.uz/ru/product/smartfon-samsung-galaxy-a04s-4-64-gb-green-15951,3,
Смартфон Huawei Nova 10 Pro 8/256 GB Shimmery Silver,8419000.0,mediapark,https://cdn.mediapark.uz/imgs/fb836cb5-7504-4bcf-ad95-55ba7169571e.webp,https://mediapark.uz/ru/product/smartfon-huawei-nova-10-pro-8-256-gb-shimmery-silver-16099,3,
Смартфон Huawei Nova Y61 4/64 GB Mint Green,1750000.0,mediapark,https://cdn.mediapark.uz/imgs/780dee6a-8279-4dae-bc0c-14776404d6a2.webp,https://mediapark.uz/ru/product/smartfon-huawei-nova-y61-4-64-gb-mint-green-16118,3,
Смартфон Samsung Galaxy S23 8/128 GB Green,11936000.0,mediapark,https://cdn.mediapark.uz/imgs/bc95dd53-12ac-421c-bf14-17065b9e04e1.webp,https://mediapark.uz/ru/product/smartfon-samsung-galaxy-s23-8-128-gb-green-16407,3,
Смартфон Samsung Galaxy S23 8/128 GB Cream,11936000.0,mediapark,https://cdn.mediapark.uz/imgs/a368ccb7-f951-4c73-b932-7d0c36f2a352.webp,https://mediapark.uz/ru/product/smartfon-samsung-galaxy-s23-8-128-gb-cream-16408,3,
Смартфон HONOR X7A (4/128) Ocean Blue,2581000.0,mediapark,https://cdn.mediapark.uz/imgs/53ac55f2-4307-4830-b5b8-f93fe82bbc3e_Artboard4_(1300x1300).webp,https://mediapark.uz/ru/product/smartfon-honor-x7a-4-128-ocean-blue-16461,3,
Смартфон OPPO A77S 128GB Sunset Orange,3003000.0,mediapark,https://cdn.mediapark.uz/imgs/28425b73-49e5-448e-82d5-bc772dd0e706_Без-имени-1.webp,https://mediapark.uz/ru/product/smartfon-oppo-a77s-128gb-sunset-orange-16471,3,
Смартфон OPPO A77S 128GB Starry Black,3003000.0,mediapark,https://cdn.mediapark.uz/imgs/beefcbf5-6b93-430d-b1a9-09d862a2c11a.webp,https://mediapark.uz/ru/product/smartfon-oppo-a77s-128gb-starry-black-16475,3,
Смартфон HONOR X8A (6/128) Blue,2740000.0,mediapark,https://cdn.mediapark.uz/imgs/c48db86d-f52f-40c4-85bc-0b237cc02208_Artboard1_(1300x1300).webp,https://mediapark.uz/ru/product/smartfon-honor-x8a-6-128-blue-16480,3,
Смартфон HONOR X8A (6/128) Silver,2740000.0,mediapark,https://cdn.mediapark.uz/imgs/1dc9512f-f28d-4822-9d19-5b3e70402096_Artboard2.webp,https://mediapark.uz/ru/product/smartfon-honor-x8a-6-128-silver-16482,3,
Смартфон Samsung Galaxy A04 3/32Gb Copper,1538000.0,mediapark,https://cdn.mediapark.uz/imgs/600x600_734d34e7-15c4-4966-aba4-7b57d4f7b6db_Artboard-1@1300x-100.webp,https://mediapark.uz/ru/product/smartfon-samsung-galaxy-a04-sm-a045f-3-32gb-copper-16515,3,
Смартфон SAMSUNG SM-A047F A04S 64 ГБ Copper,2176000.0,mediapark,https://cdn.mediapark.uz/imgs/853bcf7b-7973-4e19-a213-6207db648bce_232323.webp,https://mediapark.uz/ru/product/smartfon-samsung-sm-a047f-a04s-64gb-copper-16517,3,
Смартфон HONOR X8A 6/128 GB Black,2740000.0,mediapark,https://cdn.mediapark.uz/imgs/de5ba8d9-ab0b-49a1-97c9-1f462ac22726_Artboard2_(1300x1300).webp,https://mediapark.uz/ru/product/smartfon-honor-x8a-6-128-gb-black-16520,3,
Смартфон HONOR X7A 4/128GB Titanium Silver,2439000.0,mediapark,https://cdn.mediapark.uz/imgs/e1bafd35-4225-4b97-a3ff-1051b3817d5b_Artboard4_(1300x1300).webp,https://mediapark.uz/ru/product/smartfon-honor-x7a-4-128gb-titanium-silver-16523,3,
Смартфон Oppo Reno 8T 8/128GB Orange,2596000.0,mediapark,https://cdn.mediapark.uz/imgs/600x600_d8f0cbc8-0e64-40c9-8fbb-cc301060a850_963bb69df526d751cff2c3696c6fcef7ea0b87723c463b72d5127254ebed8b4d.jpg.webp,https://mediapark.uz/ru/product/smartfon-oppo-reno-8t-8-128gb-orange-16527,3,
Смартфон Samsung Galaxy A03 3/32 GB Red,1596000.0,mediapark,https://cdn.mediapark.uz/imgs/600x600_041326cc-1d37-4c30-ba8d-d642db32e03f_Artboard-1.webp,https://mediapark.uz/ru/product/smartfon-samsung-galaxy-a03-3-32-gb-red-16529,3,
Смартфон Xiaomi 13 Lite 8/128 GB Blue,5180000.0,mediapark,https://cdn.mediapark.uz/imgs/600x600_e9fd2184-992b-4635-9256-849d4ce364b5_Монтажная-область-11300.webp,https://mediapark.uz/ru/product/smartfon-xiaomi-13-lite-8-128-gb-blue-16535,3,
Смартфон Samsung Galaxy A34 6/128 GB Graphite,3424000.0,mediapark,https://cdn.mediapark.uz/imgs/b2efaa40-5321-432e-a715-deea05289221.webp,https://mediapark.uz/ru/product/smartfon-samsung-galaxy-a34-6-128-gb-graphite-16546,3,
Смартфон Samsung Galaxy A54 6/128 GB Graphite,4105000.0,mediapark,https://cdn.mediapark.uz/imgs/97234e13-6ce5-4019-b145-80832e0e06c4.webp,https://mediapark.uz/ru/product/smartfon-samsung-galaxy-a54-6-128-gb-graphite-16547,3,
Смартфон Oppo A57s 4/128 GB Starry Black,2622000.0,mediapark,https://cdn.mediapark.uz/imgs/dc433239-a736-497f-a6d0-402eb2e7200f.webp,https://mediapark.uz/ru/product/smartfon-oppo-a57s-4-128-gb-starry-black-16584,3,
Смартфон Samsung Galaxy S23 Plus 8/512 GB Green,14930000.0,mediapark,https://cdn.mediapark.uz/imgs/ea14281c-28ce-471b-a3c5-21f494955663.webp,https://mediapark.uz/ru/product/smartfon-samsung-galaxy-s23-plus-8-512-gb-green-16627,3,
Смартфон Samsung Galaxy S23 Plus 8/512 GB Black,15165000.0,mediapark,https://cdn.mediapark.uz/imgs/0fc46ae8-a096-4d32-83c2-526de1389af8.webp,https://mediapark.uz/ru/product/smartfon-samsung-galaxy-s23-plus-8-512-gb-black-16629,3,
Смартфон Samsung Galaxy S23 Plus 8/256 GB Cream,13474000.0,mediapark,https://cdn.mediapark.uz/imgs/c8fac9f0-7a8d-4eff-bd1c-6008adbe896a.webp,https://mediapark.uz/ru/product/smartfon-samsung-galaxy-s23-plus-8-256-gb-cream-16632,3,
Смартфон Samsung Galaxy S23 8/256 GB Lavender,12568000.0,mediapark,https://cdn.mediapark.uz/imgs/600x600_a587a3f8-e2c6-46a7-ab3f-c80e68ddde3b_Монтажная-область-1.webp,https://mediapark.uz/ru/product/smartfon-samsung-galaxy-s23-8-256-gb-lavender-16635,3,
Смартфон Samsung Galaxy S23 8/256 GB Green,12568000.0,mediapark,https://cdn.mediapark.uz/imgs/600x600_d0367c46-5df2-4b69-a81d-689fa88b41be_Монтажная-область-1.webp,https://mediapark.uz/ru/product/smartfon-samsung-galaxy-s23-8-256-gb-green-16636,3,
Смартфон Samsung Galaxy S23 8/256 GB Cream,12568000.0,mediapark,https://cdn.mediapark.uz/imgs/600x600_85f2bd4e-b697-4967-8e6f-6a46362a9b79_Монтажная-область-1.webp,https://mediapark.uz/ru/product/smartfon-samsung-galaxy-s23-8-256-gb-cream-16637,3,
Смартфон HONOR X9b 12/256 GB Midnight Black,3899000.0,mediapark,https://cdn.mediapark.uz/imgs/ecc6d904-a5ac-4eb2-aa6d-6d6454650a26_Artboard1_1300.webp,https://mediapark.uz/ru/product/smartfon-honor-x9b-12-256-gb-midnight-black-16653,3,
Смартфон HONOR X9a 6/128GB Emerald Green,4654000.0,mediapark,https://cdn.mediapark.uz/imgs/f1cfc315-30eb-4bee-9266-6116e1ec1aba_mediaparkproduct_(1300x1300).webp,https://mediapark.uz/ru/product/smartfon-honor-x9a-6-128gb-emerald-green-16662,3,
Смартфон Samsung Galaxy A04E 32GB Copper,1427000.0,mediapark,https://cdn.mediapark.uz/imgs/92176b3f-3baa-4cb5-8fa6-4eac353e8f82.webp,https://mediapark.uz/ru/product/smartfon-samsung-galaxy-a04e-32gb-copper-16678,3,
Смартфон Samsung Galaxy A04 64GB Copper,1756000.0,mediapark,https://cdn.mediapark.uz/imgs/4c07ba14-1aba-4a9f-85ff-cc3fd18836cb_ПАШ-1.webp,https://mediapark.uz/ru/product/smartfon-samsung-galaxy-a04-64gb-copper-16679,3,
Смартфон Samsung Galaxy A14 128GB Silver,2394000.0,mediapark,https://cdn.mediapark.uz/imgs/600x600_4f60e298-060c-4c6f-9d3a-bca509de9808_Artboard-1@1300x-100.webp,https://mediapark.uz/ru/product/smartfon-samsung-galaxy-a14-128gb-silver-16680,3,
Смартфон Samsung Galaxy A14 64GB Silver,2090000.0,mediapark,https://cdn.mediapark.uz/imgs/600x600_e7326fa2-69a0-49a0-9ba1-b7f72a3bd881_Artboard-1@1300x-100.webp,https://mediapark.uz/ru/product/smartfon-samsung-galaxy-a14-64gb-silver-16681,3,
Смартфон Samsung Galaxy A73 8/256 GB Gray,6161000.0,mediapark,https://cdn.mediapark.uz/imgs/67313e01-771e-47de-ad4d-c6345d1489f5.webp,https://mediapark.uz/ru/product/smartfon-samsung-galaxy-a73-8-256-gb-gray-16682,3,
Смартфон Samsung Galaxy Z Fold 4 8/256 GB Green,13712000.0,mediapark,https://cdn.mediapark.uz/imgs/71b6dcd5-78c1-4f27-8732-78aa8890b628.webp,https://mediapark.uz/ru/product/smartfon-samsung-galaxy-z-fold-4-8-256-gb-green-16683,3,
Смартфон Xiaomi Redmi 10 2022 4/64 GB Blue,2613000.0,mediapark,https://cdn.mediapark.uz/imgs/0c1ddbfb-2259-4ca5-a879-4f177f0181f0_smartfon-xiaomi-redmi-10-4-128gb-sea-blue-2022-3-transformed.webp,https://mediapark.uz/ru/product/smartfon-xiaomi-redmi-10-2022-4-64-gb-blue-16692,3,
Смартфон Xiaomi Redmi 12C 3/64GB Blue,1857000.0,mediapark,https://cdn.mediapark.uz/imgs/ce919377-1a0b-4fa5-a122-a287657a91e0_ВФ-1.webp,https://mediapark.uz/ru/product/smartfon-xiaomi-redmi-12c-3-64gb-blue-16791,3,
Смартфон Realme C30S 4/64GB Stripe Black,1605000.0,mediapark,https://cdn.mediapark.uz/imgs/3b4d6500-af87-409a-a411-f423477dc7a1_GOLIY-1.webp,https://mediapark.uz/ru/product/smartfon-realme-c30s-4-64gb-stripe-black-16793,3,
Смартфон Realme C30S 4/64GB Stripe Blue,1605000.0,mediapark,https://cdn.mediapark.uz/imgs/c163bb65-f781-4ad9-9a97-d7bf73db6d6f_BLUE-3.webp,https://mediapark.uz/ru/product/smartfon-realme-c30s-4-64gb-stripe-blue-16794,3,
Смартфон Realme C33 4/64GB Night Sea,585000.0,mediapark,https://cdn.mediapark.uz/imgs/1baf1cb4-2a83-422b-9dcc-c4c52e594387_SURPRISCE-21.webp,https://mediapark.uz/ru/product/smartfon-realme-c33-4-64gb-night-sea-16795,3,
Смартфон Huawei Nova 11I 8/128GB Green,3218000.0,mediapark,https://cdn.mediapark.uz/imgs/4b5e2d4c-63b3-47d1-8404-5883774dc643_АГЕУ-3.webp,https://mediapark.uz/ru/product/smartfon-huawei-nova-11i-8-128gb-green-16822,3,
Смартфон Huawei Nova 11I 8/128GB Black,3218000.0,mediapark,https://cdn.mediapark.uz/imgs/600x600_fb9d927d-3ff2-475a-9c26-2bd2f6e43679_Artboard-11300.webp,https://mediapark.uz/ru/product/smartfon-huawei-nova-11i-8-128gb-black-16823,3,
Смартфон Xiaomi Redmi Note 12 Pro 6/128 GB Gray,2957000.0,mediapark,https://cdn.mediapark.uz/imgs/c6b589f0-3e78-47e7-a965-58ef1508e786_Zver-2.webp,https://mediapark.uz/ru/product/smartfon-xiaomi-redmi-note-12-pro-6-128-gb-gray-16993,3,
Смартфон Samsung Galaxy A04 64GB Black,1756000.0,mediapark,https://cdn.mediapark.uz/imgs/b4ca79d2-93fa-4f4f-9954-137391efb4f3_Gug-1.webp,https://mediapark.uz/ru/product/smartfon-samsung-galaxy-a04-64gb-black-17039,3,
Смартфон Realme C55 6/128 Sunshower,2499000.0,mediapark,https://cdn.mediapark.uz/imgs/600x600_19557e2d-4476-4916-bce5-a24568d0763a_Artboard-1@1300x-100.webp,https://mediapark.uz/ru/product/smartfon-realme-c55-6-128-sunshower-17063,3,
Смартфон Realme C55 8/256 Sunshower,2749000.0,mediapark,https://cdn.mediapark.uz/imgs/600x600_83e5f804-72ac-46e4-9608-0131bebd33b6_Artboard-1@1300x-100.webp,https://mediapark.uz/ru/product/smartfon-realme-c55-8-256-sunshower-17064,3,
Смартфон Realme C55 8/256 Rainy Night,2749000.0,mediapark,https://cdn.mediapark.uz/imgs/a56b2189-6006-4f2d-8c5a-50711fef4c84_68.webp,https://mediapark.uz/ru/product/smartfon-realme-c55-8-256-rainy-night-17065,3,
Смартфон Xiaomi Redmi Note 12S 8/256 Ice Blue,2790000.0,mediapark,https://cdn.mediapark.uz/imgs/f16022c9-f3d4-4708-9c64-2cbe2bf0bdc7_90.webp,https://mediapark.uz/ru/product/smartfon-xiaomi-redmi-note-12s-8-256-ice-blue-17129,3,
Смартфон Xiaomi Redmi Note 12S 8/256 Green,2790000.0,mediapark,https://cdn.mediapark.uz/imgs/ce48c236-fbac-4977-b227-c30b97be5036_91.webp,https://mediapark.uz/ru/product/smartfon-xiaomi-redmi-note-12s-8-256-green-17130,3,
Смартфон Xiaomi Redmi Note 12 Pro 6/128GB Blue,2957000.0,mediapark,https://cdn.mediapark.uz/imgs/600x600_413e79e8-bc93-4e60-abb8-fa74bdcea5eb_128GB-Blue-1.webp,https://mediapark.uz/ru/product/smartfon-xiaomi-redmi-note-12-pro-6-128gb-blue-17131,3,
Смартфон Samsung Galaxy A03 Core 2/32GB Black,1445000.0,mediapark,https://cdn.mediapark.uz/imgs/600x600_00b340fd-8734-459e-a6b8-c2a4fd469c42_32GB-Black-1.webp,https://mediapark.uz/ru/product/smartfon-samsung-galaxy-a03-core-2-32gb-black-17230,3,
Cмартфон HUAWEI P60 8/256 Black,11445000.0,mediapark,https://cdn.mediapark.uz/imgs/cde34495-ec0e-4b12-a2bb-2f683cb6e971.webp,https://mediapark.uz/ru/product/cmartfon-huawei-p60-8-256-black-17231,3,
Cмартфон HUAWEI P60 8/256 Green,11445000.0,mediapark,https://cdn.mediapark.uz/imgs/9f9fb10f-b44e-423f-b73a-79af1e3556c0_136.webp,https://mediapark.uz/ru/product/cmartfon-huawei-p60-8-256-green-17232,3,
Cмартфон HUAWEI P60 Pro 8/256 Black,13450000.0,mediapark,https://cdn.mediapark.uz/imgs/1a1fd174-8f5d-4c4e-b512-ded9b07c7f8d_VA-1.webp,https://mediapark.uz/ru/product/cmartfon-huawei-p60-pro-8-256-black-17233,3,
Cмартфон HUAWEI P60 Pro 8/256 White,13450000.0,mediapark,https://cdn.mediapark.uz/imgs/600x600_c219f74c-c56e-469e-866f-6aa99ae6a81d_Artboard-11300.webp,https://mediapark.uz/ru/product/cmartfon-huawei-p60-pro-8-256-white-17234,3,
Смартфон Vivo Y02A 3/32 GB Cosmic Gray,1608000.0,mediapark,https://cdn.mediapark.uz/imgs/600x600_adc5fe68-8b73-429b-ad8c-3f38ff14c232_Монтажная-область-11300.webp,https://mediapark.uz/ru/product/smartfon-vivo-y02a-3-32-gb-cosmic-gray-17256,3,
Смартфон Vivo Y36 8/256 GB Black,3535000.0,mediapark,https://cdn.mediapark.uz/imgs/f7e66620-84bd-41d9-95b2-51b4fc0fa67d.webp,https://mediapark.uz/ru/product/smartfon-vivo-y36-8-256-gb-black-17257,3,
Смартфон Vivo Y36 8/256 GB Gold,3535000.0,mediapark,https://cdn.mediapark.uz/imgs/3e010b71-339c-42d6-bd20-7238e407f767.webp,https://mediapark.uz/ru/product/smartfon-vivo-y36-8-256-gb-gold-17258,3,
Смартфон HONOR 90 5G 12/512GB Midnight black,6100000.0,mediapark,https://cdn.mediapark.uz/imgs/90947894-3554-494b-a703-44128d687bcb_mediaparkproduct_(1300x1300).webp,https://mediapark.uz/ru/product/smartfon-honor-90-5g-12-512gb-midnight-black-17264,3,
Смартфон Vivo Y27 6/128 Sea Blue ,2605000.0,mediapark,https://cdn.mediapark.uz/imgs/89d9f56a-8ee9-4eec-a376-7bad64af766f_Artboard2.webp,https://mediapark.uz/ru/product/smartfon-vivo-y27-6-128-sea-blue-17455,3,
Смартфон Vivo Y27 6/128 Burgundy Black,2605000.0,mediapark,https://cdn.mediapark.uz/imgs/0552681d-59ac-42f6-a5e1-802b589651fc_mediaparkproduct1300x1300.webp,https://mediapark.uz/ru/product/smartfon-vivo-y27-6-128-burgundy-black-17456,3,
Смартфон Realme 11 Pro 5G 8/256GB Beige,4330000.0,mediapark,https://cdn.mediapark.uz/imgs/600x600_68c9a241-5e22-4cd7-adb3-67a7f8343bb3_Artboard-1@1300x-100.webp,https://mediapark.uz/ru/product/smartfon-realme-11-pro-5g-8-256gb-beige-17507,3,
Смартфон SAMSUNG Galaxy Flip 5 256 GB Cream,13061000.0,mediapark,https://cdn.mediapark.uz/imgs/600x600_1ec6ee50-5635-4ff5-b411-0b21bcc5d7dc_Монтажная-область-1.webp,https://mediapark.uz/ru/product/smartfon-samsung-galaxy-flip-5-256-gb-cream-17516,3,
Смартфон Huawei Nova Y91 8/256 Silver,4050000.0,mediapark,https://cdn.mediapark.uz/imgs/600x600_a74d9755-4589-48d5-95f5-50f116866625_Artboard-1@1300x-100.webp,https://mediapark.uz/ru/product/smartfon-huawei-nova-y91-8-256-silver-17722,3,
Смартфон Oppo A78 8/256 Aqua Green,2624000.0,mediapark,https://cdn.mediapark.uz/imgs/d336b412-3440-40c8-a518-abdd2488f39f_1.webp,https://mediapark.uz/ru/product/smartfon-oppo-a78-8-256-aqua-green-17724,3,
Смартфон Oppo A78 8/256 Mist Black,2624000.0,mediapark,https://cdn.mediapark.uz/imgs/ae40ffe1-bdf6-4860-929c-095e6f9bbb68_0.webp,https://mediapark.uz/ru/product/smartfon-oppo-a78-8-256-mist-black-17729,3,
Смартфон Realme 11 Pro 12/512Gb 5G Green,5359000.0,mediapark,https://cdn.mediapark.uz/imgs/4f064dec-a1ba-4aa6-9fc6-996e2741f206_4.webp,https://mediapark.uz/ru/product/smartfon-realme-11-pro-12-512gb-5g-green-17730,3,
Смартфон Realme C33 4/64 Rmx3624 Gold,585000.0,mediapark,https://cdn.mediapark.uz/imgs/4df9f621-5259-4009-b8e5-fe50a3f2a087_1.webp,https://mediapark.uz/ru/product/smartfon-realme-c33-4-64-rmx3624-gold-17740,3,
Смартфон Samsung Galaxy A24 128Gb Dark Red,2757000.0,mediapark,https://cdn.mediapark.uz/imgs/662902cb-c394-4ba5-ad4d-ec0e33b34dec_4_11zon.webp,https://mediapark.uz/ru/product/smartfon-samsung-galaxy-a24-128gb-dark-red-17741,3,
Смартфон Samsung Galaxy Z Flip 5 256Gb Graphite,13061000.0,mediapark,https://cdn.mediapark.uz/imgs/600x600_3bd6a965-7d19-4a66-b0dc-49b36191eba2_Монтажная-область-1.webp,https://mediapark.uz/ru/product/smartfon-samsung-galaxy-z-flip-5-256gb-graphite-17742,3,
Смартфон Samsung Galaxy Z Flip 5 256Gb Lavender,13061000.0,mediapark,https://cdn.mediapark.uz/imgs/600x600_2cab022f-a988-46aa-b5cd-fcf758f9d6c6_Монтажная-область-1.webp,https://mediapark.uz/ru/product/smartfon-samsung-galaxy-z-flip-5-256gb-lavender-17743,3,
Смартфон Samsung Galaxy Z Flip 5 256Gb Mint,13061000.0,mediapark,https://cdn.mediapark.uz/imgs/600x600_5b134ac4-3587-4e1d-aab9-d00b77d49add_Монтажная-область-1.webp,https://mediapark.uz/ru/product/smartfon-samsung-galaxy-z-flip-5-256gb-mint-17744,3,
Смартфон Samsung Galaxy Z Fold 5 256Gb Cream,20737000.0,mediapark,https://cdn.mediapark.uz/imgs/600x600_f2a2f66d-70fe-4a04-bc08-3d6b4f5832a7_Монтажная-область-1.webp,https://mediapark.uz/ru/product/smartfon-samsung-galaxy-z-fold-5-256gb-cream-17746,3,
Смартфон Samsung Galaxy Z Fold 5 256GB Icy Blue,20737000.0,mediapark,https://cdn.mediapark.uz/imgs/600x600_db0cd3d8-fd9c-44c8-a972-a7233daf6866_Монтажная-область-1.webp,https://mediapark.uz/ru/product/smartfon-samsung-galaxy-z-fold-5-256gb-icy-blue-17748,3,
Смартфон Samsung Galaxy Z Fold 5 256GB Phantom Black,20737000.0,mediapark,https://cdn.mediapark.uz/imgs/600x600_4bcbc927-ee89-4b36-a151-25f04a8ee110_Монтажная-область-1.webp,https://mediapark.uz/ru/product/smartfon-samsung-galaxy-z-fold-5-256gb-phantom-black-17749,3,
Смартфон Vivo Y02T 4/64 Blue,1616000.0,mediapark,https://cdn.mediapark.uz/imgs/e6b6e4a7-65d7-4ef9-83eb-728d40096423_1_11zon.webp,https://mediapark.uz/ru/product/smartfon-vivo-y02t-4-64-blue-17751,3,
Смартфон Vivo Y02T 4/64 Gray,1615000.0,mediapark,https://cdn.mediapark.uz/imgs/1e4ccf93-e0ca-47a7-b351-1a5cf0abda16_1_11zon.webp,https://mediapark.uz/ru/product/smartfon-vivo-y02t-4-64-gray-17752,3,
Смартфон Vivo Y20 4/64 Blue,2518000.0,mediapark,https://cdn.mediapark.uz/imgs/02230c98-093b-42f6-b4bb-aee51d496efa.webp,https://mediapark.uz/ru/product/smartfon-vivo-y20-4-64-blue-17753,3,
Смартфон Xiaomi 13 8/256 Black,10599000.0,mediapark,https://cdn.mediapark.uz/imgs/42c29afa-8e0e-4108-ba8c-31009840f58b_1_11zon.webp,https://mediapark.uz/ru/product/smartfon-xiaomi-13-8-256-black-17754,3,
Смартфон Xiaomi 13 8/256 White,10599000.0,mediapark,https://cdn.mediapark.uz/imgs/ec209ad4-6b92-46b8-b476-15abef6e92ac_1_11zon.webp,https://mediapark.uz/ru/product/smartfon-xiaomi-13-8-256-white-17756,3,
Смартфон HONOR X5 Plus 4/64 Black,1399000.0,mediapark,https://cdn.mediapark.uz/imgs/bfbbffe1-576b-4785-a8a1-1838741e59e6_1.webp,https://mediapark.uz/ru/product/smartfon-honor-x5-plus-4-64-black-17782,3,
Смартфон HONOR X5 Plus 4/64 Green,1606000.0,mediapark,https://cdn.mediapark.uz/imgs/fa412757-d697-48f1-9c37-f03e924fc793_1.webp,https://mediapark.uz/ru/product/smartfon-honor-x5-plus-4-64-green-17783,3,
Смартфон HONOR X6A 4/128 Black,1829000.0,mediapark,https://cdn.mediapark.uz/imgs/600x600_be438037-d096-411a-be12-f87212f73b77_128-Black-1.webp,https://mediapark.uz/ru/product/smartfon-honor-x6a-4-128-black-17784,3,
Смартфон HONOR  X6A 6/128 Black,1940000.0,mediapark,https://cdn.mediapark.uz/imgs/600x600_8a736cc1-2241-4681-9775-c6a47f1fec8a_128-Black-1.webp,https://mediapark.uz/ru/product/smartfon-honor-x6a-6-128-black-17787,3,
Смартфон HONOR X7A Plus 6/128 Midnight Black,2193000.0,mediapark,https://cdn.mediapark.uz/imgs/7268660f-d01d-4e43-bbdd-ab1c3af31523_Artboard4_(1300x1300).webp,https://mediapark.uz/ru/product/smartfon-honor-x7a-plus-6-128-midnight-black-17793,3,
Смартфон HONOR X7A Plus 6/128 Ocean Blue,2193000.0,mediapark,https://cdn.mediapark.uz/imgs/c4014215-3e80-4be1-ae5c-c73ed345a27a_1.webp,https://mediapark.uz/ru/product/smartfon-honor-x7a-plus-6-128-ocean-blue-17794,3,
Смартфон HONOR X9A 8/256 GB Midnight Black,4641000.0,mediapark,https://cdn.mediapark.uz/imgs/e2c36c26-c6dc-4a4f-98eb-8d05c9da24e4_4.webp,https://mediapark.uz/ru/product/smartfon-honor-x9a-8-256-gb-midnight-black-17812,3,
Смартфон HONOR X9A 8/256 Emerald Green,4641000.0,mediapark,https://cdn.mediapark.uz/imgs/3d7a99c2-c2ac-47fd-b1ec-bc1c3310ae02_1.webp,https://mediapark.uz/ru/product/smartfon-honor-x9a-8-256-emerald-green-17814,3,
Смартфон Huawei Nova Y91 8/256 Black,4050000.0,mediapark,https://cdn.mediapark.uz/imgs/cb9bd92b-7572-4d3f-8ecb-bcf9f80a9036_1.webp,https://mediapark.uz/ru/product/smartfon-huawei-nova-y91-8-256-black-17815,3,
Смартфон Huawei Nova Y91 8/128 Black,3724000.0,mediapark,https://cdn.mediapark.uz/imgs/124c8b5e-687e-4e5b-a297-18b7d6971971_3.webp,https://mediapark.uz/ru/product/smartfon-huawei-nova-y91-8-128-black-17816,3,
Смартфон Huawei Nova Y91 8/128 Silver,3724000.0,mediapark,https://cdn.mediapark.uz/imgs/a5b53aca-7747-44d2-9069-98995b1ea377_1.webp,https://mediapark.uz/ru/product/smartfon-huawei-nova-y91-8-128-silver-17817,3,
Смартфон Xiaomi Redmi Note 12 Pro +5G 8/256GB White,4950000.0,mediapark,https://cdn.mediapark.uz/imgs/1f375202-c30d-4500-9343-3372b89e6105_ФИЕ-1.webp,https://mediapark.uz/ru/product/smartfon-xiaomi-redmi-note-12-pro-5g-8-256gb-white-17939,3,
Смартфон Vivo Y17s 6/128 Glitter Purple ,2313000.0,mediapark,https://cdn.mediapark.uz/imgs/600x600_0620c07b-a9e9-470a-b092-393624004a68_Artboard-1.webp,https://mediapark.uz/ru/product/smartfon-vivo-y17s-6-128-glitter-purple-18094,3,
Смартфон Apple iPhone 15 Pro Max 256GB Black Titanium,18427000.0,mediapark,https://cdn.mediapark.uz/imgs/0575a689-cf6b-46cc-bfcf-c641bcd4bdae_1_@1300.webp,https://mediapark.uz/ru/product/smartfon-apple-iphone-15-pro-max-256gb-black-titanium-18151,3,
Смартфон Apple iPhone 15 Pro Max 256GB Natural Titanium,18427000.0,mediapark,https://cdn.mediapark.uz/imgs/70221b77-cab2-44cd-83a5-e55ce205d974_1_@1300.webp,https://mediapark.uz/ru/product/smartfon-apple-iphone-15-pro-max-256gb-natural-titanium-18152,3,
Смартфон Apple iPhone 15 Pro Max 512GB Natural Titanium,19311000.0,mediapark,https://cdn.mediapark.uz/imgs/5329a42f-6b78-4c12-bc09-e91374112a26_1_@1300.webp,https://mediapark.uz/ru/product/smartfon-apple-iphone-15-pro-max-512gb-natural-titanium-18156,3,
Смартфон Apple iPhone 15 Pro 128GB Blue Titanium,15268000.0,mediapark,https://cdn.mediapark.uz/imgs/26d47dbd-cdb8-4a29-bbe8-520dbbc94af9_1_@1300.webp,https://mediapark.uz/ru/product/smartfon-apple-iphone-15-pro-128gb-blue-titanium-18175,3,
Смартфон Apple iPhone 15 Pro 128GB Natural Titanium,15268000.0,mediapark,https://cdn.mediapark.uz/imgs/3e885c09-52d9-4680-acce-9ccd3b060e5f_1_@1300.webp,https://mediapark.uz/ru/product/smartfon-apple-iphone-15-pro-128gb-natural-titanium-18176,3,
Смартфон Apple iPhone 15 Pro 256GB Black Titanium,16828000.0,mediapark,https://cdn.mediapark.uz/imgs/522815d5-5b05-4507-8f59-7383650dd7a4_1_@1300.webp,https://mediapark.uz/ru/product/smartfon-apple-iphone-15-pro-256gb-black-titanium-18178,3,
Смартфон Apple iPhone 15 Pro 256GB Blue Titanium,16828000.0,mediapark,https://cdn.mediapark.uz/imgs/af32dfa3-d1b7-4c55-8418-44834df4c518_1_@1300.webp,https://mediapark.uz/ru/product/smartfon-apple-iphone-15-pro-256gb-blue-titanium-18179,3,
Смартфон Apple iPhone 15 Pro 256GB Natural Titanium,16828000.0,mediapark,https://cdn.mediapark.uz/imgs/9885345b-91eb-45ec-ade0-12169c338b37_1_@1300.webp,https://mediapark.uz/ru/product/smartfon-apple-iphone-15-pro-256gb-natural-titanium-18180,3,
Смартфон Apple iPhone 15 128GB Black,9999000.0,mediapark,https://cdn.mediapark.uz/imgs/d9fa8583-6d5a-41db-b295-af4fe36e54a1_1_@1300.webp,https://mediapark.uz/ru/product/smartfon-apple-iphone-15-128gb-black-18202,3,
Смартфон Apple iPhone 15 128GB Blue,9999000.0,mediapark,https://cdn.mediapark.uz/imgs/03df83fc-c7eb-41cb-9c76-56ab102805ba_1_@1300.webp,https://mediapark.uz/ru/product/smartfon-apple-iphone-15-128gb-blue-18203,3,
Смартфон Oppo A58 8/128 Green,3035000.0,mediapark,https://cdn.mediapark.uz/imgs/63a06c18-361e-4c47-8a14-98938530c84a_Монтажнаяобласть5_1300.webp,https://mediapark.uz/ru/product/smartfon-oppo-a58-8-128-green-19340,3,
Смартфон Realme C53 6/128 RMX3760 Mighty Black,2110000.0,mediapark,https://cdn.mediapark.uz/imgs/01331c9e-c870-4ac7-8007-82d3c8304f28_Монтажнаяобласть5_1300.webp,https://mediapark.uz/ru/product/smartfon-realme-c53-6-128-rmx3760-mighty-black-19349,3,
Смартфон Realme C53 6/128 RMX3760 Gold,2110000.0,mediapark,https://cdn.mediapark.uz/imgs/dfa5a040-7199-428f-9399-b8e596bb45ef_Монтажнаяобласть1_1300.webp,https://mediapark.uz/ru/product/smartfon-realme-c53-6-128-rmx3760-gold-19350,3,
Смартфон Xiaomi REDMI Note 17 Pro Max 5G 8/512 GB Purple  ,6784000.0,mediapark,https://cdn.mediapark.uz/imgs/600x600_804becd1-ce02-4f05-9e0c-942786997008_1.webp,https://mediapark.uz/ru/product/smartfon-xiaomi-redmi-note-17-pro-max-5g-8-512-gb-purple-40406,3,
Смартфон Vivo V29e 5G 8/256Gb Rose Gold,4745000.0,mediapark,https://cdn.mediapark.uz/imgs/dbfc0c3a-9621-46dd-a312-a746018cde45_Artboard5_(1300x1300).webp,https://mediapark.uz/ru/product/smartfon-vivo-v29e-5g-8-256gb-rose-gold-21453,3,
Смартфон Vivo Y27S 8/128 Garden Green,2437000.0,mediapark,https://cdn.mediapark.uz/imgs/cd866f91-56b8-413d-881e-1239a2e6c253_Artboard4_(1300x1300).webp,https://mediapark.uz/ru/product/smartfon-vivo-y27s-8-128-garden-green-21455,3,
Смартфон Vivo Y27S 8/128 Burgundy Black,2437000.0,mediapark,https://cdn.mediapark.uz/imgs/0d331a4e-e4b3-46a3-bfa4-f3f430088188_Artboard1_(1300x1300).webp,https://mediapark.uz/ru/product/smartfon-vivo-y27s-8-128-burgundy-black-21456,3,
Смартфон HONOR X9b 8/256 GB Emerald Green,4315000.0,mediapark,https://cdn.mediapark.uz/imgs/b908eae5-5144-4932-8a23-f9015f4cac82_Artboard1_1300.webp,https://mediapark.uz/ru/product/smartfon-honor-x9b-8-256-gb-emerald-green-22042,3,
Смартфон HONOR X9b 8/256 GB 5G Midnight Black,3559000.0,mediapark,https://cdn.mediapark.uz/imgs/6db9dcfa-e81f-42f7-9e93-165306fe61fd_Artboard1_1300.webp,https://mediapark.uz/ru/product/smartfon-honor-x9b-8-256-gb-5g-midnight-black-22043,3,
Смартфон HONOR X9b 12/256 GB Sunrise Orange,4761000.0,mediapark,https://cdn.mediapark.uz/imgs/6571ec6b-bab6-4176-876b-f2ba75be9aff_Artboard2_1300.webp,https://mediapark.uz/ru/product/smartfon-honor-x9b-12-256-gb-sunrise-orange-22044,3,
Смартфон HONOR X7b 8/128 Midnight Black,2289000.0,mediapark,https://cdn.mediapark.uz/imgs/a97a6748-d44c-444e-bb28-b5605742ada7.webp,https://mediapark.uz/ru/product/smartfon-honor-x7b-8-128-midnight-black-22538,3,
Смартфон HONOR X7b 8/128 Emerald Green,2569000.0,mediapark,https://cdn.mediapark.uz/imgs/7599a2c4-2e0d-4099-8d18-2d1394ab0e23_Artboard2_(1300x1300).webp,https://mediapark.uz/ru/product/smartfon-honor-x7b-8-128-emerald-green-22539,3,
Смартфон HONOR X7b  8/128 Flowing Silver,2569000.0,mediapark,https://cdn.mediapark.uz/imgs/52e1675a-8015-4fbf-906d-bde9cfcf8d79_Artboard1_(1300x1300).webp,https://mediapark.uz/ru/product/smartfon-honor-x7b-8-128-flowing-silver-22540,3,
Смартфон VIVO Y17S 6/128 Forest Green,2313000.0,mediapark,https://cdn.mediapark.uz/imgs/df837699-f9a8-45db-8d41-baaa5b7315e7_1_11zon(1).webp,https://mediapark.uz/ru/product/smartfon-vivo-y17s-6-128-forest-green-23138,3,
Смартфон XIAOMI REDMI 13C 8/256 Midnight Black,1952000.0,mediapark,https://cdn.mediapark.uz/imgs/a114d0f8-37c4-4b3f-8292-588915e81655_ФЫМВ-2.webp,https://mediapark.uz/ru/product/smartfon-xiaomi-redmi-13c-8-256-midnight-black-23177,3,
Смартфон XIAOMI REDMI 13C 8/256 Navy Blue,1952000.0,mediapark,https://cdn.mediapark.uz/imgs/600x600_43c3f643-94e2-4fea-a9a5-fb371b88494a_Монтажная-область-11300.webp,https://mediapark.uz/ru/product/smartfon-xiaomi-redmi-13c-8-256-navy-blue-23179,3,
Смартфон HONOR X8b 8/256 GB Midnight Black ,3399000.0,mediapark,https://cdn.mediapark.uz/imgs/96501e58-6894-4e25-8b89-5a5142493c98_Artboard2@600x-100.webp,https://mediapark.uz/ru/product/smartfon-honor-x8b-8-256-gb-midnight-black-23390,3,
Смартфон HONOR X8b 8/256 GB Emerald Green,3399000.0,mediapark,https://cdn.mediapark.uz/imgs/9c81768e-6ab4-443f-90b1-b4a2117b2258_Artboard1@600x-100.webp,https://mediapark.uz/ru/product/smartfon-honor-x8b-8-256-gb-emerald-green-23391,3,
Смартфон Xiaomi Redmi Note 13 Pro 8/256 Midnight Black,3490000.0,mediapark,https://cdn.mediapark.uz/imgs/967fe584-7cad-4bd9-be0f-49b55eb01a2f.webp,https://mediapark.uz/ru/product/smartfon-xiaomi-redmi-note-13-pro-8-256-midnight-black-23397,3,
Смартфон Xiaomi Redmi Note 13 Pro 8/256 Forest Green,3490000.0,mediapark,https://cdn.mediapark.uz/imgs/89fb0d20-1daa-4b40-a318-be316d0c5c07.webp,https://mediapark.uz/ru/product/smartfon-xiaomi-redmi-note-13-pro-8-256-forest-green-23398,3,
Смартфон Xiaomi Redmi Note 13 Pro 8/256 Lavender Purple,3490000.0,mediapark,https://cdn.mediapark.uz/imgs/16d64d1a-2bb0-457d-9d84-068323f05f3f.webp,https://mediapark.uz/ru/product/smartfon-xiaomi-redmi-note-13-pro-8-256-lavender-purple-23399,3,
Смартфон Xiaomi Redmi Note 13 Pro 12/512 Midnight Black,4131000.0,mediapark,https://cdn.mediapark.uz/imgs/1eefe5a7-d0f2-4377-a597-4f59a5b1ec17.webp,https://mediapark.uz/ru/product/smartfon-xiaomi-redmi-note-13-pro-12-512-gb-midnight-black-23400,3,
Смартфон XIAOMI REDMI NOTE 13 PRO 12/512 GB Forest Green,4131000.0,mediapark,https://cdn.mediapark.uz/imgs/80662860-f87d-4ec4-a543-4c451e9c06c0.webp,https://mediapark.uz/ru/product/smartfon-xiaomi-redmi-note-13-pro-12-512-gb-forest-green-23401,3,
Смартфон XIAOMI REDMI NOTE 13 PRO 12/512 GB Lavender Purple,4131000.0,mediapark,https://cdn.mediapark.uz/imgs/600x600_dd157644-6dc8-4767-90bd-90024cd0c6ef_Монтажная-область-11300.webp,https://mediapark.uz/ru/product/smartfon-xiaomi-redmi-note-13-pro-12-512-gb-lavender-purple-23402,3,
Смартфон XIAOMI REDMI NOTE 13 PRO + 5G 12/512 GB Black,5983000.0,mediapark,https://cdn.mediapark.uz/imgs/4da5bcdd-768b-4159-95e3-68f24c78aa03.webp,https://mediapark.uz/ru/product/smartfon-xiaomi-redmi-note-13-pro-5g-12-512-gb-black-23403,3,
Смартфон XIAOMI REDMI NOTE 13 PRO + 5G 12/512 GB White,5983000.0,mediapark,https://cdn.mediapark.uz/imgs/a756bc12-e507-449c-9be1-531e27121181.webp,https://mediapark.uz/ru/product/smartfon-xiaomi-redmi-note-13-pro-5g-12-512-gb-white-23404,3,
Смартфон REALME 11 4G 8/256 RMX3636 Gold,3325000.0,mediapark,https://cdn.mediapark.uz/imgs/600x600_705c5417-15f7-43fd-83bc-df0f63dd20db_Монтажная-область-11300.webp,https://mediapark.uz/ru/product/smartfon-realme-11-4g-8-256-rmx3636-gold-23853,3,
Смартфон REALME 11 PRO+ 5G 12/512 RMX3741 Beige,5359000.0,mediapark,https://cdn.mediapark.uz/imgs/600x600_101410f8-52e1-443d-a9fc-43e63af5a053_Монтажная-область-11300.webp,https://mediapark.uz/ru/product/smartfon-realme-11-pro-5g-12-512-rmx3741-beige-23854,3,
Смартфон REALME 11 PRO+ 5G 12/512 RMX3741 Black,5359000.0,mediapark,https://cdn.mediapark.uz/imgs/600x600_ffd85e25-3331-4452-9249-ec4f74d7ab02_Монтажная-область-11300.webp,https://mediapark.uz/ru/product/smartfon-realme-11-pro-5g-12-512-rmx3741-black-23855,3,
Смартфон REALME C55 6/128 RMX3710 Sunshower,2499000.0,mediapark,https://cdn.mediapark.uz/imgs/600x600_3271145f-6af8-4d8d-8a21-7825b50e7eb0_Монтажная-область-11300.webp,https://mediapark.uz/ru/product/smartfon-realme-c55-6-128-rmx3710-sunshower-23872,3,
Смартфон VIVO Y02T 4/128 Blue,1904000.0,mediapark,https://cdn.mediapark.uz/imgs/600x600_9f8162a3-d2f5-4e8e-a969-977acbe4b3c4_Монтажная-область-11300.webp,https://mediapark.uz/ru/product/smartfon-vivo-y02t-4-128-blue-23875,3,
Смартфон XIAOMI REDMI NOTE 13 8/256 Ice Blue,2422000.0,mediapark,https://cdn.mediapark.uz/imgs/b628a065-29bd-42e2-a46b-6eda3263d5c5.webp,https://mediapark.uz/ru/product/smartfon-xiaomi-redmi-note-13-8-256-ice-blue-23897,3,
Смартфон Vivo V30 12/256 Black,6877000.0,mediapark,https://cdn.mediapark.uz/imgs/9b6d2498-c644-438d-a691-0597d227d1cb_Artboard-1.webp,https://mediapark.uz/ru/product/smartfon-vivo-v30-12-256-black-24265,3,
Смартфон VIVO V30 12/256 Green,6877000.0,mediapark,https://cdn.mediapark.uz/imgs/fd17d427-6955-4f8e-88d8-996d4362c158_Artboard-1.webp,https://mediapark.uz/ru/product/smartfon-vivo-v30-12-256-green-24266,3,
Смартфон Samsung Galaxy S24 Ultra 256GB Titanium Black,13915000.0,mediapark,https://cdn.mediapark.uz/imgs/ec31d331-5bb0-4136-8184-452c45f5bd4b.webp,https://mediapark.uz/ru/product/smartfon-samsung-galaxy-s24-ultra-titanium-black-23413,3,
Смартфон XIAOMI REDMI NOTE 13 PRO + 5G 8/256 Midnight Black,5199000.0,mediapark,https://cdn.mediapark.uz/imgs/600x600_f9bca07c-c4cc-4500-a2e4-6e9ad54d1b02_Монтажная-область-1.webp,https://mediapark.uz/ru/product/smartfon-xiaomi-redmi-note-13-pro-5g-8-256-midnight-black-24734,3,
Смартфон VIVO Y100 8/256 Crystal Black,4329000.0,mediapark,https://cdn.mediapark.uz/imgs/600x600_43c7402d-2725-4f7d-a4cc-2e8264c826fc_Монтажная-область-1.webp,https://mediapark.uz/ru/product/smartfon-vivo-y100-8-256-crystal-black-25223,3,
Смартфон VIVO Y100 8/256 Breeze Green,4329000.0,mediapark,https://cdn.mediapark.uz/imgs/600x600_3e842014-8cb9-41ef-93a8-592c465d313a_Монтажная-область-1.webp,https://mediapark.uz/ru/product/smartfon-vivo-y100-8-256-breeze-green-25225,3,
Смартфон Xiaomi 14 Ultra 16/512GB Black,21857000.0,mediapark,https://cdn.mediapark.uz/imgs/600x600_5e370fee-1347-48b5-b363-24f4ada8a96d_1.webp,https://mediapark.uz/ru/product/smartfon-xiaomi-14-ultra-16-512gb-25435,3,
Смартфон Samsung Samsung Galaxy A35 5G 128GB Black,2635000.0,mediapark,https://cdn.mediapark.uz/imgs/600x600_ef9304e7-8779-43db-96cc-522b9b462e88_Artboard-1.webp,https://mediapark.uz/ru/product/smartfon-samsung-sm-a356e-a35-5g-128gb-black-25508,3,
Смартфон Samsung Galaxy A35 5G 256GB Black,4215000.0,mediapark,https://cdn.mediapark.uz/imgs/600x600_937eaa11-07bf-412c-998a-ab46e2035500_Artboard-1.webp,https://mediapark.uz/ru/product/smartfon-samsung-sm-a356e-a35-5g-256gb-black-25509,3,
Смартфон SAMSUNG SM-A256E A25 5G 128GB Black,2883000.0,mediapark,https://cdn.mediapark.uz/imgs/600x600_198ed738-c3a9-4f21-8936-34b2d1c06459_Artboard-1.webp,https://mediapark.uz/ru/product/samsung-sm-a256e-a25-5g-128gb-black-25510,3,
Смартфон SAMSUNG SM-A155F A15 128GB Black,2341000.0,mediapark,https://cdn.mediapark.uz/imgs/600x600_88c9247c-bc0f-47d9-a4a2-b83906ad72b6_Artboard-1.webp,https://mediapark.uz/ru/product/smartfon-samsung-sm-a155f-a15-128gb-black-25511,3,
Смартфон SAMSUNG SM-G990B S21 FE 256GB Graphite,6075000.0,mediapark,https://cdn.mediapark.uz/imgs/600x600_6b9c4254-834c-4bd8-bfe9-47f0e374a1f3_Монтажная-область-1_1300.webp,https://mediapark.uz/ru/product/smartfon-samsung-sm-g990b-s21-fe-256gb-graphite-25562,3,
Смартфон Xiaomi Redmi Note 13 8/256 Midnight Black,2422000.0,mediapark,https://cdn.mediapark.uz/imgs/600x600_f887beba-572a-4520-8381-048ae2b817fb_Монтажная-область-11300.webp,https://mediapark.uz/ru/product/smartfon-xiaomi-redmi-note-13-8-256-midnight-black-25577,3,
Смартфон VIVO V30E 8/256 Green,4839000.0,mediapark,https://cdn.mediapark.uz/imgs/600x600_1f18420a-5300-4036-9134-00ce98c43c84_Artboard-1.webp,https://mediapark.uz/ru/product/smartfon-vivo-v30e-8-256-green-26206,3,
Смартфон VIVO V30E 8/256 Brown,4839000.0,mediapark,https://cdn.mediapark.uz/imgs/600x600_f2b1ad2b-8228-47a0-a7ea-b1ebb0cda9b5_Artboard-2.webp,https://mediapark.uz/ru/product/smartfon-vivo-v30e-8-256-brown-26207,3,
Смартфон Vivo X100 16/512 Black,15999000.0,mediapark,https://cdn.mediapark.uz/imgs/600x600_ecc68f1b-83cf-4917-ae59-9a8b573cb9b0_Artboard-1.webp,https://mediapark.uz/ru/product/smartfon-vivo-x100-16-512-black-26226,3,
Смартфон Vivo X100 16/512 Blue,15999000.0,mediapark,https://cdn.mediapark.uz/imgs/600x600_d30106d8-33da-4125-9e18-ca9b767f331b_Artboard-1.webp,https://mediapark.uz/ru/product/smartfon-vivo-x100-16-512-blue-26227,3,
Смартфон Vivo Y03 4/128 Gem Green,1709000.0,mediapark,https://cdn.mediapark.uz/imgs/600x600_21a239c9-c24f-4f9d-9983-21a66653fe55_Artboard-1.webp,https://mediapark.uz/ru/product/smartfon-vivo-y03-4-128-gem-green-26228,3,
Смартфон Vivo Y03 4/128 Space Black,1709000.0,mediapark,https://cdn.mediapark.uz/imgs/600x600_c82c4fdd-57db-4810-bae2-b048d5712dff_Artboard-1.webp,https://mediapark.uz/ru/product/smartfon-vivo-y03-4-128-space-black-26229,3,
Смартфон HONOR 200 LITE 8/256 Green,3399000.0,mediapark,https://cdn.mediapark.uz/imgs/600x600_909ca3cd-584e-4f3f-aca8-1f2e3d35e38c_Artboard-11300.webp,https://mediapark.uz/ru/product/smartfon-honor-200-lite-8-256-green-26264,3,
Смартфон HONOR 200 LITE 8/256 Black,3399000.0,mediapark,https://cdn.mediapark.uz/imgs/600x600_d67a1e9b-185c-4268-8f0c-21609140a0d3_Artboard-1.webp,https://mediapark.uz/ru/product/smartfon-honor-200-lite-8-256-black-26265,3,
Смартфон VIVO Y28 (8/128) Gleaming Orange,3099000.0,mediapark,https://cdn.mediapark.uz/imgs/600x600_780f1e22-4750-4768-be28-387883761e67_Artboard-1.webp,https://mediapark.uz/ru/product/smartfon-vivo-y28-8-128-gleaming-orange-26315,3,
Смартфон SAMSUNG SM-A155F A15 256GB Black,2945000.0,mediapark,https://cdn.mediapark.uz/imgs/600x600_d2ed07c8-448f-4662-a115-e6a792705b84_Artboard-1.webp,https://mediapark.uz/ru/product/smartfon-samsung-sm-a155f-a15-256gb-black-26370,3,
Смартфон TECNO SPARK 10 PRO 8/128 Pearl White,1855000.0,mediapark,https://cdn.mediapark.uz/imgs/600x600_f27d5df7-fb48-4ae6-8b39-b10be0c68019_Artboard-1.webp,https://mediapark.uz/ru/product/smartfon-tecno-spark-10-pro-8-128-pearl-white-26371,3,
Смартфон TECNO SPARK 10 PRO 8/256 Starry Black,1996000.0,mediapark,https://cdn.mediapark.uz/imgs/600x600_bfe2258f-96cf-4d7f-b359-fba2755d5627_Artboard-1.webp,https://mediapark.uz/ru/product/smartfon-tecno-spark-10-pro-8-256-starry-black-26372,3,
Смартфон HONOR 200 12/512 Black,6100000.0,mediapark,https://cdn.mediapark.uz/imgs/600x600_7758c50a-cb51-4fe9-8778-2a90376a00eb_Artboard-1.webp,https://mediapark.uz/ru/product/smartfon-honor-200-8-256-black-26373,3,
Смартфон HONOR 200 8/256 White,5299000.0,mediapark,https://cdn.mediapark.uz/imgs/600x600_e045d857-61ad-4cd3-9c11-969c0a46141e_Artboard-1.webp,https://mediapark.uz/ru/product/smartfon-honor-200-8-256-white-26374,3,
Смартфон APPLE IPHONE 15 (256GB) Black,12915000.0,mediapark,https://cdn.mediapark.uz/imgs/600x600_0b1871fa-51ff-4a0f-86b3-c2f0d785f51f_Artboard-11300.webp,https://mediapark.uz/ru/product/smartfon-apple-iphone-15-256gb-black-26376,3,
Смартфон HONOR 200 LITE (8/256) Blue,3399000.0,mediapark,https://cdn.mediapark.uz/imgs/600x600_4da086c8-4666-4504-bf2e-585b01645669_Artboard-11300.webp,https://mediapark.uz/ru/product/smartfon-honor-200-lite-8-256-blue-26378,3,
Смартфон HONOR X6A (4/128) Green,1829000.0,mediapark,https://cdn.mediapark.uz/imgs/600x600_49b33676-b81a-49e7-81f6-fe2fc4322891_Artboard-11300.webp,https://mediapark.uz/ru/product/smartfon-honor-x6a-4-128-green-26379,3,
Смартфон TECNO SPARK 20 8/128 Gravity Black,1787000.0,mediapark,https://cdn.mediapark.uz/imgs/600x600_b7ca8479-95e6-4ffc-9b02-11525ce8c7f1_Artboard-1.webp,https://mediapark.uz/ru/product/smartfon-tecno-spark-20-8-128-gravity-black-26380,3,
Смартфон TECNO SPARK 20 8/128 Magic Skin Blue,1787000.0,mediapark,https://cdn.mediapark.uz/imgs/600x600_d3910104-64ce-45e2-b3a7-03bb47fe3278_Artboard-1.webp,https://mediapark.uz/ru/product/smartfon-tecno-spark-20-8-128-magic-skin-blue-26381,3,
Смартфон TECNO SPARK 20 PRO 8/256 Magic Skin Green,2336000.0,mediapark,https://cdn.mediapark.uz/imgs/600x600_c719ff6a-41f8-4575-a81e-549dffecba62_Artboard-1.webp,https://mediapark.uz/ru/product/smartfon-tecno-spark-20-pro-8-256-magic-skin-green-26382,3,
Смартфон TECNO SPARK 20 PRO 8/256 Moonlit Black,2299000.0,mediapark,https://cdn.mediapark.uz/imgs/600x600_38f6ab32-2f11-4bea-9988-c7e70b4176aa_Artboard-1.webp,https://mediapark.uz/ru/product/smartfon-tecno-spark-20-pro-8-256-moonlit-black-26383,3,
Смартфон TECNO SPARK 20C 8/128 Gravitiy Black,1580000.0,mediapark,https://cdn.mediapark.uz/imgs/600x600_3cc48aa0-2129-4e0d-8b74-2ab37b58a7ef_Artboard-1.webp,https://mediapark.uz/ru/product/smartfon-tecno-spark-20c-8-128-gravitiy-black-26384,3,
Смартфон HONOR X6B 6/256 Green,1899000.0,mediapark,https://cdn.mediapark.uz/imgs/600x600_993a3bd9-c086-4998-bcc8-b0bd8eab64dc_Artboard-1.webp,https://mediapark.uz/ru/product/smartfon-honor-x6b-6-256-green-26385,3,
Смартфон HONOR X6A (6/128) Silver,1940000.0,mediapark,https://cdn.mediapark.uz/imgs/600x600_89713abc-00e4-4c62-9997-abe02b48ae4e_Artboard-11300.webp,https://mediapark.uz/ru/product/smartfon-honor-x6a-6-128-silver-26386,3,
Смартфон HONOR X6B (6/256) Black,2139000.0,mediapark,https://cdn.mediapark.uz/imgs/600x600_dbcd3351-847f-4413-8fc5-98209dd07076_Artboard-1.webp,https://mediapark.uz/ru/product/smartfon-honor-x6b-6-256-black-26387,3,
Смартфон HONOR X7B (6/256) Emerland Green,2449000.0,mediapark,https://cdn.mediapark.uz/imgs/600x600_6a9e5b48-3429-4992-bc6a-7a7d6dce221d_Artboard-11300.webp,https://mediapark.uz/ru/product/smartfon-honor-x7b-6-256-emerland-green-26389,3,
Смартфон HONOR X7B (6/256) Flowing Silver,2449000.0,mediapark,https://cdn.mediapark.uz/imgs/600x600_f73dfdd1-5874-47de-ba30-f673b0cf0a76_Artboard-11300.webp,https://mediapark.uz/ru/product/smartfon-honor-x7b-6-256-flowing-silver-26390,3,
Смартфон HONOR X7B (6/256) Midnight Black,2699000.0,mediapark,https://cdn.mediapark.uz/imgs/600x600_933e5b0d-054a-40fd-8a9b-6fc3423db5bd_Artboard-11300.webp,https://mediapark.uz/ru/product/smartfon-honor-x7b-6-256-midnight-black-26391,3,
Смартфон VIVO Y03 4/64 Space Black,1499000.0,mediapark,https://cdn.mediapark.uz/imgs/600x600_b48cf67b-9d6f-42d2-8520-07a73ce2b88c_Artboard-1.webp,https://mediapark.uz/ru/product/smartfon-vivo-y03-4-64-space-black-26392,3,
Смартфон HONOR X8B (8/128) Black,3199000.0,mediapark,https://cdn.mediapark.uz/imgs/600x600_e3fda186-a857-4d12-8d6a-5276bad9aba9_Artboard-1.webp,https://mediapark.uz/ru/product/smartfon-honor-x8b-8-128-black-26393,3,
Смартфон HONOR X8B (8/128) Silver,3199000.0,mediapark,https://cdn.mediapark.uz/imgs/600x600_94e75f6c-2977-4dc7-8d2a-e515ae563bfb_Artboard-11300.webp,https://mediapark.uz/ru/product/smartfon-honor-x8b-8-128-silver-26394,3,
Смартфон HONOR X8B (8/256) Silver,3399000.0,mediapark,https://cdn.mediapark.uz/imgs/600x600_cae5d7f8-89ea-48ea-9a49-3543b6b561c4_Artboard-11300.webp,https://mediapark.uz/ru/product/smartfon-honor-x8b-8-256-silver-26395,3,
Смартфон HONOR X9A (6/128) Black,4452000.0,mediapark,https://cdn.mediapark.uz/imgs/600x600_699a9451-d091-4974-a575-e3b64657bd2c_Artboard-11300.webp,https://mediapark.uz/ru/product/smartfon-honor-x9a-6-128-black-26396,3,
Смартфон OPPO A18 (4/128) Glowing Black,1413000.0,mediapark,https://cdn.mediapark.uz/imgs/600x600_14fac1c9-49aa-4143-911e-d1a94518ef9d_Artboard-11300.webp,https://mediapark.uz/ru/product/smartfon-oppo-a18-4-128-glowing-black-26398,3,
Смартфон OPPO A18 (4/128) Glowing Blue,1413000.0,mediapark,https://cdn.mediapark.uz/imgs/600x600_cef7d205-3363-4bff-8a0a-38cc7030ffae_Artboard-11300.webp,https://mediapark.uz/ru/product/smartfon-oppo-a18-4-128-glowing-blue-26399,3,
Смартфон OPPO A60 (8/128) Midnight Purple,3051000.0,mediapark,https://cdn.mediapark.uz/imgs/600x600_be31a3ae-0326-4bc6-9c90-053b19b14db8_Artboard-1.webp,https://mediapark.uz/ru/product/smartfon-oppo-a60-8-128-midnight-purple-26400,3,
Смартфон OPPO A60 (8/128) Ripple Blue,2249000.0,mediapark,https://cdn.mediapark.uz/imgs/600x600_c63e2264-3a37-458e-a927-3e863fc6437e_Artboard-1.webp,https://mediapark.uz/ru/product/smartfon-oppo-a60-8-128-ripple-blue-26401,3,
Смартфон OPPO RENO 11 5G (12/256) Rock Gray,5317000.0,mediapark,https://cdn.mediapark.uz/imgs/600x600_3ee12731-20b9-4a2b-b7bc-c344aa2b87e4_Artboard-11300.webp,https://mediapark.uz/ru/product/smartfon-oppo-reno-11-5g-12-256-rock-gray-26402,3,
Смартфон OPPO RENO 11 5G (12/256) Wave Green,5317000.0,mediapark,https://cdn.mediapark.uz/imgs/600x600_bf49770e-093e-413b-b59a-932a37978fb6_Artboard-11300.webp,https://mediapark.uz/ru/product/smartfon-oppo-reno-11-5g-12-256-wave-green-26403,3,
Смартфон OPPO RENO 11F 5G (8/256) Palm Green,3990000.0,mediapark,https://cdn.mediapark.uz/imgs/600x600_382fadd4-955f-49a8-9226-10166c82dc57_Artboard-11300.webp,https://mediapark.uz/ru/product/smartfon-oppo-reno-11f-5g-8-256-palm-green-26406,3,
Смартфон REALME 10 PRO+ (12/256) RMX3686 Dark Matter,5321000.0,mediapark,https://cdn.mediapark.uz/imgs/600x600_1d04b018-f932-4dd7-a40c-eccade7ff341_Artboard-11300.webp,https://mediapark.uz/ru/product/smartfon-realme-10-pro-12-256-rmx3686-dark-matter-26407,3,
Смартфон SAMSUNG SM-A042F A04E 64GB Copper,1568000.0,mediapark,https://cdn.mediapark.uz/imgs/600x600_43d302fe-7988-4887-8cb2-997bd782ad02_Artboard-11300.webp,https://mediapark.uz/ru/product/smartfon-samsung-sm-a042f-a04e-64gb-copper-26408,3,
Смартфон VIVO Y17S 4/128 Diamond Orange,2009000.0,mediapark,https://cdn.mediapark.uz/imgs/600x600_e1927435-fcf3-442e-b808-78d03f483a52_Artboard-1.webp,https://mediapark.uz/ru/product/smartfon-vivo-y17s-4-128-diamond-orange-26409,3,
Смартфон VIVO Y17S 4/128 Forest Green,2009000.0,mediapark,https://cdn.mediapark.uz/imgs/600x600_8bf436b1-7485-4e11-9bcd-1ff73fb85c90_Artboard-1.webp,https://mediapark.uz/ru/product/smartfon-vivo-y17s-4-128-forest-green-26411,3,
Смартфон SAMSUNG SM-A536E A53 256GB White,2799000.0,mediapark,https://cdn.mediapark.uz/imgs/600x600_1930218a-0c8f-497a-a4e8-42d3a9d2e35e_Artboard-11300.webp,https://mediapark.uz/ru/product/smartfon-samsung-sm-a536e-a53-256gb-white-26412,3,
Смартфон SAMSUNG SM-S921B S24 128GB Black,9350000.0,mediapark,https://cdn.mediapark.uz/imgs/600x600_2f749113-8cce-45c3-a17c-60bcfc49d624_Artboard-1.webp,https://mediapark.uz/ru/product/smartfon-samsung-sm-s921b-s24-128gb-black-26413,3,
Смартфон SAMSUNG SM-S921B S24 256GB Gray,10156000.0,mediapark,https://cdn.mediapark.uz/imgs/600x600_cdd28adc-fcb5-4c17-92f9-d0df47b445e7_Artboard-11300.webp,https://mediapark.uz/ru/product/smartfon-samsung-sm-s921b-s24-256gb-gray-26414,3,
Смартфон VIVO Y18 6/128 Mocha Brown,2319000.0,mediapark,https://cdn.mediapark.uz/imgs/600x600_8b92a593-3bca-4fb2-a7d4-78aa74861c18_Artboard-1.webp,https://mediapark.uz/ru/product/smartfon-vivo-y18-6-128-mocha-brown-26415,3,
Смартфон SAMSUNG SM-S926B S24+ 256GB Black,12594000.0,mediapark,https://cdn.mediapark.uz/imgs/600x600_d835bc07-0cb5-44af-a372-468b6a6f9b12_Artboard-1.webp,https://mediapark.uz/ru/product/smartfon-samsung-sm-s926b-s24-256gb-black-26416,3,
Смартфон SAMSUNG SM-S926B S24+ 256GB Gray,12399000.0,mediapark,https://cdn.mediapark.uz/imgs/600x600_f4993e10-6f22-4594-940e-d9831a9e56a3_Artboard-11300.webp,https://mediapark.uz/ru/product/smartfon-samsung-sm-s926b-s24-256gb-gray-26417,3,
Смартфон VIVO Y18 6/128 Wave Aqua,2319000.0,mediapark,https://cdn.mediapark.uz/imgs/600x600_0be19dbb-7077-4067-828f-3aa689367f4a_Artboard-1.webp,https://mediapark.uz/ru/product/smartfon-vivo-y18-6-128-wave-aqua-26418,3,
Смартфон SAMSUNG SM-S928B S24 ULTRA 256GB Titanium Violet,13915000.0,mediapark,https://cdn.mediapark.uz/imgs/600x600_b250eb16-d531-4730-9ca2-c54b22cbe996_Artboard-1.webp,https://mediapark.uz/ru/product/smartfon-samsung-sm-s928b-s24-ultra-256gb-titanium-violet-26419,3,
Смартфон SAMSUNG SM-S928B S24 ULTRA 256GB Titanium Yellow,13915000.0,mediapark,https://cdn.mediapark.uz/imgs/600x600_05c09882-2719-4a0a-9c29-2086efb3365f_Artboard-1.webp,https://mediapark.uz/ru/product/smartfon-samsung-sm-s928b-s24-ultra-256gb-titanium-yellow-26420,3,
Смартфон XIAOMI 13T 8/256 Green,5826000.0,mediapark,https://cdn.mediapark.uz/imgs/600x600_f0d89710-f18e-46c7-b752-d9201bc69fc8_Artboard-1.webp,https://mediapark.uz/ru/product/smartfon-xiaomi-13t-8-256-green-26423,3,
Смартфон XIAOMI REDMI 13 8/256 Black,2208000.0,mediapark,https://cdn.mediapark.uz/imgs/600x600_fe04c7f2-78fe-4e2d-8c11-47086bc02d5f_Artboard-1.webp,https://mediapark.uz/ru/product/smartfon-xiaomi-redmi-13-8-256-black-26425,3,
Смартфон XIAOMI REDMI 13 8/256 Gold,2208000.0,mediapark,https://cdn.mediapark.uz/imgs/600x600_9c95f700-da91-4b1f-ad86-2b192677c569_Artboard-1.webp,https://mediapark.uz/ru/product/smartfon-xiaomi-redmi-13-8-256-gold-26429,3,
Смартфон TECNO SPARK 10 (4/128) Meta Black,1580000.0,mediapark,https://cdn.mediapark.uz/imgs/600x600_e2f2aacb-83ad-4649-a7be-5090a318092b_Artboard-1.webp,https://mediapark.uz/ru/product/smartfon-tecno-spark-10-4-128-meta-black-26458,3,
Смартфон TECNO SPARK 10 (4/128) Meta Blue,1580000.0,mediapark,https://cdn.mediapark.uz/imgs/600x600_db94ade5-0aa8-42a9-bc1d-4d0dd31a9e89_Artboard-1.webp,https://mediapark.uz/ru/product/smartfon-tecno-spark-10-4-128-meta-blue-26459,3,
Смартфон TECNO SPARK 10 (8/128) Meta Black,1717000.0,mediapark,https://cdn.mediapark.uz/imgs/600x600_613fb304-e7c3-47e9-bf60-5f3a54d15ec4_Artboard-1.webp,https://mediapark.uz/ru/product/smartfon-tecno-spark-10-8-128-meta-black-26460,3,
Смартфон TECNO SPARK 10 PRO (8/128) Black,1855000.0,mediapark,https://cdn.mediapark.uz/imgs/600x600_4168e662-2026-4a77-a721-7e1d21f23232_Artboard-1.webp,https://mediapark.uz/ru/product/smartfon-tecno-spark-10-pro-8-128-black-26461,3,
Смартфон XIAOMI REDMI NOTE 10 PRO INDIA 8/128 Blue,4538000.0,mediapark,https://cdn.mediapark.uz/imgs/600x600_979f002a-9918-453f-a616-9cc76ab4b5a6_Artboard-1.webp,https://mediapark.uz/ru/product/smartfon-xiaomi-redmi-note-10-pro-india-8-128-blue-26462,3,
Смартфон XIAOMI REDMI NOTE 12 8/256 Mint Green,2728000.0,mediapark,https://cdn.mediapark.uz/imgs/600x600_940ebb32-1b3d-4b66-86ef-bf927542b6ea_Artboard-1.webp,https://mediapark.uz/ru/product/smartfon-xiaomi-redmi-note-12-8-256-mint-green-26463,3,
Смартфон XIAOMI REDMI NOTE 12 PRO + 5G 8/256 Blue,4950000.0,mediapark,https://cdn.mediapark.uz/imgs/600x600_5eae8966-d44c-44ca-a47f-d6efbef3a451_Artboard-1.webp,https://mediapark.uz/ru/product/smartfon-xiaomi-redmi-note-12-pro-5g-8-256-blue-26464,3,
Смартфон XIAOMI REDMI NOTE 13 6/128 Ice Blue,2137000.0,mediapark,https://cdn.mediapark.uz/imgs/600x600_1d5400e2-ad88-4d67-9c64-678a81a6d2bf_Artboard-1.webp,https://mediapark.uz/ru/product/smartfon-xiaomi-redmi-note-13-6-128-ice-blue-26465,3,
Смартфон XIAOMI REDMI NOTE 13 6/128 Midnight Black,2137000.0,mediapark,https://cdn.mediapark.uz/imgs/600x600_a49b4890-7f91-40f8-95db-9b1e5124d819_Artboard-1.webp,https://mediapark.uz/ru/product/smartfon-xiaomi-redmi-note-13-6-128-midnight-black-26466,3,
Смартфон XIAOMI REDMI NOTE 13 6/128 Mint Green,2137000.0,mediapark,https://cdn.mediapark.uz/imgs/600x600_009b27cf-1236-4aba-b984-0b412b7112bd_Artboard-1.webp,https://mediapark.uz/ru/product/smartfon-xiaomi-redmi-note-13-6-128-mint-green-26467,3,
Смартфон XIAOMI REDMI NOTE 13 8/256 Mint Green,2422000.0,mediapark,https://cdn.mediapark.uz/imgs/600x600_a8506508-db81-41a0-83a6-d17df13f6cec_Artboard-1.webp,https://mediapark.uz/ru/product/smartfon-xiaomi-redmi-note-13-8-256-mint-green-26468,3,
Смартфон XIAOMI REDMI NOTE 13 PRO + 5G 12/512 Purple,5983000.0,mediapark,https://cdn.mediapark.uz/imgs/600x600_1b816a78-6424-426c-a7a2-8540ae80238d_Artboard-1.webp,https://mediapark.uz/ru/product/smartfon-xiaomi-redmi-note-13-pro-5g-12-512-purple-26469,3,
Смартфон XIAOMI REDMI NOTE 13 PRO + 5G 8/256 Aurora Purple,5199000.0,mediapark,https://cdn.mediapark.uz/imgs/600x600_4233626e-7e9b-4d56-b3d9-fd6481307830_Artboard-1.webp,https://mediapark.uz/ru/product/smartfon-xiaomi-redmi-note-13-pro-5g-8-256-aurora-purple-26470,3,
Смартфон XIAOMI REDMI NOTE 13 PRO + 5G 8/256 Moonlight White,5199000.0,mediapark,https://cdn.mediapark.uz/imgs/600x600_cb8653ad-16f4-4e9e-9b36-3e2cac877759_Artboard-1.webp,https://mediapark.uz/ru/product/smartfon-xiaomi-redmi-note-13-pro-5g-8-256-moonlight-white-26471,3,
Смартфон Samsung Galaxy Z Fold6 6/256GB Silver,21320000.0,mediapark,https://cdn.mediapark.uz/imgs/600x600_56af5bd5-45f8-4146-9fab-cf73235416a3_Artboard-11300.webp,https://mediapark.uz/ru/product/smartfon-samsung-sm-f956b-z-fold-6-256gb-silver-26887,3,
Смартфон Samsung Galaxy Z Flip6 6/256GB Silver,13711000.0,mediapark,https://cdn.mediapark.uz/imgs/600x600_7f02b5b5-a4f7-4ae5-b141-9f54739a379d_Artboard-11300.webp,https://mediapark.uz/ru/product/smartfon-samsung-sm-f741b-z-flip-6-256gb-silver-26888,3,
Смартфон SAMSUNG SM-A057F A05S 128GB Violet,1898000.0,mediapark,https://cdn.mediapark.uz/imgs/600x600_306838ee-ba29-4340-bfe5-fa401a694a7e_Artboard-11300.webp,https://mediapark.uz/ru/product/smartfon-samsung-sm-a057f-a05s-128gb-violet-26889,3,
Смартфон SAMSUNG SM-A055F A05 128GB Green,1654000.0,mediapark,https://cdn.mediapark.uz/imgs/600x600_1f52d416-ce6d-40ac-a5d8-24f54cea5e69_Artboard-11300.webp,https://mediapark.uz/ru/product/smartfon-samsung-sm-a055f-a05-128gb-green-26890,3,
Смартфон HONOR 200 PRO 12/512 Midnight Black,7399000.0,mediapark,https://cdn.mediapark.uz/imgs/600x600_b1eda19c-daf4-43c2-a648-a583370e76a0_Artboard-1.webp,https://mediapark.uz/ru/product/smartfon-honor-200-pro-12-512-midnight-black-27000,3,
Смартфон Realme 12 5G 8/256 Purple,3453000.0,mediapark,https://cdn.mediapark.uz/imgs/600x600_389393c3-414c-4a8a-87e6-a3f53f5f8a20_Artboard-1.webp,https://mediapark.uz/ru/product/smartfon-realme-12-5g-8-256-purple-27290,3,
Смартфон Realme 12 5G 8/256 Green,3453000.0,mediapark,https://cdn.mediapark.uz/imgs/600x600_5ae93cfe-80f2-4aeb-9299-c24b73d54c10_Artboard-1.webp,https://mediapark.uz/ru/product/smartfon-realme-12-5g-8-256-green-27291,3,
Смартфон OPPO RENO 12 PRO 12/512 Space Brown,5990000.0,mediapark,https://cdn.mediapark.uz/imgs/600x600_b7f52a46-0465-4406-9cf2-fa2dd3cfc90e_Artboard-1.webp,https://mediapark.uz/ru/product/smartfon-oppo-reno-12-pro-12-512-space-brown-27297,3,
Смартфон REALME NOTE 50 (4/128) Sky Blue,1732000.0,mediapark,https://cdn.mediapark.uz/imgs/600x600_44efec2c-9c97-4ffa-89b6-113657aadeca_Artboard-1.webp,https://mediapark.uz/ru/product/smartfon-realme-note-50-4-128-sky-blue-27299,3,
Смартфон VIVO Y02T (4/128) Gray,1904000.0,mediapark,https://cdn.mediapark.uz/imgs/600x600_118f8474-5985-4bbf-a37e-b26155ba9205_Artboard-1.webp,https://mediapark.uz/ru/product/smartfon-vivo-y02t-4-128-gray-27301,3,
Смартфон VIVO Y03 (4/64) Gem Green,1499000.0,mediapark,https://cdn.mediapark.uz/imgs/600x600_34e45533-aa84-4aac-bf17-112738bb06c9_Artboard-1.webp,https://mediapark.uz/ru/product/smartfon-vivo-y03-4-64-gem-green-27302,3,
Смартфон XIAOMI 14 (12/256) White ,9659000.0,mediapark,https://cdn.mediapark.uz/imgs/600x600_452e6fa1-c4db-4d9e-8211-03347e1778e8_Artboard-1.webp,https://mediapark.uz/ru/product/smartfon-xiaomi-14-12-256-white-27303,3,
Смартфон XIAOMI REDMI 13 (8/256) Pink ,2208000.0,mediapark,https://cdn.mediapark.uz/imgs/600x600_2df62c1b-1138-4e6a-b476-f5029765105d_Artboard-1.webp,https://mediapark.uz/ru/product/smartfon-xiaomi-redmi-13-8-256-pink-27304,3,
Смартфон XIAOMI REDMI 13C (8/256) Green,1952000.0,mediapark,https://cdn.mediapark.uz/imgs/600x600_303cb464-3b4b-4487-8268-b8f77e024261_Artboard-1.webp,https://mediapark.uz/ru/product/smartfon-xiaomi-redmi-13c-8-256-green-27305,3,
Смартфон REALME NOTE 50 (4/128) Midnight Black,1732000.0,mediapark,https://cdn.mediapark.uz/imgs/600x600_465a1478-3eaf-4572-9757-45768319630e_Artboard-1.webp,https://mediapark.uz/ru/product/smartfon-realme-note-50-4-128-midnight-black-27308,3,
Смартфон REALME 12 + 5G 8/256 Beige,5738000.0,mediapark,https://cdn.mediapark.uz/imgs/600x600_148bb278-856b-45a6-9c7a-3e643ca4cf0c_Artboard-11300.webp,https://mediapark.uz/ru/product/smartfon-realme-12-5g-8-256-beige-27309,3,
Смартфон REALME 12 PRO + 5G 8/256 Beige,7556000.0,mediapark,https://cdn.mediapark.uz/imgs/600x600_b76f6758-a5a2-442f-981b-fe8ffa76a1e2_Artboard-11300.webp,https://mediapark.uz/ru/product/smartfon-realme-12-pro-5g-8-256-beige-27310,3,
Смартфон Apple iPhone 16 128GB Black,10999000.0,mediapark,https://cdn.mediapark.uz/imgs/600x600_3d2051b8-b6be-4a01-9310-0c2dffa73da3_Artboard-1.webp,https://mediapark.uz/ru/product/smartfon-apple-iphone-16-128gb-black-27420,3,
Смартфон Apple iPhone 16 128GB White,10999000.0,mediapark,https://cdn.mediapark.uz/imgs/600x600_c452571d-bee6-4705-a9f3-057f565c9228_Artboard-1.webp,https://mediapark.uz/ru/product/smartfon-apple-iphone-16-128gb-white-27421,3,
Смартфон Apple iPhone 16 128GB Pink,12155000.0,mediapark,https://cdn.mediapark.uz/imgs/600x600_600a2876-62a2-4b3c-a13c-0acb7f34a5b4_Artboard-1.webp,https://mediapark.uz/ru/product/smartfon-apple-iphone-16-128gb-pink-27422,3,
Смартфон Apple iPhone 16 128GB Ultramarine,10999000.0,mediapark,https://cdn.mediapark.uz/imgs/600x600_e9cc55f1-4599-4f0b-9fde-cd68a20f0254_Artboard-1.webp,https://mediapark.uz/ru/product/smartfon-apple-iphone-16-128gb-ultramarine-27423,3,
Смартфон Apple iPhone 16 128GB Teal,10999000.0,mediapark,https://cdn.mediapark.uz/imgs/600x600_3197287d-8264-495a-acd2-bd7ce79c157f_Artboard-1.webp,https://mediapark.uz/ru/product/smartfon-apple-iphone-16-128gb-teal-27424,3,
Смартфон Apple iPhone 16 256GB Ultramarine,15159000.0,mediapark,https://cdn.mediapark.uz/imgs/600x600_369988db-e939-4134-83c1-7fe4a06a598c_Artboard-1.webp,https://mediapark.uz/ru/product/smartfon-apple-iphone-16-256gb-ultramarine-27428,3,
Смартфон Apple iPhone 16 Pro 256GB Black Titanium,16999000.0,mediapark,https://cdn.mediapark.uz/imgs/600x600_429f12e9-59f8-4338-b5a4-a095fba0c00a_Artboard-1.webp,https://mediapark.uz/ru/product/smartfon-apple-iphone-16-pro-256gb-black-titanium-27452,3,
Смартфон Apple iPhone 16 Pro 256GB Desert Titanium,16999000.0,mediapark,https://cdn.mediapark.uz/imgs/600x600_5394c085-ec19-422a-9cea-c2f8b8626f69_Artboard-1.webp,https://mediapark.uz/ru/product/smartfon-apple-iphone-16-pro-256gb-desert-titanium-27453,3,
Смартфон Apple iPhone 16 Pro 256GB White Titanium,17399000.0,mediapark,https://cdn.mediapark.uz/imgs/600x600_12bb7dc7-a94b-4027-8dda-df2018ce5467_Artboard-1.webp,https://mediapark.uz/ru/product/smartfon-apple-iphone-16-pro-256gb-white-titanium-27455,3,
Смартфон Apple iPhone 16 Pro 512GB Desert Titanium,20100000.0,mediapark,https://cdn.mediapark.uz/imgs/600x600_81359fee-c003-417e-a723-894fdb17d993_Artboard-1.webp,https://mediapark.uz/ru/product/smartfon-apple-iphone-16-pro-512gb-desert-titanium-27458,3,
Смартфон Apple iPhone 16 Pro 256GB Natural Titanium,16999000.0,mediapark,https://cdn.mediapark.uz/imgs/600x600_97414f0d-9eed-43ca-917a-3a41e93addf2_Artboard-1.webp,https://mediapark.uz/ru/product/smartfon-apple-iphone-16-pro-512gb-natural-titanium-27459,3,
Смартфон Apple iPhone 16 Pro Max 256GB Desert Titanium,18299000.0,mediapark,https://cdn.mediapark.uz/imgs/600x600_440ea286-3702-42ba-97df-19a7e15d0f4c_Artboard-1.webp,https://mediapark.uz/ru/product/smartfon-apple-iphone-16-pro-max-256gb-desert-titanium-27467,3,
Смартфон Apple iPhone 16 Pro Max 256GB White Titanium,18299000.0,mediapark,https://cdn.mediapark.uz/imgs/600x600_fbee132b-8807-4b56-b961-09c74ea929d8_Artboard-1.webp,https://mediapark.uz/ru/product/smartfon-apple-iphone-16-pro-max-256gb-white-titanium-27470,3,
Смартфон Apple iPhone 16 Pro Max 256GB Black Titanium,18299000.0,mediapark,https://cdn.mediapark.uz/imgs/600x600_b11829c6-6d47-483e-88fe-e8bd86cc17ba_Artboard-1.webp,https://mediapark.uz/ru/product/smartfon-apple-iphone-16-pro-max-512gb-black-titanium-27471,3,
Смартфон Apple iPhone 16 Pro Max 512GB Natural Titanium,23765000.0,mediapark,https://cdn.mediapark.uz/imgs/600x600_cd3a68ce-3bf4-44e0-a78c-17800666d795_Artboard-1.webp,https://mediapark.uz/ru/product/smartfon-apple-iphone-16-pro-max-512gb-natural-titanium-27474,3,
Смартфон Apple iPhone 16 Pro Max 512GB White Titanium,23765000.0,mediapark,https://cdn.mediapark.uz/imgs/600x600_f50091a6-fb46-40a2-a06a-ecd9beba8373_Artboard-1.webp,https://mediapark.uz/ru/product/smartfon-apple-iphone-16-pro-max-512gb-white-titanium-27476,3,
Смартфон VIVO V40 12/256 GB White,7599000.0,mediapark,https://cdn.mediapark.uz/imgs/600x600_6083049e-af65-465a-b89b-c656ca0af322_Artboard-1.webp,https://mediapark.uz/ru/product/smartfon-vivo-v40-12-256-white-27731,3,
Смартфон VIVO V40 12/256 GB Silver,7599000.0,mediapark,https://cdn.mediapark.uz/imgs/600x600_d9686aaa-00cc-4ea3-af34-8b8b1558d0ab_Artboard-1.webp,https://mediapark.uz/ru/product/smartfon-vivo-v40-12-256-silver-27732,3,
Смартфон Xiaomi 14T Pro 12/256GB Titan Black,10400000.0,mediapark,https://cdn.mediapark.uz/imgs/600x600_ad146d7e-c434-4889-9d29-ba605f1a1af1_Artboard-1.webp,https://mediapark.uz/ru/product/smartfon-xiaomi-14t-pro-12-256gb-titan-black-27744,3,
Смартфон Xiaomi 14T Pro 12/256GB Titan Gray,7499000.0,mediapark,https://cdn.mediapark.uz/imgs/600x600_6e1f5584-0c34-4c61-a4d5-d6915eb9215f_Artboard-1.webp,https://mediapark.uz/ru/product/smartfon-xiaomi-14t-pro-12-256gb-titan-gray-27745,3,
Смартфон Xiaomi 14T Pro 12/256GB Titan Blue,8736000.0,mediapark,https://cdn.mediapark.uz/imgs/600x600_42895ee0-2435-4d9f-bcc4-0a299a3fdd21_Artboard-1.webp,https://mediapark.uz/ru/product/smartfon-xiaomi-14t-pro-12-256gb-titan-blue-27746,3,
Смартфон Xiaomi 14T 12/512GB Titan Black,8543000.0,mediapark,https://cdn.mediapark.uz/imgs/600x600_d9833262-e3f3-40c5-98f6-3074a6829dd9_Artboard-1.webp,https://mediapark.uz/ru/product/smartfon-xiaomi-14t-12-512gb-titan-black-27747,3,
Смартфон Xiaomi 14T 12/512GB Titan Gray,8543000.0,mediapark,https://cdn.mediapark.uz/imgs/600x600_7e1cbbc9-0f73-48a2-8185-e89acfa0c539_Artboard-1.webp,https://mediapark.uz/ru/product/smartfon-xiaomi-14t-12-512gb-titan-gray-27748,3,
Смартфон Xiaomi 14T 12/256GB Titan Black,7893000.0,mediapark,https://cdn.mediapark.uz/imgs/600x600_17e85d74-4bfb-4368-8e28-b82be9fcf153_Artboard-1.webp,https://mediapark.uz/ru/product/smartfon-xiaomi-14t-12-256gb-titan-black-27749,3,
Смартфон Xiaomi 14T 12/256GB Titan Blue,6881000.0,mediapark,https://cdn.mediapark.uz/imgs/600x600_011189d6-09bc-45c0-bfd2-2740a4ab7896_Artboard-1.webp,https://mediapark.uz/ru/product/smartfon-xiaomi-14t-12-256gb-titan-blue-27750,3,
Смартфон Apple iPhone 16 Pro 128GB Desert Titanium,14999000.0,mediapark,https://cdn.mediapark.uz/imgs/600x600_092835ad-2871-4764-88da-f86503316f9c_Artboard-1.webp,https://mediapark.uz/ru/product/smartfon-apple-iphone-16-pro-128gb-desert-titanium-27773,3,
Смартфон Apple iPhone 16 Pro 128GB White Titanium,14999000.0,mediapark,https://cdn.mediapark.uz/imgs/600x600_244d9582-da67-450e-a609-e7cc63a9fac7_Artboard-1.webp,https://mediapark.uz/ru/product/smartfon-apple-iphone-16-pro-128gb-white-titanium-27775,3,
Смартфон REALME GT 6 (12/256) Razor Green,11655000.0,mediapark,https://cdn.mediapark.uz/imgs/600x600_3efa135d-67ad-4095-9e29-39714e67ddc5_Artboard-1.webp,https://mediapark.uz/ru/product/smartfon-realme-gt-6-12-256-razor-green-27781,3,
Смартфон REALME GT 6 (12/256) Fluid Silver,11655000.0,mediapark,https://cdn.mediapark.uz/imgs/600x600_d3b18107-8fe8-458a-9263-857f8ce4a763_Artboard-1.webp,https://mediapark.uz/ru/product/smartfon-realme-gt-6-12-256-fluid-silver-27782,3,
Смартфон HONOR X7C (6/128) Forest Green,2313000.0,mediapark,https://cdn.mediapark.uz/imgs/600x600_bc1d49b7-e339-48eb-9f7c-d82fad9339e8_Artboard-1.webp,https://mediapark.uz/ru/product/smartfon-honor-x7c-6-128-forest-green-27924,3,
Смартфон HONOR X7C (6/128) Midnight Black,2313000.0,mediapark,https://cdn.mediapark.uz/imgs/600x600_d763f772-213b-40c8-8d6a-e992b8b097c3_Artboard-1.webp,https://mediapark.uz/ru/product/smartfon-honor-x7c-6-128-midnight-black-27925,3,
Смартфон HONOR X7C (6/128) Moonlight White,2313000.0,mediapark,https://cdn.mediapark.uz/imgs/600x600_8d2cddbc-8aba-42c4-a9ab-e4c97c46f687_Artboard-1.webp,https://mediapark.uz/ru/product/smartfon-honor-x7c-6-128-moonlight-white-27926,3,
Смартфон VIVO Y19S (6/128) Black,2070000.0,mediapark,https://cdn.mediapark.uz/imgs/600x600_f25490b0-3867-4af3-95bb-247f65403fa6_Artboard-1.webp,https://mediapark.uz/ru/product/smartfon-vivo-y19s-6-128-black-27927,3,
Смартфон VIVO Y19S (6/128) Silver,2070000.0,mediapark,https://cdn.mediapark.uz/imgs/600x600_114cc775-24dc-4b71-8178-513cae2fabf3_Artboard-1.webp,https://mediapark.uz/ru/product/smartfon-vivo-y19s-6-128-silver-27928,3,
Смартфон VIVO V40 LITE (8/256) Green,4099000.0,mediapark,https://cdn.mediapark.uz/imgs/600x600_165e7077-818b-4c64-a1e9-10d606e8c688_Artboard-1.webp,https://mediapark.uz/ru/product/smartfon-vivo-v40-lite-8-256-green-27929,3,
Смартфон VIVO V40 LITE (8/256) Silver,4099000.0,mediapark,https://cdn.mediapark.uz/imgs/600x600_79c5fb05-3217-4324-ace4-0d9fdfe1efd8_Artboard-1.webp,https://mediapark.uz/ru/product/smartfon-vivo-v40-lite-8-256-silver-27930,3,
Смартфон OPPO A3 (6/128) Starlight White,2234000.0,mediapark,https://cdn.mediapark.uz/imgs/600x600_afb77e75-4ddd-43cb-8d5e-c0e2b0aa5b7e_Artboard-1.webp,https://mediapark.uz/ru/product/smartfon-oppo-a3-6-128-starlight-white-27931,3,
Смартфон REALME C61 (8/256) Green,2640000.0,mediapark,https://cdn.mediapark.uz/imgs/600x600_7a452fe5-022e-4193-bb1d-7b45cffd5dac_Artboard-1.webp,https://mediapark.uz/ru/product/smartfon-realme-c61-8-256-green-27935,3,
Смартфон REALME C65 8/256 Black,3036000.0,mediapark,https://cdn.mediapark.uz/imgs/600x600_2511800b-1398-478f-9371-44c9efa60b91_Artboard-11300.webp,https://mediapark.uz/ru/product/smartfon-realme-c65-8-256-black-28030,3,
Смартфон Realme 12 4G 8/256GB Blue,3133000.0,mediapark,https://cdn.mediapark.uz/imgs/600x600_b6b7e76e-1dfa-4afc-9209-03f770268278_1.webp,https://mediapark.uz/ru/product/smartfon-realme-12-4g-8-256gb-blue-28059,3,
Смартфон HONOR X6B 4/128GB Emerland Green,1839000.0,mediapark,https://cdn.mediapark.uz/imgs/600x600_c30949eb-29d6-4ad7-bd33-1da41d4f4fac_1_11zon-(1).webp,https://mediapark.uz/ru/product/smartfon-honor-x6b-4-128gb-emerland-green-28100,3,
Смартфон Realme 12+5G 8/256GB Green,5738000.0,mediapark,https://cdn.mediapark.uz/imgs/600x600_45cf6ff1-3ad7-4ee0-992c-a97009d9bd32_1.webp,https://mediapark.uz/ru/product/smartfon-realme-12-5g-8-256gb-green-28126,3,
Смартфон Realme 12 4G 8/256GB Green,3133000.0,mediapark,https://cdn.mediapark.uz/imgs/600x600_ef37e7db-c54c-468c-af01-1eca06823da2_1_11zon-(1).webp,https://mediapark.uz/ru/product/smartfon-realme-12-4g-8-256gb-green-28148,3,
Смартфон HONOR X6B 4/128GB Midnight Black,1629000.0,mediapark,https://cdn.mediapark.uz/imgs/600x600_d09b99fb-35da-4861-b670-575d0bb65447_1_11zon-(3).webp,https://mediapark.uz/ru/product/smartfon-honor-x6b-4-128gb-midnight-black-28171,3,
Смартфон HONOR X9C 8/256 Titanium Black,3999000.0,mediapark,https://cdn.mediapark.uz/imgs/600x600_08678e0f-3844-442f-9d80-0722d8a38ae9_Artboard-11300.webp,https://mediapark.uz/ru/product/smartfon-honor-x9c-8-256-titanium-black-28188,3,
Смартфон HONOR X9C 8/256 Titanium Purple,3999000.0,mediapark,https://cdn.mediapark.uz/imgs/600x600_663e00bf-559f-4df2-8b08-cafaceae108a_Дизайн-без-названия.webp,https://mediapark.uz/ru/product/smartfon-honor-x9c-8-256-titanium-purple-28189,3,
Смартфон Xiaomi Redmi 14C 6/128 Blue,1849000.0,mediapark,https://cdn.mediapark.uz/imgs/600x600_bcd53727-25a1-4a9b-858a-aabba8eb3484_Artboard-11300.webp,https://mediapark.uz/ru/product/smartfon-xiaomi-redmi-14c-6-128-blue-28195,3,
Смартфон HONOR X7C 8/256 Midnight Black,2439000.0,mediapark,https://cdn.mediapark.uz/imgs/600x600_2b99e5fd-2f5f-4bfa-9eef-a69bb1d58c73_Artboard-11300.webp,https://mediapark.uz/ru/product/smartfon-honor-x7c-8-256-midnight-black-28198,3,
Смартфон HONOR X7C 8/256 Forest Green,2439000.0,mediapark,https://cdn.mediapark.uz/imgs/600x600_cfceeebd-bdaa-4c7e-8d25-05f1549bb894_Artboard-11300.webp,https://mediapark.uz/ru/product/smartfon-honor-x7c-8-256-forest-green-28199,3,
Смартфон Xiaomi Redmi 14C (8/256) Starry Blue,1750000.0,mediapark,https://cdn.mediapark.uz/imgs/600x600_88d58ddb-e134-47ac-b026-840628a5efaf_Artboard-1.webp,https://mediapark.uz/ru/product/smartfon-xiaomi-redmi-14c-8-256-starry-blue-28297,3,
Смартфон Samsung Galaxy A16 128GB Black (SM-A165F),2375000.0,mediapark,https://cdn.mediapark.uz/imgs/600x600_e60325ca-4f84-42d2-a95b-6014af5dd291_Artboard-11300.webp,https://mediapark.uz/ru/product/smartfon-samsung-galaxy-a16-128gb-black-sm-a165f-28300,3,
 Смартфон Samsung Galaxy A06 4/128GB Black,1559000.0,mediapark,https://cdn.mediapark.uz/imgs/600x600_26adc622-0eb2-4242-a391-39774018711e_a5.webp,https://mediapark.uz/ru/product/smartfon-samsung-galaxy-a06-4-128gb-28304,3,
Смартфон Samsung Galaxy A16 8/256GB Black,2799000.0,mediapark,https://cdn.mediapark.uz/imgs/600x600_4cbe0ba3-c40e-4ab7-8705-18be4b88c175_Artboard-11300.webp,https://mediapark.uz/ru/product/smartfon-samsung-a16-256gb-black-28305,3,
Смартфон Realme C71 8/256GB White  ,2899000.0,mediapark,https://cdn.mediapark.uz/imgs/600x600_29b6d62a-22b9-4edf-87a7-a7088c8c65e2_1.webp,https://mediapark.uz/ru/product/smartfon-realme-c71-8-256gb-white-36578,3,
Смартфон Realme C71 8/256GB Green  ,2899000.0,mediapark,https://cdn.mediapark.uz/imgs/600x600_c9d68498-af89-4af0-a83e-407c11325724_1.webp,https://mediapark.uz/ru/product/smartfon-realme-c71-8-256gb-green-36579,3,
Смартфон VIVO V60 Lite 5G (12/512GB) Blue  ,5449000.0,mediapark,https://cdn.mediapark.uz/imgs/600x600_fcb0aaa4-fc62-44dc-b310-e4f48cfa8496_1.webp,https://mediapark.uz/ru/product/smartfon-vivo-v60-lite-5g-12-512gb-blue-36726,3,
Смартфон HONOR 600 8/256GB Black  ,6777000.0,mediapark,https://cdn.mediapark.uz/imgs/600x600_1c8753c4-d0ce-4cf9-83b8-0203599bb98a_1.webp,https://mediapark.uz/ru/product/smartfon-honor-600-8-256gb-black-36776,3,
Смартфон Google Pixel 8a 8/256 GB Black  ,6765000.0,mediapark,https://cdn.mediapark.uz/imgs/600x600_bfa03ab9-e5ad-4a22-9a28-4779cc1e06d9_1.webp,https://mediapark.uz/ru/product/smartfon-google-pixel-8a-8-256-gb-black-36882,3,
Смартфон Xiaomi Redmi Note 14 6/128GB Black,2457000.0,mediapark,https://cdn.mediapark.uz/imgs/600x600_e1a6e662-9e04-49e6-9b76-de8805eed869_Монтажная-область-1.webp,https://mediapark.uz/ru/product/smartfon-xiaomi-redmi-note-14-07n-28415,3,
Смартфон Xiaomi Redmi Note 14 Pro 8/256GB Black,4095000.0,mediapark,https://cdn.mediapark.uz/imgs/600x600_d97f5c44-fc0a-47d8-a601-d8f77669619b_Монтажная-область-1.webp,https://mediapark.uz/ru/product/smartfon-xiaomi-redmi-note-14-pro-06-28417,3,
Смартфон Xiaomi Redmi Note 14 6/128GB Blue,2457000.0,mediapark,https://cdn.mediapark.uz/imgs/600x600_4c0c1811-3c60-48b3-bf60-41605a9ed9f2_Монтажная-область-1.webp,https://mediapark.uz/ru/product/smartfon-xiaomi-redmi-note-14-07n-6-128gb-blue-28420,3,
Смартфон Xiaomi Redmi Note 14 8/256GB Midnight Black,2800000.0,mediapark,https://cdn.mediapark.uz/imgs/600x600_f6650545-f291-4d06-a022-eebfe70b9cfa_1_11zon-(1).webp,https://mediapark.uz/ru/product/smartfon-xiaomi-redmi-note-14-8-256gb-midnight-black-28456,3,
Смартфон Xiaomi Redmi Note 14 8/256GB Lime Green,2800000.0,mediapark,https://cdn.mediapark.uz/imgs/600x600_d8aefe87-0c4f-44c9-bfb9-6309d11a209f_Монтажная-область-1.webp,https://mediapark.uz/ru/product/smartfon-xiaomi-redmi-note-14-8-256gb-lime-green-28457,3,
Смартфон Samsung Galaxy S25 5G 12/128GB Icy Blue,9679000.0,mediapark,https://cdn.mediapark.uz/imgs/600x600_ca67be36-470d-497e-8d4d-26549a7ff08f_Artboard-1.webp,https://mediapark.uz/ru/product/smartfon-samsung-galaxy-s25-5g-12-256gb-icy-blue-28511,3,
Смартфон Samsung Galaxy S25 5G 12/128GB Navy,9679000.0,mediapark,https://cdn.mediapark.uz/imgs/600x600_5b9c03d4-7c43-4286-8a23-7a951e590fa1_Artboard-1.webp,https://mediapark.uz/ru/product/smartfon-samsung-galaxy-s25-5g-12-128gb-navy-28512,3,
Смартфон Samsung Galaxy S25 Ultra (12/256) Titanium Black,15208000.0,mediapark,https://cdn.mediapark.uz/imgs/600x600_9474e06a-1066-4d09-bde9-3cc509172167_496813b7-d51d-4643-8ad6-49ac8f8f1a5a_Artboard-7.webp,https://mediapark.uz/ru/product/smartfon-samsung-galaxy-s25-ultra-12-256-titanium-black-28513,3,
Смартфон Samsung Galaxy S25 5G 12/128GB Silver Shadow ,9679000.0,mediapark,https://cdn.mediapark.uz/imgs/600x600_af7e5c7f-efbf-4fab-b8ff-177dff54c360_Artboard-1.webp,https://mediapark.uz/ru/product/smartfon-samsung-galaxy-s25-5g-12-128gb-silver-shadow-28514,3,
Смартфон Samsung Galaxy S25 5G 12/256GB Silver Shadow ,10411000.0,mediapark,https://cdn.mediapark.uz/imgs/600x600_51ba9e63-9bf5-48d4-937a-ca6373b897eb_Artboard-1.webp,https://mediapark.uz/ru/product/smartfon-samsung-galaxy-s25-5g-12-256gb-silver-shadow-28517,3,
Смартфон Samsung Galaxy S25 Ultra (12/256) Titanium Blue,15208000.0,mediapark,https://cdn.mediapark.uz/imgs/600x600_53c7d03e-c8a7-4c98-bfd2-84013c71f2b4_Artboard-1.webp,https://mediapark.uz/ru/product/smartfon-samsung-galaxy-s25-ultra-12-256-titanium-blue-28518,3,
Смартфон Samsung Galaxy S25 Plus 12/256GB Navy,12199000.0,mediapark,https://cdn.mediapark.uz/imgs/600x600_5e3aaafc-62b9-43e5-92d4-192ea84acc89_Artboard-1.webp,https://mediapark.uz/ru/product/smartfon-samsung-s25-plus-12-256gb-navy-28519,3,
Смартфон Samsung Galaxy S25 Ultra (12/512) Titanium Black,16404000.0,mediapark,https://cdn.mediapark.uz/imgs/600x600_e37e3d32-2c21-40b9-91f9-45dff86efea7_7d7cfc6c-339e-44f8-9be1-44fbe29cd4d4_Artboard-7.webp,https://mediapark.uz/ru/product/smartfon-samsung-galaxy-s25-ultra-12-512-titanium-black-28521,3,
Смартфон Samsung Galaxy S25 Ultra (12/512) Titanium Blue,16404000.0,mediapark,https://cdn.mediapark.uz/imgs/600x600_33160d65-21d6-4ac2-afc8-1a121230316e_Artboard-1.webp,https://mediapark.uz/ru/product/smartfon-samsung-galaxy-s25-ultra-12-512-titanium-blue-28522,3,
Смартфон Samsung Galaxy S25 Ultra (12/512) Titanium Gray,16404000.0,mediapark,https://cdn.mediapark.uz/imgs/600x600_6b57d9b4-bf28-429d-9d34-9e3748203d56_Artboard-1.webp,https://mediapark.uz/ru/product/smartfon-samsung-galaxy-s25-ultra-12-512-titanium-gray-28523,3,
Смартфон Samsung Galaxy S25 Plus (12/256) Silver Shadow,11888000.0,mediapark,https://cdn.mediapark.uz/imgs/600x600_c330522b-e95a-4a81-ba6a-0d82405d771f_Artboard-1.webp,https://mediapark.uz/ru/product/smartfon-samsung-galaxy-s25-plus-12-256-silver-shadow-28528,3,
Смартфон Samsung Galaxy A16 128GB Gray,2375000.0,mediapark,https://cdn.mediapark.uz/imgs/600x600_edabbc72-7299-49c5-95c9-ee9a8d141fb3_Artboard-1.webp,https://mediapark.uz/ru/product/smartfon-samsung-galaxy-a16-128gb-gray-28899,3,
Смартфон Samsung Galaxy A16 256GB Gray (SM-A165F),2799000.0,mediapark,https://cdn.mediapark.uz/imgs/600x600_f08fb2bb-4ed6-47c0-9c3e-349d9b879c74_Artboard-1.webp,https://mediapark.uz/ru/product/smartfon-samsung-galaxy-a16-256gb-gray-sm-a165f-28901,3,
Смартфон Samsung Galaxy A16 128GB Green (SM-A165F),2375000.0,mediapark,https://cdn.mediapark.uz/imgs/600x600_4fc3fc67-565f-4600-8011-90708f904bad_Artboard-1.webp,https://mediapark.uz/ru/product/smartfon-samsung-galaxy-a16-128gb-green-sm-a165f-28904,3,
Смартфон Samsung Galaxy A16 256GB Green (SM-A165F),2799000.0,mediapark,https://cdn.mediapark.uz/imgs/600x600_0e08163a-5a10-4b1b-aadc-bae5ee405b2d_Artboard-1.webp,https://mediapark.uz/ru/product/smartfon-samsung-galaxy-a16-256gb-green-sm-a165f-28906,3,
Смартфон Samsung Galaxy S24FE 256GB Gray,8159000.0,mediapark,https://cdn.mediapark.uz/imgs/600x600_549470d2-50d5-4cbb-8743-9bfeb2e0637d_Монтажная-область-1.webp,https://mediapark.uz/ru/product/smartfon-samsung-galaxy-s24fe-256gb-gray-29080,3,
"Смартфон Blackview BV7200 6.09‘‘ 6/128GB, 2SIM, 5180mAh, Black",3279000.0,mediapark,https://cdn.mediapark.uz/imgs/600x600_5d5f23f6-e9bf-4e01-b47e-f4d95e029c8e_Artboard-2.webp,https://mediapark.uz/ru/product/smartfon-blackview-bv7200-6-09-6-128gb-2sim-5180mah-black-29131,3,
Смартфон Realme 13+ 5G (8/256) Purple,4873000.0,mediapark,https://cdn.mediapark.uz/imgs/600x600_aa073975-15b0-4461-9ded-867c1f0a2e12_Artboard-1.webp,https://mediapark.uz/ru/product/smartfon-realme-13-5g-8-256-purple-29168,3,
Смартфон Oppo Reno 13F (8/256) Gray,4780000.0,mediapark,https://cdn.mediapark.uz/imgs/600x600_455d701a-9e98-4f67-9ef3-6352d7d4f478_Artboard-1.webp,https://mediapark.uz/ru/product/smartfon-oppo-reno-13f-8-256-gray-29173,3,
Смартфон Oppo Reno 13F (8/256) Purple,4780000.0,mediapark,https://cdn.mediapark.uz/imgs/600x600_0216bb20-c53a-4dee-a756-521dc8b18d87_Artboard-1.webp,https://mediapark.uz/ru/product/smartfon-oppo-reno-13f-8-256-purple-29174,3,
Смартфон Honor X9c Smart (8/256) Black,3849000.0,mediapark,https://cdn.mediapark.uz/imgs/600x600_2c95b476-dcc5-4b76-bea2-cb4022a903d4_Artboard-7.webp,https://mediapark.uz/ru/product/smartfon-honor-x9c-smart-8-256-black-29182,3,
Смартфон Honor X9c Smart (8/256) Blue,3849000.0,mediapark,https://cdn.mediapark.uz/imgs/600x600_9c311d17-bf8f-46ea-9f7e-66747661b771_Artboard-1.webp,https://mediapark.uz/ru/product/smartfon-honor-x9c-smart-8-256-blue-29183,3,
Смартфон Honor X9c Smart (8/256) White,3849000.0,mediapark,https://cdn.mediapark.uz/imgs/600x600_dabc10b7-4c48-4f9a-a6ec-62992d27ab1c_Artboard-1.webp,https://mediapark.uz/ru/product/smartfon-honor-x9c-smart-8-256-white-29184,3,
Смартфон Xiaomi Redmi Note 14 Pro (12/256) Midnight Black,4313000.0,mediapark,https://cdn.mediapark.uz/imgs/600x600_d8e290aa-e9fd-4239-9704-dc3c3e132f31_Монтажная-область-10.webp,https://mediapark.uz/ru/product/smartfon-xiaomi-redmi-note-14-pro-12-256-midnight-black-29238,3,
Смартфон Samsung Galaxy A36 128GB Black,4176000.0,mediapark,https://cdn.mediapark.uz/imgs/600x600_b1490ec7-a150-4aa2-bd86-7c44a05644d8_Монтажная-область-1.webp,https://mediapark.uz/ru/product/smartfon-samsung-sm-a366e-a36-128gb-black-29562,3,
Смартфон Samsung Galaxy A36 256GB Black,4489000.0,mediapark,https://cdn.mediapark.uz/imgs/600x600_b70c012b-0456-417b-b2dd-dec3cadcac8e_Монтажная-область-1.webp,https://mediapark.uz/ru/product/smartfon-samsung-sm-a366e-a36-256gb-black-29572,3,
Смартфон Samsung Galaxy A36 256GB White,4489000.0,mediapark,https://cdn.mediapark.uz/imgs/600x600_24b9cf8d-0011-49fc-9e40-6496b844f43e_Artboard-1.webp,https://mediapark.uz/ru/product/smartfon-samsung-galaxy-a36-256gb-white-29576,3,
Смартфон Samsung Galaxy A56 128GB Lightgray,4799000.0,mediapark,https://cdn.mediapark.uz/imgs/600x600_94d8fd54-fdac-470f-8181-acd841e43c42_Монтажная-область-1.webp,https://mediapark.uz/ru/product/smartfon-samsung-galaxy-a56-128gb-lightgray-29584,3,
Смартфон Samsung Galaxy A56 256GB Graphite,5199000.0,mediapark,https://cdn.mediapark.uz/imgs/600x600_7089eded-cfcf-406b-b313-811a13860145_Монтажная-область-1.webp,https://mediapark.uz/ru/product/smartfon-samsung-galaxy-a56-256gb-graphite-29587,3,
Смартфон Samsung Galaxy A56 256GB Lightgray,5199000.0,mediapark,https://cdn.mediapark.uz/imgs/600x600_e6662dc3-be07-4382-9988-ba4236b45b24_Монтажная-область-1.webp,https://mediapark.uz/ru/product/smartfon-samsung-galaxy-a56-256gb-lightgray-29588,3,
Смартфон Samsung Galaxy A56 256GB Olive,5199000.0,mediapark,https://cdn.mediapark.uz/imgs/600x600_f8443316-c534-4074-a30c-0f352f1321c3_Монтажная-область-1.webp,https://mediapark.uz/ru/product/smartfon-samsung-galaxy-a56-256gb-olive-29589,3,
Смартфон Honor X5B Plus (4/128) Midnight Black,1429000.0,mediapark,https://cdn.mediapark.uz/imgs/600x600_3f082c82-14df-4312-80b0-32b6eba1e271_Artboard-1.webp,https://mediapark.uz/ru/product/smartfon-honor-x5b-plus-4-128-midnight-black-29680,3,
Смартфон Xiaomi Redmi Note 14 8/256GB Blue,2800000.0,mediapark,https://cdn.mediapark.uz/imgs/600x600_ff374c6a-03f6-41af-b60e-4eeb192d57e5_Artboard-1.webp,https://mediapark.uz/ru/product/smartfon-xiaomi-redmi-note-14-8-256gb-blue-29893,3,
Смартфон Oppo A5 Pro (8/256) Mocha Brown,3349000.0,mediapark,https://cdn.mediapark.uz/imgs/600x600_8694c0d1-1d49-499b-b0cb-c8f94552c6c1_Artboard-11300.webp,https://mediapark.uz/ru/product/smartfon-oppo-a5-pro-8-256-mocha-brown-29916,3,
Смартфон Samsung Galaxy A55 5G 128GB Blue,4378000.0,mediapark,https://cdn.mediapark.uz/imgs/600x600_1f781e0b-a889-4065-935e-0012e1e61cb0_Artboard-11300.webp,https://mediapark.uz/ru/product/smartfon-samsung-galaxy-a55-5g-128gb-blue-29918,3,
Смартфон Samsung Galaxy A55 5G 128GB Lilac,4378000.0,mediapark,https://cdn.mediapark.uz/imgs/600x600_5b07685a-5834-41bf-8603-b7443ada3fe5_Artboard-11300.webp,https://mediapark.uz/ru/product/smartfon-samsung-galaxy-a55-5g-128gb-lilac-29920,3,
Смартфон Samsung Galaxy A55 5G 128GB Navy,3599000.0,mediapark,https://cdn.mediapark.uz/imgs/600x600_52ec1a1b-6e0c-4118-b509-e23f06030047_Artboard-11300.webp,https://mediapark.uz/ru/product/smartfon-samsung-galaxy-a55-5g-128gb-navy-29921,3,
Смартфон Samsung Galaxy A55 5G 256GB Navy,4895000.0,mediapark,https://cdn.mediapark.uz/imgs/600x600_db05d028-bc79-4475-982f-e02a6786c89a_Artboard-11300.webp,https://mediapark.uz/ru/product/smartfon-samsung-galaxy-a55-5g-256gb-navy-29923,3,
Смартфон Samsung Galaxy A26 128GB Mint,3180000.0,mediapark,https://cdn.mediapark.uz/imgs/600x600_7f59f852-9f38-443c-b40e-ba851c3fd7e0_Artboard-11300.webp,https://mediapark.uz/ru/product/smartfon-samsung-galaxy-a26-128gb-mint-29925,3,
Смартфон Samsung Galaxy A26 128GB White,3180000.0,mediapark,https://cdn.mediapark.uz/imgs/600x600_8ec278f7-cbe8-4e9b-b1e1-126f5d6fb150_Artboard-11300.webp,https://mediapark.uz/ru/product/smartfon-samsung-galaxy-a26-128gb-white-29926,3,
Смартфон Samsung Galaxy A26 256GB Black,3522000.0,mediapark,https://cdn.mediapark.uz/imgs/600x600_c46eef7e-f049-44cc-8b3f-d4dfd905d963_Artboard-11300.webp,https://mediapark.uz/ru/product/smartfon-samsung-galaxy-a26-256gb-black-29927,3,
Смартфон Samsung Galaxy A26 256GB Mint,3522000.0,mediapark,https://cdn.mediapark.uz/imgs/600x600_c876fdd6-5328-44be-974e-2d75ef578285_Artboard-11300.webp,https://mediapark.uz/ru/product/smartfon-samsung-galaxy-a26-256gb-mint-29928,3,
Смартфон Samsung Galaxy A26 256GB White,3522000.0,mediapark,https://cdn.mediapark.uz/imgs/600x600_217b4d52-c7cf-4588-8aa0-7a77ef1ddbbb_Artboard-11300.webp,https://mediapark.uz/ru/product/smartfon-samsung-galaxy-a26-256gb-white-29929,3,
Смартфон Vivo V50 (12/256) Black,8099000.0,mediapark,https://cdn.mediapark.uz/imgs/600x600_c8f65076-e1ca-4a18-86ab-d8441967712a_Artboard-1.webp,https://mediapark.uz/ru/product/smartfon-vivo-v50-12-256-black-29933,3,
Смартфон Vivo V50 Lite (8/256) Gold,4399000.0,mediapark,https://cdn.mediapark.uz/imgs/600x600_6ef14115-311b-4455-9b37-8788191a2e27_Artboard-1.webp,https://mediapark.uz/ru/product/smartfon-vivo-v50-lite-8-256-gold-29934,3,
Смартфон Vivo V50 Lite (8/256) Green,4399000.0,mediapark,https://cdn.mediapark.uz/imgs/600x600_e1b5af9b-2297-4b17-974e-a7a86c244122_Artboard-1.webp,https://mediapark.uz/ru/product/smartfon-vivo-v50-lite-8-256-green-29935,3,
Смартфон Vivo Y04 (4/128) Gold,1759000.0,mediapark,https://cdn.mediapark.uz/imgs/600x600_cadf5710-467e-466a-b61f-a9e62acd3ebe_Artboard-1.webp,https://mediapark.uz/ru/product/smartfon-vivo-y04-4-128-gold-29944,3,
Смартфон Vivo Y04 4/128 Green,1759000.0,mediapark,https://cdn.mediapark.uz/imgs/600x600_a23606bf-f496-45b2-91ad-7696f8a1a938_Artboard-1.webp,https://mediapark.uz/ru/product/smartfon-vivo-y04-4-128-green-29945,3,
Смартфон Samsung Galaxy S24FE 8/256 GB Graphite,8159000.0,mediapark,https://cdn.mediapark.uz/imgs/600x600_74ee638f-80ac-4399-add3-3cd696f4d649_Artboard-1.webp,https://mediapark.uz/ru/product/smartfon-samsung-galaxy-s24fe-256gb-graphite-30045,3,
Смартфон Xiaomi Redmi A5 (4/128) Midnight Black,1370000.0,mediapark,https://cdn.mediapark.uz/imgs/600x600_91a6cd41-d102-4e47-a251-8f7b4815a19f_Artboard-1.webp,https://mediapark.uz/ru/product/smartfon-xiaomi-redmi-a5-4-128-midnight-black-30046,3,
Смартфон Xiaomi Redmi A5 (4/128) Lake Green,1370000.0,mediapark,https://cdn.mediapark.uz/imgs/600x600_3826d3e8-f43e-4046-b726-55c3a319e1d4_1.webp,https://mediapark.uz/ru/product/smartfon-xiaomi-redmi-a5-4-128-lake-green-30185,3,
Смартфон Xiaomi Redmi A5 (4/128) Ocean Blue,1370000.0,mediapark,https://cdn.mediapark.uz/imgs/600x600_50a95f48-ac65-442d-b335-f001f5a66955_1.webp,https://mediapark.uz/ru/product/smartfon-xiaomi-redmi-a5-4-128-ocean-blue-30186,3,
Смартфон Huawei Nova 13 (12/256) White,4425000.0,mediapark,https://cdn.mediapark.uz/imgs/600x600_007001ea-fcc7-408f-b1d2-a81473912249_Artboard-1.webp,https://mediapark.uz/ru/product/smartfon-huawei-nova-13-12-256-white-30458,3,
Смартфон Huawei Pura 70 (12/256) Black,8525000.0,mediapark,https://cdn.mediapark.uz/imgs/600x600_25ccf004-aa16-41c7-ab63-537ff362980b_photo_2025-05-06_18-26-20.webp,https://mediapark.uz/ru/product/smartfon-huawei-pura-70-12-256-black-30462,3,
Смартфон Honor 400 Lite (8/256) Velvet Black,3479000.0,mediapark,https://cdn.mediapark.uz/imgs/600x600_abd19941-5b65-4dbe-ba1a-bff09b95e237_Artboard-1.webp,https://mediapark.uz/ru/product/smartfon-honor-400-lite-8-256-black-30511,3,
Смартфон Honor 400 Lite (8/256) Mars Green,3479000.0,mediapark,https://cdn.mediapark.uz/imgs/600x600_31572706-bde3-4a94-a283-16c6313197f2_Artboard-1.webp,https://mediapark.uz/ru/product/smartfon-honor-400-lite-8-256-mars-green-30513,3,
Смартфон Realme 14 Pro 12/512GB Pearl White,6655000.0,mediapark,https://cdn.mediapark.uz/imgs/600x600_b0295bb0-916a-475a-9634-a53a1c25833e_a5-(1).webp,https://mediapark.uz/ru/product/smartfon-realme-14-pro-12-512gb-pearl-white-30945,3,
Смартфон Realme 14 Pro 12/512GB Suede Grey,6655000.0,mediapark,https://cdn.mediapark.uz/imgs/600x600_357c36df-9b05-4412-92ae-9887b185eaf8_a5-(2).webp,https://mediapark.uz/ru/product/smartfon-realme-14-pro-12-512gb-suede-grey-30946,3,
Смартфон Infinix Smart 9 3/64 Metallic Black ,1495000.0,mediapark,https://cdn.mediapark.uz/imgs/600x600_45e71aa1-40e8-4227-b0f2-65e0bcae931e_64-black.webp,https://mediapark.uz/ru/product/smartfon-infinix-smart-9-3-64-metallic-black-30980,3,
Смартфон Infinix Smart 9 3/64 Neo Titanium,1495000.0,mediapark,https://cdn.mediapark.uz/imgs/600x600_9222842a-6cb5-4cb1-b272-1243315c61d7_64-titanium.webp,https://mediapark.uz/ru/product/smartfon-infinix-smart-9-3-64-neo-titanium-30981,3,
Смартфон Infinix Smart 9 3/64 Mint Green,1495000.0,mediapark,https://cdn.mediapark.uz/imgs/600x600_7ec8d74e-8b04-4d15-b9ad-e5fd4abc6a59_64-green.webp,https://mediapark.uz/ru/product/smartfon-infinix-smart-9-3-64-mint-green-30982,3,
Смартфон Xiaomi Redmi Note 14S (8/256) Midnight Black,3470000.0,mediapark,https://cdn.mediapark.uz/imgs/600x600_3620b423-d408-459d-a716-673140873339_a5.webp,https://mediapark.uz/ru/product/smartfon-xiaomi-redmi-note-14s-8-256-midnight-black-30983,3,
Смартфон Infinix Smart 9 4/128 Metallic Black ,1794000.0,mediapark,https://cdn.mediapark.uz/imgs/600x600_fdbc821a-fc1d-43ae-a6ba-c5e92fe1a988_128-black-1.webp,https://mediapark.uz/ru/product/smartfon-infinix-smart-9-4-128-metallic-black-30986,3,
Смартфон Infinix Smart 9 4/128 Neo Titanium,1794000.0,mediapark,https://cdn.mediapark.uz/imgs/600x600_d8792b6e-992e-44f1-8f57-31b6dd56dda7_128-titanium.webp,https://mediapark.uz/ru/product/smartfon-infinix-smart-9-4-128-neo-titanium-30987,3,
Смартфон Infinix Smart 9 4/128 Mint Green,1794000.0,mediapark,https://cdn.mediapark.uz/imgs/600x600_90f9056c-410c-4d4a-88b0-c4e955530484_128-green.webp,https://mediapark.uz/ru/product/smartfon-infinix-smart-9-4-128-mint-green-30988,3,
Смартфон Google Pixel 8A 8/128 Porcelain ,7800000.0,mediapark,https://cdn.mediapark.uz/imgs/600x600_bbd85951-5ea5-4bb7-9d27-2d8043961130_Google-pixel-8a-(Porcelain)-(white).webp,https://mediapark.uz/ru/product/smartfon-google-pixel-8a-8-128-porcelain-30989,3,
Смартфон Google Pixel 7 Pro 12/256 Hazel ,9230000.0,mediapark,https://cdn.mediapark.uz/imgs/600x600_a5599aa9-5a44-4a03-988c-04914b6f9883_Google-Pixel-7-Pro-128-GB-hazel-1.webp,https://mediapark.uz/ru/product/smartfon-google-pixel-7-pro-12-256-hazel-30990,3,
Смартфон Infinix Hot 50i 6/128 Sleek Black,1950000.0,mediapark,https://cdn.mediapark.uz/imgs/600x600_4a93cf12-071a-4761-b5f6-fc078cb4e195_128-black.webp,https://mediapark.uz/ru/product/smartfon-infinix-hot-50i-6-128-sleek-black-30992,3,
Смартфон Infinix Hot 50i 6/128 Titanium Grey,1950000.0,mediapark,https://cdn.mediapark.uz/imgs/600x600_44fe0c35-27fe-41c5-b235-1f190cede2ff_128-grey-2.webp,https://mediapark.uz/ru/product/smartfon-infinix-hot-50i-6-128-titanium-grey-30993,3,
Смартфон Infinix Hot 50i 6/128 Sage Green,1950000.0,mediapark,https://cdn.mediapark.uz/imgs/600x600_77682ca0-6e61-45c3-a801-f01972dbb24f_128-green.webp,https://mediapark.uz/ru/product/smartfon-infinix-hot-50i-6-128-sage-green-30994,3,
Смартфон Infinix Hot 50i 4/256 Sleek Black,2158000.0,mediapark,https://cdn.mediapark.uz/imgs/600x600_78ff6710-8d44-4997-9c79-130daa9aa6e9_256-black.webp,https://mediapark.uz/ru/product/smartfon-infinix-hot-50i-4-256-sleek-black-30995,3,
Смартфон Infinix Hot 50i 4/256 Titanium Grey,2158000.0,mediapark,https://cdn.mediapark.uz/imgs/600x600_400ef30a-5ad5-49f4-a36a-791f78563eda_256-grey.webp,https://mediapark.uz/ru/product/smartfon-infinix-hot-50i-4-256-titanium-grey-30996,3,
Смартфон Infinix Hot 50 8/128 GB Titanium Grey,2249000.0,mediapark,https://cdn.mediapark.uz/imgs/600x600_7c97ed6f-ffc7-4ccf-b7b3-3985240ee316_128--grey.webp,https://mediapark.uz/ru/product/smartfon-infinix-hot-50-8-128-gb-titanium-grey-30997,3,
Смартфон Infinix Hot 50 Pro+ 8/256 GB Sleek Black,3289000.0,mediapark,https://cdn.mediapark.uz/imgs/600x600_d585d138-0741-43ff-9d21-128607e2b9f5_256-black.webp,https://mediapark.uz/ru/product/smartfon-infinix-hot-50-pro-8-256-gb-sleek-black-30999,3,
Смартфон Infinix Hot 50 Pro+ 8/256 GB Titanium Grey,3289000.0,mediapark,https://cdn.mediapark.uz/imgs/600x600_58cb8566-a54d-4609-a6b6-c911e8042908_256-grey.webp,https://mediapark.uz/ru/product/smartfon-infinix-hot-50-pro-8-256-gb-titanium-grey-31000,3,
Смартфон Infinix Note 40 Pro 5G 8/256Gb Racing Grey,4225000.0,mediapark,https://cdn.mediapark.uz/imgs/600x600_10400d28-0a5b-47d8-b7b9-5f03b278baa4_256-grey.webp,https://mediapark.uz/ru/product/smartfon-infinix-note-40-pro-5g-8-256gb-racing-grey-31001,3,
