title,price,store,image_url,product_url,rating,review_count
Apple iPhone 13 128GB (Midnight) +100 GB of Internet + 3 months of TV-COM for free!,7320000.0,openshop,https://asset.openshop.uz/uploads/products/thumbnail/202603/6nPl2saqMBHQSUKYvt3GrxxocTHD1Noy.jpg,https://openshop.uz/shop/product/46721-apple-iphone-13-128-gb-sim-esim-midnight-elektr-choynak-sayohat-vaucheri-365-gb-internet-3-oy-bepul-tv-com-sovg-a,,
Apple iPhone 14 Pro Max 512 GB Silver (Single),12200000.0,openshop,https://asset.openshop.uz/uploads/products/thumbnail/202609/w8kgsyqCNVZHCCefoM0kqTJZXp93AM08.jpg,https://openshop.uz/shop/product/48063-apple-iphone-14-pro-max-256-gb-sim-esim-silver-apple-certified-refurbished-iphone-elektr-choynak-sayohat-vaucheri-365-gb-internet-3-oy-bepul-tv-com-sovg-a,,
Apple iPhone 15 128GB Single (Black) +100 GB of Internet + 3 months of TV-COM for free!,8686000.0,openshop,https://asset.openshop.uz/uploads/products/thumbnail/202603/UKAGzeaEvX8sLEkgW7V3ietudmJFbNge.jpg,https://openshop.uz/shop/product/50000-apple-iphone-15-128-gb-single-qora-elektr-choynak-sayohat-vaucheri-365-gb-internet-3-oy-bepul-tv-com-sovg-a,,
Apple iPhone 15 128GB Single (Blue) +100 GB of Internet + 3 months of TV-COM for free!,8686000.0,openshop,https://asset.openshop.uz/uploads/products/thumbnail/202603/xAthOzM4CqrjSKqNP6UpA8lJ1N1j6Ojd.jpg,https://openshop.uz/shop/product/50001-apple-iphone-15-128-gb-single-ko-k-elektr-choynak-sayohat-vaucheri-365-gb-internet-3-oy-bepul-tv-com-sovg-a,,
Apple iPhone 15 128GB Single (Green) +100 GB of Internet + 3 months of TV-COM for free!,8686000.0,openshop,https://asset.openshop.uz/uploads/products/thumbnail/202603/PiDptbOsiJEPCZ2f8CfaStMCL4wQF5SB.jpg,https://openshop.uz/shop/product/50002-apple-iphone-15-128-gb-single-yashil-elektr-choynak-sayohat-vaucheri-365-gb-internet-3-oy-bepul-tv-com-sovg-a,,
Samsung Galaxy S24 8/256GB (Onyx Black) +100 GB of Internet + 3 months of TV-COM for free!,8499000.0,openshop,https://asset.openshop.uz/uploads/products/thumbnail/202603/cWeRQc5mkvLFsNj5Kxt79bf36D9sEuXJ.jpg,https://openshop.uz/shop/product/51436-samsung-galaxy-s24-8-256-gb-onyx-black-elektr-choynak-sayohat-vaucheri-365-gb-internet-3-oy-bepul-tv-com-sovg-a,,
Samsung Galaxy S24 8/256GB (Violet) +100 GB of Internet + 3 months of TV-COM for free!,8499000.0,openshop,https://asset.openshop.uz/uploads/products/thumbnail/202603/DRIoXxmVQmKQhH3mRwwZMpECmezpJ51E.jpg,https://openshop.uz/shop/product/51437-samsung-galaxy-s24-8-256-gb-binafsha-rang-elektr-choynak-sayohat-vaucheri-365-gb-internet-3-oy-bepul-tv-com-sovg-a,,
Samsung Galaxy S24 8/256GB (Grey) +100 GB of Internet + 3 months of TV-COM for free!,8499000.0,openshop,https://asset.openshop.uz/uploads/products/thumbnail/202603/3DKEeoQXJGdd1DitwAMPJrw56wdGEmsm.jpg,https://openshop.uz/shop/product/52112-samsung-galaxy-s24-8-256-gb-kulrang-elektr-choynak-sayohat-vaucheri-365-gb-internet-3-oy-bepul-tv-com-sovg-a,,
Samsung Galaxy S24 8/256GB (Yellow) +100 GB of Internet + 3 months of TV-COM for free!,8499000.0,openshop,https://asset.openshop.uz/uploads/products/thumbnail/202603/vWfHgKNQgfqUwZojV9XoAGwb7yu5kj3W.jpg,https://openshop.uz/shop/product/59538-samsung-galaxy-s24-8-256-gb-sariq-elektr-choynak-sayohat-vaucheri-365-gb-internet-3-oy-bepul-tv-com-sovg-a,,
Apple iPhone 16 Pro Max 512GB (Black Titanium) +100 GB of Internet + 3 months of TV-COM for free!,19483000.0,openshop,https://asset.openshop.uz/uploads/products/thumbnail/202603/LVWjmXl3iPuCNbe7CMuQxRjBweKrAvwd.jpg,https://openshop.uz/shop/product/66099-apple-iphone-16-pro-max-512-gb-qora-titanium-sim-esim-elektr-choynak-sayohat-vaucheri-365-gb-internet-3-oy-bepul-tv-com-sovg-a,,
Apple iPhone 16 Pro 128GB (Natural Titanium) +100 GB of Internet + 3 months of TV-COM for free!,13810000.0,openshop,https://asset.openshop.uz/uploads/products/thumbnail/202603/ymxgflqvrjFC5cNoVJVDsZBIj7y3Oiuk.jpg,https://openshop.uz/shop/product/66110-apple-iphone-16-pro-128-gb-natural-titanium-nano-sim-esim-elektr-choynak-sayohat-vaucheri-365-gb-internet-3-oy-bepul-tv-com-sovg-a,,
Apple iPhone 16 Pro 128GB (White Titanium) +100 GB of Internet + 3 months of TV-COM for free!,13810000.0,openshop,https://asset.openshop.uz/uploads/products/thumbnail/202603/gV2XvQo4nFnURr0lLxQwv1SZrt8jtlus.jpg,https://openshop.uz/shop/product/66113-apple-iphone-16-pro-128-gb-oq-titanium-nano-sim-esim-elektr-choynak-sayohat-vaucheri-365-gb-internet-3-oy-bepul-tv-com-sovg-a,,
Apple iPhone 16 Pro 128GB (Desert Titanium) +100 GB of Internet + 3 months of TV-COM for free!,13432000.0,openshop,https://asset.openshop.uz/uploads/products/thumbnail/202603/llyCyKx54ajc0ZtIDqxajZ4QpmpGCWb2.jpg,https://openshop.uz/shop/product/66119-apple-iphone-16-pro-128gb-esim-esim-desert-titanium-elektr-choynak-sayohat-vaucheri-365-gb-internet-3-oy-bepul-tv-com-sovg-a,,
Apple iPhone 16 Pro 256GB (Black Titanium) +100 GB of Internet + 3 months of TV-COM for free!,14896000.0,openshop,https://asset.openshop.uz/uploads/products/thumbnail/202608/pLjGHuBDuEH9Mr201WhrVQV5yvImZuAG.jpg,https://openshop.uz/shop/product/66639-apple-iphone-16-pro-256-gb-black-titanium-nano-sim-nano-sim-elektr-choynak-sayohat-vaucheri-365-gb-internet-3-oy-bepul-tv-com-sovg-a,,
Apple iPhone 16 Pro 256GB (Natural Titanium) +100 GB of Internet + 3 months of TV-COM for free!,14896000.0,openshop,https://asset.openshop.uz/uploads/products/thumbnail/202608/0VNKtJJefO5mM5yebWl66qp77s0UFiyP.jpg,https://openshop.uz/shop/product/66641-apple-iphone-16-pro-256-gb-natural-titanium-nano-sim-nano-sim-elektr-choynak-sayohat-vaucheri-365-gb-internet-3-oy-bepul-tv-com-sovg-a,,
Apple iPhone 16 Pro 256GB (Desert Titanium) +100 GB of Internet + 3 months of TV-COM for free!,14896000.0,openshop,https://asset.openshop.uz/uploads/products/thumbnail/202608/L9mjqBmrAkS2NTJkIVOJh957QXljvugp.jpg,https://openshop.uz/shop/product/66642-apple-iphone-16-pro-256-gb-desert-titanium-nano-sim-nano-sim-elektr-choynak-sayohat-vaucheri-365-gb-internet-3-oy-bepul-tv-com-sovg-a,,
Apple iPhone 16 Pro 512GB (Natural Titanium) +100 GB of Internet + 3 months of TV-COM for free!,19727000.0,openshop,https://asset.openshop.uz/uploads/products/thumbnail/202603/ieKQVD7E84JqCvyxoYR3YiH04tIGlIvo.jpg,https://openshop.uz/shop/product/66646-apple-iphone-16-pro-512-gb-natural-titanium-nano-sim-esim-elektr-choynak-sayohat-vaucheri-365-gb-internet-3-oy-bepul-tv-com-sovg-a,,
Apple iPhone 16 Pro 512GB (White Titanium) +100 GB of Internet + 3 months of TV-COM for free!,19788000.0,openshop,https://asset.openshop.uz/uploads/products/thumbnail/202603/wKGwR8NgODGHNZNfjp5v8YGlJz9fKaVC.jpg,https://openshop.uz/shop/product/66647-apple-iphone-16-pro-512-gb-white-titanium-nano-sim-esim-elektr-choynak-sayohat-vaucheri-365-gb-internet-3-oy-bepul-tv-com-sovg-a,,
Apple iPhone 16 Pro 512GB (Black Titanium) +100 GB of Internet + 3 months of TV-COM for free!,19727000.0,openshop,https://asset.openshop.uz/uploads/products/thumbnail/202603/ubOd2RV858akh5I7l2MZ7VfTSwuB5oir.jpg,https://openshop.uz/shop/product/66648-apple-iphone-16-pro-512-gb-black-titanium-nano-sim-esim-elektr-choynak-sayohat-vaucheri-365-gb-internet-3-oy-bepul-tv-com-sovg-a,,
Apple iPhone 16 Pro 1TB (White Titanium) +100 GB of Internet + 3 months of TV-COM for free!,22655000.0,openshop,https://asset.openshop.uz/uploads/products/thumbnail/202603/4cfTd1zgjIqcgAdFCl4hO8iMPhOHKobs.jpg,https://openshop.uz/shop/product/66651-apple-iphone-16-pro-1-tb-oq-titanium-nano-sim-esim-elektr-choynak-sayohat-vaucheri-365-gb-internet-3-oy-bepul-tv-com-sovg-a,,
Apple iPhone 16 Pro 1TB (Natural Titanium) +100 GB of Internet + 3 months of TV-COM for free!,22655000.0,openshop,https://asset.openshop.uz/uploads/products/thumbnail/202603/eqD5uAMrC2UB5OyOn3NTu3XUAcWJVMaN.jpg,https://openshop.uz/shop/product/66652-apple-iphone-16-pro-1-tb-natural-titanium-sim-esim-elektr-choynak-sayohat-vaucheri-365-gb-internet-3-oy-bepul-tv-com-sovg-a,,
Apple iPhone 16 Pro Max 256GB (White Titanium) +100 GB of Internet + 3 months of TV-COM for free!,17165000.0,openshop,https://asset.openshop.uz/uploads/products/thumbnail/202603/KlpjpUAqG00vkAbPJ3CSChgFHLWAhFLS.jpg,https://openshop.uz/shop/product/66663-apple-iphone-16-pro-max-256-gb-sim-esim-oq-titanium-elektr-choynak-sayohat-vaucheri-365-gb-internet-3-oy-bepul-tv-com-sovg-a,,
Xiaomi MIX Flip 12/512GB (Black) +100 GB of Internet + 3 months of TV-COM for free!,12224000.0,openshop,https://asset.openshop.uz/uploads/products/thumbnail/202603/PlQAJml6sCmo5VIDfU90CPLMCZzNEvMR.jpg,https://openshop.uz/shop/product/68397-xiaomi-mix-flip-12-512-gb-qora-elektr-choynak-sayohat-vaucheri-365-gb-internet-3-oy-bepul-tv-com-sovg-a,,
Apple iPhone 16 Pro Max 1TB (Black Titanium) +100 GB of Internet + 3 months of TV-COM for free!,23265000.0,openshop,https://asset.openshop.uz/uploads/products/thumbnail/202603/38euY7JjbjVmOAJyrn5ZKsRjFgSWKcGw.jpg,https://openshop.uz/shop/product/69601-apple-iphone-16-pro-max-1-tb-qora-titanium-sim-esim-elektr-choynak-sayohat-vaucheri-365-gb-internet-3-oy-bepul-tv-com-sovg-a,,
Apple iPhone 16 Pro Max 1TB (Natural Titanium) +100 GB of Internet + 3 months of TV-COM for free!,23265000.0,openshop,https://asset.openshop.uz/uploads/products/thumbnail/202603/DyxdIc2n5HGyQ4Yv1jBNouTIKzTz78ns.jpg,https://openshop.uz/shop/product/69602-apple-iphone-16-pro-max-1-tb-natural-titanium-sim-esim-elektr-choynak-sayohat-vaucheri-365-gb-internet-3-oy-bepul-tv-com-sovg-a,,
Apple iPhone 16 Pro Max 1TB (Desert Titanium) +100 GB of Internet + 3 months of TV-COM for free!,23265000.0,openshop,https://asset.openshop.uz/uploads/products/thumbnail/202603/L7xOdDs8Smse4HcyWp7DsFBpfFylCNsG.jpg,https://openshop.uz/shop/product/69603-apple-iphone-16-pro-max-1-tb-desert-titanium-sim-esim-elektr-choynak-sayohat-vaucheri-365-gb-internet-3-oy-bepul-tv-com-sovg-a,,
Apple iPhone 16 Pro Max 1TB (White Titanium) +100 GB of Internet + 3 months of TV-COM for free!,23265000.0,openshop,https://asset.openshop.uz/uploads/products/thumbnail/202603/fO2wOGSipKwL4zA2cMQm0n25bHGuXIOz.jpg,https://openshop.uz/shop/product/69604-apple-iphone-16-pro-max-1-tb-oq-titanium-sim-esim-elektr-choynak-sayohat-vaucheri-365-gb-internet-3-oy-bepul-tv-com-sovg-a,,
Nothing Phone 2 12/512GB (Black) +100 GB of Internet + 3 months of TV-COM for free!,10028000.0,openshop,https://asset.openshop.uz/storage/uploads/products/thumbnail/202411/TrS9d6JwKM8NgcLWPd7RwmrBeWghbbPed1Wr0V5s.jpg,https://openshop.uz/shop/product/72426-nothing-phone-2-12-512gb-dark-gray-elektr-choynak-sayohat-vaucheri-365-gb-internet-3-oy-bepul-tv-com-sovg-a,,
Xiaomi Redmi Note 14 Pro+ 5G 8/256GB Global Version (Black) +100 GB of Internet + 3 months of TV-COM for free!,4399000.0,openshop,https://asset.openshop.uz/uploads/products/thumbnail/202603/bTfQrVm57DDWOOnQU7iaUhNGyULdHaAn.jpg,https://openshop.uz/shop/product/81426-xiaomi-redmi-note-14-pro-5g-8-256-gb-global-version-qora-elektr-choynak-sayohat-vaucheri-365-gb-internet-3-oy-bepul-tv-com-sovg-a,,
Xiaomi Redmi Note 14 Pro+ 5G 12/512GB Global Version (Black) +100 GB of Internet + 3 months of TV-COM for free!,5051000.0,openshop,https://asset.openshop.uz/uploads/products/thumbnail/202603/P0V1xwa8DPdjCbPzJxEkZ4nB7Pl2Tp0z.jpg,https://openshop.uz/shop/product/81430-xiaomi-redmi-note-14-pro-5g-12-512-gb-global-version-qora-elektr-choynak-sayohat-vaucheri-365-gb-internet-3-oy-bepul-tv-com-sovg-a,,
Xiaomi Redmi Note 14 Pro+ 5G 12/512GB Global Version (Blue) +100 GB of Internet + 3 months of TV-COM for free!,5051000.0,openshop,https://asset.openshop.uz/uploads/products/thumbnail/202603/2Wr5Xv3OwuY9COLF7Jl24sfeOltt1VTx.jpg,https://openshop.uz/shop/product/81431-xiaomi-redmi-note-14-pro-5g-12-512-gb-global-version-frost-blue-elektr-choynak-sayohat-vaucheri-365-gb-internet-3-oy-bepul-tv-com-sovg-a,,
Xiaomi Redmi Note 14 Pro+ 5G 8/256GB Global Version (Blue) +100 GB of Internet + 3 months of TV-COM for free!,4399000.0,openshop,https://asset.openshop.uz/uploads/products/thumbnail/202603/WixgRYpoRR0OgrGoSAIlZD8WNT8BlLRH.jpg,https://openshop.uz/shop/product/81432-xiaomi-redmi-note-14-pro-5g-8-256-gb-global-version-frost-blue-elektr-choynak-sayohat-vaucheri-365-gb-internet-3-oy-bepul-tv-com-sovg-a,,
Xiaomi Redmi Note 14 8/256GB Global Version (Blue) +100 GB of Internet + 3 months of TV-COM for free!,2769000.0,openshop,https://asset.openshop.uz/uploads/products/thumbnail/202603/8Jt19zj4IMECeVc9luFT4t5VyAhEPZQY.jpg,https://openshop.uz/shop/product/81442-xiaomi-redmi-note-14-8-256-gb-global-version-ocean-blue-elektr-choynak-sayohat-vaucheri-365-gb-internet-3-oy-bepul-tv-com-sovg-a,,
Xiaomi Redmi Note 14 8/256GB Global Version (Black) +100 GB of Internet + 3 months of TV-COM for free!,2769000.0,openshop,https://asset.openshop.uz/uploads/products/thumbnail/202603/YRnt3w6gvXOAuKEvQ1xfevEpMEU0g79A.jpg,https://openshop.uz/shop/product/81443-xiaomi-redmi-note-14-8-256-gb-global-version-qora-elektr-choynak-sayohat-vaucheri-365-gb-internet-3-oy-bepul-tv-com-sovg-a,,
Xiaomi Redmi Note 14 8/256GB Global Version (Green) +100 GB of Internet + 3 months of TV-COM for free!,2769000.0,openshop,https://asset.openshop.uz/uploads/products/thumbnail/202603/WHr5leq5AH1cycoCKbiZwiOB5gHpQimj.jpg,https://openshop.uz/shop/product/81444-xiaomi-redmi-note-14-8-256-gb-global-version-lime-green-elektr-choynak-sayohat-vaucheri-365-gb-internet-3-oy-bepul-tv-com-sovg-a,,
Samsung Galaxy S25 5G 12/256GB Icy Blue (Icy Blue) +100 GB internet + 3 Oy bepul TV-COM sovg'a!,9967000.0,openshop,https://asset.openshop.uz/uploads/products/thumbnail/202603/N1FDaRt7InjxciHxHwXMaA1ycYOPrQGG.jpg,https://openshop.uz/shop/product/82713-samsung-galaxy-s25-5g-12-256-gb-icy-blue-muzli-moviy-rang-elektr-choynak-sayohat-vaucheri-365-gb-internet-3-oy-bepul-tv-com-sovg-a,,
Samsung Galaxy S25 5G 12/128GB Silver shadow (Silver) +100 GB of Internet + 3 months of TV-COM for free!,9235000.0,openshop,https://asset.openshop.uz/uploads/products/thumbnail/202603/C6wYtm7o6mW10HKNSbG6qDYfCDnmTcjp.jpg,https://openshop.uz/shop/product/82716-samsung-galaxy-s25-5g-12-128-gb-silver-shadow-kumush-rang-elektr-choynak-sayohat-vaucheri-365-gb-internet-3-oy-bepul-tv-com-sovg-a,,
Samsung Galaxy S25 5G 12/256GB Silver shadow (Silver) +100 GB of Internet + 3 months of TV-COM for free!,9967000.0,openshop,https://asset.openshop.uz/uploads/products/thumbnail/202603/jhU2irWQuFwUGFkHhgYYZHZfbdaHYfOW.jpg,https://openshop.uz/shop/product/82718-samsung-galaxy-s25-5g-12-256-gb-silver-shadow-kumush-rang-elektr-choynak-sayohat-vaucheri-365-gb-internet-3-oy-bepul-tv-com-sovg-a,,
Samsung Galaxy S25 5G 12/128GB Navy (Navy) +100 GB of Internet + 3 months of TV-COM for free!,9235000.0,openshop,https://asset.openshop.uz/uploads/products/thumbnail/202603/XrpbTQJq5fmfl9qouccPEW3KPJbXWXLw.jpg,https://openshop.uz/shop/product/82719-samsung-galaxy-s25-5g-12-128-gb-navy-dengiz-rang-elektr-choynak-sayohat-vaucheri-365-gb-internet-3-oy-bepul-tv-com-sovg-a,,
Samsung Galaxy S25 5G 12/256GB Navy (Navy) +100 GB of Internet + 3 months of TV-COM for free!,9967000.0,openshop,https://asset.openshop.uz/uploads/products/thumbnail/202603/6IKGmNb85x54opNDtjxTOuIwDBBiCTJ9.jpg,https://openshop.uz/shop/product/82720-samsung-galaxy-s25-5g-12-256-gb-navy-dengiz-rang-elektr-choynak-sayohat-vaucheri-365-gb-internet-3-oy-bepul-tv-com-sovg-a,,
Samsung Galaxy S25+ 5G 12/256GB Navy (Navy) +100 GB of Internet + 3 months of TV-COM for free!,11065000.0,openshop,https://asset.openshop.uz/uploads/products/thumbnail/202603/IHhEyA849Q0rQVzObIs7qZFryjOd6btz.jpg,https://openshop.uz/shop/product/82721-samsung-galaxy-s25-5g-12-256-gb-navy-dengiz-rang-elektr-choynak-sayohat-vaucheri-365-gb-internet-3-oy-bepul-tv-com-sovg-a,,
Samsung Galaxy S25 5G 12/128GB Icy Blue (Blue) +100 GB of Internet + 3 months of TV-COM for free!,9235000.0,openshop,https://asset.openshop.uz/uploads/products/thumbnail/202603/yBvr2PA5U2qlSyyhj01HtTBf5xvYYCzZ.jpg,https://openshop.uz/shop/product/82722-samsung-galaxy-s25-5g-12-128-gb-icy-blue-muzli-moviy-rang-elektr-choynak-sayohat-vaucheri-365-gb-internet-3-oy-bepul-tv-com-sovg-a,,
Samsung Galaxy S25+ 5G 12/256GB Silver shadow (Silver) +100 GB of Internet + 3 months of TV-COM for free!,11065000.0,openshop,https://asset.openshop.uz/uploads/products/thumbnail/202603/X04BB6Cd8QSLnIAeV4z9zzV2D6jD7Il4.jpg,https://openshop.uz/shop/product/82723-samsung-galaxy-s25-5g-12-256-gb-silver-shadow-kumush-rang-elektr-choynak-sayohat-vaucheri-365-gb-internet-3-oy-bepul-tv-com-sovg-a,,
Samsung Galaxy S25 Ultra 5G 12/256GB Titanium Gray (Titanium Gray) +100 GB of Internet + 3 months of TV-COM for free!,11980000.0,openshop,https://asset.openshop.uz/uploads/products/thumbnail/202603/MB39kiFc01wpQ2MpeiqFL19EVx55TAEG.jpg,https://openshop.uz/shop/product/82724-samsung-galaxy-s25-ultra-5g-12-256-gb-titanium-gray-elektr-choynak-sayohat-vaucheri-365-gb-internet-3-oy-bepul-tv-com-sovg-a,,
Samsung Galaxy S25 Ultra 5G 12/512GB Titanium Gray +100 GB of Internet + 3 months of TV-COM for free!,14665000.0,openshop,https://asset.openshop.uz/uploads/products/thumbnail/202603/zvZZWGpug5i1QfT9qq9JIh1LyELsc5jv.jpg,https://openshop.uz/shop/product/82725-samsung-galaxy-s25-ultra-5g-12-512-gb-titanium-gray-elektr-choynak-sayohat-vaucheri-365-gb-internet-3-oy-bepul-tv-com-sovg-a,,
Samsung Galaxy S25 Ultra 5G 12/512GB Titanium Black (Titanium Black) +100 GB of Internet + 3 months of TV-COM for free!,14665000.0,openshop,https://asset.openshop.uz/uploads/products/thumbnail/202603/fBdHhdSrgHbhor3PCrXjjBQQ0NZ6s9RK.jpg,https://openshop.uz/shop/product/82726-samsung-galaxy-s25-ultra-5g-12-512-gb-titanium-qora-elektr-choynak-sayohat-vaucheri-365-gb-internet-3-oy-bepul-tv-com-sovg-a,,
Samsung Galaxy S25 Ultra 5G 12/256GB (Titanium Black) +100 GB of Internet + 3 months of TV-COM for free!,11980000.0,openshop,https://asset.openshop.uz/uploads/products/thumbnail/202603/cNbxob2eaxFTg8pZKHkbEQZBWoUwrE4N.jpg,https://openshop.uz/shop/product/82727-samsung-galaxy-s25-ultra-5g-12-256-gb-titanium-qora-elektr-choynak-sayohat-vaucheri-365-gb-internet-3-oy-bepul-tv-com-sovg-a,,
Samsung Galaxy S25 Ultra 5G 12/256GB (Titanium Blue) +100 GB of Internet + 3 months of TV-COM for free!,11980000.0,openshop,https://asset.openshop.uz/uploads/products/thumbnail/202603/m0W1uxPy3tHZhucHrXBfDRfY7G5UxccV.jpg,https://openshop.uz/shop/product/82728-samsung-galaxy-s25-ultra-5g-12-256-gb-titanium-silver-blue-elektr-choynak-sayohat-vaucheri-365-gb-internet-3-oy-bepul-tv-com-sovg-a,,
Samsung Galaxy S25 Ultra 5G 12/512GB Titanium Blue +100 GB of Internet + 3 months of TV-COM for free!,14665000.0,openshop,https://asset.openshop.uz/uploads/products/thumbnail/202603/7WWNXiQxRoYC52o24L7qHviGYx7t1hgT.jpg,https://openshop.uz/shop/product/82729-samsung-galaxy-s25-ultra-5g-12-512-gb-titanium-silver-blue-elektr-choynak-sayohat-vaucheri-365-gb-internet-3-oy-bepul-tv-com-sovg-a,,
Apple iPhone 16 Pro Max 256GB (Natural Titanium) +100 GB of Internet + 3 months of TV-COM for free!,17100000.0,openshop,https://asset.openshop.uz/uploads/products/thumbnail/202604/8Fj2qq24uxah0vMWpJtmDSK1QEOKNSV7.jpg,https://openshop.uz/shop/product/82940-apple-iphone-16-pro-max-256-gb-sim-esim-natural-titanium-elektr-choynak-sayohat-vaucheri-365-gb-internet-3-oy-bepul-tv-com-sovg-a,,
Apple iPhone 16 Pro Max 512GB (White Titanium) +100 GB of Internet + 3 months of TV-COM for free!,19483000.0,openshop,https://asset.openshop.uz/uploads/products/thumbnail/202603/bZMOG6A3twSDUM4NG0bLbHVFkHgvBWr0.jpg,https://openshop.uz/shop/product/83812-apple-iphone-16-pro-max-512-gb-oq-titanium-sim-esim-elektr-choynak-sayohat-vaucheri-365-gb-internet-3-oy-bepul-tv-com-sovg-a,,
Apple iPhone 16 Pro Max 512GB (Desert Titanium) +100 GB of Internet + 3 months of TV-COM for free!,19544000.0,openshop,https://asset.openshop.uz/uploads/products/thumbnail/202603/bXI2tpCmRqiMAVVb68CJ7kTRk2dkO6RI.jpg,https://openshop.uz/shop/product/83815-apple-iphone-16-pro-max-512-gb-desert-titanium-sim-esim-elektr-choynak-sayohat-vaucheri-365-gb-internet-3-oy-bepul-tv-com-sovg-a,,
Xiaomi Redmi Note 14 Pro+ 5G 12/512GB Global Version (Purple) +100 GB of Internet + 3 months of TV-COM for free!,5051000.0,openshop,https://asset.openshop.uz/uploads/products/thumbnail/202603/MTb2CWdlp9l5itX8Xx6R0upqY4CDwfud.jpg,https://openshop.uz/shop/product/86119-xiaomi-redmi-note-14-pro-5g-12-512-gb-global-version-lavender-purple-elektr-choynak-sayohat-vaucheri-365-gb-internet-3-oy-bepul-tv-com-sovg-a,,
Xiaomi Redmi Note 14 Pro+ 5G 8/256GB Global Version (Purple) +100 GB of Internet + 3 months of TV-COM for free!,4399000.0,openshop,https://asset.openshop.uz/uploads/products/thumbnail/202603/JK63INrQm6sZ0YrqUPQUE6cIaxZ7dSBL.jpg,https://openshop.uz/shop/product/86120-xiaomi-redmi-note-14-pro-5g-8-256-gb-global-version-lavender-purple-elektr-choynak-sayohat-vaucheri-365-gb-internet-3-oy-bepul-tv-com-sovg-a,,
"Samsung Galaxy A56 8/128GB, Graphite + 100 GB of internet + 3 months of free TV-COM as a gift!",4538000.0,openshop,https://asset.openshop.uz/uploads/products/thumbnail/202603/TcEImo1ro9WvMpLQoS6bvxgIdhMIe0gE.jpg,https://openshop.uz/shop/product/88689-samsung-galaxy-a56-8-128-gb-graphite-elektr-choynak-sayohat-vaucheri-365-gb-internet-3-oy-bepul-tv-com-sovg-a,,
Samsung Galaxy A26 8/256GB (Black) +100 GB of Internet + 3 months of TV-COM for free!,3456000.0,openshop,https://asset.openshop.uz/uploads/products/thumbnail/202603/JeizDojaNzROMeJeZr2BxiBnvwlAidqa.jpg,https://openshop.uz/shop/product/90391-samsung-galaxy-a26-8-256-gb-black-qora-elektr-choynak-sayohat-vaucheri-365-gb-internet-3-oy-bepul-tv-com-sovg-a,,
Xiaomi Redmi 15C 8/256GB (Qora) +100 GB internet + 3 Oy bepul TV-COM sovg'a!,2464000.0,openshop,https://asset.openshop.uz/uploads/products/thumbnail/202603/0qwKfJ9LbUwDTwWPKIMfunnj2SN9SY7X.jpg,https://openshop.uz/shop/product/108143-xiaomi-redmi-15c-8-256-gb-qora-elektr-choynak-sayohat-vaucheri-365-gb-internet-3-oy-bepul-tv-com-sovg-a,,
HUAWEI P60 pro 8/256GB (Black) +100 GB of Internet + 3 months of TV-COM for free!,3318000.0,openshop,https://asset.openshop.uz/uploads/products/thumbnail/202603/1m8h7qahbQ1W3oftIOFLal5Vlr4SSuSG.jpg,https://openshop.uz/shop/product/108778-infinix-hot-60-pro-8-256-gb-4g-sleek-black-elektr-choynak-sayohat-vaucheri-365-gb-internet-3-oy-bepul-tv-com-sovg-a,,
HUAWEI P60 pro 8/256GB (Black) +100 GB of Internet + 3 months of TV-COM for free!,3318000.0,openshop,https://asset.openshop.uz/uploads/products/thumbnail/202603/koXflN8CW7o6zTfUtsEHSCsiosX46jGj.jpg,https://openshop.uz/shop/product/108783-infinix-hot-60-pro-8-256-gb-4g-titanium-silver-elektr-choynak-sayohat-vaucheri-365-gb-internet-3-oy-bepul-tv-com-sovg-a,,
HUAWEI P60 pro 8/256GB (Black) +100 GB of Internet + 3 months of TV-COM for free!,3318000.0,openshop,https://asset.openshop.uz/uploads/products/thumbnail/202603/J6eNnmvCvJSBFVC6Qn2bM4kSIHO5ZHX5.jpg,https://openshop.uz/shop/product/108787-infinix-hot-60-pro-8-256-gb-4g-moco-cyber-green-elektr-choynak-sayohat-vaucheri-365-gb-internet-3-oy-bepul-tv-com-sovg-a,,
HUAWEI P60 pro 8/256GB (Black) +100 GB of Internet + 3 months of TV-COM for free!,2660000.0,openshop,https://asset.openshop.uz/uploads/products/thumbnail/202603/n5KqwfOT0xXyhxlyHFpWUREC0PUeKiOc.png,https://openshop.uz/shop/product/108821-infinix-hot-60i-8-256-gb-4g-sleek-black-elektr-choynak-sayohat-vaucheri-365-gb-internet-3-oy-bepul-tv-com-sovg-a,,
HUAWEI P60 pro 8/256GB (Black) +100 GB of Internet + 3 months of TV-COM for free!,2660000.0,openshop,https://asset.openshop.uz/uploads/products/thumbnail/202603/apSoxMozHeVPF3r1epsGbyLLesCdDzhU.jpg,https://openshop.uz/shop/product/108822-infinix-hot-60i-8-256-gb-4g-titanium-silver-elektr-choynak-sayohat-vaucheri-365-gb-internet-3-oy-bepul-tv-com-sovg-a,,
HUAWEI P60 pro 8/256GB (Black) +100 GB of Internet + 3 months of TV-COM for free!,2660000.0,openshop,https://asset.openshop.uz/uploads/products/thumbnail/202603/JEqUhjKUHHgT8IpAAYSc2MlmsK4j6LtN.jpg,https://openshop.uz/shop/product/108823-infinix-hot-60i-8-256-gb-4g-shadow-blue-elektr-choynak-sayohat-vaucheri-365-gb-internet-3-oy-bepul-tv-com-sovg-a,,
HUAWEI P60 pro 8/256GB (Black) +100 GB of Internet + 3 months of TV-COM for free!,2660000.0,openshop,https://asset.openshop.uz/uploads/products/thumbnail/202603/SwP5FCQqq3dEDeTcrfUNnSoPNtDG60uN.jpg,https://openshop.uz/shop/product/108825-infinix-hot-60i-8-256-gb-4g-neon-red-elektr-choynak-sayohat-vaucheri-365-gb-internet-3-oy-bepul-tv-com-sovg-a,,
HUAWEI P60 pro 8/256GB (Black) +100 GB of Internet + 3 months of TV-COM for free!,2660000.0,openshop,https://asset.openshop.uz/uploads/products/thumbnail/202603/FlFNJdHiQHTjZ9XkJRkvcKAEVKyl179W.jpg,https://openshop.uz/shop/product/108828-infinix-hot-60i-8-256-gb-4g-meadow-green-elektr-choynak-sayohat-vaucheri-365-gb-internet-3-oy-bepul-tv-com-sovg-a,,
HUAWEI P60 pro 8/256GB (Black) +100 GB of Internet + 3 months of TV-COM for free!,2660000.0,openshop,https://asset.openshop.uz/uploads/products/thumbnail/202603/fPmKC3oif4dF1zHJfqpyFIUC5Xw8dPpH.png,https://openshop.uz/shop/product/108830-infinix-hot-60i-8-256-gb-4g-soul-eye-purple-elektr-choynak-sayohat-vaucheri-365-gb-internet-3-oy-bepul-tv-com-sovg-a,,
Xiaomi Redmi 15 6/128GB (Binafsharang) +100 GB internet + 3 Oy bepul TV-COM sovg'a!,2318000.0,openshop,https://asset.openshop.uz/uploads/products/thumbnail/202603/VsSMyQfKcBhujjieYYH5dyc699DVDbjr.jpg,https://openshop.uz/shop/product/109314-xiaomi-redmi-15-6-128-gb-binafsharang-elektr-choynak-sayohat-vaucheri-365-gb-internet-3-oy-bepul-tv-com-sovg-a,,
Xiaomi Redmi 15 6/128GB (Kulrang) +100 GB internet + 3 Oy bepul TV-COM sovg'a!,2318000.0,openshop,https://asset.openshop.uz/uploads/products/thumbnail/202603/hInpCXyj4Jwkblus8Drkrl4LKILG15Em.jpg,https://openshop.uz/shop/product/109321-xiaomi-redmi-15-6-128-gb-kulrang-elektr-choynak-sayohat-vaucheri-365-gb-internet-3-oy-bepul-tv-com-sovg-a,,
Xiaomi Redmi 15 8/256GB (Qora) +100 GB internet + 3 Oy bepul TV-COM sovg'a!,2830000.0,openshop,https://asset.openshop.uz/uploads/products/thumbnail/202603/ukE4lW11EsteteLeAyHkw98IPVniBcV7.jpg,https://openshop.uz/shop/product/109336-xiaomi-redmi-15-8-256-gb-qora-elektr-choynak-sayohat-vaucheri-365-gb-internet-3-oy-bepul-tv-com-sovg-a,,
Xiaomi Redmi 15 8/128GB (Qora) +100 GB internet + 3 Oy bepul TV-COM sovg'a!,2483000.0,openshop,https://asset.openshop.uz/uploads/products/thumbnail/202603/nxQajK4gy3Gg7DAPUhmRAgkuOP18yII7.jpg,https://openshop.uz/shop/product/109338-xiaomi-redmi-15-8-128-gb-qora-365-gb-internet-3-oy-bepul-tv-com-sovg-a,,
"Samsung Galaxy A36 8/128GB, Black + 100 GB of internet + 3 months of free TV-COM as a gift!",2095000.0,openshop,https://asset.openshop.uz/uploads/products/thumbnail/202603/55pzv4wqkWdMbqVIm99jXakwqaoAzDEz.jpg,https://openshop.uz/shop/product/109816-samsung-galaxy-a07-6-128-gb-black-qora-elektr-choynak-sayohat-vaucheri-365-gb-internet-3-oy-bepul-tv-com-sovg-a,,
"Samsung Galaxy A36 8/128GB, Black + 100 GB of internet + 3 months of free TV-COM as a gift!",2095000.0,openshop,https://asset.openshop.uz/uploads/products/thumbnail/202603/lRJHLv6CLa4CBVkAPHINKHKM2VTkX0A7.jpg,https://openshop.uz/shop/product/109817-samsung-galaxy-a07-6-128-gb-light-violet-binafsha-elektr-choynak-sayohat-vaucheri-365-gb-internet-3-oy-bepul-tv-com-sovg-a,,
"Samsung Galaxy A36 8/128GB, Black + 100 GB of internet + 3 months of free TV-COM as a gift!",2095000.0,openshop,https://asset.openshop.uz/uploads/products/thumbnail/202603/SvvpOXcftIqksQE7WL3suxYnADZ2fYyl.jpg,https://openshop.uz/shop/product/109818-samsung-galaxy-a07-6-128-gb-green-yashil-elektr-choynak-sayohat-vaucheri-365-gb-internet-3-oy-bepul-tv-com-sovg-a,,
"Samsung Galaxy A36 8/128GB, Black + 100 GB of internet + 3 months of free TV-COM as a gift!",1940000.0,openshop,https://asset.openshop.uz/uploads/products/thumbnail/202603/Vu6vWcfvK5TboGDA8RfE3rh5NplYrXhA.jpg,https://openshop.uz/shop/product/109930-samsung-galaxy-a07-4-128-gb-black-qora-elektr-choynak-sayohat-vaucheri-365-gb-internet-3-oy-bepul-tv-com-sovg-a,,
"Samsung Galaxy A36 8/128GB, Black + 100 GB of internet + 3 months of free TV-COM as a gift!",1940000.0,openshop,https://asset.openshop.uz/uploads/products/thumbnail/202603/A3HCLP1vcosqAHHssCJCBBl05Rfx30fx.jpg,https://openshop.uz/shop/product/109931-samsung-galaxy-a07-4-128-gb-light-violet-binafsha-elektr-choynak-sayohat-vaucheri-365-gb-internet-3-oy-bepul-tv-com-sovg-a,,
"Samsung Galaxy A36 8/128GB, Black + 100 GB of internet + 3 months of free TV-COM as a gift!",1940000.0,openshop,https://asset.openshop.uz/uploads/products/thumbnail/202603/AGsEbFbF0rskD3oMdbTGBk3qGCPYxWDK.jpg,https://openshop.uz/shop/product/109932-samsung-galaxy-a07-4-128-gb-green-yashil-elektr-choynak-sayohat-vaucheri-365-gb-internet-3-oy-bepul-tv-com-sovg-a,,
Samsung Galaxy Z Fold 7 12/256 GB (Blue Shadow) + Elektr choynak + Sayohat vaucheri + 365 GB internet + 3 Oy bepul TV-COM sovg'a!,24485000.0,openshop,https://asset.openshop.uz/uploads/products/thumbnail/202603/O96rpZle5bXHiw8PEOQOwCqihpg6zrlF.jpg,https://openshop.uz/shop/product/111562-samsung-galaxy-z-fold-7-12-256-gb-blue-shadow-elektr-choynak-sayohat-vaucheri-365-gb-internet-3-oy-bepul-tv-com-sovg-a,,
Samsung Galaxy S25 5G 12/256GB Navy (Navy) +100 GB of Internet + 3 months of TV-COM for free!,7649000.0,openshop,https://asset.openshop.uz/uploads/products/thumbnail/202603/JtXuCVhO0xyFjdmMBTxeXEPqzZRqojnW.jpg,https://openshop.uz/shop/product/111990-smartfon-samsung-galaxy-s25-fe-8-128-gb-navy-elektr-choynak-sayohat-vaucheri-365-gb-internet-3-oy-bepul-tv-com-sovg-a,,
Samsung Galaxy S25 5G 12/256GB Navy (Navy) +100 GB of Internet + 3 months of TV-COM for free!,8930000.0,openshop,https://asset.openshop.uz/uploads/products/thumbnail/202603/UtSNEaCUy3SwMr7dpGEKUoW6DamX7FCu.jpg,https://openshop.uz/shop/product/111991-smartfon-samsung-galaxy-s25-fe-8-256-gb-navy-elektr-choynak-sayohat-vaucheri-365-gb-internet-3-oy-bepul-tv-com-sovg-a,,
Samsung Galaxy S25 5G 12/256GB Navy (Navy) +100 GB of Internet + 3 months of TV-COM for free!,7649000.0,openshop,https://asset.openshop.uz/uploads/products/thumbnail/202603/BEJrtQZjmrYSywEC8O48YIMo29bdum9R.jpg,https://openshop.uz/shop/product/112041-smartfon-samsung-galaxy-s25-fe-8-128-gb-jetblack-elektr-choynak-sayohat-vaucheri-365-gb-internet-3-oy-bepul-tv-com-sovg-a,,
Samsung Galaxy S25 5G 12/256GB Navy (Navy) +100 GB of Internet + 3 months of TV-COM for free!,8930000.0,openshop,https://asset.openshop.uz/uploads/products/thumbnail/202603/qyNfkYGCLpe9pGSuIc1juQXSdKqeuphB.jpg,https://openshop.uz/shop/product/112042-smartfon-samsung-galaxy-s25-fe-8-256-gb-jetblack-elektr-choynak-sayohat-vaucheri-365-gb-internet-3-oy-bepul-tv-com-sovg-a,,
Apple iPhone 16 Pro Max 256GB (Black Titanium) +100 GB of Internet + 3 months of TV-COM for free!,12090000.0,openshop,https://asset.openshop.uz/uploads/products/thumbnail/202603/GqFpDaq1NbfRYq9vBhuPkZCADpWzcly9.jpg,https://openshop.uz/shop/product/112913-apple-iphone-17-256-gb-black-sim-esim-elektr-choynak-sayohat-vaucheri-365-gb-internet-3-oy-bepul-tv-com-sovg-a,,
Apple iPhone 16 Pro Max 256GB (Black Titanium) +100 GB of Internet + 3 months of TV-COM for free!,12090000.0,openshop,https://asset.openshop.uz/uploads/products/thumbnail/202603/qtFirbizGfH43v4LOcY7RAjU1idiBkYM.jpg,https://openshop.uz/shop/product/112919-apple-iphone-17-256-gb-white-sim-esim-elektr-choynak-sayohat-vaucheri-365-gb-internet-3-oy-bepul-tv-com-sovg-a,,
Apple iPhone 16 Pro Max 256GB (Black Titanium) +100 GB of Internet + 3 months of TV-COM for free!,12090000.0,openshop,https://asset.openshop.uz/uploads/products/thumbnail/202603/EKKYqsEa3UffYpaRkX5616LLXYPlbXGe.jpg,https://openshop.uz/shop/product/112920-apple-iphone-17-256-gb-mist-blue-sim-esim-elektr-choynak-sayohat-vaucheri-365-gb-internet-3-oy-bepul-tv-com-sovg-a,,
Apple iPhone 16 Pro Max 256GB (Black Titanium) +100 GB of Internet + 3 months of TV-COM for free!,12090000.0,openshop,https://asset.openshop.uz/uploads/products/thumbnail/202603/OL4OUKxAkMS1KU7B9mcECVcNkdGT3mJZ.jpg,https://openshop.uz/shop/product/112921-apple-iphone-17-256-gb-sage-sim-esim-elektr-choynak-sayohat-vaucheri-365-gb-internet-3-oy-bepul-tv-com-sovg-a,,
Apple iPhone 16 Pro Max 256GB (Black Titanium) +100 GB of Internet + 3 months of TV-COM for free!,12090000.0,openshop,https://asset.openshop.uz/uploads/products/thumbnail/202603/jh5u6vHbrEXZ2U8iiNyNGfvCPSRHJz3d.jpg,https://openshop.uz/shop/product/112935-apple-iphone-17-256-gb-lavender-sim-esim-elektr-choynak-sayohat-vaucheri-365-gb-internet-3-oy-bepul-tv-com-sovg-a,,
Apple iPhone 16 Pro Max 256GB (Black Titanium) +100 GB of Internet + 3 months of TV-COM for free!,16189000.0,openshop,https://asset.openshop.uz/uploads/products/thumbnail/202603/Tk2JvOQF2cyX6oPGa5el0X4HvFpFVARY.jpg,https://openshop.uz/shop/product/112969-apple-iphone-air-512-gb-space-black-elektr-choynak-sayohat-vaucheri-365-gb-internet-3-oy-bepul-tv-com-sovg-a,,
Apple iPhone 16 Pro Max 256GB (Black Titanium) +100 GB of Internet + 3 months of TV-COM for free!,12590000.0,openshop,https://asset.openshop.uz/uploads/products/thumbnail/202603/NjflnI2JbR4zM8EKykIwBBpqKCoXPBuo.jpg,https://openshop.uz/shop/product/112970-apple-iphone-air-256-gb-cloud-white-elektr-choynak-sayohat-vaucheri-365-gb-internet-3-oy-bepul-tv-com-sovg-a,,
Apple iPhone 16 Pro Max 256GB (Black Titanium) +100 GB of Internet + 3 months of TV-COM for free!,12590000.0,openshop,https://asset.openshop.uz/uploads/products/thumbnail/202603/maAazLvmOE3Ny95yJwPgrmSWbH7piWnZ.jpg,https://openshop.uz/shop/product/112971-apple-iphone-air-256-gb-light-gold-elektr-choynak-sayohat-vaucheri-365-gb-internet-3-oy-bepul-tv-com-sovg-a,,
Apple iPhone 16 Pro Max 256GB (Black Titanium) +100 GB of Internet + 3 months of TV-COM for free!,16311000.0,openshop,https://asset.openshop.uz/uploads/products/thumbnail/202603/XPwI2BeHNwRfGtvXPmvOIqIdv9HYiWdO.jpg,https://openshop.uz/shop/product/112975-apple-iphone-air-512-gb-sky-blue-elektr-choynak-sayohat-vaucheri-365-gb-internet-3-oy-bepul-tv-com-sovg-a,,
Apple iPhone 16 Pro Max 256GB (Black Titanium) +100 GB of Internet + 3 months of TV-COM for free!,16738000.0,openshop,https://asset.openshop.uz/uploads/products/thumbnail/202603/DFU5PvIt0XjTjXlrVXyYldpoBiBpTgnv.jpg,https://openshop.uz/shop/product/113032-apple-iphone-17-pro-256gb-esim-esim-silver-elektr-choynak-sayohat-vaucheri-365-gb-internet-3-oy-bepul-tv-com-sovg-a,,
Apple iPhone 16 Pro Max 256GB (Black Titanium) +100 GB of Internet + 3 months of TV-COM for free!,15274000.0,openshop,https://asset.openshop.uz/uploads/products/thumbnail/202603/FS5yK2ewKqvlwXzmewQpsgNXUZDWNJ2u.jpg,https://openshop.uz/shop/product/113035-apple-iphone-17-pro-256gb-esim-esim-cosmic-orange-elektr-choynak-sayohat-vaucheri-365-gb-internet-3-oy-bepul-tv-com-sovg-a,,
Apple iPhone 16 Pro Max 256GB (Black Titanium) +100 GB of Internet + 3 months of TV-COM for free!,15994000.0,openshop,https://asset.openshop.uz/uploads/products/thumbnail/202603/MBzeW6ZmrAHsDVkjUAHqQYrYHCq6WYQO.jpg,https://openshop.uz/shop/product/113037-apple-iphone-17-pro-256gb-esim-esim-deep-blue-elektr-choynak-sayohat-vaucheri-365-gb-internet-3-oy-bepul-tv-com-sovg-a,,
Apple iPhone 16 Pro Max 256GB (Black Titanium) +100 GB of Internet + 3 months of TV-COM for free!,18080000.0,openshop,https://asset.openshop.uz/uploads/products/thumbnail/202603/uDw0FI9iN4NOu8m67K5YIcMhv6Ys6HWN.jpg,https://openshop.uz/shop/product/113050-apple-iphone-17-pro-max-256gb-esim-esim-deep-blue-elektr-choynak-sayohat-vaucheri-365-gb-internet-3-oy-bepul-tv-com-sovg-a,,
Apple iPhone 16 Pro Max 256GB (Black Titanium) +100 GB of Internet + 3 months of TV-COM for free!,17104000.0,openshop,https://asset.openshop.uz/uploads/products/thumbnail/202603/uNOgv0NzOn0ODxOSwOhtzUdBDHxnJAr3.jpg,https://openshop.uz/shop/product/113051-apple-iphone-17-pro-max-256gb-esim-esim-cosmic-orange-elektr-choynak-sayohat-vaucheri-365-gb-internet-3-oy-bepul-tv-com-sovg-a,,
Apple iPhone 16 Pro Max 256GB (Black Titanium) +100 GB of Internet + 3 months of TV-COM for free!,18324000.0,openshop,https://asset.openshop.uz/uploads/products/thumbnail/202603/OAfjSfAFQQTR9Y39UpGqUZsVuf8wV3EW.jpg,https://openshop.uz/shop/product/113052-apple-iphone-17-pro-max-256gb-esim-esim-silver-elektr-choynak-sayohat-vaucheri-365-gb-internet-3-oy-bepul-tv-com-sovg-a,,
Samsung Galaxy A16 6/128GB (Black) + 100 GB of internet + 3 months of free TV-COM as a gift!,2769000.0,openshop,https://asset.openshop.uz/uploads/products/thumbnail/202603/nKpMS9yT82Z6isgEwY5kPXGGivoxRzmd.jpg,https://openshop.uz/shop/product/113251-samsung-galaxy-a17-6-128-gb-qora-elektr-choynak-sayohat-vaucheri-365-gb-internet-3-oy-bepul-tv-com-sovg-a,,
Samsung Galaxy A16 6/128GB (Black) + 100 GB of internet + 3 months of free TV-COM as a gift!,2769000.0,openshop,https://asset.openshop.uz/uploads/products/thumbnail/202603/JYA0SBUOQjrbcCurK7oIajohjeGGGB03.jpg,https://openshop.uz/shop/product/113262-samsung-galaxy-a17-6-128-gb-kulrang-elektr-choynak-sayohat-vaucheri-365-gb-internet-3-oy-bepul-tv-com-sovg-a,,
Samsung Galaxy A16 6/128GB (Black) + 100 GB of internet + 3 months of free TV-COM as a gift!,2769000.0,openshop,https://asset.openshop.uz/uploads/products/thumbnail/202603/qjbVJZ7QMSVwo7aTKSYF0Rj4QF9qftNG.jpg,https://openshop.uz/shop/product/113274-samsung-galaxy-a17-6-128-gb-light-blue-elektr-choynak-sayohat-vaucheri-365-gb-internet-3-oy-bepul-tv-com-sovg-a,,
Samsung Galaxy A16 6/128GB (Black) + 100 GB of internet + 3 months of free TV-COM as a gift!,3440000.0,openshop,https://asset.openshop.uz/uploads/products/thumbnail/202603/pOCJPVjn00f7GyNie1NC90t3wxG7y5uy.jpg,https://openshop.uz/shop/product/113276-samsung-galaxy-a17-8-256-gb-qora-elektr-choynak-sayohat-vaucheri-365-gb-internet-3-oy-bepul-tv-com-sovg-a,,
Samsung Galaxy A16 6/128GB (Black) + 100 GB of internet + 3 months of free TV-COM as a gift!,3440000.0,openshop,https://asset.openshop.uz/uploads/products/thumbnail/202603/Izzk4CgbJesEVkDmzM665cuA6pk992U4.jpg,https://openshop.uz/shop/product/113279-samsung-galaxy-a17-8-256-gb-light-blue-elektr-choynak-sayohat-vaucheri-365-gb-internet-3-oy-bepul-tv-com-sovg-a,,
Samsung Galaxy A16 6/128GB (Black) + 100 GB of internet + 3 months of free TV-COM as a gift!,3440000.0,openshop,https://asset.openshop.uz/uploads/products/thumbnail/202603/BbReboicDmKUoulTyikrsbwKZJAE9Vim.jpg,https://openshop.uz/shop/product/113280-samsung-galaxy-a17-8-256-gb-kulrang-elektr-choynak-sayohat-vaucheri-365-gb-internet-3-oy-bepul-tv-com-sovg-a,,
Apple iPhone 16 Pro Max 256GB (Black Titanium) +100 GB of Internet + 3 months of TV-COM for free!,21069000.0,openshop,https://asset.openshop.uz/uploads/products/thumbnail/202603/bfcf1uvaZBLrVVzs1nacg178lRJuPTd2.jpg,https://openshop.uz/shop/product/113533-apple-iphone-17-pro-max-512gb-esim-esim-silver-elektr-choynak-sayohat-vaucheri-365-gb-internet-3-oy-bepul-tv-com-sovg-a,,
Apple iPhone 16 Pro Max 256GB (Black Titanium) +100 GB of Internet + 3 months of TV-COM for free!,20520000.0,openshop,https://asset.openshop.uz/uploads/products/thumbnail/202603/CuIbjHYpvnzY08xdnzy8D29Vu0g20et8.jpg,https://openshop.uz/shop/product/113534-apple-iphone-17-pro-512gb-esim-esim-cosmic-orange-elektr-choynak-sayohat-vaucheri-365-gb-internet-3-oy-bepul-tv-com-sovg-a,,
Apple iPhone 16 Pro Max 256GB (Black Titanium) +100 GB of Internet + 3 months of TV-COM for free!,20703000.0,openshop,https://asset.openshop.uz/uploads/products/thumbnail/202603/pv6NV4KWAXYajnM4MHiVBpqMHiw3FQBs.jpg,https://openshop.uz/shop/product/113535-apple-iphone-17-pro-max-512gb-esim-esim-cosmic-orange-elektr-choynak-sayohat-vaucheri-365-gb-internet-3-oy-bepul-tv-com-sovg-a,,
Apple iPhone 16 Pro Max 256GB (Black Titanium) +100 GB of Internet + 3 months of TV-COM for free!,20703000.0,openshop,https://asset.openshop.uz/uploads/products/thumbnail/202603/BvLXKEeEj5z30bGcpU91E1JQmIXCFXhr.jpg,https://openshop.uz/shop/product/113536-apple-iphone-17-pro-max-512gb-esim-esim-deep-blue-elektr-choynak-sayohat-vaucheri-365-gb-internet-3-oy-bepul-tv-com-sovg-a,,
Apple iPhone 16 Pro Max 256GB (Black Titanium) +100 GB of Internet + 3 months of TV-COM for free!,20764000.0,openshop,https://asset.openshop.uz/uploads/products/thumbnail/202603/ty7rAvIpKzBVvqngNaG6LgcdFF38sF4p.jpg,https://openshop.uz/shop/product/113537-apple-iphone-17-pro-512gb-esim-esim-deep-blue-elektr-choynak-sayohat-vaucheri-365-gb-internet-3-oy-bepul-tv-com-sovg-a,,
Apple iPhone 16 Pro Max 256GB (Black Titanium) +100 GB of Internet + 3 months of TV-COM for free!,20886000.0,openshop,https://asset.openshop.uz/uploads/products/thumbnail/202603/dVZ1T0E51BYEjDkJ130rsQpiOxFdGmdZ.jpg,https://openshop.uz/shop/product/113538-apple-iphone-17-pro-512gb-esim-esim-silver-elektr-choynak-sayohat-vaucheri-365-gb-internet-3-oy-bepul-tv-com-sovg-a,,
Apple iPhone 16 Pro Max 256GB (Black Titanium) +100 GB of Internet + 3 months of TV-COM for free!,24180000.0,openshop,https://asset.openshop.uz/storage/uploads/products/thumbnail/202509/Cmboj759L1Hwfl6KawDeOOj7z6xyMk5H.png,https://openshop.uz/shop/product/113539-apple-iphone-17-pro-max-1tb-esim-esim-deep-blue-elektr-choynak-sayohat-vaucheri-365-gb-internet-3-oy-bepul-tv-com-sovg-a,,
Apple iPhone 16 Pro Max 256GB (Black Titanium) +100 GB of Internet + 3 months of TV-COM for free!,24546000.0,openshop,https://asset.openshop.uz/storage/uploads/products/thumbnail/202509/aGno6WWG2ld7gAYt6J6axa7ISsbCBWKR.png,https://openshop.uz/shop/product/113540-apple-iphone-17-pro-max-1tb-esim-esim-cosmic-orange-elektr-choynak-sayohat-vaucheri-365-gb-internet-3-oy-bepul-tv-com-sovg-a,,
Apple iPhone 16 Pro Max 256GB (Black Titanium) +100 GB of Internet + 3 months of TV-COM for free!,25888000.0,openshop,https://asset.openshop.uz/storage/uploads/products/thumbnail/202509/6ZK7nPINj9HdgLcgq82eJzEn5NljH2Ve.png,https://openshop.uz/shop/product/113541-apple-iphone-17-pro-max-1tb-esim-esim-silver-elektr-choynak-sayohat-vaucheri-365-gb-internet-3-oy-bepul-tv-com-sovg-a,,
Apple iPhone 16 Pro Max 256GB (Black Titanium) +100 GB of Internet + 3 months of TV-COM for free!,32964000.0,openshop,https://asset.openshop.uz/storage/uploads/products/thumbnail/202509/6ZK7nPINj9HdgLcgq82eJzEn5NljH2Ve.png,https://openshop.uz/shop/product/113542-apple-iphone-17-pro-max-2tb-esim-esim-silver-elektr-choynak-sayohat-vaucheri-365-gb-internet-3-oy-bepul-tv-com-sovg-a,,
Apple iPhone 16 Pro Max 256GB (Black Titanium) +100 GB of Internet + 3 months of TV-COM for free!,29426000.0,openshop,https://asset.openshop.uz/storage/uploads/products/thumbnail/202509/aGno6WWG2ld7gAYt6J6axa7ISsbCBWKR.png,https://openshop.uz/shop/product/113543-apple-iphone-17-pro-max-2tb-esim-esim-cosmic-orange-elektr-choynak-sayohat-vaucheri-365-gb-internet-3-oy-bepul-tv-com-sovg-a,,
Apple iPhone 16 Pro Max 256GB (Black Titanium) +100 GB of Internet + 3 months of TV-COM for free!,28328000.0,openshop,https://asset.openshop.uz/storage/uploads/products/thumbnail/202509/Cmboj759L1Hwfl6KawDeOOj7z6xyMk5H.png,https://openshop.uz/shop/product/113544-apple-iphone-17-pro-max-2tb-esim-esim-deep-blue-elektr-choynak-sayohat-vaucheri-365-gb-internet-3-oy-bepul-tv-com-sovg-a,,
"Samsung Galaxy A36 8/128GB, Black + 100 GB of internet + 3 months of free TV-COM as a gift!",9418000.0,openshop,https://asset.openshop.uz/storage/uploads/products/thumbnail/202509/oZordcyMx7EtmmdAMAHWvcz3Igw136U5.png,https://openshop.uz/shop/product/113670-google-pixel-9-12-128-gb-black-qora-elektr-choynak-sayohat-vaucheri-365-gb-internet-3-oy-bepul-tv-com-sovg-a,,
"Samsung Galaxy A36 8/128GB, Black + 100 GB of internet + 3 months of free TV-COM as a gift!",10638000.0,openshop,https://asset.openshop.uz/storage/uploads/products/thumbnail/202509/FXwFiqnGSS2AHGRqQzLqX9UdggSLVrgb.png,https://openshop.uz/shop/product/113673-google-pixel-10-12-128-gb-qora-elektr-choynak-sayohat-vaucheri-365-gb-internet-3-oy-bepul-tv-com-sovg-a,,
Apple iPhone 16 Pro Max 256GB (Black Titanium) +100 GB of Internet + 3 months of TV-COM for free!,22216000.0,openshop,https://asset.openshop.uz/uploads/products/thumbnail/202603/VUTKUuvCzE5zZ0BhIspYjhEB4iksYnuF.jpg,https://openshop.uz/shop/product/113739-apple-iphone-17-pro-max-512-gb-nano-sim-esim-cosmic-orange-elektr-choynak-sayohat-vaucheri-365-gb-internet-3-oy-bepul-tv-com-sovg-a,,
Apple iPhone 16 Pro Max 256GB (Black Titanium) +100 GB of Internet + 3 months of TV-COM for free!,32952000.0,openshop,https://asset.openshop.uz/uploads/products/thumbnail/202603/k8wyHRXrFgpr1qcmepadGsMtMjkf4BQS.jpg,https://openshop.uz/shop/product/113758-apple-iphone-17-pro-max-2-tb-nano-sim-esim-cosmic-orange-elektr-choynak-sayohat-vaucheri-365-gb-internet-3-oy-bepul-tv-com-sovg-a,,
Apple iPhone 16 Pro Max 256GB (Black Titanium) +100 GB of Internet + 3 months of TV-COM for free!,32952000.0,openshop,https://asset.openshop.uz/uploads/products/thumbnail/202603/Ez50CfHGYdh6kdMkJwRU4oiJjpC2kdrD.jpg,https://openshop.uz/shop/product/113760-apple-iphone-17-pro-max-2-tb-nano-sim-esim-deep-blue-elektr-choynak-sayohat-vaucheri-365-gb-internet-3-oy-bepul-tv-com-sovg-a,,
Apple iPhone 16 Pro Max 256GB (Black Titanium) +100 GB of Internet + 3 months of TV-COM for free!,32952000.0,openshop,https://asset.openshop.uz/uploads/products/thumbnail/202603/mTqEB77GIzyzv97UrfsvUcHvTOgWfr42.jpg,https://openshop.uz/shop/product/113762-apple-iphone-17-pro-max-2-tb-nano-sim-esim-silver-elektr-choynak-sayohat-vaucheri-365-gb-internet-3-oy-bepul-tv-com-sovg-a,,
Apple iPhone 16 Pro Max 256GB (Black Titanium) +100 GB of Internet + 3 months of TV-COM for free!,25632000.0,openshop,https://asset.openshop.uz/uploads/products/thumbnail/202603/b0ELzOsQsCOWa4b55TkL94uxWZEEciqk.jpg,https://openshop.uz/shop/product/113764-apple-iphone-17-pro-max-1-tb-nano-sim-esim-cosmic-orange-elektr-choynak-sayohat-vaucheri-365-gb-internet-3-oy-bepul-tv-com-sovg-a,,
Apple iPhone 16 Pro Max 256GB (Black Titanium) +100 GB of Internet + 3 months of TV-COM for free!,24778000.0,openshop,https://asset.openshop.uz/uploads/products/thumbnail/202603/F2TZSLqyX13hWPiB96Yl0mH89AsmrhwV.jpg,https://openshop.uz/shop/product/113765-apple-iphone-17-pro-max-1-tb-nano-sim-esim-silver-elektr-choynak-sayohat-vaucheri-365-gb-internet-3-oy-bepul-tv-com-sovg-a,,
Apple iPhone 16 Pro Max 256GB (Black Titanium) +100 GB of Internet + 3 months of TV-COM for free!,26486000.0,openshop,https://asset.openshop.uz/uploads/products/thumbnail/202603/jhVKOnsTr4YThKTgKCGtskzYe1Vv67Yw.jpg,https://openshop.uz/shop/product/113766-apple-iphone-17-pro-max-1-tb-nano-sim-esim-deep-blue-elektr-choynak-sayohat-vaucheri-365-gb-internet-3-oy-bepul-tv-com-sovg-a,,
Apple iPhone 16 Pro Max 256GB (Black Titanium) +100 GB of Internet + 3 months of TV-COM for free!,22216000.0,openshop,https://asset.openshop.uz/uploads/products/thumbnail/202603/n1SKFWl61N7zdedgefvgGP1hS9ujSHmu.jpg,https://openshop.uz/shop/product/113767-apple-iphone-17-pro-max-512-gb-nano-sim-esim-silver-elektr-choynak-sayohat-vaucheri-365-gb-internet-3-oy-bepul-tv-com-sovg-a,,
Apple iPhone 16 Pro Max 256GB (Black Titanium) +100 GB of Internet + 3 months of TV-COM for free!,22216000.0,openshop,https://asset.openshop.uz/uploads/products/thumbnail/202603/ECzIiSQuK4eRsstagUsaYMgbG9cydrPu.jpg,https://openshop.uz/shop/product/113768-apple-iphone-17-pro-max-512-gb-nano-sim-esim-deep-blue-elektr-choynak-sayohat-vaucheri-365-gb-internet-3-oy-bepul-tv-com-sovg-a,,
Apple iPhone 16 Pro Max 256GB (Black Titanium) +100 GB of Internet + 3 months of TV-COM for free!,18324000.0,openshop,https://asset.openshop.uz/uploads/products/thumbnail/202603/V3xlBgV7BBoGyCtct2wBJUz2HlhWSoMG.jpg,https://openshop.uz/shop/product/113771-apple-iphone-17-pro-max-256-gb-nano-sim-esim-silver-elektr-choynak-sayohat-vaucheri-365-gb-internet-3-oy-bepul-tv-com-sovg-a,,
Apple iPhone 16 Pro Max 256GB (Black Titanium) +100 GB of Internet + 3 months of TV-COM for free!,18499000.0,openshop,https://asset.openshop.uz/uploads/products/thumbnail/202603/DStZte1Mtw3FJdu0pd9CUgYUylwpQaMg.jpg,https://openshop.uz/shop/product/113772-apple-iphone-17-pro-max-256-gb-nano-sim-esim-cosmic-orange-elektr-choynak-sayohat-vaucheri-365-gb-internet-3-oy-bepul-tv-com-sovg-a,,
Apple iPhone 16 Pro Max 256GB (Black Titanium) +100 GB of Internet + 3 months of TV-COM for free!,18798000.0,openshop,https://asset.openshop.uz/uploads/products/thumbnail/202603/GCQRYeHlVAePyvyNm9mU1LiYXbPkaoBd.jpg,https://openshop.uz/shop/product/113773-apple-iphone-17-pro-max-256-gb-nano-sim-esim-deep-blue-elektr-choynak-sayohat-vaucheri-365-gb-internet-3-oy-bepul-tv-com-sovg-a,,
Apple iPhone 16 Pro Max 256GB (Black Titanium) +100 GB of Internet + 3 months of TV-COM for free!,19776000.0,openshop,https://asset.openshop.uz/uploads/products/thumbnail/202603/YkbCBdpNKXS1TSriYg6sUJQqJqBft4Ct.jpg,https://openshop.uz/shop/product/113783-apple-iphone-17-pro-512-gb-nano-sim-esim-cosmic-orange-elektr-choynak-sayohat-vaucheri-365-gb-internet-3-oy-bepul-tv-com-sovg-a,,
Apple iPhone 16 Pro Max 256GB (Black Titanium) +100 GB of Internet + 3 months of TV-COM for free!,20264000.0,openshop,https://asset.openshop.uz/uploads/products/thumbnail/202603/jfGcNApC0eoujECn1Z4xe2FOWYd9CyNm.jpg,https://openshop.uz/shop/product/113784-apple-iphone-17-pro-512-gb-nano-sim-esim-silver-elektr-choynak-sayohat-vaucheri-365-gb-internet-3-oy-bepul-tv-com-sovg-a,,
Apple iPhone 16 Pro Max 256GB (Black Titanium) +100 GB of Internet + 3 months of TV-COM for free!,20752000.0,openshop,https://asset.openshop.uz/uploads/products/thumbnail/202603/ohvdI1PfAT72sBKvZD7yNbqRPOIp3DlJ.jpg,https://openshop.uz/shop/product/113785-apple-iphone-17-pro-512-gb-nano-sim-esim-deep-blue-elektr-choynak-sayohat-vaucheri-365-gb-internet-3-oy-bepul-tv-com-sovg-a,,
Apple iPhone 16 Pro Max 256GB (Black Titanium) +100 GB of Internet + 3 months of TV-COM for free!,17031000.0,openshop,https://asset.openshop.uz/uploads/products/thumbnail/202603/rUNokFK2V5z7ZDkYXm7NdLUITNHJFH6h.jpg,https://openshop.uz/shop/product/113787-apple-iphone-17-pro-256-gb-nano-sim-esim-cosmic-orange-elektr-choynak-sayohat-vaucheri-365-gb-internet-3-oy-bepul-tv-com-sovg-a,,
Apple iPhone 16 Pro Max 256GB (Black Titanium) +100 GB of Internet + 3 months of TV-COM for free!,17031000.0,openshop,https://asset.openshop.uz/uploads/products/thumbnail/202603/xyqL3qJ0bM3MCAC0haWblYK616ZNuAPe.jpg,https://openshop.uz/shop/product/113788-apple-iphone-17-pro-256-gb-nano-sim-esim-silver-elektr-choynak-sayohat-vaucheri-365-gb-internet-3-oy-bepul-tv-com-sovg-a,,
Apple iPhone 16 Pro Max 256GB (Black Titanium) +100 GB of Internet + 3 months of TV-COM for free!,17092000.0,openshop,https://asset.openshop.uz/uploads/products/thumbnail/202603/0yv3ONlLpH2whqM35HT3k2xPy45leStU.jpg,https://openshop.uz/shop/product/113789-apple-iphone-17-pro-256-gb-nano-sim-esim-deep-blue-elektr-choynak-sayohat-vaucheri-365-gb-internet-3-oy-bepul-tv-com-sovg-a,,
Apple iPhone 16 Pro 256GB (White Titanium) +100 GB of Internet + 3 months of TV-COM for free!,14896000.0,openshop,https://asset.openshop.uz/uploads/products/thumbnail/202608/d4ceFYp4tRQai9g5xeby0i3563GVKgYN.jpg,https://openshop.uz/shop/product/114065-apple-iphone-16-pro-256-gb-white-titanium-nano-sim-nano-sim-elektr-choynak-sayohat-vaucheri-365-gb-internet-3-oy-bepul-tv-com-sovg-a,,
Apple iPhone 16 Pro Max 256GB (White Titanium) +100 GB of Internet + 3 months of TV-COM for free!,15762000.0,openshop,https://asset.openshop.uz/uploads/products/thumbnail/202603/e9iRD8Ui48lHzcdvhdkf8un4NeSxsBx5.jpg,https://openshop.uz/shop/product/114080-apple-iphone-16-pro-max-256gb-esim-esim-oq-titanium-elektr-choynak-sayohat-vaucheri-365-gb-internet-3-oy-bepul-tv-com-sovg-a,,
Apple iPhone 16 Pro Max 256GB (Natural Titanium) +100 GB of Internet + 3 months of TV-COM for free!,15762000.0,openshop,https://asset.openshop.uz/uploads/products/thumbnail/202603/2euVOrpRMpPumPArm8gntCdc5GDknHyi.jpg,https://openshop.uz/shop/product/114081-apple-iphone-16-pro-max-256gb-esim-esim-natural-titanium-elektr-choynak-sayohat-vaucheri-365-gb-internet-3-oy-bepul-tv-com-sovg-a,,
Apple iPhone 16 Pro Max 256GB (Black Titanium) +100 GB of Internet + 3 months of TV-COM for free!,15762000.0,openshop,https://asset.openshop.uz/uploads/products/thumbnail/202603/jDyygj7tCERtF5CY22LGb12USm3OR17X.jpg,https://openshop.uz/shop/product/114082-apple-iphone-16-pro-max-256gb-esim-esim-qora-titanium-elektr-choynak-sayohat-vaucheri-365-gb-internet-3-oy-bepul-tv-com-sovg-a,,
Apple iPhone 16 Pro Max 256GB (Desert Titanium) +100 GB of Internet + 3 months of TV-COM for free!,15762000.0,openshop,https://asset.openshop.uz/uploads/products/thumbnail/202603/kcMEy3e9nmFcWB02SwVIfSmpwCV8XoZw.jpg,https://openshop.uz/shop/product/114083-apple-iphone-16-pro-max-256gb-esim-esim-desert-titanium-elektr-choynak-sayohat-vaucheri-365-gb-internet-3-oy-bepul-tv-com-sovg-a,,
Apple iPhone 16 Pro Max 256GB (Black Titanium) +100 GB of Internet + 3 months of TV-COM for free!,16189000.0,openshop,https://asset.openshop.uz/uploads/products/thumbnail/202603/XEnVbszCufqmYso8D8UfqLs5rbdKOw1g.jpg,https://openshop.uz/shop/product/114841-apple-iphone-air-512-gb-cloud-white-365-gb-internet-elektr-choynak-sayohat-vaucheri-365-gb-internet-3-oy-bepul-tv-com-sovg-a,,
Apple iPhone 16 Pro Max 256GB (Black Titanium) +100 GB of Internet + 3 months of TV-COM for free!,12590000.0,openshop,https://asset.openshop.uz/uploads/products/thumbnail/202603/MFNYwbdjlQwIH57bzciZCQ8BlLk1ESzw.jpg,https://openshop.uz/shop/product/114849-apple-iphone-air-256-gb-sky-blue-elektr-choynak-sayohat-vaucheri-365-gb-internet-3-oy-bepul-tv-com-sovg-a,,
Apple iPhone 16 Pro Max 256GB (Black Titanium) +100 GB of Internet + 3 months of TV-COM for free!,16189000.0,openshop,https://asset.openshop.uz/uploads/products/thumbnail/202603/uphKhVekHxKNcu16P7GIVsU2CBNbu5tL.jpg,https://openshop.uz/shop/product/114850-apple-iphone-air-512-gb-light-gold-elektr-choynak-sayohat-vaucheri-365-gb-internet-3-oy-bepul-tv-com-sovg-a,,
Apple iPhone 16 Pro Max 256GB (Black Titanium) +100 GB of Internet + 3 months of TV-COM for free!,12590000.0,openshop,https://asset.openshop.uz/uploads/products/thumbnail/202603/xnkOH5AqeanpTID7uAbQWQbZ4GMgvZoS.jpg,https://openshop.uz/shop/product/114851-apple-iphone-air-256-gb-space-black-elektr-choynak-sayohat-vaucheri-365-gb-internet-3-oy-bepul-tv-com-sovg-a,,
Honor X9d 5G 8/256 GB (Midnight Black) +Elektr choynak + Sayohat vaucheri + 365 GB internet + 3 Oy bepul TV-COM sovg'a!,5148000.0,openshop,https://asset.openshop.uz/uploads/products/thumbnail/202603/q168bsRZWEXE20NOOLGznKzTO4113EDO.jpg,https://openshop.uz/shop/product/117189-honor-x9d-5g-8-256-gb-midnight-black-elektr-choynak-sayohat-vaucheri-365-gb-internet-3-oy-bepul-tv-com-sovg-a,,
Honor X9d 5G 8/256 GB (Reddish Brown) +Elektr choynak + Sayohat vaucheri + 365 GB internet + 3 Oy bepul TV-COM sovg'a!,5148000.0,openshop,https://asset.openshop.uz/uploads/products/thumbnail/202603/PGVoed7pg33pAuLQxd4EFUNkKTYebouh.jpg,https://openshop.uz/shop/product/117190-honor-x9d-5g-8-256-gb-reddish-brown-elektr-choynak-sayohat-vaucheri-365-gb-internet-3-oy-bepul-tv-com-sovg-a,,
Honor X9d 5G 8/256 GB (Sunrise Gold) +Elektr choynak + Sayohat vaucheri + 365 GB internet + 3 Oy bepul TV-COM sovg'a!,5148000.0,openshop,https://asset.openshop.uz/uploads/products/thumbnail/202603/opiEicppi9j8rfIcQ19A7vFP9PNiGF6t.jpg,https://openshop.uz/shop/product/117191-honor-x9d-5g-8-256-gb-sunrise-gold-elektr-choynak-sayohat-vaucheri-365-gb-internet-3-oy-bepul-tv-com-sovg-a,,
Honor X9d 5G 12/256 GB (Sunrise Gold) +Elektr choynak + Sayohat vaucheri + 365 GB internet + 3 Oy bepul TV-COM sovg'a!,5514000.0,openshop,https://asset.openshop.uz/uploads/products/thumbnail/202603/tZiUVqTlimUQWkB12N4lu4m6XmPvyQY9.jpg,https://openshop.uz/shop/product/117192-honor-x9d-5g-12-256-gb-sunrise-gold-elektr-choynak-sayohat-vaucheri-365-gb-internet-3-oy-bepul-tv-com-sovg-a,,
Honor X9d 5G 12/256 GB (Midnight Black) + Elektr choynak + Sayohat vaucheri + 365 GB internet + 3 Oy bepul TV-COM sovg'a!,5514000.0,openshop,https://asset.openshop.uz/uploads/products/thumbnail/202603/oEiF6acNapz7E7z424x1dVhvurVo7goD.jpg,https://openshop.uz/shop/product/117193-honor-x9d-5g-12-256-gb-midnight-black-elektr-choynak-sayohat-vaucheri-365-gb-internet-3-oy-bepul-tv-com-sovg-a,,
Honor X9d 5G 12/256 GB (Reddish Brown) + Elektr choynak + Sayohat vaucheri + 365 GB internet + 3 Oy bepul TV-COM sovg'a!,5514000.0,openshop,https://asset.openshop.uz/uploads/products/thumbnail/202603/tWDw65RNNv2sO7T6Y4pzpj5QLkgyAbYK.jpg,https://openshop.uz/shop/product/117194-honor-x9d-5g-12-256-gb-reddish-brown-elektr-choynak-sayohat-vaucheri-365-gb-internet-3-oy-bepul-tv-com-sovg-a,,
Samsung Galaxy A16 6/128GB (Black) + 100 GB of internet + 3 months of free TV-COM as a gift!,3062000.0,openshop,https://asset.openshop.uz/uploads/products/thumbnail/202603/odaseUpaz4jgde2pjycehRyikY61txIq.jpg,https://openshop.uz/shop/product/118223-samsung-galaxy-m17-4-128-gb-5g-moonlight-silver-elektr-choynak-sayohat-vaucheri-365-gb-internet-3-oy-bepul-tv-com-sovg-a,,
Samsung Galaxy A16 6/128GB (Black) + 100 GB of internet + 3 months of free TV-COM as a gift!,3062000.0,openshop,https://asset.openshop.uz/uploads/products/thumbnail/202603/OZpXsSkBvmOxhWKWR9lNMfvAtvKlk6LH.jpg,https://openshop.uz/shop/product/118226-samsung-galaxy-m17-4-128-gb-5g-sapphire-black-elektr-choynak-sayohat-vaucheri-365-gb-internet-3-oy-bepul-tv-com-sovg-a,,
Samsung Galaxy Z Flip 7 12/512 GB (Black) + Elektr choynak + Sayohat vaucheri + 365 GB internet + 3 Oy bepul TV-COM sovg'a!,13444000.0,openshop,https://asset.openshop.uz/uploads/products/thumbnail/202605/3Qj6qKJFPDNouHCvteGVdigIEE09GF65.jpg,https://openshop.uz/shop/product/120688-samsung-galaxy-z-flip-7-12-512-gb-black-elektr-choynak-sayohat-vaucheri-365-gb-internet-3-oy-bepul-tv-com-sovg-a,,
Samsung Galaxy Z Fold 7 12/256 GB (Silver Shadow) + Elektr choynak + Sayohat vaucheri + 365 GB internet + 3 Oy bepul TV-COM sovg'a!,24485000.0,openshop,https://asset.openshop.uz/uploads/products/thumbnail/202603/smsvojhtOeSC1jL8J3xqfrzxqUQtsXZU.jpg,https://openshop.uz/shop/product/120693-samsung-galaxy-z-fold-7-12-256-gb-silver-shadow-elektr-choynak-sayohat-vaucheri-365-gb-internet-3-oy-bepul-tv-com-sovg-a,,
Samsung Galaxy Z Fold 7 12/256 GB (Jetblack) + Elektr choynak + Sayohat vaucheri + 365 GB internet + 3 Oy bepul TV-COM sovg'a!,24485000.0,openshop,https://asset.openshop.uz/uploads/products/thumbnail/202603/5Hou1zH1OcLRjJsqroAFPtrKcZP16eMy.jpg,https://openshop.uz/shop/product/120694-samsung-galaxy-z-fold-7-12-256-gb-jetblack-elektr-choynak-sayohat-vaucheri-365-gb-internet-3-oy-bepul-tv-com-sovg-a,,
Samsung Galaxy A16 6/128GB (Black) + 100 GB of internet + 3 months of free TV-COM as a gift!,2586000.0,openshop,https://asset.openshop.uz/uploads/products/thumbnail/202605/Fj8hwtQSjVWbOEoSuJz9J4t9X8scT5UB.jpg,https://openshop.uz/shop/product/121563-samsung-galaxy-a17-4-128-gb-kulrang-elektr-choynak-sayohat-vaucheri-365-gb-internet-3-oy-bepul-tv-com-sovg-a,,
Samsung Galaxy A16 6/128GB (Black) + 100 GB of internet + 3 months of free TV-COM as a gift!,2586000.0,openshop,https://asset.openshop.uz/uploads/products/thumbnail/202603/Axc6vRFEZG242oehBP8GoSfntU3kVnnf.jpg,https://openshop.uz/shop/product/121564-samsung-galaxy-a17-4-128-gb-qora-elektr-choynak-sayohat-vaucheri-365-gb-internet-3-oy-bepul-tv-com-sovg-a,,
Apple iPhone 16 Pro Max 256GB (Desert Titanium) +100 GB of Internet + 3 months of TV-COM for free!,17100000.0,openshop,https://asset.openshop.uz/uploads/products/thumbnail/202603/EuS3rr8SO1wkbvSYwt2KJSn83leH36ez.jpg,https://openshop.uz/shop/product/122891-apple-iphone-16-pro-max-256-gb-sim-esim-desert-titanium-elektr-choynak-sayohat-vaucheri-365-gb-internet-3-oy-bepul-tv-com-sovg-a,,
Apple iPhone 16 Pro Max 256GB (Black Titanium) +100 GB of Internet + 3 months of TV-COM for free!,17100000.0,openshop,https://asset.openshop.uz/uploads/products/thumbnail/202603/HMgKZ8cRXpY2jGK71h1TdGMzqq0Ll4VN.jpg,https://openshop.uz/shop/product/122892-apple-iphone-16-pro-max-256-gb-sim-esim-qora-titanium-elektr-choynak-sayohat-vaucheri-365-gb-internet-3-oy-bepul-tv-com-sovg-a,,
Xiaomi Redmi Note 14 Pro+ 5G 8/256GB Global Version (Black) +100 GB of Internet + 3 months of TV-COM for free!,4996000.0,openshop,https://asset.openshop.uz/uploads/products/thumbnail/202603/7ok15vkky6oK2gcZe0zbVK6ok8b21mf2.jpg,https://openshop.uz/shop/product/123332-xiaomi-redmi-note-15-pro-5g-8-256-gb-qora-elektr-choynak-sayohat-vaucheri-365-gb-internet-3-oy-bepul-tv-com-sovg-a,,
Xiaomi Redmi Note 14 Pro+ 5G 8/256GB Global Version (Black) +100 GB of Internet + 3 months of TV-COM for free!,4996000.0,openshop,https://asset.openshop.uz/uploads/products/thumbnail/202603/JC3Deb3mHfWC7Fqccc8I0PVe6h80sFDi.jpg,https://openshop.uz/shop/product/123333-xiaomi-redmi-note-15-pro-5g-8-256-gb-glacier-blue-elektr-choynak-sayohat-vaucheri-365-gb-internet-3-oy-bepul-tv-com-sovg-a,,
Xiaomi Redmi Note 14 Pro+ 5G 8/256GB Global Version (Black) +100 GB of Internet + 3 months of TV-COM for free!,4996000.0,openshop,https://asset.openshop.uz/uploads/products/thumbnail/202603/qZiILnaLNYWrJTYheeY4AyaNy8tzOGop.jpg,https://openshop.uz/shop/product/123334-xiaomi-redmi-note-15-pro-5g-8-256-gb-mocha-brown-elektr-choynak-sayohat-vaucheri-365-gb-internet-3-oy-bepul-tv-com-sovg-a,,
Xiaomi Redmi Note 14 Pro+ 5G 8/256GB Global Version (Black) +100 GB of Internet + 3 months of TV-COM for free!,4368000.0,openshop,https://asset.openshop.uz/uploads/products/thumbnail/202605/Eh5OGb7gTNfCRgKDCyFxgHIAWhZnl2W3.jpg,https://openshop.uz/shop/product/123339-xiaomi-redmi-note-15-pro-5g-8-512-gb-glacier-blue-elektr-choynak-sayohat-vaucheri-365-gb-internet-3-oy-bepul-tv-com-sovg-a,,
Xiaomi Redmi Note 14 Pro+ 5G 8/256GB Global Version (Black) +100 GB of Internet + 3 months of TV-COM for free!,2769000.0,openshop,https://asset.openshop.uz/uploads/products/thumbnail/202603/jmddW48LZv4GpSPSku01osygN99fdHQr.jpg,https://openshop.uz/shop/product/123372-xiaomi-redmi-note-15-6-128-gb-glacier-blue-elektr-choynak-sayohat-vaucheri-365-gb-internet-3-oy-bepul-tv-com-sovg-a,,
Xiaomi Redmi Note 14 Pro+ 5G 8/256GB Global Version (Black) +100 GB of Internet + 3 months of TV-COM for free!,2769000.0,openshop,https://asset.openshop.uz/uploads/products/thumbnail/202603/dmnWWefrbsd5Pzq7eIg9NxkfDmQEFBhB.jpg,https://openshop.uz/shop/product/123373-xiaomi-redmi-note-15-6-128-gb-mist-purple-elektr-choynak-sayohat-vaucheri-365-gb-internet-3-oy-bepul-tv-com-sovg-a,,
Xiaomi Poco X7 8/256 GB (Global Version) Black +100 GB of Internet + 3 months of TV-COM for free!,3318000.0,openshop,https://asset.openshop.uz/uploads/products/thumbnail/202603/QNrKn3bKOv6sQMK4Pdz3gBmJGnQhJigT.jpg,https://openshop.uz/shop/product/123436-xiaomi-poco-m8-5g-8-256-gb-green-elektr-choynak-sayohat-vaucheri-365-gb-internet-3-oy-bepul-tv-com-sovg-a,,
Xiaomi Poco X7 8/256 GB (Global Version) Black +100 GB of Internet + 3 months of TV-COM for free!,3318000.0,openshop,https://asset.openshop.uz/uploads/products/thumbnail/202603/5KHsQJSXZTJ6mFeiGc6kYxSSgdKuw3DO.jpg,https://openshop.uz/shop/product/123437-xiaomi-poco-m8-5g-8-256-gb-silver-elektr-choynak-sayohat-vaucheri-365-gb-internet-3-oy-bepul-tv-com-sovg-a,,
Xiaomi Poco X7 8/256 GB (Global Version) Black +100 GB of Internet + 3 months of TV-COM for free!,4270000.0,openshop,https://asset.openshop.uz/uploads/products/thumbnail/202603/BQvyCWdYwtrBq6LNGz9fGOyX6Uj76qGo.jpg,https://openshop.uz/shop/product/123442-xiaomi-poco-m8-pro-5g-8-256-gb-black-elektr-choynak-sayohat-vaucheri-365-gb-internet-3-oy-bepul-tv-com-sovg-a,,
Xiaomi Poco X7 8/256 GB (Global Version) Black +100 GB of Internet + 3 months of TV-COM for free!,4270000.0,openshop,https://asset.openshop.uz/uploads/products/thumbnail/202603/F5bqqfJsj1VXi4z1xl95edxr2tEqw3I6.jpg,https://openshop.uz/shop/product/123445-xiaomi-poco-m8-pro-5g-8-256-gb-silver-elektr-choynak-sayohat-vaucheri-365-gb-internet-3-oy-bepul-tv-com-sovg-a,,
Xiaomi Poco X7 8/256 GB (Global Version) Black +100 GB of Internet + 3 months of TV-COM for free!,4270000.0,openshop,https://asset.openshop.uz/uploads/products/thumbnail/202603/jOdI2qR0ZlT30xuelTbHXHba2iIOZaQj.jpg,https://openshop.uz/shop/product/123446-xiaomi-poco-m8-pro-5g-8-256-gb-green-elektr-choynak-sayohat-vaucheri-365-gb-internet-3-oy-bepul-tv-com-sovg-a,,
Xiaomi Poco X7 8/256 GB (Global Version) Black +100 GB of Internet + 3 months of TV-COM for free!,4819000.0,openshop,https://asset.openshop.uz/uploads/products/thumbnail/202603/1UVjVWa3rdJLUgy3kC05SDashQ94o55x.jpg,https://openshop.uz/shop/product/123449-xiaomi-poco-m8-pro-5g-12-512-gb-green-elektr-choynak-sayohat-vaucheri-365-gb-internet-3-oy-bepul-tv-com-sovg-a,,
Xiaomi Poco X7 8/256 GB (Global Version) Black +100 GB of Internet + 3 months of TV-COM for free!,4819000.0,openshop,https://asset.openshop.uz/uploads/products/thumbnail/202603/DxB8q6ehIMrvLTn7jkgqkspeXy3ZdcSD.jpg,https://openshop.uz/shop/product/123450-xiaomi-poco-m8-pro-5g-12-512-gb-black-elektr-choynak-sayohat-vaucheri-365-gb-internet-3-oy-bepul-tv-com-sovg-a,,
Xiaomi Poco X7 8/256 GB (Global Version) Black +100 GB of Internet + 3 months of TV-COM for free!,4819000.0,openshop,https://asset.openshop.uz/uploads/products/thumbnail/202603/Kre3rrgAZDhlwAB4WFOjIwsRkZ0LefaK.jpg,https://openshop.uz/shop/product/123451-xiaomi-poco-m8-pro-5g-12-512-gb-silver-elektr-choynak-sayohat-vaucheri-365-gb-internet-3-oy-bepul-tv-com-sovg-a,,
Xiaomi Redmi Note 14 Pro+ 5G 8/256GB Global Version (Black) +100 GB of Internet + 3 months of TV-COM for free!,2769000.0,openshop,https://asset.openshop.uz/uploads/products/thumbnail/202603/aoMp0fbYwioOOWvJuyg8BxAVMOphFbi9.jpg,https://openshop.uz/shop/product/123531-xiaomi-redmi-note-15-6-128-gb-black-elektr-choynak-sayohat-vaucheri-365-gb-internet-3-oy-bepul-tv-com-sovg-a,,
Xiaomi Redmi Note 14 Pro+ 5G 8/256GB Global Version (Black) +100 GB of Internet + 3 months of TV-COM for free!,4172000.0,openshop,https://asset.openshop.uz/uploads/products/thumbnail/202605/IMjEnZhXf8vBLTmmqW9F6wG42iTTJ3br.jpg,https://openshop.uz/shop/product/123540-xiaomi-redmi-note-15-pro-5g-8-256-qora-elektr-choynak-sayohat-vaucheri-365-gb-internet-3-oy-bepul-tv-com-sovg-a,,
Xiaomi Redmi Note 14 Pro+ 5G 8/256GB Global Version (Black) +100 GB of Internet + 3 months of TV-COM for free!,3806000.0,openshop,https://asset.openshop.uz/uploads/products/thumbnail/202603/btYLXGJK59BTfCLG38XJY7grCTeHC1M5.jpg,https://openshop.uz/shop/product/123548-xiaomi-redmi-note-15-pro-8-256-gb-black-elektr-choynak-sayohat-vaucheri-365-gb-internet-3-oy-bepul-tv-com-sovg-a,,
Xiaomi Redmi Note 14 Pro+ 5G 8/256GB Global Version (Black) +100 GB of Internet + 3 months of TV-COM for free!,4526000.0,openshop,https://asset.openshop.uz/uploads/products/thumbnail/202603/BiuVKRAUFTXrfyfYq3JAPvneo5PmWn9g.jpg,https://openshop.uz/shop/product/123562-xiaomi-redmi-note-15-pro-12-512-gb-glacier-blue-elektr-choynak-sayohat-vaucheri-365-gb-internet-3-oy-bepul-tv-com-sovg-a,,
Xiaomi Redmi Note 14 Pro+ 5G 8/256GB Global Version (Black) +100 GB of Internet + 3 months of TV-COM for free!,4368000.0,openshop,https://asset.openshop.uz/uploads/products/thumbnail/202605/9ZccopTidQrd8Q9JAIreZpk41b5whRLc.jpg,https://openshop.uz/shop/product/123648-xiaomi-redmi-note-15-pro-5g-8-512-gb-qora-elektr-choynak-sayohat-vaucheri-365-gb-internet-3-oy-bepul-tv-com-sovg-a,,
Honor X8c 8/256GB (Black) + gift box + 100 GB Internet + 3 Months of Free TV-COM,3928000.0,openshop,https://asset.openshop.uz/uploads/products/thumbnail/202603/1JwHqquEYAeM4s5nbIZawcKZNhlcmgVz.jpg,https://openshop.uz/shop/product/124375-honor-x8d-8-128-gb-black-elektr-choynak-sayohat-vaucheri-365-gb-internet-3-oy-bepul-tv-com-sovg-a,,
Honor X8c 8/256GB (Black) + gift box + 100 GB Internet + 3 Months of Free TV-COM,4499000.0,openshop,https://asset.openshop.uz/uploads/products/thumbnail/202603/lUeS0K9jgDeNcyPNuyiWSRyQW9YiUVRN.jpg,https://openshop.uz/shop/product/124376-honor-x8d-8-256-gb-black-elektr-choynak-sayohat-vaucheri-365-gb-internet-3-oy-bepul-tv-com-sovg-a,,
Honor X8c 8/256GB (Black) + gift box + 100 GB Internet + 3 Months of Free TV-COM,4499000.0,openshop,https://asset.openshop.uz/uploads/products/thumbnail/202603/YsfD0WqtII6ZdIArCLo3ATW4rgDQwhJq.jpg,https://openshop.uz/shop/product/124379-honor-x8d-8-256-gb-gray-elektr-choynak-sayohat-vaucheri-365-gb-internet-3-oy-bepul-tv-com-sovg-a,,
Honor X8c 8/256GB (Black) + gift box + 100 GB Internet + 3 Months of Free TV-COM,3928000.0,openshop,https://asset.openshop.uz/uploads/products/thumbnail/202603/SfS54wo6sqIagt2Q3phwl6s7gGminpOw.jpg,https://openshop.uz/shop/product/124380-honor-x8d-8-128-gb-gray-elektr-choynak-sayohat-vaucheri-365-gb-internet-3-oy-bepul-tv-com-sovg-a,,
Honor X8c 8/256GB (Black) + gift box + 100 GB Internet + 3 Months of Free TV-COM,4499000.0,openshop,https://asset.openshop.uz/uploads/products/thumbnail/202603/6H4hrJ6azDRfcxK0pz1NHK3xgxy2Q1Vd.jpg,https://openshop.uz/shop/product/124381-honor-x8d-8-256-gb-blue-elektr-choynak-sayohat-vaucheri-365-gb-internet-3-oy-bepul-tv-com-sovg-a,,
Honor X8c 8/256GB (Black) + gift box + 100 GB Internet + 3 Months of Free TV-COM,3928000.0,openshop,https://asset.openshop.uz/uploads/products/thumbnail/202603/qomvBOtGm3L7MGawKCmYUEJ6qED6BTO0.jpg,https://openshop.uz/shop/product/124382-honor-x8d-8-128-gb-blue-elektr-choynak-sayohat-vaucheri-365-gb-internet-3-oy-bepul-tv-com-sovg-a,,
Samsung Galaxy S25 Ultra 5G 12/256GB (Titanium Black) +100 GB of Internet + 3 months of TV-COM for free!,10516000.0,openshop,https://asset.openshop.uz/uploads/products/thumbnail/202603/LGkxTM2AQpsQVt9R02tq6la6rIUTbQRw.jpg,https://openshop.uz/shop/product/126120-samsung-galaxy-s26-5g-12-256-gb-black-elektr-choynak-sayohat-vaucheri-365-gb-internet-3-oy-bepul-tv-com-sovg-a,,
Samsung Galaxy S25 Ultra 5G 12/256GB (Titanium Black) +100 GB of Internet + 3 months of TV-COM for free!,12590000.0,openshop,https://asset.openshop.uz/uploads/products/thumbnail/202603/H9k3OD5eHwAayRFmC9Q8sCaJFnsG9G84.jpg,https://openshop.uz/shop/product/126123-samsung-galaxy-s26-5g-12-512-gb-black-elektr-choynak-sayohat-vaucheri-365-gb-internet-3-oy-bepul-tv-com-sovg-a,,
Samsung Galaxy S25 Ultra 5G 12/256GB (Titanium Black) +100 GB of Internet + 3 months of TV-COM for free!,10516000.0,openshop,https://asset.openshop.uz/uploads/products/thumbnail/202603/EDBQH4929KJMhSxOzmBTUL79LXJWgbLh.jpg,https://openshop.uz/shop/product/126124-samsung-galaxy-s26-5g-12-256-gb-white-elektr-choynak-sayohat-vaucheri-365-gb-internet-3-oy-bepul-tv-com-sovg-a,,
Samsung Galaxy S25 Ultra 5G 12/256GB (Titanium Black) +100 GB of Internet + 3 months of TV-COM for free!,12590000.0,openshop,https://asset.openshop.uz/uploads/products/thumbnail/202603/dwLpkmZ9TvRRmQkFQeWNdyDJY0gYvopO.jpg,https://openshop.uz/shop/product/126125-samsung-galaxy-s26-5g-12-512-gb-white-elektr-choynak-sayohat-vaucheri-365-gb-internet-3-oy-bepul-tv-com-sovg-a,,
Samsung Galaxy S25 Ultra 5G 12/256GB (Titanium Black) +100 GB of Internet + 3 months of TV-COM for free!,12590000.0,openshop,https://asset.openshop.uz/uploads/products/thumbnail/202603/pK2uewpHgJtBsJ3w9THHlnCtBzT7kGyY.jpg,https://openshop.uz/shop/product/126129-samsung-galaxy-s26-5g-12-512-gb-cobalt-violet-elektr-choynak-sayohat-vaucheri-365-gb-internet-3-oy-bepul-tv-com-sovg-a,,
Samsung Galaxy S25 Ultra 5G 12/256GB (Titanium Black) +100 GB of Internet + 3 months of TV-COM for free!,10516000.0,openshop,https://asset.openshop.uz/uploads/products/thumbnail/202603/a7ubqdLXOvsSkJTfwdEBHBNskWlQTpwf.jpg,https://openshop.uz/shop/product/126130-samsung-galaxy-s26-5g-12-256-gb-cobalt-violet-elektr-choynak-sayohat-vaucheri-365-gb-internet-3-oy-bepul-tv-com-sovg-a,,
Samsung Galaxy S25 Ultra 5G 12/256GB (Titanium Black) +100 GB of Internet + 3 months of TV-COM for free!,13383000.0,openshop,https://asset.openshop.uz/uploads/products/thumbnail/202603/HIEisrUCXjkrBuOF8WOywn43JkCaOav4.jpg,https://openshop.uz/shop/product/126155-samsung-galaxy-s26-ultra-5g-12-256-gb-black-elektr-choynak-sayohat-vaucheri-365-gb-internet-3-oy-bepul-tv-com-sovg-a,,
Samsung Galaxy S25 Ultra 5G 12/256GB (Titanium Black) +100 GB of Internet + 3 months of TV-COM for free!,13261000.0,openshop,https://asset.openshop.uz/uploads/products/thumbnail/202603/ttoMA4FMZimWq7Ud4lUcptnp7jDsx0nM.jpg,https://openshop.uz/shop/product/126156-samsung-galaxy-s26-ultra-5g-12-256-gb-white-elektr-choynak-sayohat-vaucheri-365-gb-internet-3-oy-bepul-tv-com-sovg-a,,
Samsung Galaxy S25 Ultra 5G 12/256GB (Titanium Black) +100 GB of Internet + 3 months of TV-COM for free!,13261000.0,openshop,https://asset.openshop.uz/uploads/products/thumbnail/202603/7exIxYhY2NQNW42PU8MPWHkrqVjV1RL4.jpg,https://openshop.uz/shop/product/126158-samsung-galaxy-s26-ultra-5g-12-256-gb-cobalt-violet-elektr-choynak-sayohat-vaucheri-365-gb-internet-3-oy-bepul-tv-com-sovg-a,,
Samsung Galaxy S25 Ultra 5G 12/256GB (Titanium Black) +100 GB of Internet + 3 months of TV-COM for free!,16250000.0,openshop,https://asset.openshop.uz/uploads/products/thumbnail/202603/xIi0T1O7uO270Vp3d6vakTQafSi5YoLb.jpg,https://openshop.uz/shop/product/126168-samsung-galaxy-s26-ultra-5g-12-512-gb-black-elektr-choynak-sayohat-vaucheri-365-gb-internet-3-oy-bepul-tv-com-sovg-a,,
Samsung Galaxy S25 Ultra 5G 12/256GB (Titanium Black) +100 GB of Internet + 3 months of TV-COM for free!,16250000.0,openshop,https://asset.openshop.uz/uploads/products/thumbnail/202603/H3v5BUFF55F0XSyidbqsEweWq1Zohi3V.jpg,https://openshop.uz/shop/product/126169-samsung-galaxy-s26-ultra-5g-12-512-gb-white-elektr-choynak-sayohat-vaucheri-365-gb-internet-3-oy-bepul-tv-com-sovg-a,,
Samsung Galaxy S25 Ultra 5G 12/256GB (Titanium Black) +100 GB of Internet + 3 months of TV-COM for free!,16250000.0,openshop,https://asset.openshop.uz/uploads/products/thumbnail/202603/i2OIxakbbI2SDEpqRflBVBcOCMMRFNrm.jpg,https://openshop.uz/shop/product/126171-samsung-galaxy-s26-ultra-5g-12-512-gb-cobalt-violet-elektr-choynak-sayohat-vaucheri-365-gb-internet-3-oy-bepul-tv-com-sovg-a,,
Samsung Galaxy S25 Ultra 5G 12/256GB (Titanium Black) +100 GB of Internet + 3 months of TV-COM for free!,21252000.0,openshop,https://asset.openshop.uz/uploads/products/thumbnail/202604/kGyxayRdS7ZkUU5yQT51XA1wvY3OnGoU.jpg,https://openshop.uz/shop/product/126172-samsung-galaxy-s26-ultra-5g-16-1-tb-cobalt-violet-elektr-choynak-sayohat-vaucheri-365-gb-internet-3-oy-bepul-tv-com-sovg-a,,
Samsung Galaxy S25 Ultra 5G 12/256GB (Titanium Black) +100 GB of Internet + 3 months of TV-COM for free!,21252000.0,openshop,https://asset.openshop.uz/uploads/products/thumbnail/202604/BjCrARQJENeIwnc0Z03Sf9xT0miVp6Jv.jpg,https://openshop.uz/shop/product/126174-samsung-galaxy-s26-ultra-5g-16-1-tb-white-elektr-choynak-sayohat-vaucheri-365-gb-internet-3-oy-bepul-tv-com-sovg-a,,
Samsung Galaxy S25 Ultra 5G 12/256GB (Titanium Black) +100 GB of Internet + 3 months of TV-COM for free!,21252000.0,openshop,https://asset.openshop.uz/uploads/products/thumbnail/202604/dMuASUZ4EhxqC9EkV0iBv1puJUFLYwJw.jpg,https://openshop.uz/shop/product/126175-samsung-galaxy-s26-ultra-5g-16-1-tb-black-elektr-choynak-sayohat-vaucheri-365-gb-internet-3-oy-bepul-tv-com-sovg-a,,
Xiaomi Redmi 15 6/128GB (Kulrang) +100 GB internet + 3 Oy bepul TV-COM sovg'a!,2483000.0,openshop,https://asset.openshop.uz/uploads/products/thumbnail/202603/RlrQJmhth5mf2fTDZu2s2duzw1f5FSM3.jpg,https://openshop.uz/shop/product/126394-xiaomi-redmi-15-8-128-gb-kulrang-365-gb-internet-3-oy-bepul-tv-com-sovg-a,,
Xiaomi Redmi 15 6/128GB (Binafsharang) +100 GB internet + 3 Oy bepul TV-COM sovg'a!,2483000.0,openshop,https://asset.openshop.uz/uploads/products/thumbnail/202603/BmPbgsQ4PiHYjV7w0xWjOj6KVLmhuIYC.jpg,https://openshop.uz/shop/product/126395-xiaomi-redmi-15-8-128-gb-binafsharang-365-gb-internet-3-oy-bepul-tv-com-sovg-a,,
Xiaomi 14T 12/256GB (Titan Черный) +100 GB of Internet + 3 months of TV-COM for free!,16433000.0,openshop,https://asset.openshop.uz/uploads/products/thumbnail/202603/buna7QQIpdbPcarQ061ycXlFLEvJGeJI.png,https://openshop.uz/shop/product/126443-xiaomi-17-ultra-16-512-gb-black-elektr-choynak-sayohat-vaucheri-365-gb-internet-3-oy-bepul-tv-com-sovg-a,,
Honor Magic 8 Pro 5G 12/512 GB (Black) + Elektr choynak + Sayohat vaucheri + 365 GB internet + 3 Oy bepul TV-COM sovg'a!,14054000.0,openshop,https://asset.openshop.uz/uploads/products/thumbnail/202603/H6f00106vLmG2Nh0veFitWDQSgledacH.png,https://openshop.uz/shop/product/126686-honor-magic-8-pro-5g-12-512-gb-black-elektr-choynak-sayohat-vaucheri-365-gb-internet-3-oy-bepul-tv-com-sovg-a,,
Tecno Spark 30C 6/128GB (Orbit White) +100 GB of Internet + 3 months of TV-COM for free!,3986000.0,openshop,https://asset.openshop.uz/uploads/products/thumbnail/202603/cRcDo0pRWl96ve4f9rGt0qRNIgGZ9QqG.jpg,https://openshop.uz/shop/product/126739-tecno-camon-50-8-256gb-moonshadow-black-elektr-choynak-sayohat-vaucheri-365-gb-internet-3-oy-bepul-tv-com-sovg-a,,
Tecno Spark 30C 6/128GB (Orbit White) +100 GB of Internet + 3 months of TV-COM for free!,3986000.0,openshop,https://asset.openshop.uz/uploads/products/thumbnail/202603/VjnLJ5mfcdouYeSD5YQOoYWqs2i3wNJw.jpg,https://openshop.uz/shop/product/126741-tecno-camon-50-8-256gb-nebula-titanium-elektr-choynak-sayohat-vaucheri-365-gb-internet-3-oy-bepul-tv-com-sovg-a,,
Samsung Galaxy A16 6/128GB (Black) + 100 GB of internet + 3 months of free TV-COM as a gift!,5331000.0,openshop,https://asset.openshop.uz/uploads/products/thumbnail/202603/PPtv1gfX3MfqDpm3jNcRPMj829oyX1lF.jpg,https://openshop.uz/shop/product/126989-samsung-galaxy-a57-8-128-gb-5g-navy-elektr-choynak-sayohat-vaucheri-365-gb-internet-3-oy-bepul-tv-com-sovg-a,,
Samsung Galaxy A06 4/128GB Light (Blue) +100 GB of Internet + 3 months of TV-COM for free!,4721000.0,openshop,https://asset.openshop.uz/uploads/products/thumbnail/202603/cmBqZOqaAPcSR0vo7DO1edLMQgVoqNBc.png,https://openshop.uz/shop/product/126993-samsung-galaxy-a37-8-128-gb-5g-black-elektr-choynak-sayohat-vaucheri-365-gb-internet-3-oy-bepul-tv-com-sovg-a,,
Samsung Galaxy A16 6/128GB (Black) + 100 GB of internet + 3 months of free TV-COM as a gift!,5575000.0,openshop,https://asset.openshop.uz/uploads/products/thumbnail/202603/ZwSNIexFG2Utrwd7YNVH6Am9qUnNQ8KE.jpg,https://openshop.uz/shop/product/126997-samsung-galaxy-a57-8-256-gb-5g-navy-elektr-choynak-sayohat-vaucheri-365-gb-internet-3-oy-bepul-tv-com-sovg-a,,
Samsung Galaxy A06 4/128GB Light (Blue) +100 GB of Internet + 3 months of TV-COM for free!,5331000.0,openshop,https://asset.openshop.uz/uploads/products/thumbnail/202603/D0ojXyDRAOjwOtAnIhfhm621pJtUSAwR.jpg,https://openshop.uz/shop/product/126998-samsung-galaxy-a57-8-128-gb-5g-binafsha-rang-elektr-choynak-sayohat-vaucheri-365-gb-internet-3-oy-bepul-tv-com-sovg-a,,
Samsung Galaxy A06 4/128GB Light (Blue) +100 GB of Internet + 3 months of TV-COM for free!,4721000.0,openshop,https://asset.openshop.uz/uploads/products/thumbnail/202603/mBFwHGla711ZEfB6L8gSCwX1Sp1l1UkL.png,https://openshop.uz/shop/product/126999-samsung-galaxy-a37-8-128-gb-5g-green-elektr-choynak-sayohat-vaucheri-365-gb-internet-3-oy-bepul-tv-com-sovg-a,,
Samsung Galaxy A06 4/128GB Light (Blue) +100 GB of Internet + 3 months of TV-COM for free!,5087000.0,openshop,https://asset.openshop.uz/uploads/products/thumbnail/202603/hld3nndgngn2ggoTNpY5IfpbdqZji9PH.png,https://openshop.uz/shop/product/127000-samsung-galaxy-a37-8-256gb-5g-green-elektr-choynak-sayohat-vaucheri-365-gb-internet-3-oy-bepul-tv-com-sovg-a,,
Samsung Galaxy A06 4/128GB Light (Blue) +100 GB of Internet + 3 months of TV-COM for free!,5575000.0,openshop,https://asset.openshop.uz/uploads/products/thumbnail/202603/WhPReqHoocrw6xglRSSAv0vr5tbOEgD0.jpg,https://openshop.uz/shop/product/127001-samsung-galaxy-a57-8-256-gb-5g-binafsha-rang-elektr-choynak-sayohat-vaucheri-365-gb-internet-3-oy-bepul-tv-com-sovg-a,,
Samsung Galaxy A06 4/128GB Light (Blue) +100 GB of Internet + 3 months of TV-COM for free!,5331000.0,openshop,https://asset.openshop.uz/uploads/products/thumbnail/202603/eesGt8GBvUlritw9hFKvD2v43nxKE2EJ.jpg,https://openshop.uz/shop/product/127005-samsung-galaxy-a57-8-128-gb-5g-gray-elektr-choynak-sayohat-vaucheri-365-gb-internet-3-oy-bepul-tv-com-sovg-a,,
Samsung Galaxy A06 4/128GB Light (Blue) +100 GB of Internet + 3 months of TV-COM for free!,5575000.0,openshop,https://asset.openshop.uz/uploads/products/thumbnail/202603/rAWYbBrkODOcK1kwijmSEVEUxA01cA5Q.jpg,https://openshop.uz/shop/product/127006-samsung-galaxy-a57-8-256-gb-5g-gray-elektr-choynak-sayohat-vaucheri-365-gb-internet-3-oy-bepul-tv-com-sovg-a,,
Tecno Spark 30C 6/128GB (Orbit White) +100 GB of Internet + 3 months of TV-COM for free!,3999000.0,openshop,https://asset.openshop.uz/uploads/products/thumbnail/202603/kEfjMvDj3tCIVnxxZDpKnWk7lJHHywZP.jpg,https://openshop.uz/shop/product/127717-tecno-camon-50-pro-8-256gb-moonshadow-black-elektr-choynak-sayohat-vaucheri-365-gb-internet-3-oy-bepul-tv-com-sovg-a,,
Tecno Spark 30C 6/128GB (Orbit White) +100 GB of Internet + 3 months of TV-COM for free!,3999000.0,openshop,https://asset.openshop.uz/uploads/products/thumbnail/202603/470siCpFPzX7cqWRJaRZR5bs8NIBuexa.jpg,https://openshop.uz/shop/product/127718-tecno-camon-50-pro-8-256gb-malachite-green-elektr-choynak-sayohat-vaucheri-365-gb-internet-3-oy-bepul-tv-com-sovg-a,,
Xiaomi Redmi A5 3/64GB ( Black) +100 GB of Internet + 3 months of TV-COM for free!,1940000.0,openshop,https://asset.openshop.uz/uploads/products/thumbnail/202603/ubBfs9tkunNubWusxPIcpMcNTjKt9WKN.jpg,https://openshop.uz/shop/product/127797-xiaomi-redmi-a7-pro-4-64-gb-qora-elektr-choynak-sayohat-vaucheri-365-gb-internet-3-oy-bepul-tv-com-sovg-a,,
Xiaomi Redmi A5 3/64GB ( Black) +100 GB of Internet + 3 months of TV-COM for free!,1940000.0,openshop,https://asset.openshop.uz/uploads/products/thumbnail/202603/4PmsQDLjFAf8orbJ77qp4y0bx25nERZq.jpg,https://openshop.uz/shop/product/127798-xiaomi-redmi-a7-pro-4-64-gb-mist-blue-elektr-choynak-sayohat-vaucheri-365-gb-internet-3-oy-bepul-tv-com-sovg-a,,
Xiaomi Redmi A5 3/64GB ( Black) +100 GB of Internet + 3 months of TV-COM for free!,1940000.0,openshop,https://asset.openshop.uz/uploads/products/thumbnail/202603/Nn1LM0QaZs1SQbGhhFUbuqIeVDSrW4lC.jpg,https://openshop.uz/shop/product/127800-xiaomi-redmi-a7-pro-4-64-gb-palm-green-elektr-choynak-sayohat-vaucheri-365-gb-internet-3-oy-bepul-tv-com-sovg-a,,
Xiaomi Redmi A5 3/64GB ( Black) +100 GB of Internet + 3 months of TV-COM for free!,1940000.0,openshop,https://asset.openshop.uz/uploads/products/thumbnail/202603/c20bHYcfvaxyyBp23HSOGC6eFqlV3W6c.jpg,https://openshop.uz/shop/product/127801-xiaomi-redmi-a7-pro-4-64-gb-sunset-orange-elektr-choynak-sayohat-vaucheri-365-gb-internet-3-oy-bepul-tv-com-sovg-a,,
Xiaomi Redmi A5 3/64GB ( Black) +100 GB of Internet + 3 months of TV-COM for free!,2098000.0,openshop,https://asset.openshop.uz/uploads/products/thumbnail/202603/4PmsQDLjFAf8orbJ77qp4y0bx25nERZq.jpg,https://openshop.uz/shop/product/127802-xiaomi-redmi-a7-pro-4-128-gb-mist-blue-elektr-choynak-sayohat-vaucheri-365-gb-internet-3-oy-bepul-tv-com-sovg-a,,
Xiaomi Redmi A5 3/64GB ( Black) +100 GB of Internet + 3 months of TV-COM for free!,2098000.0,openshop,https://asset.openshop.uz/uploads/products/thumbnail/202603/ubBfs9tkunNubWusxPIcpMcNTjKt9WKN.jpg,https://openshop.uz/shop/product/127803-xiaomi-redmi-a7-pro-4-128-gb-qora-elektr-choynak-sayohat-vaucheri-365-gb-internet-3-oy-bepul-tv-com-sovg-a,,
Xiaomi Redmi A5 3/64GB ( Black) +100 GB of Internet + 3 months of TV-COM for free!,2098000.0,openshop,https://asset.openshop.uz/uploads/products/thumbnail/202603/Nn1LM0QaZs1SQbGhhFUbuqIeVDSrW4lC.jpg,https://openshop.uz/shop/product/127804-xiaomi-redmi-a7-pro-4-128-gb-palm-green-elektr-choynak-sayohat-vaucheri-365-gb-internet-3-oy-bepul-tv-com-sovg-a,,
Xiaomi Redmi A5 3/64GB ( Black) +100 GB of Internet + 3 months of TV-COM for free!,2098000.0,openshop,https://asset.openshop.uz/uploads/products/thumbnail/202603/c20bHYcfvaxyyBp23HSOGC6eFqlV3W6c.jpg,https://openshop.uz/shop/product/127805-xiaomi-redmi-a7-pro-4-128-gb-sunset-orange-elektr-choynak-sayohat-vaucheri-365-gb-internet-3-oy-bepul-tv-com-sovg-a,,
HONOR 400 8/256GB (Desert Gold) + Juicer + 100 GB internet + 3 months of free TV-COM,4782000.0,openshop,https://asset.openshop.uz/uploads/products/thumbnail/202605/qOdDvLPhas2X2CRSf994YMsikDNDtpRg.jpg,https://openshop.uz/shop/product/127815-honor-600-lite-8-256-gb-gold-elektr-choynak-sayohat-vaucheri-365-gb-internet-3-oy-bepul-tv-com-sovg-a,,
HONOR 400 8/256GB (Desert Gold) + Juicer + 100 GB internet + 3 months of free TV-COM,4782000.0,openshop,https://asset.openshop.uz/uploads/products/thumbnail/202605/q82iZeUlpIYZLAyQVkV8dGwTea8nuM9G.jpg,https://openshop.uz/shop/product/127818-honor-600-lite-8-256-gb-black-elektr-choynak-sayohat-vaucheri-365-gb-internet-3-oy-bepul-tv-com-sovg-a,,
HONOR 400 8/256GB (Desert Gold) + Juicer + 100 GB internet + 3 months of free TV-COM,4782000.0,openshop,https://asset.openshop.uz/uploads/products/thumbnail/202605/Kc3f9y0Rl2CsBzHBH1gH0lEZ3K1suWSq.jpg,https://openshop.uz/shop/product/127819-honor-600-lite-8-256-gb-grey-elektr-choynak-sayohat-vaucheri-365-gb-internet-3-oy-bepul-tv-com-sovg-a,,
Xiaomi Poco X7 8/256 GB (Global Version) Black +100 GB of Internet + 3 months of TV-COM for free!,5673000.0,openshop,https://asset.openshop.uz/uploads/products/thumbnail/202604/lsFnY9WLrX50Qj0y4bQFoLsJlLPSHlFF.jpg,https://openshop.uz/shop/product/128075-xiaomi-poco-x8-pro-8-256-gb-black-elektr-choynak-sayohat-vaucheri-365-gb-internet-3-oy-bepul-tv-com-sovg-a,,
Xiaomi Poco X7 8/256 GB (Global Version) Black +100 GB of Internet + 3 months of TV-COM for free!,5673000.0,openshop,https://asset.openshop.uz/uploads/products/thumbnail/202604/pskpos2d4YaQcj9KRWWHFrW7wGEbliXT.jpg,https://openshop.uz/shop/product/128076-xiaomi-poco-x8-pro-8-256-gb-mint-green-elektr-choynak-sayohat-vaucheri-365-gb-internet-3-oy-bepul-tv-com-sovg-a,,
Xiaomi Poco X7 8/256 GB (Global Version) Black +100 GB of Internet + 3 months of TV-COM for free!,5673000.0,openshop,https://asset.openshop.uz/uploads/products/thumbnail/202604/fjMLWK1oT1TUtLWBKYad2GjBE7Sb97Jv.jpg,https://openshop.uz/shop/product/128077-xiaomi-poco-x8-pro-8-256-gb-white-elektr-choynak-sayohat-vaucheri-365-gb-internet-3-oy-bepul-tv-com-sovg-a,,
Xiaomi Poco X7 8/256 GB (Global Version) Black +100 GB of Internet + 3 months of TV-COM for free!,5746000.0,openshop,https://asset.openshop.uz/uploads/products/thumbnail/202604/fjMLWK1oT1TUtLWBKYad2GjBE7Sb97Jv.jpg,https://openshop.uz/shop/product/128078-xiaomi-poco-x8-pro-8-512-gb-white-elektr-choynak-sayohat-vaucheri-365-gb-internet-3-oy-bepul-tv-com-sovg-a,,
Xiaomi Poco X7 8/256 GB (Global Version) Black +100 GB of Internet + 3 months of TV-COM for free!,5746000.0,openshop,https://asset.openshop.uz/uploads/products/thumbnail/202604/pskpos2d4YaQcj9KRWWHFrW7wGEbliXT.jpg,https://openshop.uz/shop/product/128079-xiaomi-poco-x8-pro-8-512-gb-mint-green-elektr-choynak-sayohat-vaucheri-365-gb-internet-3-oy-bepul-tv-com-sovg-a,,
Xiaomi Poco X7 8/256 GB (Global Version) Black +100 GB of Internet + 3 months of TV-COM for free!,5746000.0,openshop,https://asset.openshop.uz/uploads/products/thumbnail/202604/lsFnY9WLrX50Qj0y4bQFoLsJlLPSHlFF.jpg,https://openshop.uz/shop/product/128080-xiaomi-poco-x8-pro-8-512-gb-black-elektr-choynak-sayohat-vaucheri-365-gb-internet-3-oy-bepul-tv-com-sovg-a,,
Xiaomi Poco X7 8/256 GB (Global Version) Black +100 GB of Internet + 3 months of TV-COM for free!,5917000.0,openshop,https://asset.openshop.uz/uploads/products/thumbnail/202604/fjMLWK1oT1TUtLWBKYad2GjBE7Sb97Jv.jpg,https://openshop.uz/shop/product/128081-xiaomi-poco-x8-pro-12-512-gb-white-elektr-choynak-sayohat-vaucheri-365-gb-internet-3-oy-bepul-tv-com-sovg-a,,
Xiaomi Poco X7 8/256 GB (Global Version) Black +100 GB of Internet + 3 months of TV-COM for free!,5917000.0,openshop,https://asset.openshop.uz/uploads/products/thumbnail/202604/pskpos2d4YaQcj9KRWWHFrW7wGEbliXT.jpg,https://openshop.uz/shop/product/128082-xiaomi-poco-x8-pro-12-512-gb-mint-green-elektr-choynak-sayohat-vaucheri-365-gb-internet-3-oy-bepul-tv-com-sovg-a,,
Xiaomi Poco X7 8/256 GB (Global Version) Black +100 GB of Internet + 3 months of TV-COM for free!,5917000.0,openshop,https://asset.openshop.uz/uploads/products/thumbnail/202604/lsFnY9WLrX50Qj0y4bQFoLsJlLPSHlFF.jpg,https://openshop.uz/shop/product/128083-xiaomi-poco-x8-pro-12-512-gb-black-elektr-choynak-sayohat-vaucheri-365-gb-internet-3-oy-bepul-tv-com-sovg-a,,
Infinix Note 50 Pro 12/256GB (Shadow Black) + Case + 100 GB of Internet + 3 months of TV-COM for free!,6161000.0,openshop,https://asset.openshop.uz/uploads/products/thumbnail/202604/KwssDvAwO3uyxxMTVrWqxR7KZehjLlV5.jpg,https://openshop.uz/shop/product/128147-infinix-note-60-pro-12-256-gb-orange-elektr-choynak-sayohat-vaucheri-365-gb-internet-3-oy-bepul-tv-com-sovg-a,,
Infinix Note 50 Pro 12/256GB (Shadow Black) + Case + 100 GB of Internet + 3 months of TV-COM for free!,6161000.0,openshop,https://asset.openshop.uz/uploads/products/thumbnail/202604/llmyEgfFQM5ZKORbpqRVvu4N4LWQCj79.jpg,https://openshop.uz/shop/product/128151-infinix-note-60-pro-12-256-gb-blue-elektr-choynak-sayohat-vaucheri-365-gb-internet-3-oy-bepul-tv-com-sovg-a,,
Infinix Note 50 Pro 12/256GB (Shadow Black) + Case + 100 GB of Internet + 3 months of TV-COM for free!,6161000.0,openshop,https://asset.openshop.uz/uploads/products/thumbnail/202604/wFKx0kp2Rf3slohZPe7bXgqnjzjYrtso.jpg,https://openshop.uz/shop/product/128152-infinix-note-60-pro-12-256-gb-brown-elektr-choynak-sayohat-vaucheri-365-gb-internet-3-oy-bepul-tv-com-sovg-a,,
Infinix Note 50 Pro 12/256GB (Shadow Black) + Case + 100 GB of Internet + 3 months of TV-COM for free!,4654000.0,openshop,https://asset.openshop.uz/uploads/products/thumbnail/202604/kClE3Bb5n6lXpi6ADlSjX8Z46Aztw0Hv.jpg,https://openshop.uz/shop/product/128153-infinix-note-edge-8-256-gb-lunar-titanium-elektr-choynak-sayohat-vaucheri-365-gb-internet-3-oy-bepul-tv-com-sovg-a,,
Infinix Note 50 Pro 12/256GB (Shadow Black) + Case + 100 GB of Internet + 3 months of TV-COM for free!,4654000.0,openshop,https://asset.openshop.uz/uploads/products/thumbnail/202604/eAPCnnDigi1q2DXwOdW8vh4HJTg2IU4o.jpg,https://openshop.uz/shop/product/128158-infinix-note-edge-8-256-gb-stellar-blue-elektr-choynak-sayohat-vaucheri-365-gb-internet-3-oy-bepul-tv-com-sovg-a,,
Infinix Note 50 Pro 12/256GB (Shadow Black) + Case + 100 GB of Internet + 3 months of TV-COM for free!,4654000.0,openshop,https://asset.openshop.uz/uploads/products/thumbnail/202604/yMnyVpWUUxFc89uJNSclfFU03OygyzFq.jpg,https://openshop.uz/shop/product/128159-infinix-note-edge-8-256-gb-silk-green-elektr-choynak-sayohat-vaucheri-365-gb-internet-3-oy-bepul-tv-com-sovg-a,,
Honor Magic 8 Pro 5G 12/512 GB (Gold) + Elektr choynak + Sayohat vaucheri + 365 GB internet + 3 Oy bepul TV-COM sovg'a!,14054000.0,openshop,https://asset.openshop.uz/uploads/products/thumbnail/202604/ZN4a6VWM6tf49Encot9KmLthoou0GwxA.jpg,https://openshop.uz/shop/product/128464-honor-magic-8-pro-5g-12-512-gb-gold-elektr-choynak-sayohat-vaucheri-365-gb-internet-3-oy-bepul-tv-com-sovg-a,,
"Samsung Galaxy A36 8/128GB, Black + 100 GB of internet + 3 months of free TV-COM as a gift!",19178000.0,openshop,https://asset.openshop.uz/uploads/products/thumbnail/202604/KiRfTzjk68UmCGPD6etfXLVhe6GkSWI5.jpg,https://openshop.uz/shop/product/128474-google-pixel-10-pro-fold-16-512-gb-kulrang-elektr-choynak-sayohat-vaucheri-365-gb-internet-3-oy-bepul-tv-com-sovg-a,,
Xiaomi Poco X7 12/512 GB (Global Version) Black +100 GB of Internet + 3 months of TV-COM for free!,7381000.0,openshop,https://asset.openshop.uz/uploads/products/thumbnail/202604/irJx1kCJvvV2yq8OCAedfNE9UOIE5FMn.jpg,https://openshop.uz/shop/product/128481-xiaomi-poco-x8-pro-max-12-512-gb-5g-eu-qora-elektr-choynak-sayohat-vaucheri-365-gb-internet-3-oy-bepul-tv-com-sovg-a,,
Xiaomi Poco X7 12/512 GB (Global Version) Black +100 GB of Internet + 3 months of TV-COM for free!,8076000.0,openshop,https://asset.openshop.uz/uploads/products/thumbnail/202604/uBiO31a5xosUAJLmSyQO01z74LcFRAkM.jpg,https://openshop.uz/shop/product/128485-xiaomi-poco-f8-pro-12-512-gb-5g-eu-qora-elektr-choynak-sayohat-vaucheri-365-gb-internet-3-oy-bepul-tv-com-sovg-a,,
Xiaomi Poco X7 12/512 GB (Global Version) Black +100 GB of Internet + 3 months of TV-COM for free!,7076000.0,openshop,https://asset.openshop.uz/uploads/products/thumbnail/202604/yuWcEMtZXnBRu46fi0x7lWJkVbq4DPhy.jpg,https://openshop.uz/shop/product/128487-xiaomi-poco-x8-pro-max-12-256-gb-5g-eu-qora-elektr-choynak-sayohat-vaucheri-365-gb-internet-3-oy-bepul-tv-com-sovg-a,,
Smartphone Oppo A5 Pro 8/256,5774000.0,openshop,https://asset.openshop.uz/uploads/products/thumbnail/202604/bl5eHkpg9XVktZm9dNqyXSzy3MFPbXqj.png,https://openshop.uz/shop/product/128607-oppo-reno15f-8-256gb-aurora-blue-elektr-choynak-sayohat-vaucheri-365-gb-internet-3-oy-bepul-tv-com-sovg-a,,
Smartphone Oppo A5 Pro 8/256,5774000.0,openshop,https://asset.openshop.uz/uploads/products/thumbnail/202604/Z1nWyombznBtv9RwwhC0HyKfrB7pDno7.png,https://openshop.uz/shop/product/128612-oppo-reno15f-8-256gb-twilight-blue-elektr-choynak-sayohat-vaucheri-365-gb-internet-3-oy-bepul-tv-com-sovg-a,,
Apple iPhone 16 128GB (Black) +100 GB of Internet + 3 months of TV-COM for free!,10150000.0,openshop,https://asset.openshop.uz/uploads/products/thumbnail/202603/PECQLNgUUxohMXKq8aU5C7OEjKyGlpAd.jpg,https://openshop.uz/shop/product/128972-apple-iphone-16-128-gb-qora-sim-esim-elektr-choynak-sayohat-vaucheri-365-gb-internet-3-oy-bepul-tv-com-sovg-a,,
Apple iPhone 16 128GB (Ultramarine) +100 GB of Internet + 3 months of TV-COM for free!,10150000.0,openshop,https://asset.openshop.uz/uploads/products/thumbnail/202603/q6oQfUp3IdtNNzTSU5F6qt9BCjvHbj9X.jpg,https://openshop.uz/shop/product/128975-apple-iphone-16-128-gb-ultramarine-sim-esim-elektr-choynak-sayohat-vaucheri-365-gb-internet-3-oy-bepul-tv-com-sovg-a,,
"Samsung Galaxy A36 8/128GB, Black + 100 GB of internet + 3 months of free TV-COM as a gift!",11248000.0,openshop,https://asset.openshop.uz/uploads/products/thumbnail/202605/haHuBFvvcqmn9BzSAg62OUXj1ds8FbBR.png,https://openshop.uz/shop/product/129170-google-pixel-10-12-256gb-black-elektr-choynak-sayohat-vaucheri-365-gb-internet-3-oy-bepul-tv-com-sovg-a,,
"Samsung Galaxy A36 8/128GB, Black + 100 GB of internet + 3 months of free TV-COM as a gift!",17348000.0,openshop,https://asset.openshop.uz/uploads/products/thumbnail/202605/AIxWsA8oXWwXayt92prKUJGWRCU40JCl.png,https://openshop.uz/shop/product/129173-google-pixel-10-pro-fold-16-256gb-kulrang-elektr-choynak-sayohat-vaucheri-365-gb-internet-3-oy-bepul-tv-com-sovg-a,,
Apple iPhone 16 Pro Max 256GB (Black Titanium) +100 GB of Internet + 3 months of TV-COM for free!,18995000.0,openshop,https://asset.openshop.uz/uploads/products/thumbnail/202603/V3xlBgV7BBoGyCtct2wBJUz2HlhWSoMG.jpg,https://openshop.uz/shop/product/129237-apple-iphone-17-pro-max-256-gb-nano-sim-nano-sim-silver-elektr-choynak-sayohat-vaucheri-365-gb-internet-3-oy-bepul-tv-com-sovg-a,,
Xiaomi 14T 12/256GB (Titan Черный) +100 GB of Internet + 3 months of TV-COM for free!,7588000.0,openshop,https://asset.openshop.uz/uploads/products/thumbnail/202605/22F9Qt31nHmnFYUwHHAU49A9ngOlSVab.png,https://openshop.uz/shop/product/129759-xiaomi-17t-12-512-gb-black-elektr-choynak-sayohat-vaucheri-365-gb-internet-3-oy-bepul-tv-com-sovg-a,,
Xiaomi 14T 12/256GB (Titan Черный) +100 GB of Internet + 3 months of TV-COM for free!,7588000.0,openshop,https://asset.openshop.uz/uploads/products/thumbnail/202605/gTXwWfI2ZzObX1FUK35fNYfCPFzpQD5o.png,https://openshop.uz/shop/product/129760-xiaomi-17t-12-512-gb-violet-elektr-choynak-sayohat-vaucheri-365-gb-internet-3-oy-bepul-tv-com-sovg-a,,
Xiaomi 14T 12/256GB (Titan Черный) +100 GB of Internet + 3 months of TV-COM for free!,7588000.0,openshop,https://asset.openshop.uz/uploads/products/thumbnail/202605/EsLJ2jH8YdClHOsr43KJ9TOkImQNaVPG.png,https://openshop.uz/shop/product/129761-xiaomi-17t-12-512-gb-blue-elektr-choynak-sayohat-vaucheri-365-gb-internet-3-oy-bepul-tv-com-sovg-a,,
Xiaomi 14T 12/256GB (Titan Черный) +100 GB of Internet + 3 months of TV-COM for free!,7198000.0,openshop,https://asset.openshop.uz/uploads/products/thumbnail/202605/22F9Qt31nHmnFYUwHHAU49A9ngOlSVab.png,https://openshop.uz/shop/product/129788-xiaomi-17t-12-256-gb-black-elektr-choynak-sayohat-vaucheri-365-gb-internet-3-oy-bepul-tv-com-sovg-a,,
Xiaomi 14T 12/256GB (Titan Черный) +100 GB of Internet + 3 months of TV-COM for free!,7222000.0,openshop,https://asset.openshop.uz/uploads/products/thumbnail/202605/gTXwWfI2ZzObX1FUK35fNYfCPFzpQD5o.png,https://openshop.uz/shop/product/129789-xiaomi-17t-12-256-gb-violet-elektr-choynak-sayohat-vaucheri-365-gb-internet-3-oy-bepul-tv-com-sovg-a,,
Xiaomi 14T 12/256GB (Titan Черный) +100 GB of Internet + 3 months of TV-COM for free!,8638000.0,openshop,https://asset.openshop.uz/uploads/products/thumbnail/202605/2OJ4iiZ9OizBAqhXeroLR32b5FbcJpun.png,https://openshop.uz/shop/product/129796-xiaomi-17t-pro-12-256-gb-deep-violet-elektr-choynak-sayohat-vaucheri-365-gb-internet-3-oy-bepul-tv-com-sovg-a,,
Xiaomi 14T 12/256GB (Titan Черный) +100 GB of Internet + 3 months of TV-COM for free!,9540000.0,openshop,https://asset.openshop.uz/uploads/products/thumbnail/202605/2OJ4iiZ9OizBAqhXeroLR32b5FbcJpun.png,https://openshop.uz/shop/product/129797-xiaomi-17t-pro-12-512-gb-deep-violet-elektr-choynak-sayohat-vaucheri-365-gb-internet-3-oy-bepul-tv-com-sovg-a,,
Xiaomi 14T 12/256GB (Titan Черный) +100 GB of Internet + 3 months of TV-COM for free!,9540000.0,openshop,https://asset.openshop.uz/uploads/products/thumbnail/202605/z7iw7OhRhTN66o51FTvQ2gGOhT9ulqV1.png,https://openshop.uz/shop/product/129798-xiaomi-17t-pro-12-512-gb-deep-blue-elektr-choynak-sayohat-vaucheri-365-gb-internet-3-oy-bepul-tv-com-sovg-a,,
Xiaomi 14T 12/256GB (Titan Черный) +100 GB of Internet + 3 months of TV-COM for free!,9540000.0,openshop,https://asset.openshop.uz/uploads/products/thumbnail/202605/K05odr4AaLWIATVjcb3s1gHXAiUB7lBj.png,https://openshop.uz/shop/product/129799-xiaomi-17t-pro-12-512-gb-black-elektr-choynak-sayohat-vaucheri-365-gb-internet-3-oy-bepul-tv-com-sovg-a,,
Xiaomi 14T 12/256GB (Titan Черный) +100 GB of Internet + 3 months of TV-COM for free!,10882000.0,openshop,https://asset.openshop.uz/uploads/products/thumbnail/202605/K05odr4AaLWIATVjcb3s1gHXAiUB7lBj.png,https://openshop.uz/shop/product/129800-xiaomi-17t-pro-12-1024-gb-black-elektr-choynak-sayohat-vaucheri-365-gb-internet-3-oy-bepul-tv-com-sovg-a,,
Xiaomi 14T 12/256GB (Titan Черный) +100 GB of Internet + 3 months of TV-COM for free!,10882000.0,openshop,https://asset.openshop.uz/uploads/products/thumbnail/202605/z7iw7OhRhTN66o51FTvQ2gGOhT9ulqV1.png,https://openshop.uz/shop/product/129801-xiaomi-17t-pro-12-1024-gb-deep-blue-elektr-choynak-sayohat-vaucheri-365-gb-internet-3-oy-bepul-tv-com-sovg-a,,
Xiaomi 14T 12/256GB (Titan Черный) +100 GB of Internet + 3 months of TV-COM for free!,10882000.0,openshop,https://asset.openshop.uz/uploads/products/thumbnail/202605/2OJ4iiZ9OizBAqhXeroLR32b5FbcJpun.png,https://openshop.uz/shop/product/129802-xiaomi-17t-pro-12-1024-gb-deep-violet-elektr-choynak-sayohat-vaucheri-365-gb-internet-3-oy-bepul-tv-com-sovg-a,,
Honor 200 12/512GB (White) +100 GB of Internet + 3 months of TV-COM for free!,2525000.0,openshop,https://asset.openshop.uz/uploads/products/thumbnail/202605/AgBreYlHZ4RGSJWloaFX7MOh6XofFajH.jpg,https://openshop.uz/shop/product/130037-honor-x5d-plus-4-128-gb-black-365-gb-internet-3-oy-bepul-tv-com-sovg-a,,
Honor 200 12/512GB (White) +100 GB of Internet + 3 months of TV-COM for free!,2525000.0,openshop,https://asset.openshop.uz/uploads/products/thumbnail/202605/XnP7pP530cTw2ocUAuTM1tjTh7qWNCwr.jpg,https://openshop.uz/shop/product/130039-honor-x5d-plus-4-128-gb-blue-365-gb-internet-3-oy-bepul-tv-com-sovg-a,,
Xiaomi 14T 12/256GB (Titan Черный) +100 GB of Internet + 3 months of TV-COM for free!,14786000.0,openshop,https://asset.openshop.uz/uploads/products/thumbnail/202605/qqA8sSUx5xw7WqHowN80ygjmQpboZ5ns.png,https://openshop.uz/shop/product/130230-xiaomi-17-pro-max-12-512-black-elektr-choynak-sayohat-vaucheri-365-gb-internet-3-oy-bepul-tv-com-sovg-a,,
Xiaomi 14T 12/256GB (Titan Черный) +100 GB of Internet + 3 months of TV-COM for free!,14786000.0,openshop,https://asset.openshop.uz/uploads/products/thumbnail/202605/KmPlVdmtLW1Q06p4XSiqzvzVVIpMxmac.png,https://openshop.uz/shop/product/130231-xiaomi-17-pro-max-12-512-green-elektr-choynak-sayohat-vaucheri-365-gb-internet-3-oy-bepul-tv-com-sovg-a,,
HONOR 400 8/256GB (Desert Gold) + Juicer + 100 GB internet + 3 months of free TV-COM,6734000.0,openshop,https://asset.openshop.uz/uploads/products/thumbnail/202605/YIhc6uPt1klJMHmk4gZU9tqVC8FKcUEw.png,https://openshop.uz/shop/product/130316-honor-600-8-256-gb-orange-elektr-choynak-sayohat-vaucheri-365-gb-internet-3-oy-bepul-tv-com-sovg-a,,
HONOR 400 8/256GB (Desert Gold) + Juicer + 100 GB internet + 3 months of free TV-COM,7344000.0,openshop,https://asset.openshop.uz/uploads/products/thumbnail/202605/YIhc6uPt1klJMHmk4gZU9tqVC8FKcUEw.png,https://openshop.uz/shop/product/130322-honor-600-8-512-gb-orange-elektr-choynak-sayohat-vaucheri-365-gb-internet-3-oy-bepul-tv-com-sovg-a,,
HONOR 400 8/256GB (Desert Gold) + Juicer + 100 GB internet + 3 months of free TV-COM,7344000.0,openshop,https://asset.openshop.uz/uploads/products/thumbnail/202605/i7xNdpVnChAmDdzTziKcY6ZdkijWyqSR.png,https://openshop.uz/shop/product/130323-honor-600-8-512-gb-golden-white-elektr-choynak-sayohat-vaucheri-365-gb-internet-3-oy-bepul-tv-com-sovg-a,,
HONOR 400 8/256GB (Desert Gold) + Juicer + 100 GB internet + 3 months of free TV-COM,6734000.0,openshop,https://asset.openshop.uz/uploads/products/thumbnail/202605/i7xNdpVnChAmDdzTziKcY6ZdkijWyqSR.png,https://openshop.uz/shop/product/130325-honor-600-8-256-gb-golden-white-elektr-choynak-sayohat-vaucheri-365-gb-internet-3-oy-bepul-tv-com-sovg-a,,
HONOR 400 8/256GB (Desert Gold) + Juicer + 100 GB internet + 3 months of free TV-COM,6734000.0,openshop,https://asset.openshop.uz/uploads/products/thumbnail/202605/FG8Ktm7VaLYk2HZHB60naqj6bL0M6D6x.png,https://openshop.uz/shop/product/130326-honor-600-8-256-gb-black-elektr-choynak-sayohat-vaucheri-365-gb-internet-3-oy-bepul-tv-com-sovg-a,,
HONOR 400 8/256GB (Desert Gold) + Juicer + 100 GB internet + 3 months of free TV-COM,7344000.0,openshop,https://asset.openshop.uz/uploads/products/thumbnail/202605/FG8Ktm7VaLYk2HZHB60naqj6bL0M6D6x.png,https://openshop.uz/shop/product/130327-honor-600-8-512-gb-black-elektr-choynak-sayohat-vaucheri-365-gb-internet-3-oy-bepul-tv-com-sovg-a,,
HONOR 400 8/256GB (Desert Gold) + Juicer + 100 GB internet + 3 months of free TV-COM,10638000.0,openshop,https://asset.openshop.uz/uploads/products/thumbnail/202605/kWlJ1ScLGvcGSwP39c9pejJ6uNhcTaRB.png,https://openshop.uz/shop/product/130328-honor-600-pro-12-512-gb-black-elektr-choynak-sayohat-vaucheri-365-gb-internet-3-oy-bepul-tv-com-sovg-a,,
HONOR 400 8/256GB (Desert Gold) + Juicer + 100 GB internet + 3 months of free TV-COM,10638000.0,openshop,https://asset.openshop.uz/uploads/products/thumbnail/202605/vwTaQvWixTQr8MuOR6xirb1dytB0Laue.png,https://openshop.uz/shop/product/130330-honor-600-pro-12-512-gb-golden-white-elektr-choynak-sayohat-vaucheri-365-gb-internet-3-oy-bepul-tv-com-sovg-a,,
HONOR 400 8/256GB (Desert Gold) + Juicer + 100 GB internet + 3 months of free TV-COM,10638000.0,openshop,https://asset.openshop.uz/uploads/products/thumbnail/202605/rTevyPnNPkhIhdzhG4uhGxyYBzapAfos.png,https://openshop.uz/shop/product/130331-honor-600-pro-12-512-gb-orange-elektr-choynak-sayohat-vaucheri-365-gb-internet-3-oy-bepul-tv-com-sovg-a,,
Xiaomi Redmi Note 14 Pro+ 5G 8/256GB Global Version (Black) +100 GB of Internet + 3 months of TV-COM for free!,5624000.0,openshop,https://asset.openshop.uz/uploads/products/thumbnail/202601/HxyCfGymSpMHVD2ZNOUF9XXw18panrnN.jpg,https://openshop.uz/shop/product/130510-xiaomi-redmi-note-15-pro-5g-12-512-gb-qora-elektr-choynak-sayohat-vaucheri-365-gb-internet-3-oy-bepul-tv-com-sovg-a,,
Tecno Spark 30C 6/128GB (Orbit White) +100 GB of Internet + 3 months of TV-COM for free!,3986000.0,openshop,https://asset.openshop.uz/uploads/products/thumbnail/202606/7bKoXjaPmtSNOvICZWDu60iHfoGncupL.png,https://openshop.uz/shop/product/131365-tecno-camon-50-8-256gb-malachite-green-elektr-choynak-sayohat-vaucheri-365-gb-internet-3-oy-bepul-tv-com-sovg-a,,
Tecno Spark 30C 6/128GB (Orbit White) +100 GB of Internet + 3 months of TV-COM for free!,2510000.0,openshop,https://asset.openshop.uz/uploads/products/thumbnail/202606/pNOTMdMofHqmXJtUmPqdOAIWsIVsqeoH.jpg,https://openshop.uz/shop/product/131849-tecno-spark-50-4-128-gb-ink-black-elektr-choynak-sayohat-vaucheri-365-gb-internet-3-oy-bepul-tv-com-sovg-a,,
Tecno Spark 30C 6/128GB (Orbit White) +100 GB of Internet + 3 months of TV-COM for free!,2510000.0,openshop,https://asset.openshop.uz/uploads/products/thumbnail/202606/EOzqyhSIbXbyIJfDqLKdmBn6zauOPsEM.jpg,https://openshop.uz/shop/product/131851-tecno-spark-50-4-128-gb-aurora-purple-elektr-choynak-sayohat-vaucheri-365-gb-internet-3-oy-bepul-tv-com-sovg-a,,
Tecno Spark 30C 6/128GB (Orbit White) +100 GB of Internet + 3 months of TV-COM for free!,2510000.0,openshop,https://asset.openshop.uz/uploads/products/thumbnail/202606/6GvbeFgifof6wCXnFL414hztMNEyVnIi.jpg,https://openshop.uz/shop/product/131852-tecno-spark-50-4-128-gb-titanium-grey-elektr-choynak-sayohat-vaucheri-365-gb-internet-3-oy-bepul-tv-com-sovg-a,,
Tecno Spark 30C 6/128GB (Orbit White) +100 GB of Internet + 3 months of TV-COM for free!,2510000.0,openshop,https://asset.openshop.uz/uploads/products/thumbnail/202606/ALItf9slPncoUh11cyZDimr2HegfoXJr.jpg,https://openshop.uz/shop/product/131853-tecno-spark-50-4-128-gb-halo-blue-elektr-choynak-sayohat-vaucheri-365-gb-internet-3-oy-bepul-tv-com-sovg-a,,
Xiaomi Poco X7 12/512 GB (Global Version) Black +100 GB of Internet + 3 months of TV-COM for free!,11492000.0,openshop,https://asset.openshop.uz/uploads/products/thumbnail/202606/uKCyzBwQ88kaP2reavzcdAN6BvJxABXV.jpg,https://openshop.uz/shop/product/133117-xiaomi-poco-f8-ultra-16-512-qora-elektr-choynak-sayohat-vaucheri-365-gb-internet-3-oy-bepul-tv-com-sovg-a,,
Samsung Galaxy A26 8/256GB (White) +100 GB of Internet + 3 months of TV-COM for free!,4416000.0,openshop,https://asset.openshop.uz/uploads/products/thumbnail/202606/LbUCw9oD2vVmWnqEBC6tMGuWg6c0J7e3.jpg,https://openshop.uz/shop/product/133325-samsung-galaxy-a27-5g-8-256-gb-qora-elektr-choynak-sayohat-vaucheri-365-gb-internet-3-oy-bepul-tv-com-sovg-a,,
Samsung Galaxy A26 8/256GB (White) +100 GB of Internet + 3 months of TV-COM for free!,4416000.0,openshop,https://asset.openshop.uz/uploads/products/thumbnail/202606/58ctIi9meBzG0fZ7kvdPnRizny1laH34.jpg,https://openshop.uz/shop/product/133328-samsung-galaxy-a27-5g-8-256-gb-moviy-elektr-choynak-sayohat-vaucheri-365-gb-internet-3-oy-bepul-tv-com-sovg-a,,
Samsung Galaxy A26 8/256GB (White) +100 GB of Internet + 3 months of TV-COM for free!,4416000.0,openshop,https://asset.openshop.uz/uploads/products/thumbnail/202606/1FtHHpYI01pl1wSAyOsOM7TKB61MK0KO.jpg,https://openshop.uz/shop/product/133333-samsung-galaxy-a27-5g-8-256-gb-och-yashil-elektr-choynak-sayohat-vaucheri-365-gb-internet-3-oy-bepul-tv-com-sovg-a,,
Samsung Galaxy A26 8/256GB (White) +100 GB of Internet + 3 months of TV-COM for free!,3928000.0,openshop,https://asset.openshop.uz/uploads/products/thumbnail/202606/aegiSMkK2Dk31vpWJAx2p1fkDtGAi7Rx.jpg,https://openshop.uz/shop/product/133335-samsung-galaxy-a27-5g-6-128-gb-och-pushti-elektr-choynak-sayohat-vaucheri-365-gb-internet-3-oy-bepul-tv-com-sovg-a,,
Samsung Galaxy A26 8/256GB (White) +100 GB of Internet + 3 months of TV-COM for free!,3928000.0,openshop,https://asset.openshop.uz/uploads/products/thumbnail/202606/58ctIi9meBzG0fZ7kvdPnRizny1laH34.jpg,https://openshop.uz/shop/product/133336-samsung-galaxy-a27-5g-6-128-gb-moviy-elektr-choynak-sayohat-vaucheri-365-gb-internet-3-oy-bepul-tv-com-sovg-a,,
Samsung Galaxy A26 8/256GB (White) +100 GB of Internet + 3 months of TV-COM for free!,3928000.0,openshop,https://asset.openshop.uz/uploads/products/thumbnail/202606/LbUCw9oD2vVmWnqEBC6tMGuWg6c0J7e3.jpg,https://openshop.uz/shop/product/133337-samsung-galaxy-a27-5g-6-128-gb-qora-elektr-choynak-sayohat-vaucheri-365-gb-internet-3-oy-bepul-tv-com-sovg-a,,
Samsung Galaxy A26 8/256GB (White) +100 GB of Internet + 3 months of TV-COM for free!,3928000.0,openshop,https://asset.openshop.uz/uploads/products/thumbnail/202606/1FtHHpYI01pl1wSAyOsOM7TKB61MK0KO.jpg,https://openshop.uz/shop/product/133338-samsung-galaxy-a27-5g-6-128-gb-och-yashil-elektr-choynak-sayohat-vaucheri-365-gb-internet-3-oy-bepul-tv-com-sovg-a,,
Xiaomi 14T 12/256GB (Titan Черный) +100 GB of Internet + 3 months of TV-COM for free!,7222000.0,openshop,https://asset.openshop.uz/uploads/products/thumbnail/202607/QhcCLpPe9Ypac5qpKotqUPo675PQIEyr.png,https://openshop.uz/shop/product/133631-xiaomi-17t-12-256-gb-blue-elektr-choynak-sayohat-vaucheri-365-gb-internet-3-oy-bepul-tv-com-sovg-a,,
Xiaomi Poco X7 12/512 GB (Global Version) Black +100 GB of Internet + 3 months of TV-COM for free!,7076000.0,openshop,https://asset.openshop.uz/uploads/products/thumbnail/202607/nfqTx3hKBmxhFpoooVoWQVW5P0spJAxn.png,https://openshop.uz/shop/product/133633-xiaomi-poco-x8-pro-max-12-256-gb-5g-eu-blue-elektr-choynak-sayohat-vaucheri-365-gb-internet-3-oy-bepul-tv-com-sovg-a,,
Xiaomi Poco X7 12/512 GB (Global Version) Black +100 GB of Internet + 3 months of TV-COM for free!,7381000.0,openshop,https://asset.openshop.uz/uploads/products/thumbnail/202607/nfqTx3hKBmxhFpoooVoWQVW5P0spJAxn.png,https://openshop.uz/shop/product/133634-xiaomi-poco-x8-pro-max-12-512-gb-5g-eu-blue-elektr-choynak-sayohat-vaucheri-365-gb-internet-3-oy-bepul-tv-com-sovg-a,,
"Samsung Galaxy A36 8/128GB, Black + 100 GB of internet + 3 months of free TV-COM as a gift!",11248000.0,openshop,https://asset.openshop.uz/uploads/products/thumbnail/202607/M5ijYO5tGBkdV8OafjSuXYizbi42tr70.jpg,https://openshop.uz/shop/product/133838-google-pixel-10-12-256gb-indigo-elektr-choynak-sayohat-vaucheri-365-gb-internet-3-oy-bepul-tv-com-sovg-a,,
"Samsung Galaxy A36 8/128GB, Black + 100 GB of internet + 3 months of free TV-COM as a gift!",10028000.0,openshop,https://asset.openshop.uz/uploads/products/thumbnail/202607/CUpOBNDunuFqkvwHVwYgEZtX5XdsQGD8.jpg,https://openshop.uz/shop/product/133839-google-pixel-10a-8-256gb-black-elektr-choynak-sayohat-vaucheri-365-gb-internet-3-oy-bepul-tv-com-sovg-a,,
"Samsung Galaxy A36 8/128GB, Black + 100 GB of internet + 3 months of free TV-COM as a gift!",9235000.0,openshop,https://asset.openshop.uz/uploads/products/thumbnail/202607/CUpOBNDunuFqkvwHVwYgEZtX5XdsQGD8.jpg,https://openshop.uz/shop/product/133840-google-pixel-10a-8-128gb-black-elektr-choynak-sayohat-vaucheri-365-gb-internet-3-oy-bepul-tv-com-sovg-a,,
"Samsung Galaxy A36 8/128GB, Black + 100 GB of internet + 3 months of free TV-COM as a gift!",7998000.0,openshop,https://asset.openshop.uz/uploads/products/thumbnail/202607/jj9k9qY9ArvbFZ5kP910QpzNuohx7Ejl.jpg,https://openshop.uz/shop/product/133841-google-pixel-9a-8-256gb-black-elektr-choynak-sayohat-vaucheri-365-gb-internet-3-oy-bepul-tv-com-sovg-a,,
"Samsung Galaxy A36 8/128GB, Black + 100 GB of internet + 3 months of free TV-COM as a gift!",7405000.0,openshop,https://asset.openshop.uz/uploads/products/thumbnail/202607/jj9k9qY9ArvbFZ5kP910QpzNuohx7Ejl.jpg,https://openshop.uz/shop/product/133842-google-pixel-9a-8-128gb-black-elektr-choynak-sayohat-vaucheri-365-gb-internet-3-oy-bepul-tv-com-sovg-a,,
"Samsung Galaxy A36 8/128GB, Black + 100 GB of internet + 3 months of free TV-COM as a gift!",6795000.0,openshop,https://asset.openshop.uz/uploads/products/thumbnail/202607/t2ezXaldpXnIQQCK8Ray1qijfdCpc3yJ.jpg,https://openshop.uz/shop/product/133843-google-pixel-8a-8-256gb-black-elektr-choynak-sayohat-vaucheri-365-gb-internet-3-oy-bepul-tv-com-sovg-a,,
"Samsung Galaxy A36 8/128GB, Black + 100 GB of internet + 3 months of free TV-COM as a gift!",7405000.0,openshop,https://asset.openshop.uz/uploads/products/thumbnail/202607/mVtl6bPe6Owqi6jdM7zIeO5h4ToNdMVf.jpg,https://openshop.uz/shop/product/133844-google-pixel-8-8-256gb-black-elektr-choynak-sayohat-vaucheri-365-gb-internet-3-oy-bepul-tv-com-sovg-a,,
"Samsung Galaxy A36 8/128GB, Black + 100 GB of internet + 3 months of free TV-COM as a gift!",6368000.0,openshop,https://asset.openshop.uz/uploads/products/thumbnail/202607/JbEh8YGstiN0L0yl41NFgOjsZP1hK63p.jpg,https://openshop.uz/shop/product/133845-google-pixel-7-pro-12-128gb-snow-elektr-choynak-sayohat-vaucheri-365-gb-internet-3-oy-bepul-tv-com-sovg-a,,
"Samsung Galaxy A36 8/128GB, Black + 100 GB of internet + 3 months of free TV-COM as a gift!",5575000.0,openshop,https://asset.openshop.uz/uploads/products/thumbnail/202607/EGBR5dqkjp9ZKi7VELWvYahywnb9whGb.jpg,https://openshop.uz/shop/product/133846-google-pixel-7-8-256gb-lemongrass-elektr-choynak-sayohat-vaucheri-365-gb-internet-3-oy-bepul-tv-com-sovg-a,,
"Samsung Galaxy A36 8/128GB, Black + 100 GB of internet + 3 months of free TV-COM as a gift!",5575000.0,openshop,https://asset.openshop.uz/uploads/products/thumbnail/202607/fUuqqqqgYOfdRwvorVMXUrUZvb9agnYH.jpg,https://openshop.uz/shop/product/133848-google-pixel-7-8-256gb-black-elektr-choynak-sayohat-vaucheri-365-gb-internet-3-oy-bepul-tv-com-sovg-a,,
"Samsung Galaxy A36 8/128GB, Black + 100 GB of internet + 3 months of free TV-COM as a gift!",5148000.0,openshop,https://asset.openshop.uz/uploads/products/thumbnail/202607/fUuqqqqgYOfdRwvorVMXUrUZvb9agnYH.jpg,https://openshop.uz/shop/product/133849-google-pixel-7-8-128gb-black-elektr-choynak-sayohat-vaucheri-365-gb-internet-3-oy-bepul-tv-com-sovg-a,,
HUAWEI P60 pro 8/256GB (Black) +100 GB of Internet + 3 months of TV-COM for free!,3562000.0,openshop,https://asset.openshop.uz/uploads/products/thumbnail/202607/4r5xMuNqsqruGwgOVjt3gjS84W0isJZ5.png,https://openshop.uz/shop/product/134786-infinix-hot-70-8-256-gb-night-pulse-elektr-choynak-sayohat-vaucheri-365-gb-internet-3-oy-bepul-tv-com-sovg-a,,
HUAWEI P60 pro 8/256GB (Black) +100 GB of Internet + 3 months of TV-COM for free!,3562000.0,openshop,https://asset.openshop.uz/uploads/products/thumbnail/202607/KMv77Mj9GUdL4CAH27idP3vNacTzdAcT.png,https://openshop.uz/shop/product/134787-infinix-hot-70-8-256-gb-green-elektr-choynak-sayohat-vaucheri-365-gb-internet-3-oy-bepul-tv-com-sovg-a,,
HUAWEI P60 pro 8/256GB (Black) +100 GB of Internet + 3 months of TV-COM for free!,3562000.0,openshop,https://asset.openshop.uz/uploads/products/thumbnail/202607/r2qTtlihlkh6K9QCCo99RmYePqi6twWp.png,https://openshop.uz/shop/product/134788-infinix-hot-70-8-256-gb-dive-blue-elektr-choynak-sayohat-vaucheri-365-gb-internet-3-oy-bepul-tv-com-sovg-a,,
HUAWEI P60 pro 8/256GB (Black) +100 GB of Internet + 3 months of TV-COM for free!,3562000.0,openshop,https://asset.openshop.uz/uploads/products/thumbnail/202607/bDSz480F1EpcUaLX6iJZo9G4OI7WjRyK.png,https://openshop.uz/shop/product/134789-infinix-hot-70-8-256-gb-thermo-orange-elektr-choynak-sayohat-vaucheri-365-gb-internet-3-oy-bepul-tv-com-sovg-a,,
HUAWEI P60 pro 8/256GB (Black) +100 GB of Internet + 3 months of TV-COM for free!,3562000.0,openshop,https://asset.openshop.uz/uploads/products/thumbnail/202607/r065Af2gRhcRdIm0goJp88YpFxE6jDV1.png,https://openshop.uz/shop/product/134792-infinix-hot-70-8-256-gb-silver-dancer-elektr-choynak-sayohat-vaucheri-365-gb-internet-3-oy-bepul-tv-com-sovg-a,,
Infinix Note 50 Pro 12/256GB (Shadow Black) + Case + 100 GB of Internet + 3 months of TV-COM for free!,6161000.0,openshop,https://asset.openshop.uz/uploads/products/thumbnail/202607/njeVHbgxs50kDC8R9HHCn44KWGZ0b6XS.png,https://openshop.uz/shop/product/134989-infinix-note-60-pro-12-256-gb-mist-titanium-elektr-choynak-sayohat-vaucheri-365-gb-internet-3-oy-bepul-tv-com-sovg-a,,
HUAWEI P60 pro 8/256GB (Black) +100 GB of Internet + 3 months of TV-COM for free!,2416000.0,openshop,https://asset.openshop.uz/uploads/products/thumbnail/202607/r065Af2gRhcRdIm0goJp88YpFxE6jDV1.png,https://openshop.uz/shop/product/135006-infinix-hot-70-4-128-gb-silver-dancer-elektr-choynak-sayohat-vaucheri-365-gb-internet-3-oy-bepul-tv-com-sovg-a,,
HUAWEI P60 pro 8/256GB (Black) +100 GB of Internet + 3 months of TV-COM for free!,2416000.0,openshop,https://asset.openshop.uz/uploads/products/thumbnail/202607/bDSz480F1EpcUaLX6iJZo9G4OI7WjRyK.png,https://openshop.uz/shop/product/135007-infinix-hot-70-4-128-gb-thermo-orange-elektr-choynak-sayohat-vaucheri-365-gb-internet-3-oy-bepul-tv-com-sovg-a,,
HUAWEI P60 pro 8/256GB (Black) +100 GB of Internet + 3 months of TV-COM for free!,2416000.0,openshop,https://asset.openshop.uz/uploads/products/thumbnail/202607/r2qTtlihlkh6K9QCCo99RmYePqi6twWp.png,https://openshop.uz/shop/product/135008-infinix-hot-70-4-128-gb-dive-blue-elektr-choynak-sayohat-vaucheri-365-gb-internet-3-oy-bepul-tv-com-sovg-a,,
HUAWEI P60 pro 8/256GB (Black) +100 GB of Internet + 3 months of TV-COM for free!,2416000.0,openshop,https://asset.openshop.uz/uploads/products/thumbnail/202607/KMv77Mj9GUdL4CAH27idP3vNacTzdAcT.png,https://openshop.uz/shop/product/135009-infinix-hot-70-4-128-gb-green-elektr-choynak-sayohat-vaucheri-365-gb-internet-3-oy-bepul-tv-com-sovg-a,,
HUAWEI P60 pro 8/256GB (Black) +100 GB of Internet + 3 months of TV-COM for free!,2416000.0,openshop,https://asset.openshop.uz/uploads/products/thumbnail/202607/4r5xMuNqsqruGwgOVjt3gjS84W0isJZ5.png,https://openshop.uz/shop/product/135010-infinix-hot-70-4-128-gb-night-pulse-elektr-choynak-sayohat-vaucheri-365-gb-internet-3-oy-bepul-tv-com-sovg-a,,
Infinix Note 50 Pro 12/256GB (Shadow Black) + Case + 100 GB of Internet + 3 months of TV-COM for free!,4654000.0,openshop,https://asset.openshop.uz/uploads/products/thumbnail/202607/SQXSV4ZIaeJWRbmoSXSI1MUN9heUeqlc.png,https://openshop.uz/shop/product/135012-infinix-note-edge-8-256-gb-shadow-black-elektr-choynak-sayohat-vaucheri-365-gb-internet-3-oy-bepul-tv-com-sovg-a,,
Infinix Note 50 Pro 12/256GB (Shadow Black) + Case + 100 GB of Internet + 3 months of TV-COM for free!,6161000.0,openshop,https://asset.openshop.uz/uploads/products/thumbnail/202607/4KtSXiGqCiT7d2bmVgNYaJWanPzEBwvp.png,https://openshop.uz/shop/product/135014-infinix-note-60-pro-12-256-gb-torino-black-elektr-choynak-sayohat-vaucheri-365-gb-internet-3-oy-bepul-tv-com-sovg-a,,
Xiaomi Redmi 15 6/128GB (Binafsharang) +100 GB internet + 3 Oy bepul TV-COM sovg'a!,2452000.0,openshop,https://asset.openshop.uz/uploads/products/thumbnail/202607/GzthGFkcLG86V1LYfVEghINunTI48qPa.png,https://openshop.uz/shop/product/135167-xiaomi-redmi-17-4-128-gb-black-elektr-choynak-sayohat-vaucheri-365-gb-internet-3-oy-bepul-tv-com-sovg-a,,
Xiaomi Redmi 15 6/128GB (Binafsharang) +100 GB internet + 3 Oy bepul TV-COM sovg'a!,2452000.0,openshop,https://asset.openshop.uz/uploads/products/thumbnail/202607/jCkMe75dAO6bcqvLfZMb8KkKK9eqvqRG.png,https://openshop.uz/shop/product/135169-xiaomi-redmi-17-4-128-gb-deep-blue-elektr-choynak-sayohat-vaucheri-365-gb-internet-3-oy-bepul-tv-com-sovg-a,,
Xiaomi Redmi 15 6/128GB (Binafsharang) +100 GB internet + 3 Oy bepul TV-COM sovg'a!,2452000.0,openshop,https://asset.openshop.uz/uploads/products/thumbnail/202607/fnDqQ0HlQFZdIt5Y8Wli7x9raooHBhQA.png,https://openshop.uz/shop/product/135171-xiaomi-redmi-17-4-128-gb-oak-green-elektr-choynak-sayohat-vaucheri-365-gb-internet-3-oy-bepul-tv-com-sovg-a,,
Xiaomi Redmi 15 6/128GB (Binafsharang) +100 GB internet + 3 Oy bepul TV-COM sovg'a!,2830000.0,openshop,https://asset.openshop.uz/uploads/products/thumbnail/202607/fnDqQ0HlQFZdIt5Y8Wli7x9raooHBhQA.png,https://openshop.uz/shop/product/135172-xiaomi-redmi-17-4-256-gb-oak-green-elektr-choynak-sayohat-vaucheri-365-gb-internet-3-oy-bepul-tv-com-sovg-a,,
Xiaomi Redmi 15 6/128GB (Binafsharang) +100 GB internet + 3 Oy bepul TV-COM sovg'a!,2830000.0,openshop,https://asset.openshop.uz/uploads/products/thumbnail/202607/jCkMe75dAO6bcqvLfZMb8KkKK9eqvqRG.png,https://openshop.uz/shop/product/135175-xiaomi-redmi-17-4-256-gb-deep-blue-elektr-choynak-sayohat-vaucheri-365-gb-internet-3-oy-bepul-tv-com-sovg-a,,
Xiaomi Redmi 15 6/128GB (Binafsharang) +100 GB internet + 3 Oy bepul TV-COM sovg'a!,2830000.0,openshop,https://asset.openshop.uz/uploads/products/thumbnail/202607/GzthGFkcLG86V1LYfVEghINunTI48qPa.png,https://openshop.uz/shop/product/135176-xiaomi-redmi-17-4-256-gb-black-elektr-choynak-sayohat-vaucheri-365-gb-internet-3-oy-bepul-tv-com-sovg-a,,
Xiaomi Redmi 15 6/128GB (Binafsharang) +100 GB internet + 3 Oy bepul TV-COM sovg'a!,3343000.0,openshop,https://asset.openshop.uz/uploads/products/thumbnail/202607/GzthGFkcLG86V1LYfVEghINunTI48qPa.png,https://openshop.uz/shop/product/135177-xiaomi-redmi-17-8-256-gb-black-elektr-choynak-sayohat-vaucheri-365-gb-internet-3-oy-bepul-tv-com-sovg-a,,
Xiaomi Redmi 15 6/128GB (Binafsharang) +100 GB internet + 3 Oy bepul TV-COM sovg'a!,3343000.0,openshop,https://asset.openshop.uz/uploads/products/thumbnail/202607/jCkMe75dAO6bcqvLfZMb8KkKK9eqvqRG.png,https://openshop.uz/shop/product/135178-xiaomi-redmi-17-8-256-gb-deep-blue-elektr-choynak-sayohat-vaucheri-365-gb-internet-3-oy-bepul-tv-com-sovg-a,,
Xiaomi Redmi 15 6/128GB (Binafsharang) +100 GB internet + 3 Oy bepul TV-COM sovg'a!,3343000.0,openshop,https://asset.openshop.uz/uploads/products/thumbnail/202607/fnDqQ0HlQFZdIt5Y8Wli7x9raooHBhQA.png,https://openshop.uz/shop/product/135179-xiaomi-redmi-17-8-256-gb-oak-green-elektr-choynak-sayohat-vaucheri-365-gb-internet-3-oy-bepul-tv-com-sovg-a,,
Xiaomi Redmi 15 6/128GB (Binafsharang) +100 GB internet + 3 Oy bepul TV-COM sovg'a!,2830000.0,openshop,https://asset.openshop.uz/uploads/products/thumbnail/202608/dDgX1rpklz3xhiasSv6cmgKvTVzcMjls.png,https://openshop.uz/shop/product/135643-xiaomi-redmi-note-17-4-128-gb-black-elektr-choynak-sayohat-vaucheri-365-gb-internet-3-oy-bepul-tv-com-sovg-a,,
Xiaomi Redmi 15 6/128GB (Binafsharang) +100 GB internet + 3 Oy bepul TV-COM sovg'a!,2830000.0,openshop,https://asset.openshop.uz/uploads/products/thumbnail/202608/006ExoSyz5s7PQVn1YPnWUuwprK6fFDo.png,https://openshop.uz/shop/product/135644-xiaomi-redmi-note-17-4-128-gb-blue-elektr-choynak-sayohat-vaucheri-365-gb-internet-3-oy-bepul-tv-com-sovg-a,,
Xiaomi Redmi 15 6/128GB (Binafsharang) +100 GB internet + 3 Oy bepul TV-COM sovg'a!,3562000.0,openshop,https://asset.openshop.uz/uploads/products/thumbnail/202608/dDgX1rpklz3xhiasSv6cmgKvTVzcMjls.png,https://openshop.uz/shop/product/135646-xiaomi-redmi-note-17-8-256-gb-black-elektr-choynak-sayohat-vaucheri-365-gb-internet-3-oy-bepul-tv-com-sovg-a,,
Xiaomi Redmi 15 6/128GB (Binafsharang) +100 GB internet + 3 Oy bepul TV-COM sovg'a!,3562000.0,openshop,https://asset.openshop.uz/uploads/products/thumbnail/202608/006ExoSyz5s7PQVn1YPnWUuwprK6fFDo.png,https://openshop.uz/shop/product/135647-xiaomi-redmi-note-17-8-256-gb-blue-elektr-choynak-sayohat-vaucheri-365-gb-internet-3-oy-bepul-tv-com-sovg-a,,
Xiaomi 14T 12/256GB (Titan Черный) +100 GB of Internet + 3 months of TV-COM for free!,15030000.0,openshop,https://asset.openshop.uz/uploads/products/thumbnail/202608/PN64LOqag2fLsV8mRijHUW5PBqOgApfR.jpg,https://openshop.uz/shop/product/136087-xiaomi-17-pro-max-16-512-white-oq-elektr-choynak-sayohat-vaucheri-365-gb-internet-3-oy-bepul-tv-com-sovg-a,,
Xiaomi Redmi 15 6/128GB (Binafsharang) +100 GB internet + 3 Oy bepul TV-COM sovg'a!,5722000.0,openshop,https://asset.openshop.uz/uploads/products/thumbnail/202608/BaNpT6Wnd4H96GC0IadO5fd0YCzCWAbF.png,https://openshop.uz/shop/product/136317-xiaomi-redmi-note-17-pro-max-5g-8-256-gb-black-elektr-choynak-sayohat-vaucheri-365-gb-internet-3-oy-bepul-tv-com-sovg-a,,
Xiaomi Redmi 15 6/128GB (Binafsharang) +100 GB internet + 3 Oy bepul TV-COM sovg'a!,5722000.0,openshop,https://asset.openshop.uz/uploads/products/thumbnail/202608/Bjamm0dIFbyNk2Gxj3uKpyEUdzI9rAWr.png,https://openshop.uz/shop/product/136322-xiaomi-redmi-note-17-pro-max-5g-8-256-gb-purple-elektr-choynak-sayohat-vaucheri-365-gb-internet-3-oy-bepul-tv-com-sovg-a,,
Xiaomi Redmi 15 6/128GB (Binafsharang) +100 GB internet + 3 Oy bepul TV-COM sovg'a!,5722000.0,openshop,https://asset.openshop.uz/uploads/products/thumbnail/202608/YByk596k1e210i1r7Ml0Hn6vec8cusRB.png,https://openshop.uz/shop/product/136323-xiaomi-redmi-note-17-pro-max-5g-8-256-gb-green-elektr-choynak-sayohat-vaucheri-365-gb-internet-3-oy-bepul-tv-com-sovg-a,,
Xiaomi Redmi 15 6/128GB (Binafsharang) +100 GB internet + 3 Oy bepul TV-COM sovg'a!,5722000.0,openshop,https://asset.openshop.uz/uploads/products/thumbnail/202608/DvdHhryysAHZxvfDH4WCs2Z9k60k12tG.png,https://openshop.uz/shop/product/136325-xiaomi-redmi-note-17-pro-max-5g-8-256-gb-cloud-blush-elektr-choynak-sayohat-vaucheri-365-gb-internet-3-oy-bepul-tv-com-sovg-a,,
Xiaomi Redmi 15 6/128GB (Binafsharang) +100 GB internet + 3 Oy bepul TV-COM sovg'a!,6454000.0,openshop,https://asset.openshop.uz/uploads/products/thumbnail/202608/VXAuSh3YY9aZr3G4VST0PLQ3DOrS1mY7.png,https://openshop.uz/shop/product/136328-xiaomi-redmi-note-17-pro-max-5g-8-512-gb-black-elektr-choynak-sayohat-vaucheri-365-gb-internet-3-oy-bepul-tv-com-sovg-a,,
Xiaomi Redmi 15 6/128GB (Binafsharang) +100 GB internet + 3 Oy bepul TV-COM sovg'a!,6454000.0,openshop,https://asset.openshop.uz/uploads/products/thumbnail/202608/YByk596k1e210i1r7Ml0Hn6vec8cusRB.png,https://openshop.uz/shop/product/136329-xiaomi-redmi-note-17-pro-max-5g-8-512-gb-green-elektr-choynak-sayohat-vaucheri-365-gb-internet-3-oy-bepul-tv-com-sovg-a,,
Xiaomi Redmi 15 6/128GB (Binafsharang) +100 GB internet + 3 Oy bepul TV-COM sovg'a!,6454000.0,openshop,https://asset.openshop.uz/uploads/products/thumbnail/202608/Bjamm0dIFbyNk2Gxj3uKpyEUdzI9rAWr.png,https://openshop.uz/shop/product/136331-xiaomi-redmi-note-17-pro-max-5g-8-512-gb-purple-elektr-choynak-sayohat-vaucheri-365-gb-internet-3-oy-bepul-tv-com-sovg-a,,
Apple iPhone 16 Pro Max 256GB (Black Titanium) +100 GB of Internet + 3 months of TV-COM for free!,11480000.0,openshop,https://asset.openshop.uz/uploads/products/thumbnail/202603/qtFirbizGfH43v4LOcY7RAjU1idiBkYM.jpg,https://openshop.uz/shop/product/136367-apple-iphone-17-256-gb-white-esim-esim-elektr-choynak-sayohat-vaucheri-365-gb-internet-3-oy-bepul-tv-com-sovg-a,,
Apple iPhone 16 Pro Max 256GB (Black Titanium) +100 GB of Internet + 3 months of TV-COM for free!,11480000.0,openshop,https://asset.openshop.uz/uploads/products/thumbnail/202603/EKKYqsEa3UffYpaRkX5616LLXYPlbXGe.jpg,https://openshop.uz/shop/product/136368-apple-iphone-17-256-gb-mist-blue-esim-esim-elektr-choynak-sayohat-vaucheri-365-gb-internet-3-oy-bepul-tv-com-sovg-a,,
Apple iPhone 16 Pro Max 256GB (Black Titanium) +100 GB of Internet + 3 months of TV-COM for free!,11480000.0,openshop,https://asset.openshop.uz/uploads/products/thumbnail/202603/GqFpDaq1NbfRYq9vBhuPkZCADpWzcly9.jpg,https://openshop.uz/shop/product/136369-apple-iphone-17-256-gb-black-esim-esim-elektr-choynak-sayohat-vaucheri-365-gb-internet-3-oy-bepul-tv-com-sovg-a,,
Apple iPhone 16 Pro Max 256GB (Black Titanium) +100 GB of Internet + 3 months of TV-COM for free!,11480000.0,openshop,https://asset.openshop.uz/uploads/products/thumbnail/202603/OL4OUKxAkMS1KU7B9mcECVcNkdGT3mJZ.jpg,https://openshop.uz/shop/product/136370-apple-iphone-17-256-gb-sage-esim-esim-elektr-choynak-sayohat-vaucheri-365-gb-internet-3-oy-bepul-tv-com-sovg-a,,
Apple iPhone 16 Pro Max 256GB (Black Titanium) +100 GB of Internet + 3 months of TV-COM for free!,11480000.0,openshop,https://asset.openshop.uz/uploads/products/thumbnail/202603/jh5u6vHbrEXZ2U8iiNyNGfvCPSRHJz3d.jpg,https://openshop.uz/shop/product/136371-apple-iphone-17-256-gb-lavender-esim-esim-elektr-choynak-sayohat-vaucheri-365-gb-internet-3-oy-bepul-tv-com-sovg-a,,
Apple iPhone 16 Pro Max 256GB (Black Titanium) +100 GB of Internet + 3 months of TV-COM for free!,23924000.0,openshop,https://asset.openshop.uz/uploads/products/thumbnail/202603/jfGcNApC0eoujECn1Z4xe2FOWYd9CyNm.jpg,https://openshop.uz/shop/product/136372-apple-iphone-17-pro-1-tb-nano-sim-esim-silver-elektr-choynak-sayohat-vaucheri-365-gb-internet-3-oy-bepul-tv-com-sovg-a,,
Apple iPhone 16 Pro Max 256GB (Black Titanium) +100 GB of Internet + 3 months of TV-COM for free!,21728000.0,openshop,https://asset.openshop.uz/uploads/products/thumbnail/202603/YkbCBdpNKXS1TSriYg6sUJQqJqBft4Ct.jpg,https://openshop.uz/shop/product/136373-apple-iphone-17-pro-1-tb-nano-sim-esim-cosmic-orange-elektr-choynak-sayohat-vaucheri-365-gb-internet-3-oy-bepul-tv-com-sovg-a,,
Apple iPhone 16 Pro Max 256GB (Black Titanium) +100 GB of Internet + 3 months of TV-COM for free!,25388000.0,openshop,https://asset.openshop.uz/uploads/products/thumbnail/202603/ohvdI1PfAT72sBKvZD7yNbqRPOIp3DlJ.jpg,https://openshop.uz/shop/product/136374-apple-iphone-17-pro-1-tb-nano-sim-esim-deep-blue-elektr-choynak-sayohat-vaucheri-365-gb-internet-3-oy-bepul-tv-com-sovg-a,,
Apple iPhone 16 Pro Max 256GB (Black Titanium) +100 GB of Internet + 3 months of TV-COM for free!,20886000.0,openshop,https://asset.openshop.uz/uploads/products/thumbnail/202603/YkbCBdpNKXS1TSriYg6sUJQqJqBft4Ct.jpg,https://openshop.uz/shop/product/136375-apple-iphone-17-pro-1-tb-esim-esim-cosmic-orange-elektr-choynak-sayohat-vaucheri-365-gb-internet-3-oy-bepul-tv-com-sovg-a,,
Samsung Galaxy Z Fold 8 12/256 GB ( Black ) + Elektr choynak + Sayohat vaucheri + 365 GB internet + 3 Oy bepul TV-COM sovg'a!,22594000.0,openshop,https://asset.openshop.uz/uploads/products/thumbnail/202608/IkvwcswEqfxgRgMt1BQh890gVDmrrJSV.png,https://openshop.uz/shop/product/137219-samsung-galaxy-z-fold-8-12-256-gb-black-elektr-choynak-sayohat-vaucheri-365-gb-internet-3-oy-bepul-tv-com-sovg-a,,
Samsung Galaxy Z Fold 8 12/256 GB ( Violet ) + Elektr choynak + Sayohat vaucheri + 365 GB internet + 3 Oy bepul TV-COM sovg'a!,22594000.0,openshop,https://asset.openshop.uz/uploads/products/thumbnail/202608/MHSzYDj7FtQOeJCUFWUgwNbnknKJjOOn.png,https://openshop.uz/shop/product/137223-samsung-galaxy-z-fold-8-12-256-gb-violet-elektr-choynak-sayohat-vaucheri-365-gb-internet-3-oy-bepul-tv-com-sovg-a,,
Samsung Galaxy Z Fold 8 12/256 GB ( Cream ) + Elektr choynak + Sayohat vaucheri + 365 GB internet + 3 Oy bepul TV-COM sovg'a!,22594000.0,openshop,https://asset.openshop.uz/uploads/products/thumbnail/202608/9jNpv1WEsx1lpf1qvGf89rTSkfECDorQ.png,https://openshop.uz/shop/product/137226-samsung-galaxy-z-fold-8-12-256-gb-cream-elektr-choynak-sayohat-vaucheri-365-gb-internet-3-oy-bepul-tv-com-sovg-a,,
Samsung Galaxy Z Fold 8 12/512 GB ( Black ) + Elektr choynak + Sayohat vaucheri + 365 GB internet + 3 Oy bepul TV-COM sovg'a!,23814000.0,openshop,https://asset.openshop.uz/uploads/products/thumbnail/202608/IkvwcswEqfxgRgMt1BQh890gVDmrrJSV.png,https://openshop.uz/shop/product/137229-samsung-galaxy-z-fold-8-12-512-gb-black-elektr-choynak-sayohat-vaucheri-365-gb-internet-3-oy-bepul-tv-com-sovg-a,,
Samsung Galaxy Z Fold 8 12/512 GB ( Violet ) + Elektr choynak + Sayohat vaucheri + 365 GB internet + 3 Oy bepul TV-COM sovg'a!,23814000.0,openshop,https://asset.openshop.uz/uploads/products/thumbnail/202608/MHSzYDj7FtQOeJCUFWUgwNbnknKJjOOn.png,https://openshop.uz/shop/product/137230-samsung-galaxy-z-fold-8-12-512-gb-violet-elektr-choynak-sayohat-vaucheri-365-gb-internet-3-oy-bepul-tv-com-sovg-a,,
Samsung Galaxy Z Fold 8 Ultra 12/256 GB ( Black ) + Elektr choynak + Sayohat vaucheri + 365 GB internet + 3 Oy bepul TV-COM sovg'a!,26254000.0,openshop,https://asset.openshop.uz/uploads/products/thumbnail/202608/t84QKZCP69WYjn0r4ZKRO89I9vZo0Bcc.png,https://openshop.uz/shop/product/137231-samsung-galaxy-z-fold-8-ultra-12-256-gb-black-elektr-choynak-sayohat-vaucheri-365-gb-internet-3-oy-bepul-tv-com-sovg-a,,
Samsung Galaxy Z Fold 8 Ultra 12/256 GB ( Violet ) + Elektr choynak + Sayohat vaucheri + 365 GB internet + 3 Oy bepul TV-COM sovg'a!,26254000.0,openshop,https://asset.openshop.uz/uploads/products/thumbnail/202608/VB5AL8NJ4lqmkv9HX4G6SHu2a9QU0M4w.png,https://openshop.uz/shop/product/137233-samsung-galaxy-z-fold-8-ultra-12-256-gb-violet-elektr-choynak-sayohat-vaucheri-365-gb-internet-3-oy-bepul-tv-com-sovg-a,,
Samsung Galaxy Z Fold 8 Ultra 12/512 GB ( Black ) + Elektr choynak + Sayohat vaucheri + 365 GB internet + 3 Oy bepul TV-COM sovg'a!,28694000.0,openshop,https://asset.openshop.uz/uploads/products/thumbnail/202608/t84QKZCP69WYjn0r4ZKRO89I9vZo0Bcc.png,https://openshop.uz/shop/product/137234-samsung-galaxy-z-fold-8-ultra-12-512-gb-black-elektr-choynak-sayohat-vaucheri-365-gb-internet-3-oy-bepul-tv-com-sovg-a,,
Samsung Galaxy Z Fold 8 Ultra 12/512 GB ( Violet ) + Elektr choynak + Sayohat vaucheri + 365 GB internet + 3 Oy bepul TV-COM sovg'a!,28694000.0,openshop,https://asset.openshop.uz/uploads/products/thumbnail/202608/VB5AL8NJ4lqmkv9HX4G6SHu2a9QU0M4w.png,https://openshop.uz/shop/product/137235-samsung-galaxy-z-fold-8-ultra-12-512-gb-violet-elektr-choynak-sayohat-vaucheri-365-gb-internet-3-oy-bepul-tv-com-sovg-a,,
Tecno Spark 30C 6/128GB (Orbit White) +100 GB of Internet + 3 months of TV-COM for free!,3721000.0,openshop,https://asset.openshop.uz/uploads/products/thumbnail/202608/t5JdGdTjHCNAi4XxEj1wgHoQywohhrsc.png,https://openshop.uz/shop/product/137237-7tech-connect-u7-8-128-white-elektr-choynak-sayohat-vaucheri-365-gb-internet-3-oy-bepul-tv-com-sovg-a,,
Tecno Spark 30C 6/128GB (Orbit White) +100 GB of Internet + 3 months of TV-COM for free!,3965000.0,openshop,https://asset.openshop.uz/uploads/products/thumbnail/202608/t5JdGdTjHCNAi4XxEj1wgHoQywohhrsc.png,https://openshop.uz/shop/product/137238-7tech-connect-u7-8-256-white-elektr-choynak-sayohat-vaucheri-365-gb-internet-3-oy-bepul-tv-com-sovg-a,,
Tecno Spark 30C 6/128GB (Orbit White) +100 GB of Internet + 3 months of TV-COM for free!,3965000.0,openshop,https://asset.openshop.uz/uploads/products/thumbnail/202608/5EywZFD7FZT0u4MON0PNmeBPpqJENgeA.png,https://openshop.uz/shop/product/137240-7tech-connect-u7-8-256-black-elektr-choynak-sayohat-vaucheri-365-gb-internet-3-oy-bepul-tv-com-sovg-a,,
Tecno Spark 30C 6/128GB (Orbit White) +100 GB of Internet + 3 months of TV-COM for free!,3721000.0,openshop,https://asset.openshop.uz/uploads/products/thumbnail/202608/5EywZFD7FZT0u4MON0PNmeBPpqJENgeA.png,https://openshop.uz/shop/product/137241-7tech-connect-u7-8-128-black-elektr-choynak-sayohat-vaucheri-365-gb-internet-3-oy-bepul-tv-com-sovg-a,,
"Samsung Galaxy A36 8/128GB, Black + 100 GB of internet + 3 months of free TV-COM as a gift!",12224000.0,openshop,https://asset.openshop.uz/uploads/products/thumbnail/202608/5iY5CFZCGHbB6YGcZYMGbd9vZshZX86l.png,https://openshop.uz/shop/product/137664-google-pixel-11-12-256-gb-frost-elektr-choynak-sayohat-vaucheri-365-gb-internet-3-oy-bepul-tv-com-sovg-a,,
"Samsung Galaxy A36 8/128GB, Black + 100 GB of internet + 3 months of free TV-COM as a gift!",17958000.0,openshop,https://asset.openshop.uz/uploads/products/thumbnail/202608/ZOyarDSEwWsNPPsdsbL5Oo3yTthmk4x9.png,https://openshop.uz/shop/product/137665-google-pixel-11-pro-16-512-gb-obsidian-elektr-choynak-sayohat-vaucheri-365-gb-internet-3-oy-bepul-tv-com-sovg-a,,
"Samsung Galaxy A36 8/128GB, Black + 100 GB of internet + 3 months of free TV-COM as a gift!",18568000.0,openshop,https://asset.openshop.uz/uploads/products/thumbnail/202608/IuwgM82b5ETAKhEC2Ehl25cGxuAMCYym.png,https://openshop.uz/shop/product/137669-google-pixel-11-pro-xl-16-256-gb-olive-elektr-choynak-sayohat-vaucheri-365-gb-internet-3-oy-bepul-tv-com-sovg-a,,
Tecno Spark 30C 6/128GB (Orbit White) +100 GB of Internet + 3 months of TV-COM for free!,2845000.0,openshop,https://asset.openshop.uz/uploads/products/thumbnail/202606/EOzqyhSIbXbyIJfDqLKdmBn6zauOPsEM.jpg,https://openshop.uz/shop/product/137677-tecno-spark-50-4-256-gb-aurora-purple-elektr-choynak-sayohat-vaucheri-365-gb-internet-3-oy-bepul-tv-com-sovg-a,,
Tecno Spark 30C 6/128GB (Orbit White) +100 GB of Internet + 3 months of TV-COM for free!,2845000.0,openshop,https://asset.openshop.uz/uploads/products/thumbnail/202606/ALItf9slPncoUh11cyZDimr2HegfoXJr.jpg,https://openshop.uz/shop/product/137678-tecno-spark-50-4-256-gb-halo-blue-elektr-choynak-sayohat-vaucheri-365-gb-internet-3-oy-bepul-tv-com-sovg-a,,
Tecno Spark 30C 6/128GB (Orbit White) +100 GB of Internet + 3 months of TV-COM for free!,2872000.0,openshop,https://asset.openshop.uz/uploads/products/thumbnail/202608/ctK0jT9U1LxKdhU4GDnTH0QJIF65rEuc.png,https://openshop.uz/shop/product/137679-tecno-spark-50-pro-4-128-gb-ink-black-elektr-choynak-sayohat-vaucheri-365-gb-internet-3-oy-bepul-tv-com-sovg-a,,
Tecno Spark 30C 6/128GB (Orbit White) +100 GB of Internet + 3 months of TV-COM for free!,2872000.0,openshop,https://asset.openshop.uz/uploads/products/thumbnail/202608/yZGVjZP11FmFWzSmnLmnAJibuQo4JQbG.png,https://openshop.uz/shop/product/137681-tecno-spark-50-pro-4-128-gb-midnight-blue-elektr-choynak-sayohat-vaucheri-365-gb-internet-3-oy-bepul-tv-com-sovg-a,,
Tecno Spark 30C 6/128GB (Orbit White) +100 GB of Internet + 3 months of TV-COM for free!,2872000.0,openshop,https://asset.openshop.uz/uploads/products/thumbnail/202608/RV9EXFNfkJToplJNfyXz43Me9I3TE9qn.png,https://openshop.uz/shop/product/137682-tecno-spark-50-pro-4-128-gb-titanium-grey-elektr-choynak-sayohat-vaucheri-365-gb-internet-3-oy-bepul-tv-com-sovg-a,,
Tecno Spark 30C 6/128GB (Orbit White) +100 GB of Internet + 3 months of TV-COM for free!,5261000.0,openshop,https://asset.openshop.uz/uploads/products/thumbnail/202608/XoDlHnNIsQnRI0r8Vb9LEd91T3JtHoLj.png,https://openshop.uz/shop/product/137684-tecno-camon-50-ultra-5g-8-256-gb-nebula-titanium-elektr-choynak-sayohat-vaucheri-365-gb-internet-3-oy-bepul-tv-com-sovg-a,,
Tecno Spark 30C 6/128GB (Orbit White) +100 GB of Internet + 3 months of TV-COM for free!,5261000.0,openshop,https://asset.openshop.uz/uploads/products/thumbnail/202608/AjMaZ5e5Gz4UXMEvRly5Oti1a7CvZ2v3.png,https://openshop.uz/shop/product/137686-tecno-camon-50-ultra-5g-8-256-gb-misty-purple-elektr-choynak-sayohat-vaucheri-365-gb-internet-3-oy-bepul-tv-com-sovg-a,,
Tecno Spark 30C 6/128GB (Orbit White) +100 GB of Internet + 3 months of TV-COM for free!,2268000.0,openshop,https://asset.openshop.uz/uploads/products/thumbnail/202608/3NqVrcBPtkv85WFp31lcq9VEmhiEOufi.png,https://openshop.uz/shop/product/137691-huawei-nova-y74-8-128-gb-black-elektr-choynak-sayohat-vaucheri-365-gb-internet-3-oy-bepul-tv-com-sovg-a,,
Tecno Spark 30C 6/128GB (Orbit White) +100 GB of Internet + 3 months of TV-COM for free!,2268000.0,openshop,https://asset.openshop.uz/uploads/products/thumbnail/202608/eY6EID65BI660ad3vU010FyrReuvUTzS.png,https://openshop.uz/shop/product/137693-huawei-nova-y74-8-128-gb-blue-elektr-choynak-sayohat-vaucheri-365-gb-internet-3-oy-bepul-tv-com-sovg-a,,
Tecno Spark 30C 6/128GB (Orbit White) +100 GB of Internet + 3 months of TV-COM for free!,5425000.0,openshop,https://asset.openshop.uz/uploads/products/thumbnail/202608/toMEbRSOrtoMfQhooGLLrPryQNvBzhpW.png,https://openshop.uz/shop/product/137694-huawei-nova-15-max-8-256-gb-golden-black-elektr-choynak-sayohat-vaucheri-365-gb-internet-3-oy-bepul-tv-com-sovg-a,,
Tecno Spark 30C 6/128GB (Orbit White) +100 GB of Internet + 3 months of TV-COM for free!,5425000.0,openshop,https://asset.openshop.uz/uploads/products/thumbnail/202608/J3nfamjutvfeQBTLHMkj16yKsJ541F8X.png,https://openshop.uz/shop/product/137696-huawei-nova-15-max-8-256-gb-blush-gold-elektr-choynak-sayohat-vaucheri-365-gb-internet-3-oy-bepul-tv-com-sovg-a,,
Tecno Spark 30C 6/128GB (Orbit White) +100 GB of Internet + 3 months of TV-COM for free!,5425000.0,openshop,https://asset.openshop.uz/uploads/products/thumbnail/202608/DCZFJT8OfBs1EoSMicoICh5kqJnPEtMb.png,https://openshop.uz/shop/product/137698-huawei-nova-15-max-8-256-gb-lake-cyan-elektr-choynak-sayohat-vaucheri-365-gb-internet-3-oy-bepul-tv-com-sovg-a,,
Tecno Spark 30C 6/128GB (Orbit White) +100 GB of Internet + 3 months of TV-COM for free!,17129000.0,openshop,https://asset.openshop.uz/uploads/products/thumbnail/202608/c2sB9MJL9CVu1gVrbdTErDfA7WH71GVm.png,https://openshop.uz/shop/product/137699-huawei-pura-90s-pro-max-12-256-gb-blaze-purple-elektr-choynak-sayohat-vaucheri-365-gb-internet-3-oy-bepul-tv-com-sovg-a,,
Tecno Spark 30C 6/128GB (Orbit White) +100 GB of Internet + 3 months of TV-COM for free!,17129000.0,openshop,https://asset.openshop.uz/uploads/products/thumbnail/202608/KaFAOjtfw8IqdPLJVDCqVfJuevqBLP1k.png,https://openshop.uz/shop/product/137701-huawei-pura-90s-pro-max-12-256-gb-blush-gold-elektr-choynak-sayohat-vaucheri-365-gb-internet-3-oy-bepul-tv-com-sovg-a,,
Tecno Spark 30C 6/128GB (Orbit White) +100 GB of Internet + 3 months of TV-COM for free!,17129000.0,openshop,https://asset.openshop.uz/uploads/products/thumbnail/202608/VpY9nh5rIoJIGVPHqvLT8XFO1muPB7wq.png,https://openshop.uz/shop/product/137704-huawei-pura-90s-pro-max-12-256-gb-graphite-black-elektr-choynak-sayohat-vaucheri-365-gb-internet-3-oy-bepul-tv-com-sovg-a,,
Tecno Spark 30C 6/128GB (Orbit White) +100 GB of Internet + 3 months of TV-COM for free!,12056000.0,openshop,https://asset.openshop.uz/uploads/products/thumbnail/202608/i4xS4pJlCsxPeK8suhHnS2HUwFrH5qA0.png,https://openshop.uz/shop/product/137709-huawei-pura-90s-pro-12-256-gb-orange-soda-elektr-choynak-sayohat-vaucheri-365-gb-internet-3-oy-bepul-tv-com-sovg-a,,
Tecno Spark 30C 6/128GB (Orbit White) +100 GB of Internet + 3 months of TV-COM for free!,12056000.0,openshop,https://asset.openshop.uz/uploads/products/thumbnail/202608/QgqB5K2Oub0JeckJomX5YutxVv7ZNXxg.png,https://openshop.uz/shop/product/137710-huawei-pura-90s-pro-12-256-gb-coconut-white-elektr-choynak-sayohat-vaucheri-365-gb-internet-3-oy-bepul-tv-com-sovg-a,,
Tecno Spark 30C 6/128GB (Orbit White) +100 GB of Internet + 3 months of TV-COM for free!,12056000.0,openshop,https://asset.openshop.uz/uploads/products/thumbnail/202608/ujHgX0g2AdigNrj5H8rIe1mAM3Gr7744.png,https://openshop.uz/shop/product/137712-huawei-pura-90s-pro-12-256-gb-mulberry-black-elektr-choynak-sayohat-vaucheri-365-gb-internet-3-oy-bepul-tv-com-sovg-a,,
Tecno Spark 30C 6/128GB (Orbit White) +100 GB of Internet + 3 months of TV-COM for free!,3999000.0,openshop,https://asset.openshop.uz/uploads/products/thumbnail/202608/svznzonGDbox6kPRSEKPpWeiA63co4Va.png,https://openshop.uz/shop/product/137753-tecno-camon-50-pro-8-256gb-fit-green-elektr-choynak-sayohat-vaucheri-365-gb-internet-3-oy-bepul-tv-com-sovg-a,,
Tecno Spark 30C 6/128GB (Orbit White) +100 GB of Internet + 3 months of TV-COM for free!,3986000.0,openshop,https://asset.openshop.uz/uploads/products/thumbnail/202608/bLEuvDUrKWbtFfZOq2JhO9BMGo1e4cBo.png,https://openshop.uz/shop/product/137754-tecno-camon-50-8-256gb-fit-green-elektr-choynak-sayohat-vaucheri-365-gb-internet-3-oy-bepul-tv-com-sovg-a,,
HONOR 400 8/256GB (Desert Gold) + Juicer + 100 GB internet + 3 months of free TV-COM,3745000.0,openshop,https://asset.openshop.uz/uploads/products/thumbnail/202608/rAnR6wWVpsd8iH2e8Stwnc85ZmC78m6k.jpg,https://openshop.uz/shop/product/137781-honor-x8e-6-128-gb-black-elektr-choynak-sayohat-vaucheri-365-gb-internet-3-oy-bepul-tv-com-sovg-a,,
HONOR 400 8/256GB (Desert Gold) + Juicer + 100 GB internet + 3 months of free TV-COM,3745000.0,openshop,https://asset.openshop.uz/uploads/products/thumbnail/202608/g1sLtXqk1FuxncgRKeTQGeCJHi8KgMOI.jpg,https://openshop.uz/shop/product/137787-honor-x8e-6-128-gb-orange-elektr-choynak-sayohat-vaucheri-365-gb-internet-3-oy-bepul-tv-com-sovg-a,,
HONOR 400 8/256GB (Desert Gold) + Juicer + 100 GB internet + 3 months of free TV-COM,3745000.0,openshop,https://asset.openshop.uz/uploads/products/thumbnail/202608/Fsq7X2BEIcEzhMDOtb9UB3idkt6R4xPE.jpg,https://openshop.uz/shop/product/137789-honor-x8e-6-128-gb-gold-elektr-choynak-sayohat-vaucheri-365-gb-internet-3-oy-bepul-tv-com-sovg-a,,
HONOR 400 8/256GB (Desert Gold) + Juicer + 100 GB internet + 3 months of free TV-COM,4111000.0,openshop,https://asset.openshop.uz/uploads/products/thumbnail/202608/rAnR6wWVpsd8iH2e8Stwnc85ZmC78m6k.jpg,https://openshop.uz/shop/product/137790-honor-x8e-6-256-gb-black-elektr-choynak-sayohat-vaucheri-365-gb-internet-3-oy-bepul-tv-com-sovg-a,,
HONOR 400 8/256GB (Desert Gold) + Juicer + 100 GB internet + 3 months of free TV-COM,4111000.0,openshop,https://asset.openshop.uz/uploads/products/thumbnail/202608/g1sLtXqk1FuxncgRKeTQGeCJHi8KgMOI.jpg,https://openshop.uz/shop/product/137791-honor-x8e-6-256-gb-orange-elektr-choynak-sayohat-vaucheri-365-gb-internet-3-oy-bepul-tv-com-sovg-a,,
HONOR 400 8/256GB (Desert Gold) + Juicer + 100 GB internet + 3 months of free TV-COM,4111000.0,openshop,https://asset.openshop.uz/uploads/products/thumbnail/202608/Fsq7X2BEIcEzhMDOtb9UB3idkt6R4xPE.jpg,https://openshop.uz/shop/product/137793-honor-x8e-6-256-gb-gold-elektr-choynak-sayohat-vaucheri-365-gb-internet-3-oy-bepul-tv-com-sovg-a,,
Samsung Galaxy S25 Ultra 5G 12/256GB (Titanium Black) +100 GB of Internet + 3 months of TV-COM for free!,9418000.0,openshop,https://asset.openshop.uz/uploads/products/thumbnail/202609/8CGbjTCfVd80zd7ysTn6VsYlRNP0shH2.jpg,https://openshop.uz/shop/product/137807-samsung-galaxy-s26-fe-5g-8-256-gb-graphite-elektr-choynak-sayohat-vaucheri-365-gb-internet-3-oy-bepul-tv-com-sovg-a,,
Samsung Galaxy S25 Ultra 5G 12/256GB (Titanium Black) +100 GB of Internet + 3 months of TV-COM for free!,9418000.0,openshop,https://asset.openshop.uz/uploads/products/thumbnail/202609/43mVS07zyKaBjyXLSh99jP1Zb4mZ6u4c.jpg,https://openshop.uz/shop/product/137808-samsung-galaxy-s26-fe-5g-8-256-gb-pistachio-elektr-choynak-sayohat-vaucheri-365-gb-internet-3-oy-bepul-tv-com-sovg-a,,
Samsung Galaxy S25 Ultra 5G 12/256GB (Titanium Black) +100 GB of Internet + 3 months of TV-COM for free!,9418000.0,openshop,https://asset.openshop.uz/uploads/products/thumbnail/202609/5tw7GUzSfSRV58fqlDaDr3Ll3myyFZsF.jpg,https://openshop.uz/shop/product/137809-samsung-galaxy-s26-fe-5g-8-256-gb-blueberry-elektr-choynak-sayohat-vaucheri-365-gb-internet-3-oy-bepul-tv-com-sovg-a,,
Samsung Galaxy S25 Ultra 5G 12/256GB (Titanium Black) +100 GB of Internet + 3 months of TV-COM for free!,8686000.0,openshop,https://asset.openshop.uz/uploads/products/thumbnail/202609/8CGbjTCfVd80zd7ysTn6VsYlRNP0shH2.jpg,https://openshop.uz/shop/product/137810-samsung-galaxy-s26-fe-5g-8-128-gb-graphite-elektr-choynak-sayohat-vaucheri-365-gb-internet-3-oy-bepul-tv-com-sovg-a,,
Apple iPhone 15 128GB Single (Green) +100 GB of Internet + 3 months of TV-COM for free!,12200000.0,openshop,https://asset.openshop.uz/uploads/products/thumbnail/202609/SYBV3PPWgM2eiieb8DzmjRucbKSWK2MW.jpg,https://openshop.uz/shop/product/137992-apple-iphone-14-pro-max-256-gb-sim-esim-space-black-apple-certified-refurbished-iphone-elektr-choynak-sayohat-vaucheri-365-gb-internet-3-oy-bepul-tv-com-sovg-a,,
Apple iPhone 14 Pro Max 512 GB Silver (Single),11346000.0,openshop,https://asset.openshop.uz/uploads/products/thumbnail/202609/81yOqParhGIHdOzNjuv6DkmxOpa1bOaV.jpg,https://openshop.uz/shop/product/137997-apple-iphone-14-pro-max-128-gb-sim-esim-silver-apple-certified-refurbished-iphone-elektr-choynak-sayohat-vaucheri-365-gb-internet-3-oy-bepul-tv-com-sovg-a,,
Apple iPhone 15 128GB Single (Green) +100 GB of Internet + 3 months of TV-COM for free!,11346000.0,openshop,https://asset.openshop.uz/uploads/products/thumbnail/202609/SYBV3PPWgM2eiieb8DzmjRucbKSWK2MW.jpg,https://openshop.uz/shop/product/137999-apple-iphone-14-pro-max-128-gb-sim-esim-space-black-apple-certified-refurbished-iphone-elektr-choynak-sayohat-vaucheri-365-gb-internet-3-oy-bepul-tv-com-sovg-a,,
HONOR 400 8/256GB (Desert Gold) + Juicer + 100 GB internet + 3 months of free TV-COM,1915000.0,openshop,https://asset.openshop.uz/uploads/products/thumbnail/202609/OMo0atxPAGBdZBcgfx9dpxf1qn4HBL85.png,https://openshop.uz/shop/product/138001-honor-choice-t10-4-64-gb-kulrang-elektr-choynak-sayohat-vaucheri-365-gb-internet-3-oy-bepul-tv-com-sovg-a,,
HONOR 400 8/256GB (Desert Gold) + Juicer + 100 GB internet + 3 months of free TV-COM,1915000.0,openshop,https://asset.openshop.uz/uploads/products/thumbnail/202609/gR0TmT0JenLref0xbtLXboYnoGigVhCt.png,https://openshop.uz/shop/product/138002-honor-choice-t10-4-64-gb-qora-elektr-choynak-sayohat-vaucheri-365-gb-internet-3-oy-bepul-tv-com-sovg-a,,
HONOR 400 8/256GB (Desert Gold) + Juicer + 100 GB internet + 3 months of free TV-COM,2989000.0,openshop,https://asset.openshop.uz/uploads/products/thumbnail/202609/KQvXb9BPE5M7cSlz5M5aJLAA41y4oWJu.png,https://openshop.uz/shop/product/138003-honor-x6e-4-256-gb-gold-elektr-choynak-sayohat-vaucheri-365-gb-internet-3-oy-bepul-tv-com-sovg-a,,
HONOR 400 8/256GB (Desert Gold) + Juicer + 100 GB internet + 3 months of free TV-COM,2989000.0,openshop,https://asset.openshop.uz/uploads/products/thumbnail/202609/WaQNWQaBW9KTP1CC0vW7DcTigSfvhp74.png,https://openshop.uz/shop/product/138004-honor-x6e-4-256-gb-black-elektr-choynak-sayohat-vaucheri-365-gb-internet-3-oy-bepul-tv-com-sovg-a,,
HONOR 400 8/256GB (Desert Gold) + Juicer + 100 GB internet + 3 months of free TV-COM,3282000.0,openshop,https://asset.openshop.uz/uploads/products/thumbnail/202609/CpzuVyvJ5z5AkgmDzDGfTuKmD9FSQKR4.png,https://openshop.uz/shop/product/138005-honor-x7e-6-128-gb-blue-elektr-choynak-sayohat-vaucheri-365-gb-internet-3-oy-bepul-tv-com-sovg-a,,
HONOR 400 8/256GB (Desert Gold) + Juicer + 100 GB internet + 3 months of free TV-COM,3282000.0,openshop,https://asset.openshop.uz/uploads/products/thumbnail/202609/t9xHVxjBiPKsIuFqKRP3DMIw8RzVr49Q.png,https://openshop.uz/shop/product/138009-honor-x7e-6-128-gb-black-elektr-choynak-sayohat-vaucheri-365-gb-internet-3-oy-bepul-tv-com-sovg-a,,
HONOR 400 8/256GB (Desert Gold) + Juicer + 100 GB internet + 3 months of free TV-COM,3282000.0,openshop,https://asset.openshop.uz/uploads/products/thumbnail/202609/QGK1RJFlwe74wPxA0eEOrLDAC15kGAJC.png,https://openshop.uz/shop/product/138010-honor-x7e-6-128-gb-orange-elektr-choynak-sayohat-vaucheri-365-gb-internet-3-oy-bepul-tv-com-sovg-a,,
HONOR 400 8/256GB (Desert Gold) + Juicer + 100 GB internet + 3 months of free TV-COM,3648000.0,openshop,https://asset.openshop.uz/uploads/products/thumbnail/202609/QGK1RJFlwe74wPxA0eEOrLDAC15kGAJC.png,https://openshop.uz/shop/product/138011-honor-x7e-6-256-gb-orange-elektr-choynak-sayohat-vaucheri-365-gb-internet-3-oy-bepul-tv-com-sovg-a,,
HONOR 400 8/256GB (Desert Gold) + Juicer + 100 GB internet + 3 months of free TV-COM,3648000.0,openshop,https://asset.openshop.uz/uploads/products/thumbnail/202609/t9xHVxjBiPKsIuFqKRP3DMIw8RzVr49Q.png,https://openshop.uz/shop/product/138012-honor-x7e-6-256gb-black-elektr-choynak-sayohat-vaucheri-365-gb-internet-3-oy-bepul-tv-com-sovg-a,,
HONOR 400 8/256GB (Desert Gold) + Juicer + 100 GB internet + 3 months of free TV-COM,3648000.0,openshop,https://asset.openshop.uz/uploads/products/thumbnail/202609/CpzuVyvJ5z5AkgmDzDGfTuKmD9FSQKR4.png,https://openshop.uz/shop/product/138013-honor-x7e-6-256-gb-blue-elektr-choynak-sayohat-vaucheri-365-gb-internet-3-oy-bepul-tv-com-sovg-a,,
Xiaomi 14T 12/256GB (Titan Черный) +100 GB of Internet + 3 months of TV-COM for free!,13383000.0,openshop,https://asset.openshop.uz/uploads/products/thumbnail/202609/OgT9k3w2D43FWsD0Oh7BC9LHzQxOicTO.jpg,https://openshop.uz/shop/product/138017-xiaomi-17-pro-12-512-black-elektr-choynak-sayohat-vaucheri-365-gb-internet-3-oy-bepul-tv-com-sovg-a,,
Xiaomi 14T 12/256GB (Titan Черный) +100 GB of Internet + 3 months of TV-COM for free!,13383000.0,openshop,https://asset.openshop.uz/uploads/products/thumbnail/202609/TQHhkGngAwLn5sKldKl90od6za1Rq04h.jpg,https://openshop.uz/shop/product/138018-xiaomi-17-pro-12-512-white-elektr-choynak-sayohat-vaucheri-365-gb-internet-3-oy-bepul-tv-com-sovg-a,,
Xiaomi 14T 12/256GB (Titan Черный) +100 GB of Internet + 3 months of TV-COM for free!,4075000.0,openshop,https://asset.openshop.uz/uploads/products/thumbnail/202609/jEUKr0nlM0uY3NoYK1hTrCcT3q3AOWB0.jpg,https://openshop.uz/shop/product/138020-redmi-note-17-pro-5g-6-128-gb-black-elektr-choynak-sayohat-vaucheri-365-gb-internet-3-oy-bepul-tv-com-sovg-a,,
Xiaomi 14T 12/256GB (Titan Черный) +100 GB of Internet + 3 months of TV-COM for free!,5490000.0,openshop,https://asset.openshop.uz/uploads/products/thumbnail/202609/8j42Eh2uBrcWwCIon1C7ys9yPcr0c2LN.jpg,https://openshop.uz/shop/product/138021-redmi-note-17-pro-5g-8-512-gb-black-elektr-choynak-sayohat-vaucheri-365-gb-internet-3-oy-bepul-tv-com-sovg-a,,
Xiaomi 14T 12/256GB (Titan Черный) +100 GB of Internet + 3 months of TV-COM for free!,5490000.0,openshop,https://asset.openshop.uz/uploads/products/thumbnail/202609/JCrgKzvTkI6hPThBjyZcsQ1KIUUzWpHt.jpg,https://openshop.uz/shop/product/138022-redmi-note-17-pro-5g-8-512-gb-satin-orange-elektr-choynak-sayohat-vaucheri-365-gb-internet-3-oy-bepul-tv-com-sovg-a,,
Xiaomi 14T 12/256GB (Titan Черный) +100 GB of Internet + 3 months of TV-COM for free!,5490000.0,openshop,https://asset.openshop.uz/uploads/products/thumbnail/202609/U2uzTSeTBy9RImWjW9AqCy14TlPCfn55.jpg,https://openshop.uz/shop/product/138023-redmi-note-17-pro-5g-8-512-gb-sky-blue-elektr-choynak-sayohat-vaucheri-365-gb-internet-3-oy-bepul-tv-com-sovg-a,,
Xiaomi 14T 12/256GB (Titan Черный) +100 GB of Internet + 3 months of TV-COM for free!,5490000.0,openshop,https://asset.openshop.uz/uploads/products/thumbnail/202609/lRhRffgMIgPJWmInLDje0HlURadCMYNG.jpg,https://openshop.uz/shop/product/138024-redmi-note-17-pro-5g-8-512-gb-purple-elektr-choynak-sayohat-vaucheri-365-gb-internet-3-oy-bepul-tv-com-sovg-a,,
Xiaomi Redmi 15 6/128GB (Binafsharang) +100 GB internet + 3 Oy bepul TV-COM sovg'a!,2830000.0,openshop,https://asset.openshop.uz/uploads/products/thumbnail/202609/Y7ZvutK3LPo5WvHOwWgICkkLJLzfZ3Cg.jpg,https://openshop.uz/shop/product/138049-xiaomi-redmi-note-17-4-128-gb-celestial-purple-elektr-choynak-sayohat-vaucheri-365-gb-internet-3-oy-bepul-tv-com-sovg-a,,
Xiaomi Redmi 15 6/128GB (Binafsharang) +100 GB internet + 3 Oy bepul TV-COM sovg'a!,3562000.0,openshop,https://asset.openshop.uz/uploads/products/thumbnail/202609/6gATadwGeCnhkTc11GRMy0nVvLsJRFmb.jpg,https://openshop.uz/shop/product/138058-xiaomi-redmi-note-17-8-256-gb-celestial-purple-elektr-choynak-sayohat-vaucheri-365-gb-internet-3-oy-bepul-tv-com-sovg-a,,
Xiaomi 14T 12/256GB (Titan Черный) +100 GB of Internet + 3 months of TV-COM for free!,4782000.0,openshop,https://asset.openshop.uz/uploads/products/thumbnail/202609/Js2xccJoRHiplrkYN1ZaM0jQTlbw2FTt.jpg,https://openshop.uz/shop/product/138126-redmi-note-17-pro-8-256-gb-black-elektr-choynak-sayohat-vaucheri-365-gb-internet-3-oy-bepul-tv-com-sovg-a,,
Xiaomi 14T 12/256GB (Titan Черный) +100 GB of Internet + 3 months of TV-COM for free!,4782000.0,openshop,https://asset.openshop.uz/uploads/products/thumbnail/202609/VkNCgBu4C422AjowgCiBvpK6eUCFccug.jpg,https://openshop.uz/shop/product/138130-redmi-note-17-pro-8-256-gb-purple-elektr-choynak-sayohat-vaucheri-365-gb-internet-3-oy-bepul-tv-com-sovg-a,,
