title,price,store,image_url,product_url,rating,review_count
"Samsung Смартфон Galaxy A07s Ростест (EAC) 4/64 ГБ, Nano-SIM, черный",1647401.0,ozon,https://ir-3.ozone.ru/s3/multimedia-1-1/wc500/15062704381.jpg,https://ozon.uz/product/samsung-smartfon-galaxy-a07s-rostest-eac-4-64-gb-nano-sim-chernyy-5754658222/,,
"Смартфон Samsvng Galaxy A17 русская версия, сеть 4g, большой 6.5-дюймовый HD-экран, противоударная и водонепроницаемая защита, мощные игровые функции, гибкие возможности фотосъемки, длительное время автономной работы, отличный подарок, сенсорный телефон,Note 60x,a16,Note 50 Pro,х9d,Ростест (EAC) EU 12/512 ГБ EU 12/512 ГБ, Nano-SIM, фиолетовый",1080774.0,ozon,https://ir-3.ozone.ru/s3/multimedia-1-f/wc500/13525781667.jpg,https://ozon.uz/product/smartfon-samsvng-galaxy-a17-russkaya-versiya-set-4g-bolshoy-6-5-dyuymovyy-hd-ekran-protivoudarnaya-i-5886196303/,4.9,260
"Смартфон Смартфон Смартфон Смартфон H0n0r Global 12+512 ГБ, большой объем памяти, HD-дисплей, смартфон для пожилых и детей,черный  Global 12/512 ГБ, кремовый, слоновая кость CN 12/512 ГБ, Nano-SIMчерный Ростест (EAC) 12/512 ГБ, eSIM, черный",900281.0,ozon,https://ir-3.ozone.ru/s3/multimedia-1-i/wc500/14108769666.jpg,https://ozon.uz/product/smartfon-smartfon-smartfon-smartfon-h0n0r-global-12-512-gb-bolshoy-obem-pamyati-hd-displey-5538118661/,4.8,471
"Смартфон Ростест (EAC) 12/512 ГБ, Nano-SIM, сиреневый",889556.0,ozon,https://ir-3.ozone.ru/s3/multimedia-1-1/wc500/15300008173.jpg,https://ozon.uz/product/smartfon-rostest-eac-12-512-gb-nano-sim-sirenevyy-5870323353/,4.8,424
"Смартфон Samsvng Galaxy A56  , глобальная русская версия,сеть 4G, Двойная SIM-карта, 6.8 дюйма, ударопрочная и водонепроницаемая защита, мощные игровые функции, гибкая камера, длительное время работы от аккумулятора Ростест (EAC), Note 15 pro,pura 80 pro,смартфон андроид EU 12/512 ГБ, Nano-SIM, голубой",1090324.0,ozon,https://ir-3.ozone.ru/s3/multimedia-1-m/wc500/13531820926.jpg,https://ozon.uz/product/smartfon-samsvng-galaxy-a56-globalnaya-russkaya-versiya-set-4g-dvoynaya-sim-karta-6-8-5903663060/,4.9,260
"Смартфон Смартфон Смартфон Note 14 PRO 8/256 ГБ, 6.5, 5000 мАч, 90 Гц Ростест (EAC) 16/1 ТБ, Nano-SIM, синий",1226824.0,ozon,https://ir-3.ozone.ru/s3/multimedia-1-i/wc500/15269024394.jpg,https://ozon.uz/product/smartfon-smartfon-smartfon-note-14-pro-8-256-gb-6-5-5000-mach-90-gts-rostest-eac-16-1-tb-nano-5861658189/,5.0,343
"Смартфон Смартфон Смартфон  8+256 ГБ, большой объем памяти, HD-дисплей, смартфон для пожилых и детей, черный Global 8/256 ГБ, кремовый, слоновая кость Ростест (EAC) 8/256 ГБ, Nano-SIM, темно-синий",1315262.0,ozon,https://ir-3.ozone.ru/s3/multimedia-1-g/wc500/15267438340.jpg,https://ozon.uz/product/smartfon-smartfon-smartfon-8-256-gb-bolshoy-obem-pamyati-hd-displey-smartfon-dlya-pozhilyh-i-5687859083/,5.0,494
"Samsung Смартфон Galaxy A17 Global 8/256 ГБ, Nano-SIM, серый",3140838.0,ozon,https://ir-3.ozone.ru/s3/multimedia-1-0/wc500/8001775656.jpg,https://ozon.uz/product/samsung-smartfon-galaxy-a17-global-8-256-gb-nano-sim-seryy-3865457816/,5.0,2
"Смартфон INFINIX GT 50 Pro русская версия, сеть 4g, большой 6.9-дюймовый HD-экран, противоударная и водонепроницаемая защита, мощные игровые функции, гибкие возможности фотосъемки, длительное время автономной работы, отличный подарок, сенсорный телефон,Ростест (EAC),реалми смартфон EU 12/512 ГБ, Nano-SIM, голубой",911940.0,ozon,https://ir-3.ozone.ru/s3/multimedia-1-f/wc500/14846963271.jpg,https://ozon.uz/product/smartfon-android-13-6-6-ips-lcd-2280-x-1080-pikseley-90-gts-akkumulyator-5300-mach-rostest-eac-5588192811/,4.7,655
"Смартфон INFINIX GT 50 Pro русская версия, сеть 4g, большой 6.9-дюймовый HD-экран, противоударная и водонепроницаемая защита, мощные игровые функции, гибкие возможности фотосъемки, длительное время автономной работы, отличный подарок, сенсорный телефон,Ростест (EAC),реалми смартфон EU 12/512 ГБ, Nano-SIM, голубой",976043.0,ozon,https://ir-3.ozone.ru/s3/multimedia-1-p/wc500/15346806037.jpg,https://ozon.uz/product/smartfon-infinix-gt-50-pro-russkaya-versiya-set-4g-bolshoy-6-9-dyuymovyy-hd-ekran-protivoudarnaya-5789275230/,5.0,323
"Смартфон Sansumg Galaxy S26 EU 16/1 ТБ, Nano-SIM, черный матовый",1181028.0,ozon,https://ir-3.ozone.ru/s3/multimedia-1-l/wc500/14682632457.jpg,https://ozon.uz/product/smartfon-sansumg-galaxy-s26-eu-16-1-tb-nano-sim-chernyy-matovyy-5700200830/,4.8,298
"Смартфон 17 PRO MAX 8/512ГБ 8/512 ГБ, Nano-SIM, оранжевый",585698.0,ozon,https://ir-3.ozone.ru/s3/multimedia-1-c/wc500/9291182484.jpg,https://ozon.uz/product/smartfon-17-pro-max-8-512gb-8-512-gb-nano-sim-oranzhevyy-3590473310/,4.4,295
"Смартфон I15 Pro Max, В качестве подарка родным и близким Ростест (EAC) 12/512 ГБ, Nano-SIM, черный",915859.0,ozon,https://ir-3.ozone.ru/s3/multimedia-1-x/wc500/8335282749.jpg,https://ozon.uz/product/smartfon-i15-pro-max-v-kachestve-podarka-rodnym-i-blizkim-rostest-eac-12-512-gb-nano-sim-chernyy-3111378432/,4.4,8530
"Honor Смартфон Turbo Ростест (EAC) 8/256 ГБ, Nano-SIM, оранжевый",3119292.0,ozon,https://ir-3.ozone.ru/s3/multimedia-1-e/wc500/14126034794.jpg,https://ozon.uz/product/honor-smartfon-turbo-rostest-eac-8-256-gb-nano-sim-oranzhevyy-5279815174/,,
"Смартфон Sunsamg Galaxy A56 Смартфон Глобальная русская версия для ЕС, сеть 4G, Wi-FI+GPS+Bluetooth, две SIM-карты, 6,8 дюйма, большой экран высокой четкости, гибкая камера, быстрая зарядка, мощное игровое устройство, аккумулятор большой емкости EU Ростест (EAC) EU 12/512 ГБ, Nano-SIM, лиловый",1418580.0,ozon,https://ir-3.ozone.ru/s3/multimedia-1-9/wc500/14670102321.jpg,https://ozon.uz/product/smartfon-sunsamg-galaxy-a56-smartfon-globalnaya-russkaya-versiya-dlya-es-set-4g-wi-fi-gps-bluetooth-5697229639/,4.1,428
"Samsung Смартфон Galaxy A57 5G Global 8/128 ГБ, Nano-SIM, темно-синий",3788136.0,ozon,https://ir-3.ozone.ru/s3/multimedia-1-o/wc500/12969831300.jpg,https://ozon.uz/product/samsung-smartfon-galaxy-a57-5g-global-8-128-gb-nano-sim-temno-siniy-4753127988/,4.9,103
"Смартфон H0N0R x9c Смартфон Глобальная русская версия для ЕС, сеть 4G, Wi-FI+GPS+Bluetooth, две SIM-карты, 6,8 дюйма, большой экран высокой четкости, гибкая камера, быстрая зарядка, мощное игровое устройство, аккумулятор большой емкости EU Ростест (EAC) EU 12/512 ГБ, Nano-SIM, черный матовый",936860.0,ozon,https://ir-3.ozone.ru/s3/multimedia-1-i/wc500/10518586326.jpg,https://ozon.uz/product/xiaoxing-smartfon-8-256-gb-belyy-4328673838/,4.3,103
"Смартфон I16 Pro Max, В качестве подарка родным и близким Ростест (EAC) 12/512 ГБ, Nano-SIM, черный матовый",935107.0,ozon,https://ir-3.ozone.ru/s3/multimedia-1-k/wc500/14404278080.jpg,https://ozon.uz/product/smartfon-i16-pro-max-v-kachestve-podarka-rodnym-i-blizkim-rostest-eac-12-512-gb-nano-sim-5600777132/,4.8,455
"Смартфон H0N0R x9c Смартфон Глобальная русская версия для ЕС, сеть 4G, Wi-FI+GPS+Bluetooth, две SIM-карты, 6,8 дюйма, большой экран высокой четкости, гибкая камера, быстрая зарядка, мощное игровое устройство, аккумулятор большой емкости EU Ростест (EAC) EU 12/512 ГБ, Nano-SIM, черный матовый",1081346.0,ozon,https://ir-3.ozone.ru/s3/multimedia-1-9/wc500/14908130505.jpg,https://ozon.uz/product/smartfon-h0n0r-x9c-smartfon-globalnaya-russkaya-versiya-dlya-es-set-4g-wi-fi-gps-bluetooth-dve-5912037688/,4.9,260
"Смартфон H0N0R X9b EU 12/512 ГБ, Nano-SIM, черный",953587.0,ozon,https://ir-3.ozone.ru/s3/multimedia-1-e/wc500/14533032434.jpg,https://ozon.uz/product/smartfon-h0n0r-x9b-eu-12-512-gb-nano-sim-chernyy-5789691256/,4.4,219
"Samsung Смартфон Galaxy A26 8/256 ГБ, Nano-SIM, розовый",2503973.0,ozon,https://ir-3.ozone.ru/s3/multimedia-1-d/wc500/15150315865.jpg,https://ozon.uz/product/samsung-smartfon-galaxy-a26-8-256-gb-nano-sim-rozovyy-5826829643/,4.4,118
"Samsung Смартфон Galaxy A27 Ростест (EAC) 6/128 ГБ, Nano-SIM, синий",3060460.0,ozon,https://ir-3.ozone.ru/s3/multimedia-1-0/wc500/11705511276.jpg,https://ozon.uz/product/samsung-smartfon-galaxy-a27-rostest-eac-6-128-gb-nano-sim-siniy-4796136347/,,
"vivo Смартфон vivo V70 Lite 5G  Ростест (EAC) 8/128 ГБ, Nano-SIM, черный",2176724.0,ozon,https://ir-3.ozone.ru/s3/multimedia-1-t/wc500/11060791301.jpg,https://ozon.uz/product/vivo-smartfon-vivo-v70-lite-5g-rostest-eac-8-128-gb-nano-sim-chernyy-4497630763/,5.0,291
"Смартфон S25 Ultra Ростест (EAC) 16/1 ТБ, Nano-SIM, золотой",728487.0,ozon,https://ir-3.ozone.ru/s3/multimedia-1-u/wc500/12382217382.jpg,https://ozon.uz/product/smartfon-s25-ultra-rostest-eac-16-1-tb-nano-sim-zolotoy-5023099584/,4.3,529
"Смартфон P0C0 X8 PRO, глобальная русская версия,сеть 4G, Двойная SIM-карта, 6.8 дюйма, ударопрочная и водонепроницаемая защита, мощные игровые функции, гибкая камера, длительное время работы от аккумулятора Ростест (EAC), Note 13 pro,pura 70 pro,смартфон андроид EU 12/512 ГБ, Nano-SIM, лазурный",1503431.0,ozon,https://ir-3.ozone.ru/s3/multimedia-1-q/wc500/14773756778.jpg,https://ozon.uz/product/redmi-smartfon-rostest-eac-8-256-gb-nano-sim-chernyy-5857480593/,5.0,14
"Смартфон Samsvng Galxy A17 ,cбыстрая зарядка, мощное игровое устройство, аккумулятор большой, емкости EU Ростест (EAC). EU 12/512 ГБ, Nano-SIM, синий",1235413.0,ozon,https://ir-3.ozone.ru/s3/multimedia-1-x/wc500/15297661761.jpg,https://ozon.uz/product/smartfon-samsvng-galxy-a17-cbystraya-zaryadka-moshchnoe-igrovoe-ustroystvo-akkumulyator-5871093466/,4.8,635
"Смартфон 12/512 ГБ, Nano-SIM, серебристый",852880.0,ozon,https://ir-3.ozone.ru/s3/multimedia-1-d/wc500/15325067281.jpg,https://ozon.uz/product/smartfon-12-512-gb-nano-sim-serebristyy-5879893731/,5.0,494
"Samsung Смартфон Galaxy A26 8/256 ГБ, Nano-SIM, белый",2482909.0,ozon,https://ir-3.ozone.ru/s3/multimedia-1-q/wc500/14649259130.jpg,https://ozon.uz/product/samsung-smartfon-galaxy-a26-8-256-gb-nano-sim-belyy-5691912825/,4.4,118
"Infinix Смартфон HOT 70 Ростест (EAC) 4/128 ГБ, Nano-SIM, черный",2016264.0,ozon,https://ir-3.ozone.ru/s3/multimedia-1-g/wc500/12318845272.jpg,https://ozon.uz/product/infinix-smartfon-hot-70-rostest-eac-4-128-gb-nano-sim-chernyy-5000398229/,5.0,29
"Смартфон I16 Pro Max, В качестве подарка родным и близким Ростест (EAC) 12/512 ГБ, Nano-SIM, светло-синий, голубой",1040532.0,ozon,https://ir-3.ozone.ru/s3/multimedia-1-5/wc500/15374682545.jpg,https://ozon.uz/product/smartfon-i16-pro-max-v-kachestve-podarka-rodnym-i-blizkim-rostest-eac-12-512-gb-nano-sim-svetlo-5876150871/,4.8,413
"Смартфон I16 Pro Max, В качестве подарка родным и близким Ростест (EAC) 12/512 ГБ, Nano-SIM, зеркальный",966384.0,ozon,https://ir-3.ozone.ru/s3/multimedia-1-i/wc500/15092376534.jpg,https://ozon.uz/product/smartfon-i16-pro-max-v-kachestve-podarka-rodnym-i-blizkim-rostest-eac-12-512-gb-nano-sim-zerkalnyy-5792756850/,4.8,401
"Смартфон P0C0 X8 PRO, глобальная русская версия,сеть 4G, Двойная SIM-карта, 6.8 дюйма, ударопрочная и водонепроницаемая защита, мощные игровые функции, гибкая камера, длительное время работы от аккумулятора Ростест (EAC), Note 13 pro,pura 70 pro,смартфон андроид EU 12/512 ГБ, Nano-SIM, лазурный",1232621.0,ozon,https://ir-3.ozone.ru/s3/multimedia-1-8/wc500/14544496448.jpg,https://ozon.uz/product/smartfon-p0c0-x8-pro-globalnaya-russkaya-versiya-set-4g-dvoynaya-sim-karta-6-8-dyuyma-udaroprochnaya-5871179879/,4.8,635
"GLANER Смартфон Защищённый смартфон, экран 6,8 дюйма 16/1 ТБ, Nano-SIM, черный матовый",549515.0,ozon,https://ir-3.ozone.ru/s3/multimedia-1-5/wc500/9928219073.jpg,https://ozon.uz/product/smartfon-mini-17-pro-max-8-512-gb-micro-sim-nano-sim-oranzhevyy-4027784904/,4.4,706
"GLANER Смартфон Защищённый смартфон, экран 6,8 дюйма 16/1 ТБ, Nano-SIM, черный матовый",3095291.0,ozon,https://ir-3.ozone.ru/s3/multimedia-1-4/wc500/15448484956.jpg,https://ozon.uz/product/glaner-smartfon-zashchishchennyy-smartfon-ekran-6-8-dyuyma-16-1-tb-nano-sim-chernyy-matovyy-5573669952/,5.0,25
"Смартфон Галакси А25 8/256 ГБ, Nano-SIM, голубой",2575695.0,ozon,https://ir-3.ozone.ru/s3/multimedia-1-h/wc500/20005061849.jpg,https://ozon.uz/product/smartfon-galaksi-a25-8-256-gb-nano-sim-goluboy-4946560272/,5.0,140
"Смартфон HVAWEI Mate 80 RS EU 12/512 ГБ, Nano-SIM, серебристый",1103134.0,ozon,https://ir-3.ozone.ru/s3/multimedia-1-0/wc500/14682639240.jpg,https://ozon.uz/product/smartfon-hvawei-mate-80-rs-eu-12-512-gb-nano-sim-serebristyy-5700198396/,4.8,298
"Смартфон Tenco Pova 9 Pro Ростест (EAC) 16/1 ТБ, Nano-SIM, шоколадный",1426007.0,ozon,https://ir-3.ozone.ru/s3/multimedia-1-8/wc500/13003344404.jpg,https://ozon.uz/product/smartfon-tenco-pova-9-pro-rostest-eac-16-1-tb-nano-sim-shokoladnyy-5482905854/,4.7,51
"Infinix Смартфон HOT 70 Ростест (EAC) 8/128 ГБ, Nano-SIM, черный",2464839.0,ozon,https://ir-3.ozone.ru/s3/multimedia-1-6/wc500/12318843138.jpg,https://ozon.uz/product/infinix-smartfon-hot-70-rostest-eac-8-128-gb-nano-sim-chernyy-5000394816/,5.0,29
"realme Смартфон P4X Ростест (EAC) 4/128 ГБ, Nano-SIM, бежевый",1648548.0,ozon,https://ir-3.ozone.ru/s3/multimedia-1-c/wc500/11894448396.jpg,https://ozon.uz/product/realme-smartfon-p4x-rostest-eac-4-128-gb-nano-sim-bezhevyy-4854480195/,,
"Samsung Смартфон Galaxy A14 6/128 ГБ, Nano-SIM, фиолетовый",1444681.0,ozon,https://ir-3.ozone.ru/s3/multimedia-1-p/wc500/14783048125.jpg,https://ozon.uz/product/samsung-smartfon-galaxy-a14-6-128-gb-nano-sim-fioletovyy-5725386696/,4.4,118
"Смартфон H0N0R X6c Смартфон Глобальная русская версия для ЕС, сеть 4G, Wi-FI+GPS+Bluetooth, две SIM-карты, 6,8 дюйма, большой экран высокой четкости, гибкая камера, быстрая зарядка, мощное игровое устройство, аккумулятор большой емкости EU Ростест (EAC) EU 12/512 ГБ, Nano-SIM, фиолетовый",3468870.0,ozon,https://ir-3.ozone.ru/s3/multimedia-1-k/wc500/12378031544.jpg,https://ozon.uz/product/honor-smartfon-honor-600-lite-rostest-eac-8-256-gb-micro-sim-zolotoy-4031590035/,4.9,194
"iQOO Смартфон iQOO Z11 5G Ростест (EAC) 8/128 ГБ, Nano-SIM, черный",4073189.0,ozon,https://ir-3.ozone.ru/s3/multimedia-1-l/wc500/11638179057.jpg,https://ozon.uz/product/iqoo-smartfon-iqoo-z11-5g-rostest-eac-8-128-gb-nano-sim-chernyy-4475096367/,,
"HUAWEI Смартфон nova 16z 12/256 ГБ, Nano-SIM, розовый",3414735.0,ozon,https://ir-3.ozone.ru/s3/multimedia-1-n/wc500/20001604451.jpg,https://ozon.uz/product/huawei-smartfon-nova-16z-12-256-gb-nano-sim-rozovyy-5750675231/,,
"realme Смартфон P4 Ростест (EAC) 6/128 ГБ, Nano-SIM, зеленый",2019462.0,ozon,https://ir-3.ozone.ru/s3/multimedia-1-t/wc500/12373264253.jpg,https://ozon.uz/product/realme-smartfon-p4-rostest-eac-6-128-gb-nano-sim-zelenyy-4854479489/,,
"Samsung Смартфон Galaxy A08 Ростест (EAC) 4/64 ГБ, Nano-SIM, зеленый",2000666.0,ozon,https://ir-3.ozone.ru/s3/multimedia-1-c/wc500/15345477912.jpg,https://ozon.uz/product/samsung-smartfon-galaxy-a08-rostest-eac-4-64-gb-nano-sim-zelenyy-5754657954/,,
"Смартфон H0N0R X6c Смартфон Глобальная русская версия для ЕС, сеть 4G, Wi-FI+GPS+Bluetooth, две SIM-карты, 6,8 дюйма, большой экран высокой четкости, гибкая камера, быстрая зарядка, мощное игровое устройство, аккумулятор большой емкости EU Ростест (EAC) EU 12/512 ГБ, Nano-SIM, фиолетовый",1432934.0,ozon,https://ir-3.ozone.ru/s3/multimedia-1-u/wc500/15132679950.jpg,https://ozon.uz/product/smartfon-h0n0r-x6c-smartfon-globalnaya-russkaya-versiya-dlya-es-set-4g-wi-fi-gps-bluetooth-dve-sim-5821897280/,4.1,428
"Tecno Смартфон Spark 50 Ростест (EAC) 6/128 ГБ, Nano-SIM, черный",1648548.0,ozon,https://ir-3.ozone.ru/s3/multimedia-1-y/wc500/11645964394.jpg,https://ozon.uz/product/tecno-smartfon-spark-50-rostest-eac-6-128-gb-nano-sim-chernyy-4399053751/,,
"Infinix Смартфон NOTE Edge Ростест (EAC) 8/256 ГБ, Nano-SIM, черный",3155738.0,ozon,https://ir-3.ozone.ru/s3/multimedia-1-c/wc500/15151039356.jpg,https://ozon.uz/product/infinix-smartfon-note-edge-rostest-eac-8-256-gb-nano-sim-chernyy-5627535948/,,
"Смартфон HAUWIE Pura 90s Pro , глобальная русская версия,сеть 4G, Двойная SIM-карта, 6.8 дюйма, ударопрочная и водонепроницаемая защита, мощные игровые функции, гибкая камера, длительное время работы от аккумулятора Ростест (EAC), Note 15 pro,pura 80 pro,смартфон андроид EU 12/512 ГБ, Nano-SIM, серебристый",1530747.0,ozon,https://ir-3.ozone.ru/s3/multimedia-1-5/wc500/12373428749.jpg,https://ozon.uz/product/realme-smartfon-p4-lite-rostest-eac-4-128-gb-nano-sim-fioletovyy-4854480028/,4.9,260
"Смартфон HAUWIE Pura 90s Pro , глобальная русская версия,сеть 4G, Двойная SIM-карта, 6.8 дюйма, ударопрочная и водонепроницаемая защита, мощные игровые функции, гибкая камера, длительное время работы от аккумулятора Ростест (EAC), Note 15 pro,pura 80 pro,смартфон андроид EU 12/512 ГБ, Nano-SIM, серебристый",1066291.0,ozon,https://ir-3.ozone.ru/s3/multimedia-1-w/wc500/15320899148.jpg,https://ozon.uz/product/smartfon-hauwie-pura-90s-pro-globalnaya-russkaya-versiya-set-4g-dvoynaya-sim-karta-6-8-5878457237/,4.9,260
"Samsung Смартфон Galaxy S25 Navy 12/128 ГБ, Nano-SIM, eSIM, синий",7906539.0,ozon,https://ir-3.ozone.ru/s3/multimedia-1-e/wc500/14280274202.jpg,https://ozon.uz/product/samsung-smartfon-galaxy-s25-navy-12-128-gb-nano-sim-esim-siniy-3089092151/,4.9,12
"HUAWEI Смартфон Mate X7 ( DEL-LX9), 2 Sim, РСТ (ЕАС), Ростест (EAC) 16/512 ГБ, Nano-SIM, черный",16192187.0,ozon,https://ir-3.ozone.ru/s3/multimedia-1-j/wc500/9054216847.jpg,https://ozon.uz/product/huawei-smartfon-mate-x7-del-lx9-2-sim-rst-eas-rostest-eac-16-512-gb-nano-sim-chernyy-3506521285/,5.0,13
"Samsung Смартфон Global 8/256 ГБ, Nano-SIM, голубой",2058096.0,ozon,https://ir-3.ozone.ru/s3/multimedia-1-2/wc500/12641213666.jpg,https://ozon.uz/product/samsung-smartfon-global-8-256-gb-nano-sim-goluboy-5099748907/,3.9,1433
"Samsung Смартфон Global 8/256 ГБ, Nano-SIM, белый",2470319.0,ozon,https://ir-3.ozone.ru/s3/multimedia-1-m/wc500/12642204514.jpg,https://ozon.uz/product/samsung-smartfon-global-8-256-gb-nano-sim-belyy-5100128629/,3.9,1433
"Infinix Смартфон HOT 70 Ростест (EAC) 4/128 ГБ, Nano-SIM, серебристый",2034075.0,ozon,https://ir-3.ozone.ru/s3/multimedia-1-g/wc500/12318846568.jpg,https://ozon.uz/product/infinix-smartfon-hot-70-rostest-eac-4-128-gb-nano-sim-serebristyy-5000394974/,5.0,29
"realme Смартфон P4X Ростест (EAC) 4/128 ГБ, Nano-SIM, синий",1648548.0,ozon,https://ir-3.ozone.ru/s3/multimedia-1-c/wc500/11894388924.jpg,https://ozon.uz/product/realme-smartfon-p4x-rostest-eac-4-128-gb-nano-sim-siniy-4854480029/,,
"Смартфон Samsvmg Galaxy A16, глобальная русская версия,сеть 4G, Двойная SIM-карта, 6.8 дюйма, ударопрочная и водонепроницаемая защита, мощные игровые функции, гибкая камера, длительное время работы от аккумулятора Ростест (EAC), Note 13 pro,pura 70 pro,смартфон андроид EU 12/512 ГБ, Nano-SIM, белый, слоновая кость",3531525.0,ozon,https://ir-3.ozone.ru/s3/multimedia-1-0/wc500/11705511780.jpg,https://ozon.uz/product/samsung-smartfon-galaxy-a27-rostest-eac-8-256-gb-nano-sim-chernyy-4796137210/,4.7,251
"Смартфон Samsvmg Galaxy A16, глобальная русская версия,сеть 4G, Двойная SIM-карта, 6.8 дюйма, ударопрочная и водонепроницаемая защита, мощные игровые функции, гибкая камера, длительное время работы от аккумулятора Ростест (EAC), Note 13 pro,pura 70 pro,смартфон андроид EU 12/512 ГБ, Nano-SIM, белый, слоновая кость",1118729.0,ozon,https://ir-3.ozone.ru/s3/multimedia-1-j/wc500/14062071187.jpg,https://ozon.uz/product/smartfon-samsvmg-galaxy-a16-globalnaya-russkaya-versiya-set-4g-dvoynaya-sim-karta-6-8-5823552659/,4.7,251
"HUAWEI Смартфон HUAWEI Pura 90s Pro Max 12/512 ГБ, Nano-SIM, черный",11323502.0,ozon,https://ir-3.ozone.ru/s3/multimedia-1-e/wc500/13266215222.jpg,https://ozon.uz/product/huawei-smartfon-huawei-pura-90s-pro-max-12-512-gb-nano-sim-chernyy-5383657499/,4.6,5
"Смартфон H0N0R X6c EU 12/512 ГБ, Nano-SIM, темно-синий, светло-синий",1356615.0,ozon,https://ir-3.ozone.ru/s3/multimedia-1-x/wc500/14670341061.jpg,https://ozon.uz/product/smartfon-h0n0r-x6c-eu-12-512-gb-nano-sim-temno-siniy-svetlo-siniy-5697340505/,4.1,428
"Xiaomi Смартфон redmi 17 black Global 8/256 ГБ, Nano-SIM, черный",3259564.0,ozon,https://ir-3.ozone.ru/s3/multimedia-1-a/wc500/14788072126.jpg,https://ozon.uz/product/xiaomi-smartfon-redmi-17-black-global-8-256-gb-nano-sim-chernyy-5659747008/,5.0,1
"Honor Смартфон 600 Lite Global 8/256 ГБ, Nano-SIM, серый",3886569.0,ozon,https://ir-3.ozone.ru/s3/multimedia-1-a/wc500/12966821722.jpg,https://ozon.uz/product/honor-smartfon-600-lite-global-8-256-gb-nano-sim-seryy-4753137261/,4.9,23
"Смартфон Смартфон, I17Promax, в подарок близким и друзьям, EAC12/512 GB синий Ростест (EAC) 12/512 ГБ, Nano-SIM, синий",926310.0,ozon,https://ir-3.ozone.ru/s3/multimedia-1-h/wc500/14699872349.jpg,https://ozon.uz/product/smartfon-smartfon-i17promax-v-podarok-blizkim-i-druzyam-eac12-512-gb-siniy-rostest-eac-12-512-5588498488/,4.7,534
"Infinix Смартфон Note 60 Ростест (EAC) 8/256 ГБ, Nano-SIM, eSIM, серый металлик",3272151.0,ozon,https://ir-3.ozone.ru/s3/multimedia-1-r/wc500/9379682955.jpg,https://ozon.uz/product/infinix-smartfon-note-60-rostest-eac-8-256-gb-nano-sim-esim-seryy-metallik-3522044377/,4.9,224
"Смартфон H0N0R X9d Смартфон Глобальная русская версия для ЕС, сеть 4G, Wi-FI+GPS+Bluetooth, две SIM-карты, 6,8 дюйма, большой экран высокой четкости, гибкая камера, быстрая зарядка, мощное игровое устройство, аккумулятор большой емкости EU Ростест (EAC) EU 12/512 ГБ, Nano-SIM, синий",1126101.0,ozon,https://ir-3.ozone.ru/s3/multimedia-1-a/wc500/12516418846.jpg,https://ozon.uz/product/smartfon-samsvng-galaxy-z-fold-8-ultra-rostest-eac-16-1-tb-micro-sim-sirenevyy-5510348494/,4.9,40
"Samsung Смартфон Galaxy S25 Ultra 12/256 ГБ, Nano-SIM, синий",10642481.0,ozon,https://ir-3.ozone.ru/s3/multimedia-1-m/wc500/9870839554.jpg,https://ozon.uz/product/samsung-smartfon-galaxy-s25-ultra-12-256-gb-nano-sim-siniy-4834495831/,5.0,30
"Смартфон H0N0R X9d Смартфон Глобальная русская версия для ЕС, сеть 4G, Wi-FI+GPS+Bluetooth, две SIM-карты, 6,8 дюйма, большой экран высокой четкости, гибкая камера, быстрая зарядка, мощное игровое устройство, аккумулятор большой емкости EU Ростест (EAC) EU 12/512 ГБ, Nano-SIM, синий",1432934.0,ozon,https://ir-3.ozone.ru/s3/multimedia-1-o/wc500/15133145676.jpg,https://ozon.uz/product/smartfon-h0n0r-x9d-smartfon-globalnaya-russkaya-versiya-dlya-es-set-4g-wi-fi-gps-bluetooth-dve-sim-5822018424/,4.1,428
"realme Смартфон P4 Lite Ростест (EAC) 4/64 ГБ, Nano-SIM, серый",1412947.0,ozon,https://ir-3.ozone.ru/s3/multimedia-1-k/wc500/12373469624.jpg,https://ozon.uz/product/realme-smartfon-p4-lite-rostest-eac-4-64-gb-nano-sim-seryy-4854479761/,,
"Samsung Смартфон Global 6/128 ГБ, Nano-SIM, белый",1336859.0,ozon,https://ir-3.ozone.ru/s3/multimedia-1-y/wc500/7686106774.jpg,https://ozon.uz/product/samsung-smartfon-global-6-128-gb-nano-sim-belyy-1999429040/,3.9,1433
"Xiaomi Смартфон Note 15 Ростест (EAC) 8/256 ГБ, Nano-SIM, черный",2589532.0,ozon,https://ir-3.ozone.ru/s3/multimedia-1-a/wc500/8806018366.jpg,https://ozon.uz/product/xiaomi-smartfon-note-15-rostest-eac-8-256-gb-nano-sim-chernyy-3391102114/,,
"Samsung Смартфон Galaxy A08 Ростест (EAC) 4/64 ГБ, Nano-SIM, синий",2000666.0,ozon,https://ir-3.ozone.ru/s3/multimedia-1-u/wc500/14886839046.jpg,https://ozon.uz/product/samsung-smartfon-galaxy-a08-rostest-eac-4-64-gb-nano-sim-siniy-5754658268/,,
"Samsung Смартфон Galaxy A27 Ростест (EAC) 8/256 ГБ, Nano-SIM, синий",3531525.0,ozon,https://ir-3.ozone.ru/s3/multimedia-1-0/wc500/11705511276.jpg,https://ozon.uz/product/samsung-smartfon-galaxy-a27-rostest-eac-8-256-gb-nano-sim-siniy-4796136681/,,
"Смартфон I17 Pro Max, В качестве подарка родным и близким Ростест (EAC) 12/512 ГБ, Nano-SIM, серебристый",4015177.0,ozon,https://ir-3.ozone.ru/s3/multimedia-1-s/wc500/12967710328.jpg,https://ozon.uz/product/samsung-smartfon-galaxy-a37-5g-global-8-256-gb-nano-sim-fioletovyy-4753127026/,4.9,248
"Смартфон OPPO A78 8/256 ГБ, Nano-SIM, голубой",1760458.0,ozon,https://ir-3.ozone.ru/s3/multimedia-1-6/wc500/15461305746.jpg,https://ozon.uz/product/smartfon-oppo-a78-8-256-gb-nano-sim-goluboy-5403585465/,5.0,102
"Смартфон Global 8/256 ГБ, Nano-SIM, черно-серый",1528189.0,ozon,https://ir-3.ozone.ru/s3/multimedia-1-i/wc500/15340932234.jpg,https://ozon.uz/product/smartfon-global-8-256-gb-nano-sim-cherno-seryy-5068902386/,4.5,156
"Poco Смартфон F9 Pro Ростест (EAC) 12/256 ГБ, Nano-SIM, eSIM, белый",7584863.0,ozon,https://ir-3.ozone.ru/s3/multimedia-1-3/wc500/14852131527.jpg,https://ozon.uz/product/poco-smartfon-f9-pro-rostest-eac-12-256-gb-nano-sim-esim-belyy-5744556010/,5.0,5
"realme Смартфон 16 Pro Ростест (EAC) 8/256 ГБ, Nano-SIM, темно-серый",4121264.0,ozon,https://ir-3.ozone.ru/s3/multimedia-1-m/wc500/9192101638.jpg,https://ozon.uz/product/realme-smartfon-16-pro-rostest-eac-8-256-gb-nano-sim-temno-seryy-3632948906/,,
"Infinix Смартфон HOT 70 Ростест (EAC) 8/128 ГБ, Nano-SIM, серебристый",2464839.0,ozon,https://ir-3.ozone.ru/s3/multimedia-1-6/wc500/12318843678.jpg,https://ozon.uz/product/infinix-smartfon-hot-70-rostest-eac-8-128-gb-nano-sim-serebristyy-5000395977/,5.0,29
"Смартфон I17 Pro Max, В качестве подарка родным и близким Ростест (EAC) 12/512 ГБ, Nano-SIM, серебристый",848827.0,ozon,https://ir-3.ozone.ru/s3/multimedia-1-9/wc500/9126305469.jpg,https://ozon.uz/product/smartfon-i17-pro-max-v-kachestve-podarka-rodnym-i-blizkim-rostest-eac-12-512-gb-nano-sim-serebristyy-5844433909/,5.0,335
"Samsung Смартфон Galaxy A17 8/256 ГБ, Nano-SIM, черный, темно-серый",2404966.0,ozon,https://ir-3.ozone.ru/s3/multimedia-1-h/wc500/14649262973.jpg,https://ozon.uz/product/samsung-smartfon-galaxy-a17-8-256-gb-nano-sim-chernyy-temno-seryy-5691912822/,4.4,118
"Смартфон I16 Pro Max, В качестве подарка родным и близким Ростест (EAC) 12/512 ГБ, Nano-SIM, прозрачный",882800.0,ozon,https://ir-3.ozone.ru/s3/multimedia-1-h/wc500/7844159897.jpg,https://ozon.uz/product/smartfon-rostest-eac-12-512-gb-nano-sim-belyy-2719400897/,4.3,615
"Samsung Смартфон Galaxy A15 8/256 ГБ, Nano-SIM, белый, хром",2074947.0,ozon,https://ir-3.ozone.ru/s3/multimedia-1-m/wc500/14649263230.jpg,https://ozon.uz/product/samsung-smartfon-galaxy-a15-8-256-gb-nano-sim-belyy-hrom-5691915428/,4.4,118
"realme Смартфон P4X Ростест (EAC) 4/256 ГБ, Nano-SIM, бежевый",1941834.0,ozon,https://ir-3.ozone.ru/s3/multimedia-1-o/wc500/11894580600.jpg,https://ozon.uz/product/realme-smartfon-p4x-rostest-eac-4-256-gb-nano-sim-bezhevyy-4854480471/,,
"Смартфон HVAWEI Mate 80 RS EU 12/512 ГБ, Nano-SIM, сиреневый",1101667.0,ozon,https://ir-3.ozone.ru/s3/multimedia-1-e/wc500/14682636410.jpg,https://ozon.uz/product/smartfon-hvawei-mate-80-rs-eu-12-512-gb-nano-sim-sirenevyy-5700199429/,4.8,298
"Смартфон I16 Pro Max, В качестве подарка родным и близким Ростест (EAC) 12/512 ГБ, Nano-SIM, прозрачный",956552.0,ozon,https://ir-3.ozone.ru/s3/multimedia-1-4/wc500/14404277632.jpg,https://ozon.uz/product/smartfon-i16-pro-max-v-kachestve-podarka-rodnym-i-blizkim-rostest-eac-12-512-gb-nano-sim-prozrachnyy-5600785831/,4.8,455
"Смартфон Redmi Note 9 6/128 ГБ, Nano-SIM, синий, темно-синий",1783537.0,ozon,https://ir-3.ozone.ru/s3/multimedia-1-8/wc500/14425386380.jpg,https://ozon.uz/product/smartfon-redmi-note-9-6-128-gb-nano-sim-siniy-temno-siniy-5632493529/,5.0,103
"Tecno Смартфон Spark Go 3 Ростест (EAC) 4/64 ГБ, Nano-SIM, черный",1251022.0,ozon,https://ir-3.ozone.ru/s3/multimedia-1-t/wc500/11058607145.jpg,https://ozon.uz/product/tecno-smartfon-spark-go-3-rostest-eac-4-64-gb-nano-sim-chernyy-3624673036/,,
"Смартфон I16 Pro Max, В качестве подарка родным и близким Ростест (EAC) 12/512 ГБ, Nano-SIM, светло-синий",956552.0,ozon,https://ir-3.ozone.ru/s3/multimedia-1-q/wc500/14404280102.jpg,https://ozon.uz/product/smartfon-i16-pro-max-v-kachestve-podarka-rodnym-i-blizkim-rostest-eac-12-512-gb-nano-sim-5600765482/,4.8,455
"Xiaomi Смартфон Note 15 Pro Ростест (EAC) 8/256 ГБ, Nano-SIM, черный",2767174.0,ozon,https://ir-3.ozone.ru/s3/multimedia-1-s/wc500/8986577860.jpg,https://ozon.uz/product/xiaomi-smartfon-note-15-pro-rostest-eac-8-256-gb-nano-sim-chernyy-3427661016/,,
"Samsung Смартфон Galaxy A37 5G Global 8/256 ГБ, Nano-SIM, зеленый",3993088.0,ozon,https://ir-3.ozone.ru/s3/multimedia-1-d/wc500/12967699621.jpg,https://ozon.uz/product/samsung-smartfon-galaxy-a37-5g-global-8-256-gb-nano-sim-zelenyy-4753126182/,4.9,248
"Смартфон Ростест (EAC) 12/512 ГБ, Nano-SIM, черный",863782.0,ozon,https://ir-3.ozone.ru/s3/multimedia-1-9/wc500/15295208589.jpg,https://ozon.uz/product/smartfon-rostest-eac-12-512-gb-nano-sim-chernyy-5870327165/,4.8,424
"XIAOXING Смартфон 16/512 ГБ, черный",986874.0,ozon,https://ir-3.ozone.ru/s3/multimedia-1-3/wc500/15057180579.jpg,https://ozon.uz/product/xiaoxing-smartfon-16-512-gb-chernyy-5412450236/,4.5,295
"Samsung Смартфон Galaxy A27 Ростест (EAC) 8/256 ГБ, Nano-SIM, розовый",3531525.0,ozon,https://ir-3.ozone.ru/s3/multimedia-1-q/wc500/11705511626.jpg,https://ozon.uz/product/samsung-smartfon-galaxy-a27-rostest-eac-8-256-gb-nano-sim-rozovyy-4796136665/,,
"Honor Смартфон Turbo Ростест (EAC) 8/256 ГБ, Nano-SIM, черный",3119292.0,ozon,https://ir-3.ozone.ru/s3/multimedia-1-m/wc500/14126038942.jpg,https://ozon.uz/product/honor-smartfon-turbo-rostest-eac-8-256-gb-nano-sim-chernyy-5279815175/,,
"iQOO Смартфон Z11x Ростест (EAC) 8/256 ГБ, Nano-SIM, черный",3484460.0,ozon,https://ir-3.ozone.ru/s3/multimedia-1-c/wc500/10086128112.jpg,https://ozon.uz/product/iqoo-smartfon-z11x-rostest-eac-8-256-gb-nano-sim-chernyy-3721461633/,,
"Смартфон S25 Ultra , Флагманский российский мобильный телефон;большим экраном диагональю 6.6 дюйма;сеть 4G；высококачественные игры；досуг и развлечения；Android ； большой объем памяти; А56; А17;А26;Подарок на день рождения Ростест (EAC) EU 12/512 ГБ, Nano-SIM, светло-синий, черно-серый",1588569.0,ozon,https://ir-3.ozone.ru/s3/multimedia-1-p/wc500/9817222813.jpg,https://ozon.uz/product/xiaomi-smartfon-redmi-a7-pro-rostest-eac-4-64-gb-nano-sim-goluboy-3616814014/,4.5,295
"XIAOXING Смартфон 8/512 ГБ, светло-розовый",984335.0,ozon,https://ir-3.ozone.ru/s3/multimedia-1-8/wc500/13683933764.jpg,https://ozon.uz/product/xiaoxing-smartfon-8-512-gb-svetlo-rozovyy-5412657708/,4.5,295
"Смартфон Смартфон I16 PRO Max, международная версия, 12+512 ГБ. Ростест (EAC) 12/512 ГБ, Nano-SIM, хаки, светло-зеленый",882366.0,ozon,https://ir-3.ozone.ru/s3/multimedia-1-0/wc500/15294279060.jpg,https://ozon.uz/product/smartfon-smartfon-i16-pro-max-mezhdunarodnaya-versiya-12-512-gb-rostest-eac-12-512-gb-nano-sim-haki-5743735772/,4.7,655
"Honor Смартфон Turbo Ростест (EAC) 8/256 ГБ, Nano-SIM, зеленый",3119292.0,ozon,https://ir-3.ozone.ru/s3/multimedia-1-3/wc500/14126025387.jpg,https://ozon.uz/product/honor-smartfon-turbo-rostest-eac-8-256-gb-nano-sim-zelenyy-5279815724/,,
"Смартфон S25 Ultra , Флагманский российский мобильный телефон;большим экраном диагональю 6.6 дюйма;сеть 4G；высококачественные игры；досуг и развлечения；Android ； большой объем памяти; А56; А17;А26;Подарок на день рождения Ростест (EAC) EU 12/512 ГБ, Nano-SIM, светло-синий, черно-серый",889879.0,ozon,https://ir-3.ozone.ru/s3/multimedia-1-h/wc500/13514533685.jpg,https://ozon.uz/product/smartfon-s25-ultra-flagmanskiy-rossiyskiy-mobilnyy-telefon-bolshim-ekranom-diagonalyu-6-6-dyuyma-5362115667/,4.8,112
"Смартфон Смартфон I16 PRO Max, международная версия, 12+512 ГБ. Ростест (EAC) 12/512 ГБ, Nano-SIM, желтый, черный",891476.0,ozon,https://ir-3.ozone.ru/s3/multimedia-1-e/wc500/15331460738.jpg,https://ozon.uz/product/smartfon-smartfon-i16-pro-max-mezhdunarodnaya-versiya-12-512-gb-rostest-eac-12-512-gb-nano-sim-5744779125/,4.8,471
"Смартфон Смартфон Honor, международная версия, 12+512 ГБ. Ростест (EAC) 12/512 ГБ, Nano-SIM, черный",909878.0,ozon,https://ir-3.ozone.ru/s3/multimedia-1-d/wc500/15199109617.jpg,https://ozon.uz/product/smartfon-smartfon-honor-mezhdunarodnaya-versiya-12-512-gb-rostest-eac-12-512-gb-nano-sim-chernyy-5684834502/,4.8,669
"Honor Смартфон 400 Ростест (EAC) 12/512 ГБ, Nano-SIM, синий",4332298.0,ozon,https://ir-3.ozone.ru/s3/multimedia-1-y/wc500/12499377838.jpg,https://ozon.uz/product/honor-smartfon-400-rostest-eac-12-512-gb-nano-sim-siniy-5057023618/,,
"Смартфон H0N0R 17 PRO MAX Российская версия:17 PRO MAX Смартфон (глобальная версия, поддерживает Россию), сеть 4G, 6,8 дюймов, Android-телефон, HD-камера, быстрая зарядка, высокопроизводительное игровое устройство EU 16/1 ТБ, Nano-SIM, коралловый, прозрачный",1214324.0,ozon,https://ir-3.ozone.ru/s3/multimedia-1-r/wc500/14517311103.jpg,https://ozon.uz/product/smartfon-h0n0r-17-pro-max-rossiyskaya-versiya-17-pro-max-smartfon-globalnaya-versiya-5657017019/,4.6,260
"Смартфон Samsumg Galxay S26 Ultra Ростест (EAC) 16/1 ТБ, Nano-SIM, золотой",1169996.0,ozon,https://ir-3.ozone.ru/s3/multimedia-1-p/wc500/15319900285.jpg,https://ozon.uz/product/smartfon-samsumg-galxay-s26-ultra-rostest-eac-16-1-tb-nano-sim-zolotoy-5872478511/,5.0,49
"Смартфон H0N0R X9b EU 12/512 ГБ, Nano-SIM, серебристый",954708.0,ozon,https://ir-3.ozone.ru/s3/multimedia-1-m/wc500/14533038058.jpg,https://ozon.uz/product/smartfon-h0n0r-x9b-eu-12-512-gb-nano-sim-serebristyy-5789688620/,4.4,219
"Смартфон Android 13,6,6” IPS LCD, 2280 x 1080 пикселей,90 Гц,аккумулятор 5300 мАч Ростест (EAC) 12/512 ГБ Ростест (EAC) 12/512 ГБ, Nano-SIM, белый",911940.0,ozon,https://ir-3.ozone.ru/s3/multimedia-1-d/wc500/14846955889.jpg,https://ozon.uz/product/smartfon-android-13-6-6-ips-lcd-2280-x-1080-pikseley-90-gts-akkumulyator-5300-mach-rostest-eac-12-5588190709/,4.7,655
"Samsung Смартфон Galaxy A27 Ростест (EAC) 6/128 ГБ, Nano-SIM, черный",3060460.0,ozon,https://ir-3.ozone.ru/s3/multimedia-1-9/wc500/11705511285.jpg,https://ozon.uz/product/samsung-smartfon-galaxy-a27-rostest-eac-6-128-gb-nano-sim-chernyy-4796136541/,,
"Redmi Смартфон Redmi 15C Global 8/256 ГБ, Nano-SIM, зеленый, светло-зеленый",1542859.0,ozon,https://ir-3.ozone.ru/s3/multimedia-1-l/wc500/13772915445.jpg,https://ozon.uz/product/redmi-smartfon-redmi-15c-global-8-256-gb-nano-sim-zelenyy-svetlo-zelenyy-5382670957/,4.5,1051
"iQOO Смартфон Z11 Lite Ростест (EAC) 4/128 ГБ, Nano-SIM, темно-синий",2471731.0,ozon,https://ir-3.ozone.ru/s3/multimedia-1-r/wc500/10271993427.jpg,https://ozon.uz/product/iqoo-smartfon-z11-lite-rostest-eac-4-128-gb-nano-sim-temno-siniy-4206328838/,,
"iQOO Смартфон Z11x Ростест (EAC) 8/256 ГБ, Nano-SIM, серебристый",3484460.0,ozon,https://ir-3.ozone.ru/s3/multimedia-1-5/wc500/10086127349.jpg,https://ozon.uz/product/iqoo-smartfon-z11x-rostest-eac-8-256-gb-nano-sim-serebristyy-3721461704/,,
"Смартфон XAIOMl 17 PRO MAX Российская версия:17 PRO MAX Смартфон (глобальная версия, поддерживает Россию), сеть 4G, 6,8 дюймов, Android-телефон, HD-камера, быстрая зарядка, высокопроизводительное игровое устройство EU 16/1 ТБ, Nano-SIM, темно-синий",959177.0,ozon,https://ir-3.ozone.ru/s3/multimedia-1-6/wc500/14681009598.jpg,https://ozon.uz/product/smartfon-hvawei-mate-80-rs-eu-12-512-gb-nano-sim-chernyy-matovyy-5699834045/,4.6,508
"Смартфон Android 13,6,6” IPS LCD, 2280 x 1080 пикселей,90 Гц,аккумулятор 5300 мАч Ростест (EAC) 12/512 ГБ Ростест (EAC) 12/512 ГБ, Nano-SIM, черный",911940.0,ozon,https://ir-3.ozone.ru/s3/multimedia-1-s/wc500/14846951908.jpg,https://ozon.uz/product/smartfon-android-13-6-6-ips-lcd-2280-x-1080-pikseley-90-gts-akkumulyator-5300-mach-rostest-eac-12-5588193474/,4.7,655
"iQOO Смартфон Z11 Lite Ростест (EAC) 6/128 ГБ, Nano-SIM, темно-синий",2577629.0,ozon,https://ir-3.ozone.ru/s3/multimedia-1-u/wc500/10271998938.jpg,https://ozon.uz/product/iqoo-smartfon-z11-lite-rostest-eac-6-128-gb-nano-sim-temno-siniy-4206330289/,,
"Смартфон OPPO A38 8/256 ГБ, Nano-SIM, черный, черно-серый",1709061.0,ozon,https://ir-3.ozone.ru/s3/multimedia-1-v/wc500/13694995291.jpg,https://ozon.uz/product/smartfon-oppo-a38-8-256-gb-nano-sim-chernyy-cherno-seryy-5356422281/,5.0,89
"Смартфон H0N0R 200 EU 12/512 ГБ, Nano-SIM, шоколадный, темно-бордовый",1345241.0,ozon,https://ir-3.ozone.ru/s3/multimedia-1-s/wc500/11748918304.jpg,https://ozon.uz/product/smartfon-h0n0r-200-eu-12-512-gb-nano-sim-shokoladnyy-temno-bordovyy-4812048098/,3.4,161
"Redmi Смартфон Redmi 15C Global 8/256 ГБ, Nano-SIM, черный, серебристый",1610627.0,ozon,https://ir-3.ozone.ru/s3/multimedia-1-0/wc500/13580273088.jpg,https://ozon.uz/product/redmi-smartfon-redmi-15c-global-8-256-gb-nano-sim-chernyy-serebristyy-5554864483/,4.8,31
"Redmi Смартфон Redmi 15C Ростест (EAC) 8/256 ГБ, Nano-SIM, лазурный",1520884.0,ozon,https://ir-3.ozone.ru/s3/multimedia-1-3/wc500/14761620471.jpg,https://ozon.uz/product/redmi-smartfon-redmi-15c-rostest-eac-8-256-gb-nano-sim-lazurnyy-5902237477/,4.8,53
"Смартфон XAIOMl 17 PRO MAX Российская версия:17 PRO MAX Смартфон (глобальная версия, поддерживает Россию), сеть 4G, 6,8 дюймов, Android-телефон, HD-камера, быстрая зарядка, высокопроизводительное игровое устройство EU 16/1 ТБ, Nano-SIM, темно-синий",1242509.0,ozon,https://ir-3.ozone.ru/s3/multimedia-1-f/wc500/14109763803.jpg,https://ozon.uz/product/smartfon-xaioml-17-pro-max-rossiyskaya-versiya-17-pro-max-smartfon-globalnaya-versiya-5821363625/,4.7,251
"iQOO Смартфон iQOO 15 Ростест (EAC) 12/256 ГБ, Nano-SIM, серый",10078553.0,ozon,https://ir-3.ozone.ru/s3/multimedia-1-k/wc500/9140349512.jpg,https://ozon.uz/product/iqoo-smartfon-iqoo-15-rostest-eac-12-256-gb-nano-sim-seryy-3152421007/,,
"Смартфон 18 Pro Max,5G,8000 мАч Ростест (EAC) 16/1 ТБ, Nano-SIM, темно-серый",1136205.0,ozon,https://ir-3.ozone.ru/s3/multimedia-1-j/wc500/11360600443.jpg,https://ozon.uz/product/smartfon-18-pro-max-5g-8000-mach-rostest-eac-16-1-tb-nano-sim-temno-seryy-5749127462/,4.6,99
"Infinix Смартфон Note 60 Ростест (EAC) 8/256 ГБ, Nano-SIM, eSIM, светло-синий",3269382.0,ozon,https://ir-3.ozone.ru/s3/multimedia-1-t/wc500/9379682453.jpg,https://ozon.uz/product/infinix-smartfon-note-60-rostest-eac-8-256-gb-nano-sim-esim-svetlo-siniy-3522044569/,4.9,224
"Смартфон reaime C75 EU 12/512 ГБ, Nano-SIM, черный",1102677.0,ozon,https://ir-3.ozone.ru/s3/multimedia-1-p/wc500/14682629221.jpg,https://ozon.uz/product/smartfon-reaime-c75-eu-12-512-gb-nano-sim-chernyy-5700199026/,4.8,298
"Infinix Смартфон GT 30 PRO Ростест (EAC) 8/256 ГБ, Nano-SIM, серебристый",3043734.0,ozon,https://ir-3.ozone.ru/s3/multimedia-1-4/wc500/7750451380.jpg,https://ozon.uz/product/infinix-smartfon-gt-30-pro-rostest-eac-8-256-gb-nano-sim-serebristyy-3455408481/,4.9,1165
"realme Смартфон P4X Ростест (EAC) 4/256 ГБ, Nano-SIM, синий",1941834.0,ozon,https://ir-3.ozone.ru/s3/multimedia-1-a/wc500/11894531986.jpg,https://ozon.uz/product/realme-smartfon-p4x-rostest-eac-4-256-gb-nano-sim-siniy-4854480470/,,
"Смартфон I16 Pro Max, В качестве подарка родным и близким Ростест (EAC) 12/512 ГБ, Nano-SIM, черный матовый",3001628.0,ozon,https://ir-3.ozone.ru/s3/multimedia-1-7/wc500/10272006943.jpg,https://ozon.uz/product/iqoo-smartfon-z11-lite-rostest-eac-8-256-gb-nano-sim-zolotoy-4206330298/,4.4,118
"Samsung Смартфон Galaxy A15 8/256 ГБ, Nano-SIM, черный",2074947.0,ozon,https://ir-3.ozone.ru/s3/multimedia-1-5/wc500/14649258713.jpg,https://ozon.uz/product/samsung-smartfon-galaxy-a15-8-256-gb-nano-sim-chernyy-5691912927/,4.4,118
"realme Смартфон P4 Lite Ростест (EAC) 4/128 ГБ, Nano-SIM, серый",1530747.0,ozon,https://ir-3.ozone.ru/s3/multimedia-1-o/wc500/12373351044.jpg,https://ozon.uz/product/realme-smartfon-p4-lite-rostest-eac-4-128-gb-nano-sim-seryy-4854480026/,,
"Смартфон I16 Pro Max, В качестве подарка родным и близким Ростест (EAC) 12/512 ГБ, Nano-SIM, черный матовый",1044745.0,ozon,https://ir-3.ozone.ru/s3/multimedia-1-a/wc500/15092623558.jpg,https://ozon.uz/product/smartfon-i16-pro-max-v-kachestve-podarka-rodnym-i-blizkim-rostest-eac-12-512-gb-nano-sim-5876111510/,4.8,413
"Смартфон TECN0 Spark 50 Pro Ростест (EAC) 16/1 ТБ, Micro-SIM, шоколадный",1030806.0,ozon,https://ir-3.ozone.ru/s3/multimedia-1-2/wc500/14846991482.jpg,https://ozon.uz/product/smartfon-tecn0-spark-50-pro-rostest-eac-16-1-tb-micro-sim-shokoladnyy-5723001403/,4.6,84
"Samsung Смартфон Galaxy S26 FE Ростест (EAC) 8/128 ГБ, Nano-SIM, eSIM, черный",7653911.0,ozon,https://ir-3.ozone.ru/s3/multimedia-1-b/wc500/14306496455.jpg,https://ozon.uz/product/samsung-smartfon-galaxy-s26-fe-rostest-eac-8-128-gb-nano-sim-esim-chernyy-5526616204/,,
"Honor Смартфон X8d Ростест (EAC) 8/128 ГБ, Nano-SIM, серый",2672906.0,ozon,https://ir-3.ozone.ru/s3/multimedia-1-k/wc500/9092385596.jpg,https://ozon.uz/product/honor-smartfon-x8d-rostest-eac-8-128-gb-nano-sim-seryy-3391678419/,,
"Samsung Смартфон Samsung Galaxy A57 (Lilac) Global 8/256 ГБ, Nano-SIM, сиреневый",5208419.0,ozon,https://ir-3.ozone.ru/s3/multimedia-1-a/wc500/12845131750.jpg,https://ozon.uz/product/samsung-smartfon-samsung-galaxy-a57-lilac-global-8-256-gb-nano-sim-sirenevyy-3848727083/,5.0,41
"Смартфон Смартфон I16 PRO Max, международная версия, 12+512 ГБ. Ростест (EAC) 12/512 ГБ, Nano-SIM, бежевый, слоновая кость",881692.0,ozon,https://ir-3.ozone.ru/s3/multimedia-1-r/wc500/15083190999.jpg,https://ozon.uz/product/smartfon-smartfon-eu-12-512-gb-nano-sim-svetlo-zelenyy-belyy-5754071490/,4.8,424
"Смартфон I15 Pro Max, В качестве подарка родным и близким Ростест (EAC) 12/512 ГБ, Nano-SIM, белый",917000.0,ozon,https://ir-3.ozone.ru/s3/multimedia-1-y/wc500/8335282462.jpg,https://ozon.uz/product/smartfon-i15-pro-max-v-kachestve-podarka-rodnym-i-blizkim-rostest-eac-12-512-gb-nano-sim-belyy-3111378212/,4.4,8530
"Смартфон TECN0 Pova 7 Pro Ростест (EAC) 16/1 ТБ, Micro-SIM, темно-серый",1098894.0,ozon,https://ir-3.ozone.ru/s3/multimedia-1-o/wc500/14384309784.jpg,https://ozon.uz/product/smartfon-tecn0-pova-7-pro-rostest-eac-16-1-tb-micro-sim-temno-seryy-5823653648/,4.8,44
"Смартфон Ростест (EAC) 16/1 ТБ, Nano-SIM, оранжевый",880773.0,ozon,https://ir-3.ozone.ru/s3/multimedia-1-e/wc500/12795916262.jpg,https://ozon.uz/product/smartfon-rostest-eac-16-1-tb-nano-sim-oranzhevyy-5145297529/,4.6,119
"Смартфон Sansumg Galaxy A56 EU 12/512 ГБ, Nano-SIM, черный матовый",943289.0,ozon,https://ir-3.ozone.ru/s3/multimedia-1-8/wc500/14508259604.jpg,https://ozon.uz/product/smartfon-sansumg-galaxy-a56-eu-12-512-gb-nano-sim-chernyy-matovyy-5789688562/,4.4,219
"Смартфон Смартфон I16 PRO Max, международная версия, 12+512 ГБ. Ростест (EAC) 12/512 ГБ, Nano-SIM, бежевый, слоновая кость",882366.0,ozon,https://ir-3.ozone.ru/s3/multimedia-1-x/wc500/15294271857.jpg,https://ozon.uz/product/smartfon-smartfon-i16-pro-max-mezhdunarodnaya-versiya-12-512-gb-rostest-eac-12-512-gb-nano-5743733816/,4.7,655
"iQOO Смартфон iQOO Z11 5G Ростест (EAC) 8/128 ГБ, Nano-SIM, синий",4073189.0,ozon,https://ir-3.ozone.ru/s3/multimedia-1-m/wc500/11638179526.jpg,https://ozon.uz/product/iqoo-smartfon-iqoo-z11-5g-rostest-eac-8-128-gb-nano-sim-siniy-4475096368/,,
"Смартфон X200 Ростест (EAC) 12/512 ГБ, Nano-SIM, серый металлик",851792.0,ozon,https://ir-3.ozone.ru/s3/multimedia-1-u/wc500/15292130610.jpg,https://ozon.uz/product/smartfon-x200-rostest-eac-12-512-gb-nano-sim-seryy-metallik-5869290355/,4.8,424
"Смартфон Смартфон HOTWAV A17 Pro Max 4/128 ГБ, экран 6,75″ 120 Гц, аккумулятор 5160 мА·ч, Android 15, 4G LTE, Dual SIM, оранжевый Global 4/128 ГБ, Nano-SIM, оранжевый",1097077.0,ozon,https://ir-3.ozone.ru/s3/multimedia-1-g/wc500/15081231688.jpg,https://ozon.uz/product/hyundai-smartfon-rostest-eac-8-512-gb-nano-sim-siniy-5667018898/,3.7,13
"Honor Смартфон X9d Ростест (EAC) 12/256 ГБ, Nano-SIM, золотой",4355719.0,ozon,https://ir-3.ozone.ru/s3/multimedia-1-8/wc500/8997252272.jpg,https://ozon.uz/product/honor-smartfon-x9d-rostest-eac-12-256-gb-nano-sim-zolotoy-2916988971/,,
"XIAOXING Смартфон 8/512 ГБ, синий",1021973.0,ozon,https://ir-3.ozone.ru/s3/multimedia-1-s/wc500/9477359380.jpg,https://ozon.uz/product/xiaoxing-smartfon-8-512-gb-siniy-4716087468/,4.3,36
"iQOO Смартфон iQOO 15R Ростест (EAC) 8/256 ГБ, Nano-SIM, черный",6005388.0,ozon,https://ir-3.ozone.ru/s3/multimedia-1-d/wc500/9140561797.jpg,https://ozon.uz/product/iqoo-smartfon-iqoo-15r-rostest-eac-8-256-gb-nano-sim-chernyy-3539437981/,,
"Rikor Смартфон NEURO S5 Ростест (EAC) 8/256 ГБ, Nano-SIM, eSIM, черный, черный матовый",2178473.0,ozon,https://ir-3.ozone.ru/s3/multimedia-1-x/wc500/10247749089.jpg,https://ozon.uz/product/rikor-smartfon-neuro-s5-rostest-eac-8-256-gb-nano-sim-esim-chernyy-chernyy-matovyy-3377143218/,4.7,337
"Xiaomi Смартфон REDMI Note 17 Ростест (EAC) 4/128 ГБ, Nano-SIM, черный",2383996.0,ozon,https://ir-3.ozone.ru/s3/multimedia-1-r/wc500/14604962031.jpg,https://ozon.uz/product/xiaomi-smartfon-redmi-note-17-rostest-eac-4-128-gb-nano-sim-chernyy-5530505557/,5.0,63
"Смартфон I17pro 16/1 ТБ, оранжевый",887599.0,ozon,https://ir-3.ozone.ru/s3/multimedia-1-1/wc500/9947868481.jpg,https://ozon.uz/product/smartfon-i17pro-16-1-tb-oranzhevyy-5663720581/,4.6,81
"Смартфон Смартфон HOTWAV A17 Pro Max 4/128 ГБ, экран 6,75″ 120 Гц, аккумулятор 5160 мА·ч, Android 15, 4G LTE, Dual SIM, оранжевый Global 4/128 ГБ, Nano-SIM, оранжевый",952136.0,ozon,https://ir-3.ozone.ru/s3/multimedia-1-w/wc500/14895775328.jpg,https://ozon.uz/product/smartfon-smartfon-hotwav-a17-pro-max-4-128-gb-ekran-6-75-120-gts-akkumulyator-5160-ma-ch-android-15-5733993367/,4.5,321
"Смартфон XAlMl Radmi 13, глобальная русская версия,сеть 4G, Двойная SIM-карта, 6.8 дюйма, ударопрочная и водонепроницаемая защита, мощные игровые функции, гибкая камера, длительное время работы от аккумулятора Ростест (EAC), Note 13 pro,pura 70 pro,смартфон андроид EU 12/512 ГБ, Nano-SIM, черно-серый, темно-серый",1416153.0,ozon,https://ir-3.ozone.ru/s3/multimedia-1-w/wc500/11830055468.jpg,https://ozon.uz/product/smartfon-p0c0-x8-pro-max-rostest-eac-16-1-tb-nano-sim-salatovyy-sirenevyy-5780588365/,5.0,51
"Samsung Смартфон Galaxy A37 Ростест (EAC) 8/128 ГБ, Nano-SIM, фиолетовый",4188945.0,ozon,https://ir-3.ozone.ru/s3/multimedia-1-3/wc500/9990829299.jpg,https://ozon.uz/product/samsung-smartfon-galaxy-a37-rostest-eac-8-128-gb-nano-sim-fioletovyy-3661247607/,,
"Смартфон XAlMl Radmi 13, глобальная русская версия,сеть 4G, Двойная SIM-карта, 6.8 дюйма, ударопрочная и водонепроницаемая защита, мощные игровые функции, гибкая камера, длительное время работы от аккумулятора Ростест (EAC), Note 13 pro,pura 70 pro,смартфон андроид EU 12/512 ГБ, Nano-SIM, черно-серый, темно-серый",1108874.0,ozon,https://ir-3.ozone.ru/s3/multimedia-1-a/wc500/14547146446.jpg,https://ozon.uz/product/smartfon-xalml-radmi-13-globalnaya-russkaya-versiya-set-4g-dvoynaya-sim-karta-6-8-dyuyma-5798951309/,4.7,251
"Xiaomi Смартфон REDMI Note 17 Ростест (EAC) 4/128 ГБ, Nano-SIM, черный",2471731.0,ozon,https://ir-3.ozone.ru/s3/multimedia-1-v/wc500/20102261611.jpg,https://ozon.uz/product/xiaomi-smartfon-redmi-note-17-rostest-eac-4-128-gb-nano-sim-chernyy-5473106635/,,
"vivo Смартфон Y11d Ростест (EAC) 4/256 ГБ, черный",1522519.0,ozon,https://ir-3.ozone.ru/s3/multimedia-1-o/wc500/11879679156.jpg,https://ozon.uz/product/vivo-smartfon-y11d-rostest-eac-4-256-gb-chernyy-4855092729/,4.8,123
"Redmi Смартфон Redmi 14C Ростест (EAC) 8/256 ГБ, Nano-SIM, сиреневый",1547001.0,ozon,https://ir-3.ozone.ru/s3/multimedia-1-c/wc500/14810807352.jpg,https://ozon.uz/product/redmi-smartfon-redmi-14c-rostest-eac-8-256-gb-nano-sim-sirenevyy-5732790729/,4.5,1051
"Смартфон H0N0R X8c EU 12/512 ГБ, Nano-SIM, голубой",1403741.0,ozon,https://ir-3.ozone.ru/s3/multimedia-1-5/wc500/14508774473.jpg,https://ozon.uz/product/smartfon-h0n0r-x8c-eu-12-512-gb-nano-sim-goluboy-5652438387/,3.6,22
"realme Смартфон C100i Ростест (EAC) 4/128 ГБ, Nano-SIM, серебристый",1766211.0,ozon,https://ir-3.ozone.ru/s3/multimedia-1-w/wc500/9796232660.jpg,https://ozon.uz/product/realme-smartfon-c100i-rostest-eac-4-128-gb-nano-sim-serebristyy-3931477921/,,
"Смартфон HONOR 50 8/256 ГБ — телефон Android 11, 5G, экран 6.57"" OLED 120 Гц, камера 108 МП, фронталка 32 МП, Snapdragon 778G Plus, 4300 мАч, быстрая зарядка 66 Вт, NFC, две Nano-SIM, черный/графит 8/256 ГБ, Nano-SIM, черный, черно-серый",3870084.0,ozon,https://ir-3.ozone.ru/s3/multimedia-1-y/wc500/14559509374.jpg,https://ozon.uz/product/smartfon-honor-50-8-256-gb-telefon-android-11-5g-ekran-6-57-oled-120-gts-kamera-108-mp-frontalka-32-5668481942/,5.0,72
"Смартфон Смартфон Note 14 PRO 8/256 ГБ, 6.5, 90 Гц, 5000 мАч Ростест (EAC) 16/1 ТБ, Nano-SIM, синий",1590981.0,ozon,https://ir-3.ozone.ru/s3/multimedia-1-q/wc500/15270336674.jpg,https://ozon.uz/product/smartfon-smartfon-note-14-pro-8-256-gb-6-5-90-gts-5000-mach-rostest-eac-16-1-tb-nano-sim-siniy-5862035237/,4.9,73
"HUAWEI Смартфон nova 16z 12/256 ГБ, Nano-SIM, черный",3414735.0,ozon,https://ir-3.ozone.ru/s3/multimedia-1-0/wc500/20001604212.jpg,https://ozon.uz/product/huawei-smartfon-nova-16z-12-256-gb-nano-sim-chernyy-5750674744/,,
"Смартфон 16/1 ТБ, Micro-SIM, Nano-SIM, оранжевый",746566.0,ozon,https://ir-3.ozone.ru/s3/multimedia-1-p/wc500/14677698085.jpg,https://ozon.uz/product/smartfon-16-1-tb-micro-sim-nano-sim-oranzhevyy-5698291356/,4.4,33
"Samsung Смартфон Galaxy A16 8/256 ГБ, Nano-SIM, белый, серебристый",2272968.0,ozon,https://ir-3.ozone.ru/s3/multimedia-1-1/wc500/14649259789.jpg,https://ozon.uz/product/samsung-smartfon-galaxy-a16-8-256-gb-nano-sim-belyy-serebristyy-5691915629/,4.4,118
"Poco Смартфон F9 Ultra 16/512 ГБ, Nano-SIM, черный",10290484.0,ozon,https://ir-3.ozone.ru/s3/multimedia-1-2/wc500/15108704390.jpg,https://ozon.uz/product/poco-smartfon-f9-ultra-16-512-gb-nano-sim-chernyy-5745760499/,,
"Samsung Смартфон Galaxy A37 5G Global 8/128 ГБ, Nano-SIM, темно-зеленый",3506124.0,ozon,https://ir-3.ozone.ru/s3/multimedia-1-g/wc500/12967683604.jpg,https://ozon.uz/product/samsung-smartfon-galaxy-a37-5g-global-8-128-gb-nano-sim-temno-zelenyy-4753119391/,4.9,248
"Смартфон Redmi Note 14, В качестве подарка родным и близким Ростест (EAC) 12/512 ГБ, Micro-SIM, черный матовый",1309908.0,ozon,https://ir-3.ozone.ru/s3/multimedia-1-i/wc500/10407232170.jpg,https://ozon.uz/product/smartfon-redmi-note-14-v-kachestve-podarka-rodnym-i-blizkim-rostest-eac-12-512-gb-micro-sim-3219270245/,4.3,656
"Смартфон Galaxy S26 Смартфон Глобальная русская версия для ЕС, сеть 4G, Wi-FI+GPS+Bluetooth, две SIM-карты, 6,8 дюйма, большой экран высокой четкости, гибкая камера, быстрая зарядка, мощное игровое устройство, аккумулятор большой емкости EU Ростест (EAC) EU 16/1 ТБ, Nano-SIM, черно-серый",909878.0,ozon,https://ir-3.ozone.ru/s3/multimedia-1-j/wc500/15341909779.jpg,https://ozon.uz/product/smartfon-smartfon-smartfon-eu-12-512-gb-nano-sim-svetlo-rozovyy-perlamutrovyy-5754446910/,4.8,669
"Смартфон Galaxy S26 Смартфон Глобальная русская версия для ЕС, сеть 4G, Wi-FI+GPS+Bluetooth, две SIM-карты, 6,8 дюйма, большой экран высокой четкости, гибкая камера, быстрая зарядка, мощное игровое устройство, аккумулятор большой емкости EU Ростест (EAC) EU 16/1 ТБ, Nano-SIM, черно-серый",1091658.0,ozon,https://ir-3.ozone.ru/s3/multimedia-1-0/wc500/14016202488.jpg,https://ozon.uz/product/smartfon-galaxy-s26-smartfon-globalnaya-russkaya-versiya-dlya-es-set-4g-wi-fi-gps-bluetooth-dve-5609580063/,3.8,137
"Смартфон Samsvng Galaxy 26 Ultra Ростест (EAC) 16/1 ТБ, Micro-SIM, золотой",1153705.0,ozon,https://ir-3.ozone.ru/s3/multimedia-1-s/wc500/12524872852.jpg,https://ozon.uz/product/smartfon-samsvng-galaxy-26-ultra-rostest-eac-16-1-tb-micro-sim-zolotoy-5584930963/,4.6,39
"iQOO Смартфон iQOO 15R Ростест (EAC) 8/256 ГБ, Nano-SIM, серый",6005388.0,ozon,https://ir-3.ozone.ru/s3/multimedia-1-5/wc500/9140577701.jpg,https://ozon.uz/product/iqoo-smartfon-iqoo-15r-rostest-eac-8-256-gb-nano-sim-seryy-3539437973/,,
"realme Смартфон C85 Pro Ростест (EAC) 6/128 ГБ, Nano-SIM, темно-зеленый",2472741.0,ozon,https://ir-3.ozone.ru/s3/multimedia-1-e/wc500/8950047170.jpg,https://ozon.uz/product/realme-smartfon-c85-pro-rostest-eac-6-128-gb-nano-sim-temno-zelenyy-3501176029/,,
"Смартфон I16 Pro Max, В качестве подарка родным и близким Ростест (EAC) 12/512 ГБ, Nano-SIM, белый",897722.0,ozon,https://ir-3.ozone.ru/s3/multimedia-1-4/wc500/14758020940.jpg,https://ozon.uz/product/smartfon-i16-pro-max-v-kachestve-podarka-rodnym-i-blizkim-rostest-eac-12-512-gb-nano-sim-belyy-5719197154/,4.9,392
"Смартфон Sunsamg Galaxy A56 EU 12/512 ГБ, Nano-SIM, фиолетовый",1071487.0,ozon,https://ir-3.ozone.ru/s3/multimedia-1-3/wc500/14669607747.jpg,https://ozon.uz/product/smartfon-sunsamg-galaxy-a56-eu-12-512-gb-nano-sim-fioletovyy-5750786710/,4.0,207
"Samsung Смартфон Galaxy A26 8/256 ГБ, Nano-SIM, черный, шоколадный",2488242.0,ozon,https://ir-3.ozone.ru/s3/multimedia-1-r/wc500/14649262551.jpg,https://ozon.uz/product/samsung-smartfon-galaxy-a26-8-256-gb-nano-sim-chernyy-shokoladnyy-5691912645/,4.4,118
"Смартфон Mi 10 Lite 5G 6/128GB смартфон, 6.57"", Snapdragon 765G, 48 МП AI камера, NFC, 4160 мАч, 20W быстрая зарядка Global 6/128 ГБ, Nano-SIM, белый",3060460.0,ozon,https://ir-3.ozone.ru/s3/multimedia-1-q/wc500/11705511626.jpg,https://ozon.uz/product/samsung-smartfon-galaxy-a27-rostest-eac-6-128-gb-nano-sim-rozovyy-4796136932/,4.9,70
"realme Смартфон 16 5G Ростест (EAC) 8/256 ГБ, Nano-SIM, черный",4121264.0,ozon,https://ir-3.ozone.ru/s3/multimedia-1-f/wc500/10086136323.jpg,https://ozon.uz/product/realme-smartfon-16-5g-rostest-eac-8-256-gb-nano-sim-chernyy-3931477783/,,
"HUAWEI Смартфон Nova Y74 8/256 ГБ, Nano-SIM, черный",1870268.0,ozon,https://ir-3.ozone.ru/s3/multimedia-1-9/wc500/14846132961.jpg,https://ozon.uz/product/huawei-smartfon-nova-y74-8-256-gb-nano-sim-chernyy-4977147539/,4.9,70
"Xiaomi Смартфон REDMI Note 17 Pro 5G Ростест (EAC) 6/128 ГБ, Nano-SIM, eSIM, сиреневый",3413725.0,ozon,https://ir-3.ozone.ru/s3/multimedia-1-0/wc500/20102192316.jpg,https://ozon.uz/product/xiaomi-smartfon-redmi-note-17-pro-5g-rostest-eac-6-128-gb-nano-sim-esim-sirenevyy-5473105879/,,
"Смартфон Sansumg Galaxy A35 EU 16/512 ГБ, Nano-SIM, черный, шоколадный",1066611.0,ozon,https://ir-3.ozone.ru/s3/multimedia-1-7/wc500/15291724723.jpg,https://ozon.uz/product/smartfon-sansumg-galaxy-a35-eu-16-512-gb-nano-sim-chernyy-shokoladnyy-5826262148/,4.9,53
"Смартфон Mi 10 Lite 5G 6/128GB смартфон, 6.57"", Snapdragon 765G, 48 МП AI камера, NFC, 4160 мАч, 20W быстрая зарядка Global 6/128 ГБ, Nano-SIM, белый",1079609.0,ozon,https://ir-3.ozone.ru/s3/multimedia-1-z/wc500/13181098571.jpg,https://ozon.uz/product/smartfon-mi-10-lite-5g-6-128gb-smartfon-6-57-snapdragon-765g-48-mp-ai-kamera-nfc-4160-mach-5265452379/,4.7,435
"GLANER Смартфон Защищённый смартфон, экран 6,8 дюйма 16/512 ГБ, Nano-SIM, черный матовый",3095895.0,ozon,https://ir-3.ozone.ru/s3/multimedia-1-h/wc500/15450499313.jpg,https://ozon.uz/product/glaner-smartfon-zashchishchennyy-smartfon-ekran-6-8-dyuyma-16-512-gb-nano-sim-chernyy-matovyy-4952909433/,5.0,14
"Infinix Смартфон Note 60 Ростест (EAC) 8/256 ГБ, Nano-SIM, eSIM, черный",3270626.0,ozon,https://ir-3.ozone.ru/s3/multimedia-1-0/wc500/9379682568.jpg,https://ozon.uz/product/infinix-smartfon-note-60-rostest-eac-8-256-gb-nano-sim-esim-chernyy-3522044382/,4.9,224
"Смартфон Российская версия H0N0R 17 PRO Смартфон (глобальная версия, поддерживает Россию), сеть 4G, 6,8 дюймов, Android-телефон, HD-камера, быстрая зарядка, высокопроизводительное игровое устройство EU 16/1 ТБ, Nano-SIM, темно-синий",3692581.0,ozon,https://ir-3.ozone.ru/s3/multimedia-1-r/wc500/15385366467.jpg,https://ozon.uz/product/smartfon-zashchishchennyy-igrovoy-protivoudarnyy-smartfon-k100-cn-16-1-tb-cherno-seryy-5898161993/,4.7,223
"Honor Смартфон Honor 400 12/256 ГБ, Nano-SIM, eSIM, черный",5264129.0,ozon,https://ir-3.ozone.ru/s3/multimedia-1-d/wc500/7876735609.jpg,https://ozon.uz/product/honor-smartfon-honor-400-12-256-gb-nano-sim-esim-chernyy-2754971382/,5.0,1
"HUAWEI Смартфон nova 15 Pro Ростест (EAC) 12/256 ГБ, Nano-SIM, зеленый",4533498.0,ozon,https://ir-3.ozone.ru/s3/multimedia-1-k/wc500/13583231336.jpg,https://ozon.uz/product/huawei-smartfon-nova-15-pro-rostest-eac-12-256-gb-nano-sim-zelenyy-3879145524/,,
"Смартфон HONOR X9d Ростест (EAC) 12/1 ТБ, Nano-SIM, серебристый",1496872.0,ozon,https://ir-3.ozone.ru/s3/multimedia-1-4/wc500/15015053488.jpg,https://ozon.uz/product/smartfon-honor-x9d-rostest-eac-12-1-tb-nano-sim-serebristyy-5789244598/,5.0,24
"Смартфон Российская версия H0N0R 17 PRO Смартфон (глобальная версия, поддерживает Россию), сеть 4G, 6,8 дюймов, Android-телефон, HD-камера, быстрая зарядка, высокопроизводительное игровое устройство EU 16/1 ТБ, Nano-SIM, темно-синий",1494351.0,ozon,https://ir-3.ozone.ru/s3/multimedia-1-o/wc500/14875085400.jpg,https://ozon.uz/product/smartfon-rossiyskaya-versiya-h0n0r-17-pro-smartfon-globalnaya-versiya-podderzhivaet-rossiyu-set-4g-5751543146/,4.8,81
"Смартфон 12/512 ГБ, Nano-SIM, черный",880040.0,ozon,https://ir-3.ozone.ru/s3/multimedia-1-h/wc500/15213206897.jpg,https://ozon.uz/product/smartfon-12-512-gb-nano-sim-chernyy-5844508717/,4.8,424
"Samsung Смартфон Galaxy A08 Ростест (EAC) 6/128 ГБ, Nano-SIM, серебристый",2407128.0,ozon,https://ir-3.ozone.ru/s3/multimedia-1-e/wc500/15345477626.jpg,https://ozon.uz/product/samsung-smartfon-galaxy-a08-rostest-eac-6-128-gb-nano-sim-serebristyy-5754658677/,,
"Смартфон I15 Pro Max, В качестве подарка родным и близким Ростест (EAC) 12/512 ГБ, Nano-SIM, прозрачный",926775.0,ozon,https://ir-3.ozone.ru/s3/multimedia-1-3/wc500/13962263763.jpg,https://ozon.uz/product/smartfon-i15-pro-max-v-kachestve-podarka-rodnym-i-blizkim-rostest-eac-12-512-gb-nano-sim-prozrachnyy-5277250731/,4.3,179
"Смартфон H0N0R X8b Смартфон Глобальная русская версия для ЕС, сеть 4G, Wi-FI+GPS+Bluetooth, две SIM-карты, 6,8 дюйма, большой экран высокой четкости, гибкая камера, быстрая зарядка, мощное игровое устройство, аккумулятор большой емкости EU Ростест (EAC) EU 12/512 ГБ, Nano-SIM, лазурный",2385009.0,ozon,https://ir-3.ozone.ru/s3/multimedia-1-d/wc500/13590702121.jpg,https://ozon.uz/product/xiaomi-smartfon-redmi-17-rostest-eac-4-256-gb-nano-sim-zelenyy-5384354364/,4.9,97
"Смартфон Защищенный игровой противоударный смартфон 16/1 ТБ, черный",3823881.0,ozon,https://ir-3.ozone.ru/s3/multimedia-1-n/wc500/11728351859.jpg,https://ozon.uz/product/smartfon-zashchishchennyy-igrovoy-protivoudarnyy-smartfon-16-1-tb-chernyy-4805196842/,4.7,223
"Смартфон X1ao Mi i17 Pro Max,5G,Snapdragon 8 Gen3 Ростест (EAC) 16/1 ТБ, Nano-SIM, хаки",1067436.0,ozon,https://ir-3.ozone.ru/s3/multimedia-1-e/wc500/11395513850.jpg,https://ozon.uz/product/smartfon-x1ao-mi-i17-pro-max-5g-snapdragon-8-gen3-rostest-eac-16-1-tb-nano-sim-haki-5796327526/,4.9,93
"realme Смартфон Note 80 Ростест (EAC) 4/64 ГБ, Nano-SIM, черный",1530747.0,ozon,https://ir-3.ozone.ru/s3/multimedia-1-d/wc500/12499621753.jpg,https://ozon.uz/product/realme-smartfon-note-80-rostest-eac-4-64-gb-nano-sim-chernyy-3879521370/,,
"Смартфон H0N0R X8b Смартфон Глобальная русская версия для ЕС, сеть 4G, Wi-FI+GPS+Bluetooth, две SIM-карты, 6,8 дюйма, большой экран высокой четкости, гибкая камера, быстрая зарядка, мощное игровое устройство, аккумулятор большой емкости EU Ростест (EAC) EU 12/512 ГБ, Nano-SIM, лазурный",1425769.0,ozon,https://ir-3.ozone.ru/s3/multimedia-1-8/wc500/14671029392.jpg,https://ozon.uz/product/smartfon-h0n0r-x8b-smartfon-globalnaya-russkaya-versiya-dlya-es-set-4g-wi-fi-gps-bluetooth-dve-sim-5697446154/,4.1,428
"Samsung Смартфон Galaxy A14 6/128 ГБ, Nano-SIM, зеленый",1456809.0,ozon,https://ir-3.ozone.ru/s3/multimedia-1-1/wc500/14782781341.jpg,https://ozon.uz/product/samsung-smartfon-galaxy-a14-6-128-gb-nano-sim-zelenyy-5725315036/,4.4,118
"Смартфон Rеdmi 15С, Dual Nano Sim, IPS экран 8/256 ГБ, Nano-SIM, черный, черно-серый",2131057.0,ozon,https://ir-3.ozone.ru/s3/multimedia-1-d/wc500/15108347569.jpg,https://ozon.uz/product/smartfon-redmi-15s-dual-nano-sim-ips-ekran-8-256-gb-nano-sim-chernyy-cherno-seryy-5586046198/,5.0,175
"Смартфон EU 12/512 ГБ, Nano-SIM, черный",875592.0,ozon,https://ir-3.ozone.ru/s3/multimedia-1-p/wc500/14961864769.jpg,https://ozon.uz/product/smartfon-eu-12-512-gb-nano-sim-chernyy-5774351171/,4.9,105
"Смартфон Смартфон I16 PRO Max международная версия, 12+512 ГБ. Ростест (EAC) 12/512 ГБ, Nano-SIM, лиловый, темно-бордовый",4814681.0,ozon,https://ir-3.ozone.ru/s3/multimedia-1-0/wc500/9990832644.jpg,https://ozon.uz/product/samsung-smartfon-galaxy-a57-rostest-eac-8-128-gb-nano-sim-seryy-3661246326/,4.7,655
"Смартфон Смартфон I16 PRO Max международная версия, 12+512 ГБ. Ростест (EAC) 12/512 ГБ, Nano-SIM, лиловый, темно-бордовый",882366.0,ozon,https://ir-3.ozone.ru/s3/multimedia-1-j/wc500/15294268855.jpg,https://ozon.uz/product/smartfon-smartfon-i16-pro-max-mezhdunarodnaya-versiya-12-512-gb-rostest-eac-12-512-gb-nano-5743734353/,4.7,655
"Смартфон X9b EU 12/512 ГБ, Nano-SIM, салатовый",926279.0,ozon,https://ir-3.ozone.ru/s3/multimedia-1-h/wc500/14354044757.jpg,https://ozon.uz/product/smartfon-x9b-eu-12-512-gb-nano-sim-salatovyy-5610601969/,3.8,137
"Samsung Смартфон Samsung Galaxy A57 (Gray) Global 12/512 ГБ, Nano-SIM, серый",6247241.0,ozon,https://ir-3.ozone.ru/s3/multimedia-1-u/wc500/12881005518.jpg,https://ozon.uz/product/samsung-smartfon-samsung-galaxy-a57-gray-global-12-512-gb-nano-sim-seryy-3848726739/,5.0,41
"Redmi Смартфон 8/256 ГБ, Nano-SIM, черный, черный матовый",1571974.0,ozon,https://ir-3.ozone.ru/s3/multimedia-1-5/wc500/10501653245.jpg,https://ozon.uz/product/redmi-smartfon-8-256-gb-nano-sim-chernyy-chernyy-matovyy-5488523140/,4.6,532
"Samsung Смартфон Galaxy A08 Ростест (EAC) 6/128 ГБ, Nano-SIM, синий",2407128.0,ozon,https://ir-3.ozone.ru/s3/multimedia-1-u/wc500/14886839046.jpg,https://ozon.uz/product/samsung-smartfon-galaxy-a08-rostest-eac-6-128-gb-nano-sim-siniy-5754658668/,,
"Смартфон I15 Pro Max, В качестве подарка родным и близким Ростест (EAC) 12/512 ГБ, Nano-SIM, черный, черный матовый",925635.0,ozon,https://ir-3.ozone.ru/s3/multimedia-1-y/wc500/14284175686.jpg,https://ozon.uz/product/smartfon-i15-pro-max-v-kachestve-podarka-rodnym-i-blizkim-rostest-eac-12-512-gb-nano-sim-chernyy-5538718198/,4.7,551
"iQOO Смартфон Z11 Lite Ростест (EAC) 4/128 ГБ, Nano-SIM, золотой",2471731.0,ozon,https://ir-3.ozone.ru/s3/multimedia-1-8/wc500/10271990564.jpg,https://ozon.uz/product/iqoo-smartfon-z11-lite-rostest-eac-4-128-gb-nano-sim-zolotoy-4206328837/,,
"Смартфон Samsvng Galaxy S56 Смартфон Глобальная русская версия для ЕС, сеть 4G, Wi-FI+GPS+Bluetooth, две SIM-карты, 6,8 дюйма, большой экран высокой четкости, гибкая камера, быстрая зарядка, мощное игровое устройство, аккумулятор большой емкости EU Ростест (EAC) EU 12/512 ГБ, Nano-SIM, черный",1233552.0,ozon,https://ir-3.ozone.ru/s3/multimedia-1-6/wc500/12152177610.jpg,https://ozon.uz/product/tecno-smartfon-spark-go-3-rostest-eac-4-128-gb-nano-sim-fioletovyy-3642992379/,4.9,154
"Смартфон Ростест (EAC) 12/512 ГБ, Nano-SIM, черный матовый",906491.0,ozon,https://ir-3.ozone.ru/s3/multimedia-1-l/wc500/7844085705.jpg,https://ozon.uz/product/smartfon-rostest-eac-12-512-gb-nano-sim-chernyy-matovyy-2719335615/,4.3,615
"W&O Смартфон Ростест (EAC) 12/512 ГБ, Nano-SIM, черный матовый",4578720.0,ozon,https://ir-3.ozone.ru/s3/multimedia-1-x/wc500/14849815677.jpg,https://ozon.uz/product/w-o-smartfon-rostest-eac-12-512-gb-nano-sim-chernyy-matovyy-4901418882/,4.6,105
"iQOO Смартфон Z11 Lite Ростест (EAC) 6/256 ГБ, Nano-SIM, темно-синий",2895594.0,ozon,https://ir-3.ozone.ru/s3/multimedia-1-5/wc500/10272005033.jpg,https://ozon.uz/product/iqoo-smartfon-z11-lite-rostest-eac-6-256-gb-nano-sim-temno-siniy-4206330488/,,
"Xiaomi Смартфон Xiaomi 17T черный Ростест (EAC) 12/256 ГБ, Nano-SIM, eSIM, черный",6527554.0,ozon,https://ir-3.ozone.ru/s3/multimedia-1-t/wc500/11845666973.jpg,https://ozon.uz/product/xiaomi-smartfon-xiaomi-17t-chernyy-rostest-eac-12-256-gb-nano-sim-esim-chernyy-4752003065/,4.9,74
"Смартфон Samsvng Galaxy S56 Смартфон Глобальная русская версия для ЕС, сеть 4G, Wi-FI+GPS+Bluetooth, две SIM-карты, 6,8 дюйма, большой экран высокой четкости, гибкая камера, быстрая зарядка, мощное игровое устройство, аккумулятор большой емкости EU Ростест (EAC) EU 12/512 ГБ, Nano-SIM, черный",1153916.0,ozon,https://ir-3.ozone.ru/s3/multimedia-1-e/wc500/14071747262.jpg,https://ozon.uz/product/smartfon-samsvng-galaxy-s56-smartfon-globalnaya-russkaya-versiya-dlya-es-set-4g-wi-fi-gps-bluetooth-5821680085/,4.7,251
"Смартфон Samsvng Galxy A17 ,cбыстрая зарядка, мощное игровое устройство, аккумулятор большой, емкости EU Ростест (EAC). EU 12/512 ГБ, Nano-SIM, зеленый",1230271.0,ozon,https://ir-3.ozone.ru/s3/multimedia-1-o/wc500/15297658872.jpg,https://ozon.uz/product/smartfon-samsvng-galxy-a17-cbystraya-zaryadka-moshchnoe-igrovoe-ustroystvo-akkumulyator-5871092149/,4.8,635
"realme Смартфон C85 Pro Ростест (EAC) 8/256 ГБ, Nano-SIM, темно-зеленый",2849538.0,ozon,https://ir-3.ozone.ru/s3/multimedia-1-e/wc500/8950047170.jpg,https://ozon.uz/product/realme-smartfon-c85-pro-rostest-eac-8-256-gb-nano-sim-temno-zelenyy-3501176055/,,
"Samsung Смартфон Galaxy S26 FE Ростест (EAC) 8/128 ГБ, Nano-SIM, eSIM, фиолетовый",1090466.0,ozon,https://ir-3.ozone.ru/s3/multimedia-1-2/wc500/15425738210.jpg,https://ozon.uz/product/smartfon-hon0r-600-rostest-eac-16-1-tb-micro-sim-slonovaya-kost-5880039551/,4.7,94
"realme Смартфон C85 Ростест (EAC) 6/128 ГБ, Nano-SIM, темно-серый",2272576.0,ozon,https://ir-3.ozone.ru/s3/multimedia-1-l/wc500/8957838333.jpg,https://ozon.uz/product/realme-smartfon-c85-rostest-eac-6-128-gb-nano-sim-temno-seryy-3501176002/,,
"Samsung Смартфон Galaxy S26 FE Ростест (EAC) 8/128 ГБ, Nano-SIM, eSIM, фиолетовый",7983643.0,ozon,https://ir-3.ozone.ru/s3/multimedia-1-o/wc500/14306496468.jpg,https://ozon.uz/product/samsung-smartfon-galaxy-s26-fe-rostest-eac-8-128-gb-nano-sim-esim-fioletovyy-5526616203/,,
"Samsung Смартфон Galaxy A37 Ростест (EAC) 8/128 ГБ, Nano-SIM, черный",4191887.0,ozon,https://ir-3.ozone.ru/s3/multimedia-1-b/wc500/9990830351.jpg,https://ozon.uz/product/samsung-smartfon-galaxy-a37-rostest-eac-8-128-gb-nano-sim-chernyy-3661248362/,,
"Samsung Смартфон Galaxy A17 8/256 ГБ, Nano-SIM, серый, светло-серый",2384744.0,ozon,https://ir-3.ozone.ru/s3/multimedia-1-d/wc500/14649260989.jpg,https://ozon.uz/product/samsung-smartfon-galaxy-a17-8-256-gb-nano-sim-seryy-svetlo-seryy-5691913009/,4.4,118
"iQOO Смартфон Neo 10 Ростест (EAC) 8/256 ГБ, Nano-SIM, оранжевый",5517459.0,ozon,https://ir-3.ozone.ru/s3/multimedia-1-g/wc500/9165820444.jpg,https://ozon.uz/product/iqoo-smartfon-neo-10-rostest-eac-8-256-gb-nano-sim-oranzhevyy-2186959742/,,
"Смартфон Sunsamg Galaxy A56 EU 12/512 ГБ, Nano-SIM, черный",1071487.0,ozon,https://ir-3.ozone.ru/s3/multimedia-1-e/wc500/14669602538.jpg,https://ozon.uz/product/smartfon-sunsamg-galaxy-a56-eu-12-512-gb-nano-sim-chernyy-5750786041/,4.0,207
"Смартфон EU 12/512 ГБ, Nano-SIM, лиловый, коралловый",851492.0,ozon,https://ir-3.ozone.ru/s3/multimedia-1-o/wc500/13626944196.jpg,https://ozon.uz/product/smartfon-eu-12-512-gb-nano-sim-lilovyy-korallovyy-5395762715/,4.0,134
"Смартфон XAIOMl 17 PRO MAX Российская версия:17 PRO MAX Смартфон (глобальная версия, поддерживает Россию), сеть 4G, 6,8 дюймов, Android-телефон, HD-камера, быстрая зарядка, высокопроизводительное игровое устройство EU 16/1 ТБ, Nano-SIM, оранжевый",9006358.0,ozon,https://ir-3.ozone.ru/s3/multimedia-1-t/wc500/11846272853.jpg,https://ozon.uz/product/xiaomi-smartfon-xiaomi-17t-pro-chernyy-rostest-eac-12-512-gb-nano-sim-esim-chernyy-4757100175/,5.0,55
"Смартфон Смартфон, камеры 8+13 МП, 5300 мА·ч, 12/512 ГБ, EAC,   8-ядерный процессор, разблокировка по лицу,черный Ростест (EAC) 12/512 ГБ, Nano-SIM, фиолетовый",925104.0,ozon,https://ir-3.ozone.ru/s3/multimedia-1-w/wc500/14512477532.jpg,https://ozon.uz/product/smartfon-smartfon-kamery-8-13-mp-5300-ma-ch-12-512-gb-eac-8-yadernyy-protsessor-razblokirovka-po-5596616155/,4.8,669
"Xiaomi Смартфон REDMI Note 17 Ростест (EAC) 4/128 ГБ, Nano-SIM, сиреневый",2471731.0,ozon,https://ir-3.ozone.ru/s3/multimedia-1-g/wc500/20102247340.jpg,https://ozon.uz/product/xiaomi-smartfon-redmi-note-17-rostest-eac-4-128-gb-nano-sim-sirenevyy-5473106636/,,
"Смартфон Смартфон, I17Promax, в подарок близким и друзьям, EAC12/512 GB белый Ростест (EAC) 12/512 ГБ, Nano-SIM, серебристый",922728.0,ozon,https://ir-3.ozone.ru/s3/multimedia-1-y/wc500/14699877154.jpg,https://ozon.uz/product/smartfon-smartfon-i17promax-v-podarok-blizkim-i-druzyam-eac12-512-gb-belyy-rostest-eac-12-512-5588498883/,4.7,534
"Samsung Смартфон Galaxy A14 6/128 ГБ, Nano-SIM, фиолетовый",1408050.0,ozon,https://ir-3.ozone.ru/s3/multimedia-1-p/wc500/14783048125.jpg,https://ozon.uz/product/samsung-smartfon-galaxy-a14-6-128-gb-nano-sim-fioletovyy-5725373168/,4.0,2
"Смартфон Rеdmi 14С, NFC, Dual Nano Sim 8/256 ГБ, Nano-SIM, черный матовый, черно-серый",2010884.0,ozon,https://ir-3.ozone.ru/s3/multimedia-1-r/wc500/13384368387.jpg,https://ozon.uz/product/smartfon-redmi-14s-nfc-dual-nano-sim-8-256-gb-nano-sim-chernyy-matovyy-cherno-seryy-5529421093/,5.0,164
"Redmi Смартфон Redmi Note 11 Ростест (EAC) 6/256 ГБ, Nano-SIM, сиреневый",1718670.0,ozon,https://ir-3.ozone.ru/s3/multimedia-1-9/wc500/15105914505.jpg,https://ozon.uz/product/redmi-smartfon-redmi-note-11-rostest-eac-6-256-gb-nano-sim-sirenevyy-5813857982/,4.5,1051
"Смартфон XAIOMl 17 PRO MAX Российская версия:17 PRO MAX Смартфон (глобальная версия, поддерживает Россию), сеть 4G, 6,8 дюймов, Android-телефон, HD-камера, быстрая зарядка, высокопроизводительное игровое устройство EU 16/1 ТБ, Nano-SIM, оранжевый",1242509.0,ozon,https://ir-3.ozone.ru/s3/multimedia-1-0/wc500/14109773292.jpg,https://ozon.uz/product/smartfon-xaioml-17-pro-max-rossiyskaya-versiya-17-pro-max-smartfon-globalnaya-versiya-podderzhivaet-5821363843/,4.7,251
"Смартфон I15 Pro Max, В качестве подарка родным и близким Ростест (EAC) 12/512 ГБ, Nano-SIM, синий",2353931.0,ozon,https://ir-3.ozone.ru/s3/multimedia-1-u/wc500/14886839046.jpg,https://ozon.uz/product/samsung-smartfon-galaxy-a08-rostest-eac-4-128-gb-nano-sim-siniy-5754658223/,4.4,219
"Смартфон Sansumg Galaxy A56 EU 12/512 ГБ, Nano-SIM, малиновый",933438.0,ozon,https://ir-3.ozone.ru/s3/multimedia-1-x/wc500/14508258729.jpg,https://ozon.uz/product/smartfon-sansumg-galaxy-a56-eu-12-512-gb-nano-sim-malinovyy-5789688648/,4.4,219
"Tecno Смартфон Pova 8 5G Ростест (EAC) 8/256 ГБ, Nano-SIM, белый",3473703.0,ozon,https://ir-3.ozone.ru/s3/multimedia-1-w/wc500/13538150996.jpg,https://ozon.uz/product/tecno-smartfon-pova-8-5g-rostest-eac-8-256-gb-nano-sim-belyy-5021172026/,,
"Poco Смартфон F9 Pro Ростест (EAC) 12/256 ГБ, Nano-SIM, eSIM, черный",7584863.0,ozon,https://ir-3.ozone.ru/s3/multimedia-1-s/wc500/14852145880.jpg,https://ozon.uz/product/poco-smartfon-f9-pro-rostest-eac-12-256-gb-nano-sim-esim-chernyy-5744365229/,5.0,5
"Samsung Смартфон Galaxy Z Flip8 Ростест (EAC) 12/256 ГБ, Nano-SIM, eSIM, розовый",12364017.0,ozon,https://ir-3.ozone.ru/s3/multimedia-1-i/wc500/12831731658.jpg,https://ozon.uz/product/samsung-smartfon-galaxy-z-flip8-rostest-eac-12-256-gb-nano-sim-esim-rozovyy-5152700665/,,
"Poco Смартфон F9 Pro Ростест (EAC) 12/512 ГБ, Nano-SIM, eSIM, белый",8262084.0,ozon,https://ir-3.ozone.ru/s3/multimedia-1-m/wc500/15361202866.jpg,https://ozon.uz/product/poco-smartfon-f9-pro-rostest-eac-12-512-gb-nano-sim-esim-belyy-5744668267/,5.0,5
"Смартфон I15 Pro Max, В качестве подарка родным и близким Ростест (EAC) 12/512 ГБ, Nano-SIM, синий",917636.0,ozon,https://ir-3.ozone.ru/s3/multimedia-1-a/wc500/8335282834.jpg,https://ozon.uz/product/smartfon-i15-pro-max-v-kachestve-podarka-rodnym-i-blizkim-rostest-eac-12-512-gb-nano-sim-siniy-3111376605/,4.4,8530
"Samsung Смартфон Global 8/256 ГБ, Nano-SIM, светло-синий",2255418.0,ozon,https://ir-3.ozone.ru/s3/multimedia-1-k/wc500/12641369024.jpg,https://ozon.uz/product/samsung-smartfon-global-8-256-gb-nano-sim-svetlo-siniy-5099823265/,3.9,1433
"Смартфон I16 Pro Max, В качестве подарка родным и близким Ростест (EAC) 12/512 ГБ, Nano-SIM, зеркальный, хром",4826784.0,ozon,https://ir-3.ozone.ru/s3/multimedia-1-g/wc500/14678460016.jpg,https://ozon.uz/product/iqoo-smartfon-iqoo-z11-5g-rostest-eac-8-256-gb-nano-sim-chernyy-4475096570/,5.0,13
"Смартфон Защищённый игровой смартфон 16/512 ГБ, Nano-SIM, черный",3689080.0,ozon,https://ir-3.ozone.ru/s3/multimedia-1-l/wc500/14979853173.jpg,https://ozon.uz/product/smartfon-zashchishchennyy-igrovoy-smartfon-16-512-gb-nano-sim-chernyy-5780075256/,5.0,13
"Смартфон Realme C85 Pro Ростест (EAC) 16/1 ТБ, Nano-SIM, черный",1185011.0,ozon,https://ir-3.ozone.ru/s3/multimedia-1-f/wc500/15091028691.jpg,https://ozon.uz/product/smartfon-realme-c85-pro-rostest-eac-16-1-tb-nano-sim-chernyy-5808961955/,4.6,67
"Смартфон I16 Pro Max, В качестве подарка родным и близким Ростест (EAC) 12/512 ГБ, Nano-SIM, зеркальный, хром",908895.0,ozon,https://ir-3.ozone.ru/s3/multimedia-1-r/wc500/14506622667.jpg,https://ozon.uz/product/smartfon-i16-pro-max-v-kachestve-podarka-rodnym-i-blizkim-rostest-eac-12-512-gb-nano-sim-5277296767/,4.7,551
"Hyundai Смартфон 8/512 ГБ, серебристый",1034529.0,ozon,https://ir-3.ozone.ru/s3/multimedia-1-o/wc500/12947988480.jpg,https://ozon.uz/product/hyundai-smartfon-8-512-gb-serebristyy-5196139867/,4.2,289
"Смартфон Redmi Note 8 Pro 8/256GB 8/256 ГБ, Nano-SIM, синий, темно-синий",1864509.0,ozon,https://ir-3.ozone.ru/s3/multimedia-1-k/wc500/14322246896.jpg,https://ozon.uz/product/smartfon-redmi-note-8-pro-8-256gb-8-256-gb-nano-sim-siniy-temno-siniy-5600488507/,5.0,131
"Hyundai Смартфон 8/512 ГБ, черный",1034529.0,ozon,https://ir-3.ozone.ru/s3/multimedia-1-z/wc500/12944974571.jpg,https://ozon.uz/product/hyundai-smartfon-8-512-gb-chernyy-5194818614/,4.2,289
"Xiaomi Смартфон Redmi A7 Pro Ростест (EAC) 4/128 ГБ, Nano-SIM, черный",1766211.0,ozon,https://ir-3.ozone.ru/s3/multimedia-1-a/wc500/9817223302.jpg,https://ozon.uz/product/xiaomi-smartfon-redmi-a7-pro-rostest-eac-4-128-gb-nano-sim-chernyy-3616814556/,,
"Смартфон Смартфон I17Promax в подарок близким и друзьям, EAC12/512 GB белый Ростест (EAC) 12/512 ГБ, Nano-SIM, зеркальный, хром",1316203.0,ozon,https://ir-3.ozone.ru/s3/multimedia-1-w/wc500/14645992136.jpg,https://ozon.uz/product/redmi-smartfon-redmi-12-cn-8-256-gb-nano-sim-chernyy-5690910661/,5.0,2
"W&O Смартфон Global 12/512 ГБ, Nano-SIM, синий",5441905.0,ozon,https://ir-3.ozone.ru/s3/multimedia-1-n/wc500/8344293287.jpg,https://ozon.uz/product/w-o-smartfon-global-12-512-gb-nano-sim-siniy-3117425801/,4.1,6
"realme Смартфон P4 Ростест (EAC) 6/128 ГБ, Nano-SIM, фиолетовый",2019462.0,ozon,https://ir-3.ozone.ru/s3/multimedia-1-z/wc500/12373314875.jpg,https://ozon.uz/product/realme-smartfon-p4-rostest-eac-6-128-gb-nano-sim-fioletovyy-4854479488/,,
"Смартфон H0N0R X8b EU 12/512 ГБ, Nano-SIM, черно-серый, серебристый",1073707.0,ozon,https://ir-3.ozone.ru/s3/multimedia-1-f/wc500/14669233035.jpg,https://ozon.uz/product/smartfon-h0n0r-x8b-eu-12-512-gb-nano-sim-cherno-seryy-serebristyy-5750789224/,4.0,207
"Tecno Смартфон Spark 50 Ростест (EAC) 6/128 ГБ, Nano-SIM, серый",1799716.0,ozon,https://ir-3.ozone.ru/s3/multimedia-1-z/wc500/11645963099.jpg,https://ozon.uz/product/tecno-smartfon-spark-50-rostest-eac-6-128-gb-nano-sim-seryy-4399050892/,,
"Samsung Смартфон Galaxy A08 Ростест (EAC) 4/128 ГБ, Nano-SIM, зеленый",2353931.0,ozon,https://ir-3.ozone.ru/s3/multimedia-1-c/wc500/15345477912.jpg,https://ozon.uz/product/samsung-smartfon-galaxy-a08-rostest-eac-4-128-gb-nano-sim-zelenyy-5754658224/,,
"Смартфон Смартфон I17Promax в подарок близким и друзьям, EAC12/512 GB белый Ростест (EAC) 12/512 ГБ, Nano-SIM, зеркальный, хром",901406.0,ozon,https://ir-3.ozone.ru/s3/multimedia-1-x/wc500/15404795781.jpg,https://ozon.uz/product/smartfon-smartfon-i17promax-v-podarok-blizkim-i-druzyam-eac12-512-gb-belyy-rostest-eac-12-512-gb-5752648572/,4.7,534
"Смартфон Samsumg Galxay A57 Ultra Ростест (EAC) 16/1 ТБ, Nano-SIM, пурпурный",1209691.0,ozon,https://ir-3.ozone.ru/s3/multimedia-1-l/wc500/14917115109.jpg,https://ozon.uz/product/smartfon-samsumg-galxay-a57-ultra-rostest-eac-16-1-tb-nano-sim-purpurnyy-5756206099/,4.8,73
"Смартфон Samsvng Galaxy A17 русская версия, сеть 4g, большой 6.5-дюймовый HD-экран, противоударная и водонепроницаемая защита, мощные игровые функции, гибкие возможности фотосъемки, длительное время автономной работы, отличный подарок, сенсорный телефон,Note 60x,a16,Note 50 Pro,х9d,Ростест (EAC) EU 12/512 ГБ EU 12/512 ГБ, Nano-SIM, черный",4702549.0,ozon,https://ir-3.ozone.ru/s3/multimedia-1-t/wc500/11754106841.jpg,https://ozon.uz/product/samsung-smartfon-galaxy-a56-graphite-8-256-gb-nano-sim-temno-seryy-3338608986/,5.0,11
"iQOO Смартфон iQOO 15R Ростест (EAC) 12/256 ГБ, Nano-SIM, серый",6767647.0,ozon,https://ir-3.ozone.ru/s3/multimedia-1-8/wc500/9091571300.jpg,https://ozon.uz/product/iqoo-smartfon-iqoo-15r-rostest-eac-12-256-gb-nano-sim-seryy-3530951285/,4.9,1552
"Samsung Смартфон Galaxy A37 Charcoal 8/128 ГБ, Nano-SIM, черный",3920291.0,ozon,https://ir-3.ozone.ru/s3/multimedia-1-6/wc500/12845035734.jpg,https://ozon.uz/product/samsung-smartfon-galaxy-a37-charcoal-8-128-gb-nano-sim-chernyy-3849286996/,5.0,6
"Samsung Смартфон Galaxy A20, 2 SIM Ростест (EAC) 3/32 ГБ, Nano-SIM, черный",819638.0,ozon,https://ir-3.ozone.ru/s3/multimedia-1-6/wc500/7414441350.jpg,https://ozon.uz/product/samsung-smartfon-galaxy-a20-2-sim-rostest-eac-3-32-gb-nano-sim-chernyy-2361305305/,,
"iQOO Смартфон iQOO 15 Ростест (EAC) 16/512 ГБ, Nano-SIM, черный",11585879.0,ozon,https://ir-3.ozone.ru/s3/multimedia-1-d/wc500/9140349649.jpg,https://ozon.uz/product/iqoo-smartfon-iqoo-15-rostest-eac-16-512-gb-nano-sim-chernyy-3152419912/,,
"Смартфон Samsvng Galaxy A17 русская версия, сеть 4g, большой 6.5-дюймовый HD-экран, противоударная и водонепроницаемая защита, мощные игровые функции, гибкие возможности фотосъемки, длительное время автономной работы, отличный подарок, сенсорный телефон,Note 60x,a16,Note 50 Pro,х9d,Ростест (EAC) EU 12/512 ГБ EU 12/512 ГБ, Nano-SIM, черный",1080126.0,ozon,https://ir-3.ozone.ru/s3/multimedia-1-e/wc500/13525762046.jpg,https://ozon.uz/product/smartfon-samsvng-galaxy-a17-russkaya-versiya-set-4g-bolshoy-6-5-dyuymovyy-hd-ekran-protivoudarnaya-i-5886196543/,4.9,260
"Смартфон Galxay  S27 Ultra Ростест (EAC) 16/1 ТБ, Nano-SIM, черно-серый",1167417.0,ozon,https://ir-3.ozone.ru/s3/multimedia-1-3/wc500/15312983079.jpg,https://ozon.uz/product/smartfon-galxay-s27-ultra-rostest-eac-16-1-tb-nano-sim-cherno-seryy-5869205036/,5.0,50
"Смартфон Xiao M1 M17 Pro Max Ростест (EAC) 22/2 ТБ, Micro-SIM, шоколадный",1466573.0,ozon,https://ir-3.ozone.ru/s3/multimedia-1-k/wc500/8887979504.jpg,https://ozon.uz/product/smartfon-xiao-m1-m17-pro-max-rostest-eac-22-2-tb-micro-sim-shokoladnyy-5560728495/,4.9,36
"Смартфон I17 PRO MAX, большой экран 6.6 дюйма; сеть 4G; высококачественные игры; досуг и развлечения; Android; большой объём памяти; подарок на день рождения; сертификация Ростест (EAC).

 EU 12/512 ГБ, Nano-SIM, горчичный, желтый",1766211.0,ozon,https://ir-3.ozone.ru/s3/multimedia-1-u/wc500/10086121866.jpg,https://ozon.uz/product/realme-smartfon-c100i-rostest-eac-4-128-gb-nano-sim-fioletovyy-3931477925/,4.9,272
"Смартфон Смартфон Sumsang Galaxy S26 16/1T ГБ, зеленый EU 16/1 ТБ, Nano-SIM, кремовый, светло-бежевый",1150783.0,ozon,https://ir-3.ozone.ru/s3/multimedia-1-v/wc500/15266246503.jpg,https://ozon.uz/product/smartfon-smartfon-sumsang-galaxy-s26-16-1t-gb-zelenyy-eu-16-1-tb-nano-sim-kremovyy-svetlo-bezhevyy-5860902808/,4.9,272
"HUAWEI Смартфон nova 16z 12/256 ГБ, Nano-SIM, белый",3414735.0,ozon,https://ir-3.ozone.ru/s3/multimedia-1-1/wc500/20001604141.jpg,https://ozon.uz/product/huawei-smartfon-nova-16z-12-256-gb-nano-sim-belyy-5750675703/,,
"Samsung Смартфон Galaxy A08 Ростест (EAC) 4/128 ГБ, Nano-SIM, серебристый",2353931.0,ozon,https://ir-3.ozone.ru/s3/multimedia-1-e/wc500/15345477626.jpg,https://ozon.uz/product/samsung-smartfon-galaxy-a08-rostest-eac-4-128-gb-nano-sim-serebristyy-5754658267/,,
"Смартфон смартфон смартфон EU 12/512 ГБ, Nano-SIM, темно-розовый, красный",909878.0,ozon,https://ir-3.ozone.ru/s3/multimedia-1-m/wc500/15341903482.jpg,https://ozon.uz/product/smartfon-smartfon-smartfon-eu-12-512-gb-nano-sim-temno-rozovyy-krasnyy-5754448051/,4.8,669
"Honor Смартфон 600 Lite Ростест (EAC) 8/256 ГБ, Nano-SIM, черный",4121264.0,ozon,https://ir-3.ozone.ru/s3/multimedia-1-b/wc500/11014254299.jpg,https://ozon.uz/product/honor-smartfon-600-lite-rostest-eac-8-256-gb-nano-sim-chernyy-3701083874/,,
"iQOO Смартфон Z11 Lite Ростест (EAC) 8/256 ГБ, Nano-SIM, темно-синий",3001628.0,ozon,https://ir-3.ozone.ru/s3/multimedia-1-k/wc500/10272008576.jpg,https://ozon.uz/product/iqoo-smartfon-z11-lite-rostest-eac-8-256-gb-nano-sim-temno-siniy-4206330525/,,
"Смартфон I17 PRO MAX, большой экран 6.6 дюйма; сеть 4G; высококачественные игры; досуг и развлечения; Android; большой объём памяти; подарок на день рождения; сертификация Ростест (EAC).

 EU 12/512 ГБ, Nano-SIM, горчичный, желтый",890270.0,ozon,https://ir-3.ozone.ru/s3/multimedia-1-d/wc500/15198809305.jpg,https://ozon.uz/product/smartfon-i17-pro-max-bolshoy-ekran-6-6-dyuyma-set-4g-vysokokachestvennye-igry-dosug-i-5752569897/,4.9,386
"Смартфон H0N0R X9d , глобальная русская версия,сеть 4G, Двойная SIM-карта, 6.8 дюйма, ударопрочная и водонепроницаемая защита, мощные игровые функции, гибкая камера, длительное время работы от аккумулятора Ростест (EAC), Note 13 pro,pura 70 pro,смартфон андроид EU 12/512 ГБ, Nano-SIM, черный, черно-серый",797681.0,ozon,https://ir-3.ozone.ru/s3/multimedia-1-0/wc500/14382605772.jpg,https://ozon.uz/product/smartfon-rostest-eac-16-1-tb-micro-sim-nano-sim-oranzhevyy-5619470137/,4.8,13
"Смартфон Samsumg Galxay S26 Ultra Ростест (EAC) 16/1 ТБ, Nano-SIM, черно-серый",1169996.0,ozon,https://ir-3.ozone.ru/s3/multimedia-1-o/wc500/15319910004.jpg,https://ozon.uz/product/smartfon-samsumg-galxay-s26-ultra-rostest-eac-16-1-tb-nano-sim-cherno-seryy-5872419831/,5.0,49
"Redmi Смартфон Redmi 15C Global 8/256 ГБ, Nano-SIM, черный",1543594.0,ozon,https://ir-3.ozone.ru/s3/multimedia-1-0/wc500/13580273088.jpg,https://ozon.uz/product/redmi-smartfon-redmi-15c-global-8-256-gb-nano-sim-chernyy-5376911953/,4.5,1051
"realme Смартфон P4 Power Ростест (EAC) 12/256 ГБ, Nano-SIM, серебристый",4144934.0,ozon,https://ir-3.ozone.ru/s3/multimedia-1-w/wc500/9494963924.jpg,https://ozon.uz/product/realme-smartfon-p4-power-rostest-eac-12-256-gb-nano-sim-serebristyy-3635611233/,,
"Смартфон H0N0R X9d , глобальная русская версия,сеть 4G, Двойная SIM-карта, 6.8 дюйма, ударопрочная и водонепроницаемая защита, мощные игровые функции, гибкая камера, длительное время работы от аккумулятора Ростест (EAC), Note 13 pro,pura 70 pro,смартфон андроид EU 12/512 ГБ, Nano-SIM, черный, черно-серый",1363646.0,ozon,https://ir-3.ozone.ru/s3/multimedia-1-g/wc500/14672594896.jpg,https://ozon.uz/product/smartfon-h0n0r-x9d-globalnaya-russkaya-versiya-set-4g-dvoynaya-sim-karta-6-8-dyuyma-udaroprochnaya-5697798152/,4.1,428
"Смартфон игровой смартфон 5g i17promax16/1024 ГБ, 6,9"", длительное время автономной работы, разблокировка лица, ежедневное резервное копирование данных EU 16/1 ТБ, Nano-SIM, медь",853655.0,ozon,https://ir-3.ozone.ru/s3/multimedia-1-s/wc500/14593737124.jpg,https://ozon.uz/product/smartfon-igrovoy-smartfon-5g-i17promax16-1024-gb-6-9-dlitelnoe-vremya-avtonomnoy-5677113589/,4.5,51
"Xiaomi Смартфон REDMI Note 17 Pro 5G Ростест (EAC) 8/256 ГБ, Nano-SIM, eSIM, черный",4120254.0,ozon,https://ir-3.ozone.ru/s3/multimedia-1-9/wc500/20102117373.jpg,https://ozon.uz/product/xiaomi-smartfon-redmi-note-17-pro-5g-rostest-eac-8-256-gb-nano-sim-esim-chernyy-5473106493/,,
"Смартфон I16 Pro Max, В качестве подарка родным и близким Ростест (EAC) 12/512 ГБ, Nano-SIM, черный",900006.0,ozon,https://ir-3.ozone.ru/s3/multimedia-1-m/wc500/14758462534.jpg,https://ozon.uz/product/smartfon-i16-pro-max-v-kachestve-podarka-rodnym-i-blizkim-rostest-eac-12-512-gb-nano-sim-chernyy-5719439206/,4.7,520
"Смартфон P0C0 X8 PRO, глобальная русская версия,сеть 4G, Двойная SIM-карта, 6.8 дюйма, ударопрочная и водонепроницаемая защита, мощные игровые функции, гибкая камера, длительное время работы от аккумулятора Ростест (EAC), Note 13 pro,pura 70 pro,смартфон андроид EU 12/512 ГБ, Nano-SIM, черный",7653911.0,ozon,https://ir-3.ozone.ru/s3/multimedia-1-l/wc500/14306496465.jpg,https://ozon.uz/product/samsung-smartfon-galaxy-s26-fe-rostest-eac-8-128-gb-nano-sim-esim-zelenyy-5526616202/,4.6,508
"iQOO Смартфон iQOO 15 Ростест (EAC) 16/512 ГБ, Nano-SIM, серый",11585879.0,ozon,https://ir-3.ozone.ru/s3/multimedia-1-k/wc500/9140349404.jpg,https://ozon.uz/product/iqoo-smartfon-iqoo-15-rostest-eac-16-512-gb-nano-sim-seryy-3152417947/,,
"Tecno Смартфон Spark Go 3 Ростест (EAC) 4/64 ГБ, Nano-SIM, сиреневый",1223314.0,ozon,https://ir-3.ozone.ru/s3/multimedia-1-r/wc500/11058626403.jpg,https://ozon.uz/product/tecno-smartfon-spark-go-3-rostest-eac-4-64-gb-nano-sim-sirenevyy-3624673037/,,
"Смартфон reaime C75 EU 12/512 ГБ, Nano-SIM, голубой",949252.0,ozon,https://ir-3.ozone.ru/s3/multimedia-1-b/wc500/14681014067.jpg,https://ozon.uz/product/smartfon-reaime-c75-eu-12-512-gb-nano-sim-goluboy-5699835530/,4.6,508
"Смартфон P0C0 X8 PRO, глобальная русская версия,сеть 4G, Двойная SIM-карта, 6.8 дюйма, ударопрочная и водонепроницаемая защита, мощные игровые функции, гибкая камера, длительное время работы от аккумулятора Ростест (EAC), Note 13 pro,pura 70 pro,смартфон андроид EU 12/512 ГБ, Nano-SIM, черный",1233249.0,ozon,https://ir-3.ozone.ru/s3/multimedia-1-w/wc500/14544475520.jpg,https://ozon.uz/product/smartfon-p0c0-x8-pro-globalnaya-russkaya-versiya-set-4g-dvoynaya-sim-karta-6-8-dyuyma-udaroprochnaya-5871178292/,4.8,635
"Samsung Смартфон Galaxy A37 Ростест (EAC) 8/256 ГБ, Nano-SIM, черный",4609642.0,ozon,https://ir-3.ozone.ru/s3/multimedia-1-b/wc500/9990830351.jpg,https://ozon.uz/product/samsung-smartfon-galaxy-a37-rostest-eac-8-256-gb-nano-sim-chernyy-3661246283/,,
"Samsung Смартфон Galaxy A08 Ростест (EAC) 4/64 ГБ, Nano-SIM, серебристый",2000666.0,ozon,https://ir-3.ozone.ru/s3/multimedia-1-e/wc500/15345477626.jpg,https://ozon.uz/product/samsung-smartfon-galaxy-a08-rostest-eac-4-64-gb-nano-sim-serebristyy-5754658508/,,
"GLANER Смартфон Защищенный смартфон 16/1 ТБ, Nano-SIM, черный",3845849.0,ozon,https://ir-3.ozone.ru/s3/multimedia-1-p/wc500/15145269721.jpg,https://ozon.uz/product/glaner-smartfon-zashchishchennyy-smartfon-16-1-tb-nano-sim-chernyy-4944215864/,4.3,35
"Rikor Смартфон NEURO S3 Ростест (EAC) 6/128 ГБ, Nano-SIM, eSIM, черный, черный матовый",6062064.0,ozon,https://ir-3.ozone.ru/s3/multimedia-1-0/wc500/14562590616.jpg,https://ozon.uz/product/poco-smartfon-x8-pro-max-rostest-eac-12-512-gb-nano-sim-esim-belyy-3564112465/,4.4,219
"Смартфон H0N0R X8c EU 12/512 ГБ, Nano-SIM, темно-серый",1035761.0,ozon,https://ir-3.ozone.ru/s3/multimedia-1-f/wc500/14508782871.jpg,https://ozon.uz/product/smartfon-h0n0r-x8c-eu-12-512-gb-nano-sim-temno-seryy-5789690845/,4.4,219
"Samsung Смартфон Galaxy Z Fold 7 Global 12/256 ГБ, Nano-SIM, синий",16399483.0,ozon,https://ir-3.ozone.ru/s3/multimedia-1-l/wc500/8346963081.jpg,https://ozon.uz/product/samsung-smartfon-galaxy-z-fold-7-global-12-256-gb-nano-sim-siniy-3865458159/,5.0,12
"Смартфон i17 air Ростест (EAC) 16/1 ТБ, Nano-SIM, черный",623165.0,ozon,https://ir-3.ozone.ru/s3/multimedia-1-9/wc500/13821231069.jpg,https://ozon.uz/product/smartfon-i17-air-rostest-eac-16-1-tb-nano-sim-chernyy-5454086412/,4.4,85
"realme Смартфон Note 80 Ростест (EAC) 4/128 ГБ, Nano-SIM, черный",1648548.0,ozon,https://ir-3.ozone.ru/s3/multimedia-1-a/wc500/12499621894.jpg,https://ozon.uz/product/realme-smartfon-note-80-rostest-eac-4-128-gb-nano-sim-chernyy-3879520662/,,
"Rikor Смартфон NEURO S3 Ростест (EAC) 6/128 ГБ, Nano-SIM, eSIM, черный, черный матовый",1834766.0,ozon,https://ir-3.ozone.ru/s3/multimedia-1-w/wc500/10247757404.jpg,https://ozon.uz/product/rikor-smartfon-neuro-s3-rostest-eac-6-128-gb-nano-sim-esim-chernyy-chernyy-matovyy-3376692950/,4.7,337
"iQOO Смартфон iQOO 15R Ростест (EAC) 12/512 ГБ, Nano-SIM, серый",7418447.0,ozon,https://ir-3.ozone.ru/s3/multimedia-1-u/wc500/9140620386.jpg,https://ozon.uz/product/iqoo-smartfon-iqoo-15r-rostest-eac-12-512-gb-nano-sim-seryy-3539437974/,,
"Смартфон Samsvng Galaxy Note 10 Ростест (EAC) 16/1 ТБ, Nano-SIM, золотой",1091117.0,ozon,https://ir-3.ozone.ru/s3/multimedia-1-s/wc500/13002451192.jpg,https://ozon.uz/product/smartfon-samsvng-galaxy-note-10-rostest-eac-16-1-tb-nano-sim-zolotoy-5510263042/,5.0,39
"Смартфон XAIOMl C85 Российская версия:C85 Смартфон (глобальная версия, поддерживает Россию), сеть 4G, 6,8 дюймов, Android-телефон, HD-камера, быстрая зарядка, высокопроизводительное игровое устройство EU 16/1 ТБ, Nano-SIM, темно-синий, светло-синий",2824996.0,ozon,https://ir-3.ozone.ru/s3/multimedia-1-l/wc500/8957838333.jpg,https://ozon.uz/product/realme-smartfon-c85-rostest-eac-8-256-gb-nano-sim-temno-seryy-3501177547/,4.3,54
"Смартфон Tenco Spark 50 Pro Ростест (EAC) 16/1 ТБ, Nano-SIM, бронза",1372651.0,ozon,https://ir-3.ozone.ru/s3/multimedia-1-w/wc500/12997705280.jpg,https://ozon.uz/product/smartfon-tenco-spark-50-pro-rostest-eac-16-1-tb-nano-sim-bronza-5651297937/,4.3,54
"realme Смартфон P4 Ростест (EAC) 8/256 ГБ, Nano-SIM, фиолетовый",2412899.0,ozon,https://ir-3.ozone.ru/s3/multimedia-1-x/wc500/12373329021.jpg,https://ozon.uz/product/realme-smartfon-p4-rostest-eac-8-256-gb-nano-sim-fioletovyy-4854479781/,,
"Смартфон Samsumg Galxay S26 Ultra Ростест (EAC) 16/1 ТБ, Micro-SIM, золотой",1156692.0,ozon,https://ir-3.ozone.ru/s3/multimedia-1-p/wc500/12367578373.jpg,https://ozon.uz/product/smartfon-samsumg-galxay-s26-ultra-rostest-eac-16-1-tb-micro-sim-zolotoy-5564483095/,4.7,74
"Infinix Смартфон Note Edge Ростест (EAC) 8/256 ГБ, Nano-SIM, eSIM, черный",3044741.0,ozon,https://ir-3.ozone.ru/s3/multimedia-1-l/wc500/9379477641.jpg,https://ozon.uz/product/infinix-smartfon-note-edge-rostest-eac-8-256-gb-nano-sim-esim-chernyy-3521199848/,4.8,98
"iQOO Смартфон Z11 Lite Ростест (EAC) 6/128 ГБ, Nano-SIM, золотой",2577629.0,ozon,https://ir-3.ozone.ru/s3/multimedia-1-h/wc500/10271995649.jpg,https://ozon.uz/product/iqoo-smartfon-z11-lite-rostest-eac-6-128-gb-nano-sim-zolotoy-4206330233/,,
"Смартфон X1ao Mi APhone 17 Pro Max Ростест (EAC) 16/1 ТБ, Micro-SIM, шоколадный, хаки",1065529.0,ozon,https://ir-3.ozone.ru/s3/multimedia-1-5/wc500/10913652581.jpg,https://ozon.uz/product/smartfon-x1ao-mi-aphone-17-pro-max-rostest-eac-16-1-tb-micro-sim-shokoladnyy-haki-5661525999/,4.9,95
"Смартфон XAIOMl C85 Российская версия:C85 Смартфон (глобальная версия, поддерживает Россию), сеть 4G, 6,8 дюймов, Android-телефон, HD-камера, быстрая зарядка, высокопроизводительное игровое устройство EU 16/1 ТБ, Nano-SIM, темно-синий, светло-синий",1460469.0,ozon,https://ir-3.ozone.ru/s3/multimedia-1-n/wc500/14277833915.jpg,https://ozon.uz/product/smartfon-xaioml-c85-rossiyskaya-versiya-c85-smartfon-globalnaya-versiya-podderzhivaet-rossiyu-set-4g-5586854772/,3.8,323
"Samsung Смартфон Galaxy S26 FE Ростест (EAC) 8/256 ГБ, Nano-SIM, eSIM, зеленый",8479588.0,ozon,https://ir-3.ozone.ru/s3/multimedia-1-l/wc500/14306496465.jpg,https://ozon.uz/product/samsung-smartfon-galaxy-s26-fe-rostest-eac-8-256-gb-nano-sim-esim-zelenyy-5526618985/,,
"Смартфон H0N0R X9b EU 12/512 ГБ, Nano-SIM, фиолетовый",953587.0,ozon,https://ir-3.ozone.ru/s3/multimedia-1-v/wc500/14533029319.jpg,https://ozon.uz/product/smartfon-h0n0r-x9b-eu-12-512-gb-nano-sim-fioletovyy-5789692248/,4.4,219
"iQOO Смартфон iQOO 15 Ростест (EAC) 12/256 ГБ, Nano-SIM, черный",10078553.0,ozon,https://ir-3.ozone.ru/s3/multimedia-1-u/wc500/9140349450.jpg,https://ozon.uz/product/iqoo-smartfon-iqoo-15-rostest-eac-12-256-gb-nano-sim-chernyy-3152419938/,,
"Смартфон M8 Pro Max，8000мАч Ростест (EAC) 16/1 ТБ, Nano-SIM, коричневый",1488652.0,ozon,https://ir-3.ozone.ru/s3/multimedia-1-r/wc500/11267018199.jpg,https://ozon.uz/product/smartfon-m8-pro-max-8000mach-rostest-eac-16-1-tb-nano-sim-korichnevyy-5704764843/,4.9,56
"realme Смартфон 16 Pro+ Ростест (EAC) 12/512 ГБ, Nano-SIM, бежевый",6118764.0,ozon,https://ir-3.ozone.ru/s3/multimedia-1-p/wc500/9447773749.jpg,https://ozon.uz/product/realme-smartfon-16-pro-rostest-eac-12-512-gb-nano-sim-bezhevyy-3632947711/,,
"iQOO Смартфон iQOO Z11 5G Ростест (EAC) 8/256 ГБ, Nano-SIM, синий",4826784.0,ozon,https://ir-3.ozone.ru/s3/multimedia-1-4/wc500/14678467672.jpg,https://ozon.uz/product/iqoo-smartfon-iqoo-z11-5g-rostest-eac-8-256-gb-nano-sim-siniy-4475096959/,,
"Смартфон Samsvng Galxy S26+, глобальная русская версия,сеть 4G, Двойная SIM-карта, 6.8 дюйма, ударопрочная и водонепроницаемая защита, мощные игровые функции, гибкая камера, длительное время работы от аккумулятора Ростест (EAC), Note 13 pro,pura 70 pro,смартфон андроид EU 16/1 ТБ, Nano-SIM, белый",5768778.0,ozon,https://ir-3.ozone.ru/s3/multimedia-1-w/wc500/20102232560.jpg,https://ozon.uz/product/xiaomi-smartfon-redmi-note-17-pro-max-5g-rostest-eac-8-512-gb-nano-sim-esim-chernyy-5473106793/,4.4,118
"Samsung Смартфон Galaxy A16 8/256 ГБ, Nano-SIM, черно-серый, черный",2253830.0,ozon,https://ir-3.ozone.ru/s3/multimedia-1-6/wc500/14649262998.jpg,https://ozon.uz/product/samsung-smartfon-galaxy-a16-8-256-gb-nano-sim-cherno-seryy-chernyy-5691913038/,4.4,118
"Смартфон Samsvng Galxy S26+, глобальная русская версия,сеть 4G, Двойная SIM-карта, 6.8 дюйма, ударопрочная и водонепроницаемая защита, мощные игровые функции, гибкая камера, длительное время работы от аккумулятора Ростест (EAC), Note 13 pro,pura 70 pro,смартфон андроид EU 16/1 ТБ, Nano-SIM, белый",1430774.0,ozon,https://ir-3.ozone.ru/s3/multimedia-1-o/wc500/15301436172.jpg,https://ozon.uz/product/smartfon-samsvng-galxy-s26-globalnaya-russkaya-versiya-set-4g-dvoynaya-sim-karta-6-8-5872360324/,4.8,635
"Смартфон C75 EU 12/512 ГБ, Nano-SIM, малиновый",1318079.0,ozon,https://ir-3.ozone.ru/s3/multimedia-1-0/wc500/14818565628.jpg,https://ozon.uz/product/smartfon-c75-eu-12-512-gb-nano-sim-malinovyy-5635835921/,3.3,172
"Xiaomi Смартфон Xiaomi 17 12+512 черный Ростест (EAC) 12/512 ГБ, Nano-SIM, eSIM, черный",12315442.0,ozon,https://ir-3.ozone.ru/s3/multimedia-1-y/wc500/10115757682.jpg,https://ozon.uz/product/xiaomi-smartfon-xiaomi-17-12-512-chernyy-rostest-eac-12-512-gb-nano-sim-esim-chernyy-3613105132/,5.0,27
"Смартфон TENCN0  Camon 50 Premier Ростест (EAC) 16/1 ТБ, Micro-SIM, черный",1101073.0,ozon,https://ir-3.ozone.ru/s3/multimedia-1-g/wc500/15194496472.jpg,https://ozon.uz/product/smartfon-tencn0-camon-50-premier-rostest-eac-16-1-tb-micro-sim-chernyy-5813174832/,4.9,37
"GLANER Смартфон Защищенный смартфон 16/1 ТБ, Nano-SIM, черный",3706137.0,ozon,https://ir-3.ozone.ru/s3/multimedia-1-d/wc500/15171447073.jpg,https://ozon.uz/product/glaner-smartfon-zashchishchennyy-smartfon-16-1-tb-nano-sim-chernyy-5555320725/,4.7,13
"Смартфон Sansumg H0N0R X8b Смартфон Глобальная русская версия для ЕС, сеть 4G, Wi-FI+GPS+Bluetooth, две SIM-карты, 6,8 дюйма, большой экран высокой четкости, гибкая камера, быстрая зарядка, мощное игровое устройство, аккумулятор большой емкости EU Ростест (EAC) EU 16/1 ТБ, Nano-SIM, белый, бежевый",1534025.0,ozon,https://ir-3.ozone.ru/s3/multimedia-1-p/wc500/15349156729.jpg,https://ozon.uz/product/smartfon-sansumg-h0n0r-x8b-smartfon-globalnaya-russkaya-versiya-dlya-es-set-4g-wi-fi-gps-5698094552/,4.1,428
"Tecno Смартфон Pova 8 5G Ростест (EAC) 8/256 ГБ, Nano-SIM, черный",3885800.0,ozon,https://ir-3.ozone.ru/s3/multimedia-1-h/wc500/13538153609.jpg,https://ozon.uz/product/tecno-smartfon-pova-8-5g-rostest-eac-8-256-gb-nano-sim-chernyy-5021174515/,,
"Samsung Смартфон Samsung Galaxy Z Flip8 12/256 ГБ, Nano-SIM, eSIM, серый",11519126.0,ozon,https://ir-3.ozone.ru/s3/multimedia-1-t/wc500/13506917645.jpg,https://ozon.uz/product/samsung-smartfon-samsung-galaxy-z-flip8-12-256-gb-nano-sim-esim-seryy-5516326392/,5.0,5
"realme Смартфон Note 80 Ростест (EAC) 4/64 ГБ, Nano-SIM, голубой",1530747.0,ozon,https://ir-3.ozone.ru/s3/multimedia-1-j/wc500/12499621579.jpg,https://ozon.uz/product/realme-smartfon-note-80-rostest-eac-4-64-gb-nano-sim-goluboy-3879521752/,,
"Samsung Смартфон Samsung Galaxy A57 (Navy) Global 8/128 ГБ, Nano-SIM, темно-синий",4664458.0,ozon,https://ir-3.ozone.ru/s3/multimedia-1-v/wc500/12845132203.jpg,https://ozon.uz/product/samsung-smartfon-samsung-galaxy-a57-navy-global-8-128-gb-nano-sim-temno-siniy-3843779662/,5.0,41
"Xiaomi Смартфон REDMI Note 17 Pro 5G Ростест (EAC) 6/128 ГБ, Nano-SIM, eSIM, оранжевый",3278848.0,ozon,https://ir-3.ozone.ru/s3/multimedia-1-p/wc500/15278908777.jpg,https://ozon.uz/product/xiaomi-smartfon-redmi-note-17-pro-5g-rostest-eac-6-128-gb-nano-sim-esim-oranzhevyy-5810049392/,5.0,63
"Смартфон H0N0R X8b EU 12/512 ГБ, Nano-SIM, салатовый",1175269.0,ozon,https://ir-3.ozone.ru/s3/multimedia-1-q/wc500/14669225522.jpg,https://ozon.uz/product/smartfon-h0n0r-x8b-eu-12-512-gb-nano-sim-salatovyy-5750787332/,4.0,207
"Samsung Смартфон Galaxy S26 FE Ростест (EAC) 8/256 ГБ, Nano-SIM, eSIM, черный",8479588.0,ozon,https://ir-3.ozone.ru/s3/multimedia-1-b/wc500/14306496455.jpg,https://ozon.uz/product/samsung-smartfon-galaxy-s26-fe-rostest-eac-8-256-gb-nano-sim-esim-chernyy-5526619673/,,
"Смартфон Смартфон i17Pro Max16gb + 1024GB, 6,9 ""FHD + экран, тройная камера, игровой телефон с высоким экраном Ростест (EAC) 16/1 ТБ, Nano-SIM, медь",985883.0,ozon,https://ir-3.ozone.ru/s3/multimedia-1-9/wc500/14596353477.jpg,https://ozon.uz/product/smartfon-smartfon-i17pro-max16gb-1024gb-6-9-fhd-ekran-troynaya-kamera-igrovoy-telefon-s-5678270100/,4.8,68
"Смартфон TECN0 Spark 50 Pro Ростест (EAC) 16/1 ТБ, Micro-SIM, золотой",1137393.0,ozon,https://ir-3.ozone.ru/s3/multimedia-1-b/wc500/14949161795.jpg,https://ozon.uz/product/smartfon-tecn0-spark-50-pro-rostest-eac-16-1-tb-micro-sim-zolotoy-5744890757/,4.9,49
"Смартфон P0C0 M8 Ростест (EAC) 16/1 ТБ, Nano-SIM, зеленый",1458959.0,ozon,https://ir-3.ozone.ru/s3/multimedia-1-u/wc500/14978260470.jpg,https://ozon.uz/product/smartfon-p0c0-m8-rostest-eac-16-1-tb-nano-sim-zelenyy-5720099713/,5.0,44
"Xiaomi Смартфон REDMI Note 17 Ростест (EAC) 4/128 ГБ, Nano-SIM, голубой",2383996.0,ozon,https://ir-3.ozone.ru/s3/multimedia-1-c/wc500/14604983292.jpg,https://ozon.uz/product/xiaomi-smartfon-redmi-note-17-rostest-eac-4-128-gb-nano-sim-goluboy-5530718793/,5.0,63
"Смартфон I16 Pro Max, В качестве подарка родным и близким Ростест (EAC) 12/512 ГБ, Nano-SIM, черный матовый",950419.0,ozon,https://ir-3.ozone.ru/s3/multimedia-1-a/wc500/15092623558.jpg,https://ozon.uz/product/smartfon-i16-pro-max-v-kachestve-podarka-rodnym-i-blizkim-rostest-eac-12-512-gb-nano-sim-5795343914/,4.8,601
"Xiaomi Смартфон REDMI 17 8/256 ГБ, Nano-SIM, пурпурный",2942660.0,ozon,https://ir-3.ozone.ru/s3/multimedia-1-1/wc500/14562591049.jpg,https://ozon.uz/product/xiaomi-smartfon-redmi-17-8-256-gb-nano-sim-purpurnyy-5279806711/,,
"Xiaomi Смартфон Note 15 Ростест (EAC) 8/256 ГБ, Nano-SIM, синий",2589532.0,ozon,https://ir-3.ozone.ru/s3/multimedia-1-q/wc500/8806018382.jpg,https://ozon.uz/product/xiaomi-smartfon-note-15-rostest-eac-8-256-gb-nano-sim-siniy-3391101246/,,
"Samsung Смартфон Galaxy A37 Charcoal 8/256 ГБ, Nano-SIM, черный",4536587.0,ozon,https://ir-3.ozone.ru/s3/multimedia-1-t/wc500/12845035901.jpg,https://ozon.uz/product/samsung-smartfon-galaxy-a37-charcoal-8-256-gb-nano-sim-chernyy-3849289248/,5.0,6
"Смартфон S25 Ultra Смартфон Глобальная русская версия для ЕС, сеть 4G, Wi-FI+GPS+Bluetooth, две SIM-карты, 6,8 дюйма, большой экран высокой четкости, гибкая камера, быстрая зарядка, мощное игровое устройство, аккумулятор большой емкости EU Ростест (EAC) EU 12/512 ГБ, Nano-SIM, темно-серый, малиновый",889672.0,ozon,https://ir-3.ozone.ru/s3/multimedia-1-w/wc500/13514533628.jpg,https://ozon.uz/product/smartfon-s25-ultra-smartfon-globalnaya-russkaya-versiya-dlya-es-set-4g-wi-fi-gps-bluetooth-dve-sim-5362047306/,4.8,112
"Xiaomi Смартфон Xiaomi REDMI 17 Ростест (EAC) 4/128 ГБ, Nano-SIM, черный",1925011.0,ozon,https://ir-3.ozone.ru/s3/multimedia-1-n/wc500/14509526567.jpg,https://ozon.uz/product/xiaomi-smartfon-xiaomi-redmi-17-rostest-eac-4-128-gb-nano-sim-chernyy-5430766077/,4.6,10
"Samsung Смартфон Samsung Galaxy A57 (Navy) Global 8/256 ГБ, Nano-SIM, темно-синий",5208419.0,ozon,https://ir-3.ozone.ru/s3/multimedia-1-l/wc500/12845131293.jpg,https://ozon.uz/product/samsung-smartfon-samsung-galaxy-a57-navy-global-8-256-gb-nano-sim-temno-siniy-3848726778/,5.0,41
"Redmi Смартфон Ростест (EAC) 8/256 ГБ, Nano-SIM, оранжевый",1570519.0,ozon,https://ir-3.ozone.ru/s3/multimedia-1-d/wc500/14768110849.jpg,https://ozon.uz/product/redmi-smartfon-rostest-eac-8-256-gb-nano-sim-oranzhevyy-5678660165/,4.5,1342
"Смартфон H0N0R 600 EU 12/512 ГБ, Nano-SIM, черный матовый",1363483.0,ozon,https://ir-3.ozone.ru/s3/multimedia-1-a/wc500/15092183134.jpg,https://ozon.uz/product/smartfon-h0n0r-600-eu-12-512-gb-nano-sim-chernyy-matovyy-5807247302/,4.9,201
"Honor Смартфон 600 Pro Ростест (EAC) 12/512 ГБ, Nano-SIM, eSIM, черный",9420235.0,ozon,https://ir-3.ozone.ru/s3/multimedia-1-s/wc500/15092801380.jpg,https://ozon.uz/product/honor-smartfon-600-pro-rostest-eac-12-512-gb-nano-sim-esim-chernyy-4200768524/,,
"Samsung Смартфон Global 6/128 ГБ, Nano-SIM, светло-зеленый",1336859.0,ozon,https://ir-3.ozone.ru/s3/multimedia-1-x/wc500/7686341781.jpg,https://ozon.uz/product/samsung-smartfon-global-6-128-gb-nano-sim-svetlo-zelenyy-1999432097/,3.9,1433
"Xiaomi Смартфон Redmi Note 13 Pro,XiaoMi,2SIM Global 12/256 ГБ, Nano-SIM, черный матовый",3124955.0,ozon,https://ir-3.ozone.ru/s3/multimedia-1-0/wc500/12571758540.jpg,https://ozon.uz/product/xiaomi-smartfon-redmi-note-13-pro-xiaomi-2sim-global-12-256-gb-nano-sim-chernyy-matovyy-5068494006/,4.7,30
"XIAOXING Смартфон 8/512 ГБ, белый",1042511.0,ozon,https://ir-3.ozone.ru/s3/multimedia-1-7/wc500/13683475807.jpg,https://ozon.uz/product/xiaoxing-smartfon-8-512-gb-belyy-5412547724/,4.5,295
"Xiaomi Смартфон REDMI Note 17 Pro Max 5G Ростест (EAC) 8/256 ГБ, Nano-SIM, eSIM, зеленый",5062248.0,ozon,https://ir-3.ozone.ru/s3/multimedia-1-8/wc500/20102229296.jpg,https://ozon.uz/product/xiaomi-smartfon-redmi-note-17-pro-max-5g-rostest-eac-8-256-gb-nano-sim-esim-zelenyy-5473107008/,,
"HUAWEI Смартфон nova 15 Max Ростест (EAC) 8/256 ГБ, Nano-SIM, голубой",3179270.0,ozon,https://ir-3.ozone.ru/s3/multimedia-1-s/wc500/11166419476.jpg,https://ozon.uz/product/huawei-smartfon-nova-15-max-rostest-eac-8-256-gb-nano-sim-goluboy-4404551290/,,
"Смартфон S26 Ultra Ростест (EAC) 16/1 ТБ, Nano-SIM, фиолетовый, темно-синий",1057634.0,ozon,https://ir-3.ozone.ru/s3/multimedia-1-1/wc500/12575268289.jpg,https://ozon.uz/product/smartfon-s26-ultra-rostest-eac-16-1-tb-nano-sim-fioletovyy-temno-siniy-5618075230/,4.8,120
"Смартфон TECN0 Pova 7 Pro Ростест (EAC) 16/1 ТБ, Micro-SIM, черно-серый",1134566.0,ozon,https://ir-3.ozone.ru/s3/multimedia-1-m/wc500/14383877458.jpg,https://ozon.uz/product/smartfon-tecn0-pova-7-pro-rostest-eac-16-1-tb-micro-sim-cherno-seryy-5842134738/,4.9,58
"Смартфон Защищенный игровой противоударный смартфон 16/512 ГБ, золотой",3692581.0,ozon,https://ir-3.ozone.ru/s3/multimedia-1-x/wc500/14412526305.jpg,https://ozon.uz/product/smartfon-zashchishchennyy-igrovoy-protivoudarnyy-smartfon-16-512-gb-zolotoy-5628586094/,4.7,223
"Tecno Смартфон Spark Go 3 Ростест (EAC) 4/64 ГБ, Nano-SIM, синий",1411937.0,ozon,https://ir-3.ozone.ru/s3/multimedia-1-p/wc500/11058621217.jpg,https://ozon.uz/product/tecno-smartfon-spark-go-3-rostest-eac-4-64-gb-nano-sim-siniy-3624673061/,,
"Смартфон Rеdmi 15С, Dual Nano Sim, IPS экран 8/256 ГБ, Nano-SIM, коралловый, оранжевый",9254359.0,ozon,https://ir-3.ozone.ru/s3/multimedia-1-q/wc500/15108670250.jpg,https://ozon.uz/product/poco-smartfon-f9-ultra-12-256-gb-nano-sim-chernyy-5745760117/,4.7,89
"Смартфон Tenco Spark 30 Pro Ростест (EAC) 16/1 ТБ, Nano-SIM, шоколадный",1252140.0,ozon,https://ir-3.ozone.ru/s3/multimedia-1-j/wc500/13441584763.jpg,https://ozon.uz/product/smartfon-tenco-spark-30-pro-rostest-eac-16-1-tb-nano-sim-shokoladnyy-5593899507/,4.7,89
"realme Смартфон P4 Lite Ростест (EAC) 4/64 ГБ, Nano-SIM, фиолетовый",1412947.0,ozon,https://ir-3.ozone.ru/s3/multimedia-1-x/wc500/12373451313.jpg,https://ozon.uz/product/realme-smartfon-p4-lite-rostest-eac-4-64-gb-nano-sim-fioletovyy-4854479864/,,
"iQOO Смартфон Z11 Lite Ростест (EAC) 6/256 ГБ, Nano-SIM, золотой",2895594.0,ozon,https://ir-3.ozone.ru/s3/multimedia-1-n/wc500/10272002207.jpg,https://ozon.uz/product/iqoo-smartfon-z11-lite-rostest-eac-6-256-gb-nano-sim-zolotoy-4206330431/,,
"Смартфон 12/512 ГБ, Nano-SIM, серебристый",879730.0,ozon,https://ir-3.ozone.ru/s3/multimedia-1-4/wc500/15213207136.jpg,https://ozon.uz/product/smartfon-12-512-gb-nano-sim-serebristyy-5844509152/,4.8,424
"Смартфон Rеdmi 15С, Dual Nano Sim, IPS экран 8/256 ГБ, Nano-SIM, коралловый, оранжевый",2130116.0,ozon,https://ir-3.ozone.ru/s3/multimedia-1-z/wc500/15108346907.jpg,https://ozon.uz/product/smartfon-redmi-15s-dual-nano-sim-ips-ekran-8-256-gb-nano-sim-korallovyy-oranzhevyy-5543723094/,5.0,175
"Смартфон TACN0 CAMON 50 Ultra EU 12/512 ГБ, Nano-SIM, салатовый",1093130.0,ozon,https://ir-3.ozone.ru/s3/multimedia-1-5/wc500/14682644573.jpg,https://ozon.uz/product/smartfon-tacn0-camon-50-ultra-eu-12-512-gb-nano-sim-salatovyy-5700199005/,4.8,298
"Смартфон Realme 15 Pro Ростест (EAC) 12/1 ТБ, Nano-SIM, бронза",1361928.0,ozon,https://ir-3.ozone.ru/s3/multimedia-1-b/wc500/12959004503.jpg,https://ozon.uz/product/smartfon-realme-15-pro-rostest-eac-12-1-tb-nano-sim-bronza-5349554519/,4.9,36
"Samsung Смартфон Galaxy S26 FE Ростест (EAC) 8/512 ГБ, Nano-SIM, eSIM, черный",2707195.0,ozon,https://ir-3.ozone.ru/s3/multimedia-1-3/wc500/12691423659.jpg,https://ozon.uz/product/honor-smartfon-honor-x7e-rostest-eac-6-256-gb-nano-sim-oranzhevyy-4905868151/,5.0,7
"Google Смартфон Pixel 10 Pro Global 16/128 ГБ, Nano-SIM, черный",11073132.0,ozon,https://ir-3.ozone.ru/s3/multimedia-1-s/wc500/7954413220.jpg,https://ozon.uz/product/google-smartfon-pixel-10-pro-global-16-128-gb-nano-sim-chernyy-3865444037/,5.0,7
"Tecno Смартфон Spark Go 3 Ростест (EAC) 4/128 ГБ, Nano-SIM, серый",1365881.0,ozon,https://ir-3.ozone.ru/s3/multimedia-1-c/wc500/9260737500.jpg,https://ozon.uz/product/tecno-smartfon-spark-go-3-rostest-eac-4-128-gb-nano-sim-seryy-3624673028/,,
"Samsung Смартфон Galaxy S26 FE Ростест (EAC) 8/512 ГБ, Nano-SIM, eSIM, черный",10597693.0,ozon,https://ir-3.ozone.ru/s3/multimedia-1-b/wc500/14306496455.jpg,https://ozon.uz/product/samsung-smartfon-galaxy-s26-fe-rostest-eac-8-512-gb-nano-sim-esim-chernyy-5526617010/,,
"Tecno Смартфон Camon 50 Ростест (EAC) 8/256 ГБ, Nano-SIM, зеленый",3127780.0,ozon,https://ir-3.ozone.ru/s3/multimedia-1-w/wc500/9318345512.jpg,https://ozon.uz/product/tecno-smartfon-camon-50-rostest-eac-8-256-gb-nano-sim-zelenyy-3572726731/,,
"Apple Смартфон iPhone 17 Pro, Dual eSIM Global 12/256 ГБ, eSIM, серебристый",15948596.0,ozon,https://ir-3.ozone.ru/s3/multimedia-1-4/wc500/9295018636.jpg,https://ozon.uz/product/apple-smartfon-iphone-17-pro-dual-esim-global-12-256-gb-esim-serebristyy-2889896090/,5.0,128
"iQOO Смартфон iQOO 15R  Ростест (EAC) 12/256 ГБ, Nano-SIM, черный",6767647.0,ozon,https://ir-3.ozone.ru/s3/multimedia-1-5/wc500/9091579973.jpg,https://ozon.uz/product/iqoo-smartfon-iqoo-15r-rostest-eac-12-256-gb-nano-sim-chernyy-3530930579/,4.9,1552
"Xiaomi Смартфон Note 15 Pro 5G Ростест (EAC) 8/256 ГБ, Nano-SIM, eSIM, черный",3766990.0,ozon,https://ir-3.ozone.ru/s3/multimedia-1-2/wc500/8806018250.jpg,https://ozon.uz/product/xiaomi-smartfon-note-15-pro-5g-rostest-eac-8-256-gb-nano-sim-esim-chernyy-3391101739/,,
"Смартфон HONOR 600,смартфон андроид 15,телефоны смартфоны Ростест (EAC) 16/1 ТБ, Micro-SIM, Nano-SIM, черно-серый",1326382.0,ozon,https://ir-3.ozone.ru/s3/multimedia-1-b/wc500/11058598343.jpg,https://ozon.uz/product/tecno-smartfon-spark-go-3-rostest-eac-4-64-gb-nano-sim-seryy-3624672106/,5.0,2
"Poco Смартфон F9 Ultra 12/256 ГБ, Nano-SIM, красный",9254359.0,ozon,https://ir-3.ozone.ru/s3/multimedia-1-b/wc500/15108676859.jpg,https://ozon.uz/product/poco-smartfon-f9-ultra-12-256-gb-nano-sim-krasnyy-5745760141/,,
"Xiaomi Смартфон REDMI Note 17 Pro Max 5G Ростест (EAC) 8/256 ГБ, Nano-SIM, eSIM, черный",4875782.0,ozon,https://ir-3.ozone.ru/s3/multimedia-1-3/wc500/15030400143.jpg,https://ozon.uz/product/xiaomi-smartfon-redmi-note-17-pro-max-5g-rostest-eac-8-256-gb-nano-sim-esim-chernyy-5793298517/,5.0,2
"Samsung Смартфон Samsung Galaxy A57 (Navy) Global 12/512 ГБ, Nano-SIM, темно-синий",5992805.0,ozon,https://ir-3.ozone.ru/s3/multimedia-1-l/wc500/12881004789.jpg,https://ozon.uz/product/samsung-smartfon-samsung-galaxy-a57-navy-global-12-512-gb-nano-sim-temno-siniy-3848726421/,5.0,41
"Xiaomi Смартфон REDMI 17 Ростест (EAC) 8/256 ГБ, Nano-SIM, черный",2827643.0,ozon,https://ir-3.ozone.ru/s3/multimedia-1-a/wc500/13590728902.jpg,https://ozon.uz/product/xiaomi-smartfon-redmi-17-rostest-eac-8-256-gb-nano-sim-chernyy-5384452742/,4.9,97
"Смартфон HONOR 600,смартфон андроид 15,телефоны смартфоны Ростест (EAC) 16/1 ТБ, Micro-SIM, Nano-SIM, черно-серый",1114574.0,ozon,https://ir-3.ozone.ru/s3/multimedia-1-5/wc500/14905060277.jpg,https://ozon.uz/product/smartfon-honor-600-smartfon-android-15-telefony-smartfony-rostest-eac-16-1-tb-micro-sim-nano-sim-5887682870/,4.9,123
"Samsung Смартфон Galaxy A14 6/128 ГБ, Nano-SIM, зеленый",1382650.0,ozon,https://ir-3.ozone.ru/s3/multimedia-1-1/wc500/14782781341.jpg,https://ozon.uz/product/samsung-smartfon-galaxy-a14-6-128-gb-nano-sim-zelenyy-5725326200/,4.0,1
"Смартфон C65 8/256 телефон Android 13, экран 6.74"" 90 Гц,  8/256 ГБ, Nano-SIM, черный, черный матовый",2102046.0,ozon,https://ir-3.ozone.ru/s3/multimedia-1-9/wc500/14065316505.jpg,https://ozon.uz/product/smartfon-c65-8-256-telefon-android-13-ekran-6-74-90-gts-8-256-gb-nano-sim-chernyy-chernyy-matovyy-2439094564/,5.0,133
"realme Смартфон P4 Ростест (EAC) 8/256 ГБ, Nano-SIM, зеленый",2412899.0,ozon,https://ir-3.ozone.ru/s3/multimedia-1-z/wc500/12373246619.jpg,https://ozon.uz/product/realme-smartfon-p4-rostest-eac-8-256-gb-nano-sim-zelenyy-4854479727/,,
"Смартфон P0C0 X8 Pro Max Ростест (EAC) 12/1 ТБ, Nano-SIM, темно-зеленый, слоновая кость",1415791.0,ozon,https://ir-3.ozone.ru/s3/multimedia-1-m/wc500/11830058986.jpg,https://ozon.uz/product/smartfon-p0c0-x8-pro-max-rostest-eac-12-1-tb-nano-sim-temno-zelenyy-slonovaya-kost-5789926577/,5.0,51
"Redmi Смартфон Redmi 14C Ростест (EAC) 8/256 ГБ, Nano-SIM, зеленый",1463508.0,ozon,https://ir-3.ozone.ru/s3/multimedia-1-1/wc500/7389590149.jpg,https://ozon.uz/product/redmi-smartfon-redmi-14c-rostest-eac-8-256-gb-nano-sim-zelenyy-5733003641/,4.5,1051
"Honor Смартфон HONOR X7e Ростест (EAC) 6/256 ГБ, Nano-SIM, голубой",2707195.0,ozon,https://ir-3.ozone.ru/s3/multimedia-1-r/wc500/12691417563.jpg,https://ozon.uz/product/honor-smartfon-honor-x7e-rostest-eac-6-256-gb-nano-sim-goluboy-4905867747/,,
"LATYTECH Смартфон Cyber 18 Global 20/256 ГБ, Nano-SIM, оранжевый",2996429.0,ozon,https://ir-3.ozone.ru/s3/multimedia-1-f/wc500/13360989183.jpg,https://ozon.uz/product/latytech-smartfon-cyber-18-global-20-256-gb-nano-sim-oranzhevyy-5316888050/,4.9,11
"Смартфон 12/512 ГБ, Nano-SIM, синий",881355.0,ozon,https://ir-3.ozone.ru/s3/multimedia-1-x/wc500/15302665869.jpg,https://ozon.uz/product/smartfon-12-512-gb-nano-sim-siniy-5836171846/,5.0,495
"Смартфон Samsumg Galxay S27+ Ultra Ростест (EAC) 16/1 ТБ, Micro-SIM, бронза",1519105.0,ozon,https://ir-3.ozone.ru/s3/multimedia-1-c/wc500/14714853924.jpg,https://ozon.uz/product/smartfon-samsumg-galxay-s27-ultra-rostest-eac-16-1-tb-micro-sim-bronza-5676219520/,4.7,63
"Xiaomi Смартфон REDMI Note 17 Pro 5G Ростест (EAC) 8/256 ГБ, Nano-SIM, eSIM, оранжевый",456263.0,ozon,https://ir-3.ozone.ru/s3/multimedia-1-o/wc500/10221691596.jpg,https://ozon.uz/product/smartfon-mini-17-pro-max-8-512-gb-micro-sim-nano-sim-siniy-4177062064/,4.4,706
"Смартфон смартфон EU 12/512 ГБ, Nano-SIM, малиновый, зеркальный",862117.0,ozon,https://ir-3.ozone.ru/s3/multimedia-1-8/wc500/15083190764.jpg,https://ozon.uz/product/smartfon-smartfon-eu-12-512-gb-nano-sim-malinovyy-zerkalnyy-5753255763/,4.8,424
"Poco Смартфон F9 Pro Ростест (EAC) 12/512 ГБ, Nano-SIM, eSIM, черный",8262084.0,ozon,https://ir-3.ozone.ru/s3/multimedia-1-f/wc500/15361197531.jpg,https://ozon.uz/product/poco-smartfon-f9-pro-rostest-eac-12-512-gb-nano-sim-esim-chernyy-5744539298/,5.0,5
"Смартфон mini 17 Pro Max 8/512 ГБ, оранжевый",607535.0,ozon,https://ir-3.ozone.ru/s3/multimedia-1-k/wc500/8606946044.jpg,https://ozon.uz/product/smartfon-mini-17-pro-max-8-512-gb-oranzhevyy-3277333290/,4.5,510
"Samsung Смартфон Galaxy A57 5G Global 8/128 ГБ, Nano-SIM, серый",4205375.0,ozon,https://ir-3.ozone.ru/s3/multimedia-1-6/wc500/12969836826.jpg,https://ozon.uz/product/samsung-smartfon-galaxy-a57-5g-global-8-128-gb-nano-sim-seryy-4753127571/,4.9,103
"Honor Смартфон 600 Lite Ростест (EAC) 8/256 ГБ, Nano-SIM, серый",4121264.0,ozon,https://ir-3.ozone.ru/s3/multimedia-1-9/wc500/11014254153.jpg,https://ozon.uz/product/honor-smartfon-600-lite-rostest-eac-8-256-gb-nano-sim-seryy-3701083545/,,
"Xiaomi Смартфон REDMI Note 17 Pro 5G Ростест (EAC) 8/256 ГБ, Nano-SIM, eSIM, оранжевый",3980225.0,ozon,https://ir-3.ozone.ru/s3/multimedia-1-o/wc500/14823481128.jpg,https://ozon.uz/product/xiaomi-smartfon-redmi-note-17-pro-5g-rostest-eac-8-256-gb-nano-sim-esim-oranzhevyy-5736223227/,5.0,63
"Смартфон I17 PRO MAX, большой экран 6.6 дюйма; сеть 4G; высококачественные игры; досуг и развлечения; Android; большой объём памяти; подарок на день рождения; сертификация Ростест (EAC).

 EU 12/512 ГБ, Nano-SIM, фиолетовый, серебристый",1521804.0,ozon,https://ir-3.ozone.ru/s3/multimedia-1-s/wc500/15184434304.jpg,https://ozon.uz/product/redmi-smartfon-redmi-note-11-rostest-eac-6-256-gb-nano-sim-chernyy-5700654615/,4.5,1051
"Смартфон I17 PRO MAX, большой экран 6.6 дюйма; сеть 4G; высококачественные игры; досуг и развлечения; Android; большой объём памяти; подарок на день рождения; сертификация Ростест (EAC).

 EU 12/512 ГБ, Nano-SIM, фиолетовый, серебристый",893375.0,ozon,https://ir-3.ozone.ru/s3/multimedia-1-t/wc500/15404795777.jpg,https://ozon.uz/product/smartfon-i17-pro-max-bolshoy-ekran-6-6-dyuyma-set-4g-vysokokachestvennye-igry-dosug-i-5752650934/,4.7,534
"Смартфон S26 Ultra Ростест (EAC) 16/1 ТБ, Nano-SIM, золотой",788197.0,ozon,https://ir-3.ozone.ru/s3/multimedia-1-h/wc500/12382482365.jpg,https://ozon.uz/product/smartfon-s26-ultra-rostest-eac-16-1-tb-nano-sim-zolotoy-5053171783/,4.3,529
"Samsung Смартфон Galaxy S25 Ростест (EAC) 12/128 ГБ, Nano-SIM, eSIM, синий",7714622.0,ozon,https://ir-3.ozone.ru/s3/multimedia-1-3/wc500/12966946167.jpg,https://ozon.uz/product/samsung-smartfon-galaxy-s25-rostest-eac-12-128-gb-nano-sim-esim-siniy-1934002175/,4.9,672
"iQOO Смартфон iQOO 15R Ростест (EAC) 12/512 ГБ, Nano-SIM, черный",7418447.0,ozon,https://ir-3.ozone.ru/s3/multimedia-1-8/wc500/9140613056.jpg,https://ozon.uz/product/iqoo-smartfon-iqoo-15r-rostest-eac-12-512-gb-nano-sim-chernyy-3539437986/,,
"Samsung Смартфон Galaxy S26 FE Ростест (EAC) 8/256 ГБ, Nano-SIM, eSIM, фиолетовый",8478241.0,ozon,https://ir-3.ozone.ru/s3/multimedia-1-o/wc500/14306496468.jpg,https://ozon.uz/product/samsung-smartfon-galaxy-s26-fe-rostest-eac-8-256-gb-nano-sim-esim-fioletovyy-5526619629/,,
"Смартфон H0N0R X9b EU 12/512 ГБ, Nano-SIM, светло-синий",928573.0,ozon,https://ir-3.ozone.ru/s3/multimedia-1-4/wc500/14354046040.jpg,https://ozon.uz/product/smartfon-h0n0r-x9b-eu-12-512-gb-nano-sim-svetlo-siniy-5610446939/,3.8,137
"XIAOXING Смартфон Ростест (EAC) 8/512 ГБ, Nano-SIM, оранжевый",1042511.0,ozon,https://ir-3.ozone.ru/s3/multimedia-1-k/wc500/15000189464.jpg,https://ozon.uz/product/xiaoxing-smartfon-rostest-eac-8-512-gb-nano-sim-oranzhevyy-5667531574/,4.1,28
"Xiaomi Смартфон REDMI Note 17 Pro 5G Ростест (EAC) 6/128 ГБ, Nano-SIM, eSIM, голубой",3413725.0,ozon,https://ir-3.ozone.ru/s3/multimedia-1-g/wc500/20102186104.jpg,https://ozon.uz/product/xiaomi-smartfon-redmi-note-17-pro-5g-rostest-eac-6-128-gb-nano-sim-esim-goluboy-5473107024/,4.5,1051
"realme Смартфон 16 5G Ростест (EAC) 8/256 ГБ, Nano-SIM, белый",4121264.0,ozon,https://ir-3.ozone.ru/s3/multimedia-1-f/wc500/10086136503.jpg,https://ozon.uz/product/realme-smartfon-16-5g-rostest-eac-8-256-gb-nano-sim-belyy-3931477794/,,
"Redmi Смартфон note 11 Global 8/256 ГБ, Nano-SIM, голубой",1517429.0,ozon,https://ir-3.ozone.ru/s3/multimedia-1-z/wc500/15184495295.jpg,https://ozon.uz/product/redmi-smartfon-note-11-global-8-256-gb-nano-sim-goluboy-5724389542/,4.5,1051
"Honor Смартфон HONOR Magic 8 Pro Ростест (EAC) 12/512 ГБ, Nano-SIM, голубой",12364017.0,ozon,https://ir-3.ozone.ru/s3/multimedia-1-w/wc500/9062050316.jpg,https://ozon.uz/product/honor-smartfon-honor-magic-8-pro-rostest-eac-12-512-gb-nano-sim-goluboy-3391704044/,,
"Смартфон Tenco Pova 7 Pro Ростест (EAC) 16/1 ТБ, Micro-SIM, перламутровый",1111355.0,ozon,https://ir-3.ozone.ru/s3/multimedia-1-e/wc500/8567240450.jpg,https://ozon.uz/product/smartfon-tenco-pova-7-pro-rostest-eac-16-1-tb-micro-sim-perlamutrovyy-5582517239/,4.9,40
"GLANER Смартфон Защищенный смартфон 16/512 ГБ, Nano-SIM, черный",3759170.0,ozon,https://ir-3.ozone.ru/s3/multimedia-1-y/wc500/15171448606.jpg,https://ozon.uz/product/glaner-smartfon-zashchishchennyy-smartfon-16-512-gb-nano-sim-chernyy-5555222218/,5.0,4
"Infinix Смартфон GT 30 PRO Ростест (EAC) 12/512 ГБ, Nano-SIM, серебристый",3963066.0,ozon,https://ir-3.ozone.ru/s3/multimedia-1-4/wc500/7750451380.jpg,https://ozon.uz/product/infinix-smartfon-gt-30-pro-rostest-eac-12-512-gb-nano-sim-serebristyy-2917327748/,4.9,1165
"Смартфон Tenco Camon 40 Ultra 5G Ростест (EAC) 16/1 ТБ, Nano-SIM, черный матовый",1512169.0,ozon,https://ir-3.ozone.ru/s3/multimedia-1-1/wc500/15184432945.jpg,https://ozon.uz/product/redmi-smartfon-redmi-note-11-rostest-eac-6-128-gb-nano-sim-siniy-5723792454/,4.5,1051
"Смартфон 17 Pro Max Ростест (EAC) 16/1 ТБ, Micro-SIM, черный",1040958.0,ozon,https://ir-3.ozone.ru/s3/multimedia-1-m/wc500/11215075522.jpg,https://ozon.uz/product/smartfon-17-pro-max-rostest-eac-16-1-tb-micro-sim-chernyy-5597950974/,4.8,56
"Redmi Смартфон 14C Ростест (EAC) 8/256 ГБ, Nano-SIM, шоколадный, черный матовый",1547001.0,ozon,https://ir-3.ozone.ru/s3/multimedia-1-m/wc500/14882211202.jpg,https://ozon.uz/product/redmi-smartfon-14c-rostest-eac-8-256-gb-nano-sim-shokoladnyy-chernyy-matovyy-5753701386/,4.5,810
"Смартфон Tenco Camon 40 Ultra 5G Ростест (EAC) 16/1 ТБ, Nano-SIM, черный матовый",1070793.0,ozon,https://ir-3.ozone.ru/s3/multimedia-1-u/wc500/14775624138.jpg,https://ozon.uz/product/smartfon-tenco-camon-40-ultra-5g-rostest-eac-16-1-tb-nano-sim-chernyy-matovyy-5668209250/,4.4,45
"Смартфон HVAWEI Mate 80 RS EU 12/512 ГБ, Nano-SIM, черный матовый",1102629.0,ozon,https://ir-3.ozone.ru/s3/multimedia-1-s/wc500/14682643156.jpg,https://ozon.uz/product/smartfon-hvawei-mate-80-rs-eu-12-512-gb-nano-sim-chernyy-matovyy-5700201149/,4.8,298
"Doogee Смартфон Note 56 Plus  6/256 ГБ, Nano-SIM, черный",1440568.0,ozon,https://ir-3.ozone.ru/s3/multimedia-1-k/wc500/12535144904.jpg,https://ozon.uz/product/doogee-smartfon-note-56-plus-6-256-gb-nano-sim-chernyy-5067457799/,4.7,131
"Redmi Смартфон Redmi 15C Ростест (EAC) 8/256 ГБ, Nano-SIM, черный",1574298.0,ozon,https://ir-3.ozone.ru/s3/multimedia-1-g/wc500/15288295444.jpg,https://ozon.uz/product/redmi-smartfon-redmi-15c-rostest-eac-8-256-gb-nano-sim-chernyy-5867878175/,5.0,3
"Смартфон TENC0 Camon 50 Pro Ростест (EAC) 16/1 ТБ, Micro-SIM, черный",1030934.0,ozon,https://ir-3.ozone.ru/s3/multimedia-1-k/wc500/14345321924.jpg,https://ozon.uz/product/smartfon-tenc0-camon-50-pro-rostest-eac-16-1-tb-micro-sim-chernyy-5818949200/,4.9,93
"Смартфон Смартфон модели I17 Pro Max, 12 ГБ оперативной памяти и 512 ГБ встроенной памяти, оранжевый цвет. Отличный подарок для близких и друзей.

 Ростест (EAC) 12/512 ГБ, Nano-SIM, оранжевый",1365881.0,ozon,https://ir-3.ozone.ru/s3/multimedia-1-t/wc500/9260715485.jpg,https://ozon.uz/product/tecno-smartfon-spark-go-3-rostest-eac-4-128-gb-nano-sim-chernyy-3624672997/,4.7,534
"Xiaomi Смартфон Note 15 Pro Ростест (EAC) 12/512 ГБ, Nano-SIM, черный",3485470.0,ozon,https://ir-3.ozone.ru/s3/multimedia-1-t/wc500/8806018205.jpg,https://ozon.uz/product/xiaomi-smartfon-note-15-pro-rostest-eac-12-512-gb-nano-sim-chernyy-3391101730/,,
"Смартфон Смартфон модели I17 Pro Max, 12 ГБ оперативной памяти и 512 ГБ встроенной памяти, оранжевый цвет. Отличный подарок для близких и друзей.

 Ростест (EAC) 12/512 ГБ, Nano-SIM, оранжевый",923265.0,ozon,https://ir-3.ozone.ru/s3/multimedia-1-w/wc500/14699862824.jpg,https://ozon.uz/product/smartfon-smartfon-modeli-i17-pro-max-12-gb-operativnoy-pamyati-i-512-gb-vstroennoy-pamyati-5588499937/,4.7,534
"Смартфон Смартфон H0N0R X9D 16/1TB ГБ, Nano-SIM, EU 16/1 ТБ, Nano-SIM, белый, бирюзовый",1573809.0,ozon,https://ir-3.ozone.ru/s3/multimedia-1-9/wc500/20171802501.jpg,https://ozon.uz/product/smartfon-smartfon-h0n0r-x9d-16-1tb-gb-nano-sim-eu-16-1-tb-nano-sim-belyy-biryuzovyy-5860520279/,4.9,272
"Смартфон Redmi Note 10 8/256 ГБ, Nano-SIM, черный, серый",2143442.0,ozon,https://ir-3.ozone.ru/s3/multimedia-1-v/wc500/13583392771.jpg,https://ozon.uz/product/smartfon-redmi-note-10-8-256-gb-nano-sim-chernyy-seryy-5202041152/,5.0,100
"Смартфон reaime C75 EU 12/512 ГБ, Nano-SIM, красный, малиновый",1104433.0,ozon,https://ir-3.ozone.ru/s3/multimedia-1-s/wc500/14682644632.jpg,https://ozon.uz/product/smartfon-reaime-c75-eu-12-512-gb-nano-sim-krasnyy-malinovyy-5700199424/,4.8,298
"Samsung Смартфон Galaxy A37 Ростест (EAC) 8/128 ГБ, Nano-SIM, белый",4190404.0,ozon,https://ir-3.ozone.ru/s3/multimedia-1-l/wc500/9990830397.jpg,https://ozon.uz/product/samsung-smartfon-galaxy-a37-rostest-eac-8-128-gb-nano-sim-belyy-3661248047/,,
"Samsung Смартфон Global 8/256 ГБ, Nano-SIM, голубой",2016024.0,ozon,https://ir-3.ozone.ru/s3/multimedia-1-8/wc500/12126521672.jpg,https://ozon.uz/product/samsung-smartfon-global-8-256-gb-nano-sim-goluboy-4939427647/,3.9,1433
"Смартфон infinix HOT 60i Смартфон Глобальная русская версия для ЕС, сеть 4G, Wi-FI+GPS+Bluetooth, две SIM-карты, 6,8 дюйма, большой экран высокой четкости, гибкая камера, быстрая зарядка, мощное игровое устройство, аккумулятор большой емкости EU Ростест (EAC) EU 12/512 ГБ, Nano-SIM, черный",2700364.0,ozon,https://ir-3.ozone.ru/s3/multimedia-1-4/wc500/15351471400.jpg,https://ozon.uz/product/smartfon-galaksi-a15-telefon-android-14-ekran-6-5-super-amoled-full-hd-90-gts-troynaya-kamera-50-mp-4947432055/,5.0,120
"HUAWEI Смартфон nova 15 Max Ростест (EAC) 8/256 ГБ, Nano-SIM, черный",3179270.0,ozon,https://ir-3.ozone.ru/s3/multimedia-1-m/wc500/11166408634.jpg,https://ozon.uz/product/huawei-smartfon-nova-15-max-rostest-eac-8-256-gb-nano-sim-chernyy-4404552689/,,
"Смартфон Galaxy S26 Ultra Ростест (EAC) 16/1 ТБ, Micro-SIM, золотой",1124334.0,ozon,https://ir-3.ozone.ru/s3/multimedia-1-g/wc500/12664351384.jpg,https://ozon.uz/product/smartfon-galaxy-s26-ultra-rostest-eac-16-1-tb-micro-sim-zolotoy-5585299445/,4.4,65
"realme Смартфон C85 Ростест (EAC) 6/128 ГБ, Nano-SIM, синий",2272576.0,ozon,https://ir-3.ozone.ru/s3/multimedia-1-e/wc500/8957838218.jpg,https://ozon.uz/product/realme-smartfon-c85-rostest-eac-6-128-gb-nano-sim-siniy-3501177539/,,
"Смартфон infinix HOT 60i Смартфон Глобальная русская версия для ЕС, сеть 4G, Wi-FI+GPS+Bluetooth, две SIM-карты, 6,8 дюйма, большой экран высокой четкости, гибкая камера, быстрая зарядка, мощное игровое устройство, аккумулятор большой емкости EU Ростест (EAC) EU 12/512 ГБ, Nano-SIM, черный",1361216.0,ozon,https://ir-3.ozone.ru/s3/multimedia-1-z/wc500/15131954195.jpg,https://ozon.uz/product/smartfon-infinix-hot-60i-smartfon-globalnaya-russkaya-versiya-dlya-es-set-4g-wi-fi-gps-bluetooth-5821725510/,4.1,428
"realme Смартфон 8/256 ГБ, Nano-SIM, золотой, желтый",1818316.0,ozon,https://ir-3.ozone.ru/s3/multimedia-1-b/wc500/14718883727.jpg,https://ozon.uz/product/realme-smartfon-8-256-gb-nano-sim-zolotoy-zheltyy-5689637117/,4.6,15
"Смартфон Sansvmg Galxy A56 EU 12/512 ГБ, Nano-SIM, черно-серый",943289.0,ozon,https://ir-3.ozone.ru/s3/multimedia-1-s/wc500/14352867424.jpg,https://ozon.uz/product/smartfon-sansvmg-galxy-a56-eu-12-512-gb-nano-sim-cherno-seryy-5609982793/,3.8,137
"iQOO Смартфон iQOO Z11 5G Ростест (EAC) 12/512 ГБ, Nano-SIM, синий",6216310.0,ozon,https://ir-3.ozone.ru/s3/multimedia-1-h/wc500/11638179773.jpg,https://ozon.uz/product/iqoo-smartfon-iqoo-z11-5g-rostest-eac-12-512-gb-nano-sim-siniy-4475094418/,,
"Смартфон P0C0 X8 PRO, глобальная русская версия,сеть 4G, Двойная SIM-карта, 6.8 дюйма, ударопрочная и водонепроницаемая защита, мощные игровые функции, гибкая камера, длительное время работы от аккумулятора Ростест (EAC), Note 13 pro,pura 70 pro,смартфон андроид EU 12/512 ГБ, Nano-SIM, белый",1038764.0,ozon,https://ir-3.ozone.ru/s3/multimedia-1-y/wc500/13578794350.jpg,https://ozon.uz/product/smartfon-tenco-spark-40-ultra-5g-android-15-2026-rostest-eac-12-1-tb-nano-sim-chernyy-5751240205/,4.7,48
"Samsung Смартфон Смартфон Samsung Galaxy S25 Ultra, 1TB, Titanium Black 12/1 ТБ, eSIM, Nano-SIM, черный",12141741.0,ozon,https://ir-3.ozone.ru/s3/multimedia-1-4/wc500/8302830196.jpg,https://ozon.uz/product/samsung-smartfon-smartfon-samsung-galaxy-s25-ultra-1tb-titanium-black-12-1-tb-esim-nano-sim-chernyy-3051844274/,5.0,38
"Apple Смартфон iPhone 17 Pro, Dual eSIM Global 12/256 ГБ, eSIM, синий",16259371.0,ozon,https://ir-3.ozone.ru/s3/multimedia-1-0/wc500/9295233228.jpg,https://ozon.uz/product/apple-smartfon-iphone-17-pro-dual-esim-global-12-256-gb-esim-siniy-2889895959/,5.0,128
"Honor Смартфон HONOR Magic 8 Pro Ростест (EAC) 12/512 ГБ, Nano-SIM, черный",12364017.0,ozon,https://ir-3.ozone.ru/s3/multimedia-1-4/wc500/9062049208.jpg,https://ozon.uz/product/honor-smartfon-honor-magic-8-pro-rostest-eac-12-512-gb-nano-sim-chernyy-3391704043/,,
"Смартфон P0C0 X8 PRO, глобальная русская версия,сеть 4G, Двойная SIM-карта, 6.8 дюйма, ударопрочная и водонепроницаемая защита, мощные игровые функции, гибкая камера, длительное время работы от аккумулятора Ростест (EAC), Note 13 pro,pura 70 pro,смартфон андроид EU 12/512 ГБ, Nano-SIM, белый",1234249.0,ozon,https://ir-3.ozone.ru/s3/multimedia-1-o/wc500/14544497328.jpg,https://ozon.uz/product/smartfon-p0c0-x8-pro-globalnaya-russkaya-versiya-set-4g-dvoynaya-sim-karta-6-8-dyuyma-udaroprochnaya-5871178109/,4.8,635
"Xiaomi Смартфон REDMI Note 17 Pro Max 5G Ростест (EAC) 8/256 ГБ, Nano-SIM, eSIM, черный",5062248.0,ozon,https://ir-3.ozone.ru/s3/multimedia-1-j/wc500/20102240611.jpg,https://ozon.uz/product/xiaomi-smartfon-redmi-note-17-pro-max-5g-rostest-eac-8-256-gb-nano-sim-esim-chernyy-5473107026/,,
"Samsung Смартфон Galaxy S26 FE Ростест (EAC) 8/512 ГБ, Nano-SIM, eSIM, фиолетовый",11185412.0,ozon,https://ir-3.ozone.ru/s3/multimedia-1-n/wc500/11163559271.jpg,https://ozon.uz/product/xiaomi-smartfon-17-12-512-gb-esim-nano-sim-chernyy-4097657858/,3.9,1433
"Samsung Смартфон Global 8/128 ГБ, Nano-SIM, синий",1638376.0,ozon,https://ir-3.ozone.ru/s3/multimedia-1-h/wc500/12596792633.jpg,https://ozon.uz/product/samsung-smartfon-global-8-128-gb-nano-sim-siniy-5086352221/,3.9,1433
"Redmi Смартфон Redmi 15C Ростест (EAC) 8/256 ГБ, Nano-SIM, черный",1520884.0,ozon,https://ir-3.ozone.ru/s3/multimedia-1-k/wc500/11437187132.jpg,https://ozon.uz/product/redmi-smartfon-redmi-15c-rostest-eac-8-256-gb-nano-sim-chernyy-5902179395/,4.8,53
"Samsung Смартфон Galaxy S26 FE Ростест (EAC) 8/512 ГБ, Nano-SIM, eSIM, фиолетовый",10927425.0,ozon,https://ir-3.ozone.ru/s3/multimedia-1-o/wc500/14306496468.jpg,https://ozon.uz/product/samsung-smartfon-galaxy-s26-fe-rostest-eac-8-512-gb-nano-sim-esim-fioletovyy-5526617516/,,
"Samsung Смартфон Galaxy A08 Ростест (EAC) 6/128 ГБ, Nano-SIM, зеленый",2407128.0,ozon,https://ir-3.ozone.ru/s3/multimedia-1-c/wc500/15345477912.jpg,https://ozon.uz/product/samsung-smartfon-galaxy-a08-rostest-eac-6-128-gb-nano-sim-zelenyy-5754658676/,,
"Redmi Смартфон Redmi 15C Global 8/256 ГБ, Nano-SIM, голубой, черный матовый",1536320.0,ozon,https://ir-3.ozone.ru/s3/multimedia-1-x/wc500/13773053553.jpg,https://ozon.uz/product/redmi-smartfon-redmi-15c-global-8-256-gb-nano-sim-goluboy-chernyy-matovyy-5382696712/,4.5,1051
"Hotwav Смартфон Cyber 16 PRO Global 24/512 ГБ, Nano-SIM, черный матовый",4666374.0,ozon,https://ir-3.ozone.ru/s3/multimedia-1-p/wc500/8393352505.jpg,https://ozon.uz/product/hotwav-smartfon-cyber-16-pro-global-24-512-gb-nano-sim-chernyy-matovyy-3149724725/,4.8,448
"Смартфон C75 EU 12/512 ГБ, Nano-SIM, синий",1327301.0,ozon,https://ir-3.ozone.ru/s3/multimedia-1-i/wc500/14818572594.jpg,https://ozon.uz/product/smartfon-c75-eu-12-512-gb-nano-sim-siniy-5635834605/,3.3,172
"Смартфон Смартфон I 17 Pro Maxo Ultra русская версия, большой 6.8-дюймовый HD-экран EU 16/1 ТБ, Micro-SIM, оранжевый",8260590.0,ozon,https://ir-3.ozone.ru/s3/multimedia-1-p/wc500/13409278297.jpg,https://ozon.uz/product/huawei-smartfon-huawei-pura-90s-pro-12-256-gb-nano-sim-rozovyy-svetlo-zelenyy-5386124276/,4.5,17
"Xiaomi Смартфон Redmi Note 13,2SIM 8/256 ГБ, Nano-SIM, синий",2334736.0,ozon,https://ir-3.ozone.ru/s3/multimedia-1-r/wc500/12678138243.jpg,https://ozon.uz/product/xiaomi-smartfon-redmi-note-13-2sim-8-256-gb-nano-sim-siniy-5110954348/,5.0,20
"Смартфон EU 16/1 ТБ, Nano-SIM, оранжевый",857257.0,ozon,https://ir-3.ozone.ru/s3/multimedia-1-2/wc500/13524322934.jpg,https://ozon.uz/product/smartfon-eu-16-1-tb-nano-sim-oranzhevyy-5596194537/,4.9,93
"realme Смартфон Note 80 Ростест (EAC) 4/128 ГБ, Nano-SIM, голубой",1648548.0,ozon,https://ir-3.ozone.ru/s3/multimedia-1-h/wc500/12499621937.jpg,https://ozon.uz/product/realme-smartfon-note-80-rostest-eac-4-128-gb-nano-sim-goluboy-3879521985/,,
"Redmi Смартфон Redmi Note 8 Pro 8/256 ГБ, Nano-SIM, черный",1212115.0,ozon,https://ir-3.ozone.ru/s3/multimedia-1-b/wc500/14644871939.jpg,https://ozon.uz/product/redmi-smartfon-redmi-note-8-pro-8-256-gb-nano-sim-chernyy-5690583345/,4.7,11
"Смартфон Смартфон I 17 Pro Maxo Ultra русская версия, большой 6.8-дюймовый HD-экран EU 16/1 ТБ, Micro-SIM, оранжевый",898162.0,ozon,https://ir-3.ozone.ru/s3/multimedia-1-3/wc500/14737433943.jpg,https://ozon.uz/product/smartfon-smartfon-i-17-pro-maxo-ultra-russkaya-versiya-bolshoy-6-8-dyuymovyy-hd-ekran-eu-16-1-5698692288/,4.6,102
"XIAOXING Смартфон 8/512 ГБ, черный",1027946.0,ozon,https://ir-3.ozone.ru/s3/multimedia-1-t/wc500/9477194645.jpg,https://ozon.uz/product/xiaoxing-smartfon-8-512-gb-chernyy-4716051655/,4.3,36
"Смартфон Galaxy S26 Ultra Ростест (EAC) 16/1 ТБ, Micro-SIM, коричнево-красный",1509734.0,ozon,https://ir-3.ozone.ru/s3/multimedia-1-i/wc500/15015060882.jpg,https://ozon.uz/product/smartfon-honor-x9d-rostest-eac-16-1-tb-nano-sim-chernyy-5789244308/,5.0,24
"iQOO Смартфон iQOO Z11 5G Ростест (EAC) 12/512 ГБ, Nano-SIM, черный",6216310.0,ozon,https://ir-3.ozone.ru/s3/multimedia-1-z/wc500/11638179611.jpg,https://ozon.uz/product/iqoo-smartfon-iqoo-z11-5g-rostest-eac-12-512-gb-nano-sim-chernyy-4475096961/,,
"Смартфон H0N0R X8b EU 16/1 ТБ, Nano-SIM, темно-синий",1597059.0,ozon,https://ir-3.ozone.ru/s3/multimedia-1-z/wc500/15137426015.jpg,https://ozon.uz/product/smartfon-h0n0r-x8b-eu-16-1-tb-nano-sim-temno-siniy-5823177902/,4.1,428
"Смартфон Galaxy S26 Ultra Ростест (EAC) 16/1 ТБ, Micro-SIM, коричнево-красный",1124334.0,ozon,https://ir-3.ozone.ru/s3/multimedia-1-1/wc500/12664356877.jpg,https://ozon.uz/product/smartfon-galaxy-s26-ultra-rostest-eac-16-1-tb-micro-sim-korichnevo-krasnyy-5585347521/,4.4,65
"Смартфон TECN0 Pova 7 Neo Ростест (EAC) 16/1 ТБ, Micro-SIM, шоколадный",1180398.0,ozon,https://ir-3.ozone.ru/s3/multimedia-1-k/wc500/14884462532.jpg,https://ozon.uz/product/smartfon-tecn0-pova-7-neo-rostest-eac-16-1-tb-micro-sim-shokoladnyy-5742341657/,4.8,65
"realme Смартфон C85 Pro Ростест (EAC) 6/128 ГБ, Nano-SIM, фиолетовый",2472741.0,ozon,https://ir-3.ozone.ru/s3/multimedia-1-0/wc500/8950047336.jpg,https://ozon.uz/product/realme-smartfon-c85-pro-rostest-eac-6-128-gb-nano-sim-fioletovyy-3501175335/,,
"Redmi Смартфон Redmi 9T 4/128 ГБ, Nano-SIM, черный",1089735.0,ozon,https://ir-3.ozone.ru/s3/multimedia-1-7/wc500/14645702779.jpg,https://ozon.uz/product/redmi-smartfon-redmi-9t-4-128-gb-nano-sim-chernyy-5690828278/,4.2,5
"Redmi Смартфон Redmi Note 13 5G Global 8/256 ГБ, Nano-SIM, черный",2559454.0,ozon,https://ir-3.ozone.ru/s3/multimedia-1-4/wc500/8606061364.jpg,https://ozon.uz/product/redmi-smartfon-redmi-note-13-5g-global-8-256-gb-nano-sim-chernyy-3276908488/,4.7,53
"Смартфон H0N0R x9d  , глобальная русская версия,сеть 4G, Двойная SIM-карта, 6.8 дюйма, ударопрочная и водонепроницаемая защита, мощные игровые функции, гибкая камера, длительное время работы от аккумулятора Ростест (EAC), Note 15 pro,pura 80 pro,смартфон андроид EU 12/512 ГБ, Nano-SIM, красный",1121216.0,ozon,https://ir-3.ozone.ru/s3/multimedia-1-g/wc500/15445026664.jpg,https://ozon.uz/product/smartfon-honor-600-pro-5g-8000-mach-rostest-eac-16-1-tb-nano-sim-oranzhevyy-5684232988/,4.8,111
"Honor Смартфон 600 Ростест (EAC) 8/256 ГБ, Nano-SIM, eSIM, оранжевый",5886578.0,ozon,https://ir-3.ozone.ru/s3/multimedia-1-u/wc500/15092800806.jpg,https://ozon.uz/product/honor-smartfon-600-rostest-eac-8-256-gb-nano-sim-esim-oranzhevyy-4189905294/,,
"Смартфон HQNOR 600 Pro Ростест (EAC) 16/1 ТБ, Nano-SIM, черный",1258207.0,ozon,https://ir-3.ozone.ru/s3/multimedia-1-2/wc500/15323135222.jpg,https://ozon.uz/product/smartfon-hqnor-600-pro-rostest-eac-16-1-tb-nano-sim-chernyy-5769470020/,4.7,10
"Смартфон H0N0R x9d  , глобальная русская версия,сеть 4G, Двойная SIM-карта, 6.8 дюйма, ударопрочная и водонепроницаемая защита, мощные игровые функции, гибкая камера, длительное время работы от аккумулятора Ростест (EAC), Note 15 pro,pura 80 pro,смартфон андроид EU 12/512 ГБ, Nano-SIM, красный",1235343.0,ozon,https://ir-3.ozone.ru/s3/multimedia-1-n/wc500/15300001787.jpg,https://ozon.uz/product/smartfon-h0n0r-x9d-globalnaya-russkaya-versiya-set-4g-dvoynaya-sim-karta-6-8-dyuyma-udaroprochnaya-5871909074/,4.8,635
"Apple Смартфон iPhone 17 Pro Max eSim Only 12/256 ГБ, eSIM, серебристый",16930417.0,ozon,https://ir-3.ozone.ru/s3/multimedia-1-e/wc500/7972046006.jpg,https://ozon.uz/product/apple-smartfon-iphone-17-pro-max-esim-only-12-256-gb-esim-serebristyy-4875516340/,5.0,11
"W&O Смартфон Ростест (EAC) 4/64 ГБ, Nano-SIM, серый, светло-серый",954625.0,ozon,https://ir-3.ozone.ru/s3/multimedia-1-1/wc500/8072469973.jpg,https://ozon.uz/product/w-o-smartfon-rostest-eac-4-64-gb-nano-sim-seryy-svetlo-seryy-2914562458/,4.5,1198
"Смартфон I16 Pro Max, В качестве подарка родным и близким Ростест (EAC) 12/512 ГБ, Nano-SIM, светло-синий, голубой",1064428.0,ozon,https://ir-3.ozone.ru/s3/multimedia-1-w/wc500/8911210892.jpg,https://ozon.uz/product/smartfon-x1ao-mi-i17-pro-max-rostest-eac-16-1-tb-micro-sim-bezhevyy-oranzhevyy-5587964659/,4.9,95
"Xiaomi Смартфон REDMI 17 Ростест (EAC) 4/128 ГБ, Nano-SIM, черный",2046179.0,ozon,https://ir-3.ozone.ru/s3/multimedia-1-p/wc500/13590665737.jpg,https://ozon.uz/product/xiaomi-smartfon-redmi-17-rostest-eac-4-128-gb-nano-sim-chernyy-5384127500/,4.9,97
"Apple Смартфон iPhone 17, Dual: nano SIM + eSIM 8/256 ГБ, Nano-SIM, eSIM, черный",13290288.0,ozon,https://ir-3.ozone.ru/s3/multimedia-1-c/wc500/9297122412.jpg,https://ozon.uz/product/apple-smartfon-iphone-17-dual-nano-sim-esim-8-256-gb-nano-sim-esim-chernyy-2834122445/,5.0,144
"Смартфон I16 Pro Max, В качестве подарка родным и близким Ростест (EAC) 12/512 ГБ, Nano-SIM, светло-синий, голубой",898310.0,ozon,https://ir-3.ozone.ru/s3/multimedia-1-1/wc500/14758020829.jpg,https://ozon.uz/product/smartfon-i16-pro-max-v-kachestve-podarka-rodnym-i-blizkim-rostest-eac-12-512-gb-nano-sim-svetlo-5719196644/,4.9,392
"HUAWEI Смартфон nova 15 Pro Ростест (EAC) 12/512 ГБ, Nano-SIM, белый",4980108.0,ozon,https://ir-3.ozone.ru/s3/multimedia-1-2/wc500/13583231174.jpg,https://ozon.uz/product/huawei-smartfon-nova-15-pro-rostest-eac-12-512-gb-nano-sim-belyy-3879145933/,,
"realme Смартфон P4 Power Ростест (EAC) 8/256 ГБ, Nano-SIM, оранжевый",3862267.0,ozon,https://ir-3.ozone.ru/s3/multimedia-1-y/wc500/10086022834.jpg,https://ozon.uz/product/realme-smartfon-p4-power-rostest-eac-8-256-gb-nano-sim-oranzhevyy-3635609860/,,
"Samsung Смартфон Galaxy A57 Ростест (EAC) 12/512 ГБ, Nano-SIM, фиолетовый",6281025.0,ozon,https://ir-3.ozone.ru/s3/multimedia-1-5/wc500/9990835457.jpg,https://ozon.uz/product/samsung-smartfon-galaxy-a57-rostest-eac-12-512-gb-nano-sim-fioletovyy-3661249018/,,
"Xiaomi Смартфон REDMI Note 17 Pro 5G Ростест (EAC) 6/128 ГБ, Nano-SIM, eSIM, оранжевый",3413725.0,ozon,https://ir-3.ozone.ru/s3/multimedia-1-j/wc500/20102193847.jpg,https://ozon.uz/product/xiaomi-smartfon-redmi-note-17-pro-5g-rostest-eac-6-128-gb-nano-sim-esim-oranzhevyy-5473105818/,3.9,1433
"Samsung Смартфон 6/128 ГБ, черный",1427796.0,ozon,https://ir-3.ozone.ru/s3/multimedia-1-k/wc500/7686160724.jpg,https://ozon.uz/product/samsung-smartfon-6-128-gb-chernyy-1999395990/,3.9,1433
"GLANER Смартфон Защищенный смартфон 16/512 ГБ, Nano-SIM, черный",3658036.0,ozon,https://ir-3.ozone.ru/s3/multimedia-1-9/wc500/15145274097.jpg,https://ozon.uz/product/glaner-smartfon-zashchishchennyy-smartfon-16-512-gb-nano-sim-chernyy-4944030454/,4.2,36
"Apple Смартфон iPhone 17 Pro eSim Only 12/256 ГБ, eSIM, серебристый",15746585.0,ozon,https://ir-3.ozone.ru/s3/multimedia-1-e/wc500/7972046006.jpg,https://ozon.uz/product/apple-smartfon-iphone-17-pro-esim-only-12-256-gb-esim-serebristyy-4875516765/,4.9,8
"Hyundai Смартфон 8/512 ГБ, черный матовый",1026466.0,ozon,https://ir-3.ozone.ru/s3/multimedia-1-c/wc500/13716095700.jpg,https://ozon.uz/product/hyundai-smartfon-8-512-gb-chernyy-matovyy-5421988628/,4.5,25
"Смартфон TECN0 Pova 9 Neo Ростест (EAC) 16/512 ГБ, Micro-SIM, золотой",1182622.0,ozon,https://ir-3.ozone.ru/s3/multimedia-1-7/wc500/14909004403.jpg,https://ozon.uz/product/smartfon-tecn0-pova-9-neo-rostest-eac-16-512-gb-micro-sim-zolotoy-5744319656/,4.6,54
"Xiaomi Смартфон REDMI Note 17 Pro 5G Ростест (EAC) 8/256 ГБ, Nano-SIM, eSIM, сиреневый",4120254.0,ozon,https://ir-3.ozone.ru/s3/multimedia-1-t/wc500/20102188673.jpg,https://ozon.uz/product/xiaomi-smartfon-redmi-note-17-pro-5g-rostest-eac-8-256-gb-nano-sim-esim-sirenevyy-5473105806/,,
"realme Смартфон 16 Pro Ростест (EAC) 8/256 ГБ, Nano-SIM, сиреневый",4121264.0,ozon,https://ir-3.ozone.ru/s3/multimedia-1-5/wc500/9192102125.jpg,https://ozon.uz/product/realme-smartfon-16-pro-rostest-eac-8-256-gb-nano-sim-sirenevyy-3632946635/,,
"Смартфон I16 Pro Max, В качестве подарка родным и близким Ростест (EAC) 12/512 ГБ, Nano-SIM, черный, черный матовый",2587873.0,ozon,https://ir-3.ozone.ru/s3/multimedia-1-6/wc500/13792336278.jpg,https://ozon.uz/product/vosstanovlennyy-apple-smartfon-iphone-xr-v-korpuse-17-pro-3-256-gb-nano-sim-belyy-5158335014/,4.5,93
"Samsung Смартфон Samsung Galaxy A57 (Navy) 8/256 ГБ, Nano-SIM, темно-синий",5043614.0,ozon,https://ir-3.ozone.ru/s3/multimedia-1-w/wc500/14279243864.jpg,https://ozon.uz/product/samsung-smartfon-samsung-galaxy-a57-navy-8-256-gb-nano-sim-temno-siniy-4058943004/,4.9,35
"Смартфон I16 Pro Max, В качестве подарка родным и близким Ростест (EAC) 12/512 ГБ, Nano-SIM, черный, черный матовый",900006.0,ozon,https://ir-3.ozone.ru/s3/multimedia-1-a/wc500/14758026562.jpg,https://ozon.uz/product/smartfon-i16-pro-max-v-kachestve-podarka-rodnym-i-blizkim-rostest-eac-12-512-gb-nano-sim-chernyy-5719196366/,4.9,392
"iQOO Смартфон iQOO Z11 5G Ростест (EAC) 8/512 ГБ, Nano-SIM, черный",5368447.0,ozon,https://ir-3.ozone.ru/s3/multimedia-1-y/wc500/14678439802.jpg,https://ozon.uz/product/iqoo-smartfon-iqoo-z11-5g-rostest-eac-8-512-gb-nano-sim-chernyy-4475096960/,,
"Смартфон Samsumg Galxay S25 Ultra Ростест (EAC) 16/1 ТБ, Nano-SIM, хаки",1202807.0,ozon,https://ir-3.ozone.ru/s3/multimedia-1-e/wc500/15119031362.jpg,https://ozon.uz/product/smartfon-samsumg-galxay-s25-ultra-rostest-eac-16-1-tb-nano-sim-haki-5704742422/,4.5,85
"OnePlus Смартфон 15 Global 12/256 ГБ, Nano-SIM, черный",11448046.0,ozon,https://ir-3.ozone.ru/s3/multimedia-1-m/wc500/9602054410.jpg,https://ozon.uz/product/oneplus-smartfon-15-global-12-256-gb-nano-sim-chernyy-3867414107/,4.6,41
"iQOO Смартфон iQOO 15R Ростест (EAC) 12/256 ГБ, Nano-SIM, черный",7065183.0,ozon,https://ir-3.ozone.ru/s3/multimedia-1-m/wc500/9140592550.jpg,https://ozon.uz/product/iqoo-smartfon-iqoo-15r-rostest-eac-12-256-gb-nano-sim-chernyy-3539437983/,,
"Смартфон Redmi 9 6/128 ГБ, Android, экран 6,53"", аккумулятор 5020 мАч, Dual SIM, + беспроводные наушники APods Pro 2 в подарок 6/128 ГБ, Nano-SIM, зеленый, темно-зеленый",1040244.0,ozon,https://ir-3.ozone.ru/s3/multimedia-1-a/wc500/13116543418.jpg,https://ozon.uz/product/smartfon-galxay-note-50-pro-rostest-eac-16-1-tb-nano-sim-sirenevyy-5500509305/,4.5,49
"Honor Смартфон Honor 90NFC Global 12/256 ГБ, Mini-SIM, Nano-SIM, черный, черно-серый",3011518.0,ozon,https://ir-3.ozone.ru/s3/multimedia-1-i/wc500/10970878230.jpg,https://ozon.uz/product/honor-smartfon-honor-90nfc-global-12-256-gb-mini-sim-nano-sim-chernyy-cherno-seryy-4728512637/,4.7,162
"Samsung Смартфон Galaxy S26 FE Ростест (EAC) 8/512 ГБ, Nano-SIM, eSIM, зеленый",10597693.0,ozon,https://ir-3.ozone.ru/s3/multimedia-1-l/wc500/14306496465.jpg,https://ozon.uz/product/samsung-smartfon-galaxy-s26-fe-rostest-eac-8-512-gb-nano-sim-esim-zelenyy-5526616987/,,
"Honor Смартфон 600 Ростест (EAC) 12/256 ГБ, Nano-SIM, eSIM, золотой",6475307.0,ozon,https://ir-3.ozone.ru/s3/multimedia-1-t/wc500/15092800949.jpg,https://ozon.uz/product/honor-smartfon-600-rostest-eac-12-256-gb-nano-sim-esim-zolotoy-4189905349/,,
"Смартфон Tenco Pova 8 Pro Ростест (EAC) 16/1 ТБ, Nano-SIM, черный матовый",1366611.0,ozon,https://ir-3.ozone.ru/s3/multimedia-1-6/wc500/12998224878.jpg,https://ozon.uz/product/smartfon-tenco-pova-8-pro-rostest-eac-16-1-tb-nano-sim-chernyy-matovyy-5866781306/,4.8,44
"Смартфон X1ao Mi i17 Pro Max, Ростест (EAC) 16/1 ТБ, Nano-SIM, черный матовый, шоколадный",1070345.0,ozon,https://ir-3.ozone.ru/s3/multimedia-1-2/wc500/11395572842.jpg,https://ozon.uz/product/smartfon-x1ao-mi-i17-pro-max-rostest-eac-16-1-tb-nano-sim-chernyy-matovyy-shokoladnyy-5807950894/,4.9,93
"Смартфон Защищенный игровой противоударный смартфон 16/1 ТБ, черный",4089314.0,ozon,https://ir-3.ozone.ru/s3/multimedia-1-2/wc500/15132822230.jpg,https://ozon.uz/product/smartfon-zashchishchennyy-igrovoy-protivoudarnyy-smartfon-16-1-tb-chernyy-5618034115/,5.0,12
"Смартфон Redmi 9 6/128 ГБ, Android, экран 6,53"", аккумулятор 5020 мАч, Dual SIM, + беспроводные наушники APods Pro 2 в подарок 6/128 ГБ, Nano-SIM, зеленый, темно-зеленый",1769120.0,ozon,https://ir-3.ozone.ru/s3/multimedia-1-l/wc500/20155379997.jpg,https://ozon.uz/product/smartfon-redmi-9-6-128-gb-android-ekran-6-53-akkumulyator-5020-mach-dual-sim-besprovodnye-5404230111/,5.0,80
"Смартфон INFINIX SPARK 60 Смартфон Глобальная русская версия для ЕС, сеть 4G, Wi-FI+GPS+Bluetooth, две SIM-карты, 6,8 дюйма, большой экран высокой четкости, гибкая камера, быстрая зарядка, мощное игровое устройство, аккумулятор большой емкости EU Ростест (EAC) EU 16/1 ТБ, Nano-SIM, лазурный",1242509.0,ozon,https://ir-3.ozone.ru/s3/multimedia-1-y/wc500/14109774262.jpg,https://ozon.uz/product/smartfon-xaioml-17-pro-max-rossiyskaya-versiya-17-pro-max-smartfon-globalnaya-versiya-podderzhivaet-5821235539/,4.7,251
"Samsung Смартфон Galaxy A37 Ростест (EAC) 8/128 ГБ, Nano-SIM, зеленый",4189731.0,ozon,https://ir-3.ozone.ru/s3/multimedia-1-2/wc500/9990829658.jpg,https://ozon.uz/product/samsung-smartfon-galaxy-a37-rostest-eac-8-128-gb-nano-sim-zelenyy-3661248866/,,
"Смартфон INFINIX SPARK 60 Смартфон Глобальная русская версия для ЕС, сеть 4G, Wi-FI+GPS+Bluetooth, две SIM-карты, 6,8 дюйма, большой экран высокой четкости, гибкая камера, быстрая зарядка, мощное игровое устройство, аккумулятор большой емкости EU Ростест (EAC) EU 16/1 ТБ, Nano-SIM, лазурный",1238431.0,ozon,https://ir-3.ozone.ru/s3/multimedia-1-n/wc500/14112977675.jpg,https://ozon.uz/product/smartfon-infinix-spark-60-smartfon-globalnaya-russkaya-versiya-dlya-es-set-4g-wi-fi-gps-bluetooth-5822876965/,4.7,251
"Смартфон Samsvng Glaxay S26 Plus Ростест (EAC) 16/1 ТБ, Nano-SIM, черный, шоколадный",1078868.0,ozon,https://ir-3.ozone.ru/s3/multimedia-1-j/wc500/13984800067.jpg,https://ozon.uz/product/smartfon-samsvng-glaxay-s26-plus-rostest-eac-16-1-tb-nano-sim-chernyy-shokoladnyy-5618259427/,4.6,83
"Смартфон mini 17 Pro Max 8/512 ГБ, Micro-SIM, Nano-SIM, белый",513439.0,ozon,https://ir-3.ozone.ru/s3/multimedia-1-4/wc500/10221152548.jpg,https://ozon.uz/product/smartfon-mini-17-pro-max-8-512-gb-micro-sim-nano-sim-belyy-4176794410/,4.4,706
"Смартфон P0C0 M7 Pro Ростест (EAC) 16/1 ТБ, Nano-SIM, серый",1433977.0,ozon,https://ir-3.ozone.ru/s3/multimedia-1-6/wc500/14977978458.jpg,https://ozon.uz/product/smartfon-p0c0-m7-pro-rostest-eac-16-1-tb-nano-sim-seryy-5720083689/,5.0,35
"Смартфон смартфон  EU 12/512 ГБ, Nano-SIM, серый, синий",881692.0,ozon,https://ir-3.ozone.ru/s3/multimedia-1-3/wc500/15011673951.jpg,https://ozon.uz/product/smartfon-smartfon-eu-12-512-gb-nano-sim-seryy-siniy-5754072832/,4.8,424
"iQOO Смартфон iQOO Z11 5G Ростест (EAC) 8/512 ГБ, Nano-SIM, синий",5368447.0,ozon,https://ir-3.ozone.ru/s3/multimedia-1-1/wc500/14678449273.jpg,https://ozon.uz/product/iqoo-smartfon-iqoo-z11-5g-rostest-eac-8-512-gb-nano-sim-siniy-4475094417/,,
"Смартфон I16 Pro Max, В качестве подарка родным и близким Ростест (EAC) 12/512 ГБ, Nano-SIM, синий",18194839.0,ozon,https://ir-3.ozone.ru/s3/multimedia-1-n/wc500/9295610891.jpg,https://ozon.uz/product/apple-smartfon-iphone-17-pro-max-dual-nano-sim-esim-global-12-256-gb-nano-sim-esim-siniy-2834122432/,4.9,277
"realme Смартфон 16 Pro+ Ростест (EAC) 8/256 ГБ, Nano-SIM, темно-серый",5298859.0,ozon,https://ir-3.ozone.ru/s3/multimedia-1-m/wc500/9447764674.jpg,https://ozon.uz/product/realme-smartfon-16-pro-rostest-eac-8-256-gb-nano-sim-temno-seryy-3632947645/,,
"Смартфон I16 Pro Max, В качестве подарка родным и близким Ростест (EAC) 12/512 ГБ, Nano-SIM, синий",896745.0,ozon,https://ir-3.ozone.ru/s3/multimedia-1-1/wc500/14758460821.jpg,https://ozon.uz/product/smartfon-i16-pro-max-v-kachestve-podarka-rodnym-i-blizkim-rostest-eac-12-512-gb-nano-sim-siniy-5719437656/,4.7,520
"Honor Смартфон X9d Ростест (EAC) 8/256 ГБ, Nano-SIM, зеленый",4002454.0,ozon,https://ir-3.ozone.ru/s3/multimedia-1-v/wc500/8997253159.jpg,https://ozon.uz/product/honor-smartfon-x9d-rostest-eac-8-256-gb-nano-sim-zelenyy-2916989022/,,
"Honor Смартфон 600 Ростест (EAC) 8/256 ГБ, Nano-SIM, eSIM, черный",5886578.0,ozon,https://ir-3.ozone.ru/s3/multimedia-1-i/wc500/15092800686.jpg,https://ozon.uz/product/honor-smartfon-600-rostest-eac-8-256-gb-nano-sim-esim-chernyy-4189905293/,,
"Смартфон Tenco Spark 50 Ultra 5G Ростест (EAC) 16/1 ТБ, Nano-SIM, черно-серый",1327731.0,ozon,https://ir-3.ozone.ru/s3/multimedia-1-y/wc500/12962341546.jpg,https://ozon.uz/product/smartfon-tenco-spark-50-ultra-5g-rostest-eac-16-1-tb-nano-sim-cherno-seryy-5866693143/,4.7,40
"Смартфон INFlNlX Hot 50 Pro EU 12/512 ГБ, Nano-SIM, лиловый",970754.0,ozon,https://ir-3.ozone.ru/s3/multimedia-1-8/wc500/14013836324.jpg,https://ozon.uz/product/smartfon-inflnlx-hot-50-pro-eu-12-512-gb-nano-sim-lilovyy-5799655113/,5.0,319
"Redmi Смартфон Ростест (EAC) 8/256 ГБ, Nano-SIM, черный",1517146.0,ozon,https://ir-3.ozone.ru/s3/multimedia-1-9/wc500/9348184809.jpg,https://ozon.uz/product/redmi-smartfon-rostest-eac-8-256-gb-nano-sim-chernyy-5607618306/,4.9,32
"Xiaomi Смартфон Xiaomi Redmi 9T Ростест (EAC) Global 6/128 ГБ, Nano-SIM, серый, голубой",1420157.0,ozon,https://ir-3.ozone.ru/s3/multimedia-1-j/wc500/20055171727.jpg,https://ozon.uz/product/redmi-smartfon-global-8-256-gb-nano-sim-fioletovyy-5738022555/,4.6,53
"Infinix Смартфон Note Edge Ростест (EAC) 8/256 ГБ, Nano-SIM, eSIM, синий",3044741.0,ozon,https://ir-3.ozone.ru/s3/multimedia-1-9/wc500/9379477881.jpg,https://ozon.uz/product/infinix-smartfon-note-edge-rostest-eac-8-256-gb-nano-sim-esim-siniy-3521199967/,4.8,98
"HUAWEI Смартфон Nova 15 Max 8/256 ГБ, Nano-SIM, розовый",2840909.0,ozon,https://ir-3.ozone.ru/s3/multimedia-1-o/wc500/12584715432.jpg,https://ozon.uz/product/huawei-smartfon-nova-15-max-8-256-gb-nano-sim-rozovyy-4666951322/,4.9,64
"Xiaomi Смартфон Xiaomi Redmi 9T Ростест (EAC) Global 6/128 ГБ, Nano-SIM, серый, голубой",1510091.0,ozon,https://ir-3.ozone.ru/s3/multimedia-1-9/wc500/10282278393.jpg,https://ozon.uz/product/xiaomi-smartfon-xiaomi-redmi-9t-rostest-eac-global-6-128-gb-nano-sim-seryy-goluboy-2747536057/,4.6,160
"Samsung Смартфон Galaxy A26 5G Ростест (EAC) 6/128 ГБ, Nano-SIM, зеленый",2984156.0,ozon,https://ir-3.ozone.ru/s3/multimedia-1-2/wc500/8474874374.jpg,https://ozon.uz/product/samsung-smartfon-galaxy-a26-5g-rostest-eac-6-128-gb-nano-sim-zelenyy-3123581975/,4.9,359
"Redmi Смартфон Redmi 15C Global 8/256 ГБ, Nano-SIM, голубой, темно-серый",1652366.0,ozon,https://ir-3.ozone.ru/s3/multimedia-1-x/wc500/13773053553.jpg,https://ozon.uz/product/redmi-smartfon-redmi-15c-global-8-256-gb-nano-sim-goluboy-temno-seryy-5568220799/,4.8,31
"Redmi Смартфон C85 Global 8/256 ГБ, Nano-SIM, бирюзовый",1530515.0,ozon,https://ir-3.ozone.ru/s3/multimedia-1-8/wc500/13315478444.jpg,https://ozon.uz/product/redmi-smartfon-c85-global-8-256-gb-nano-sim-biryuzovyy-5394206382/,4.5,810
"Tecno Смартфон SPARK 50 Ростест (EAC) 8/128 ГБ, Nano-SIM, черный",2126106.0,ozon,https://ir-3.ozone.ru/s3/multimedia-1-0/wc500/12638883672.jpg,https://ozon.uz/product/tecno-smartfon-spark-50-rostest-eac-8-128-gb-nano-sim-chernyy-4791309159/,4.6,10
"Смартфон XAIOMl C85 Российская версия:C85 Смартфон (глобальная версия, поддерживает Россию), сеть 4G, 6,8 дюймов, Android-телефон, HD-камера, быстрая зарядка, высокопроизводительное игровое устройство EU 16/1 ТБ, Nano-SIM, коралловый, светло-коричневый",1072597.0,ozon,https://ir-3.ozone.ru/s3/multimedia-1-c/wc500/14669603976.jpg,https://ozon.uz/product/smartfon-sunsamg-galaxy-a56-eu-12-512-gb-nano-sim-serebristyy-5750788516/,4.0,207
"Смартфон POCO X7 ,смартфон андроид 15,телефоны смартфоны Ростест (EAC) 16/1 ТБ, Micro-SIM, Nano-SIM, светло-зеленый",1554985.0,ozon,https://ir-3.ozone.ru/s3/multimedia-1-l/wc500/14343015081.jpg,https://ozon.uz/product/smartfon-poco-x7-smartfon-android-15-telefony-smartfony-rostest-eac-16-1-tb-micro-sim-nano-sim-5585327788/,5.0,51
"Смартфон Xaio Mi Note 15 Pro	 Ростест (EAC) 16/1 ТБ, Nano-SIM, черный",1373059.0,ozon,https://ir-3.ozone.ru/s3/multimedia-1-z/wc500/14698299383.jpg,https://ozon.uz/product/smartfon-xaio-mi-note-15-pro-rostest-eac-16-1-tb-nano-sim-chernyy-5699268831/,4.8,55
"Смартфон Игровой смартфон I17Promax, 16 ГБ + 1 ТБ, высокая производительность, для работы в офисе, ежедневного использования Ростест (EAC) 16/1 ТБ, Nano-SIM, светло-коричневый",813641.0,ozon,https://ir-3.ozone.ru/s3/multimedia-1-4/wc500/13780214356.jpg,https://ozon.uz/product/smartfon-igrovoy-smartfon-i17promax-16-gb-1-tb-vysokaya-proizvoditelnost-dlya-raboty-v-5699869319/,4.8,26
"Смартфон XAIOMl C85 Российская версия:C85 Смартфон (глобальная версия, поддерживает Россию), сеть 4G, 6,8 дюймов, Android-телефон, HD-камера, быстрая зарядка, высокопроизводительное игровое устройство EU 16/1 ТБ, Nano-SIM, коралловый, светло-коричневый",1460469.0,ozon,https://ir-3.ozone.ru/s3/multimedia-1-3/wc500/14277823275.jpg,https://ozon.uz/product/smartfon-xaioml-c85-rossiyskaya-versiya-c85-smartfon-globalnaya-versiya-podderzhivaet-rossiyu-set-5586855500/,3.8,323
"Смартфон TENCN0  Pova 9 Pro Ростест (EAC) 16/1 ТБ, Micro-SIM, черный",1065999.0,ozon,https://ir-3.ozone.ru/s3/multimedia-1-e/wc500/15263344166.jpg,https://ozon.uz/product/smartfon-tencn0-pova-9-pro-rostest-eac-16-1-tb-micro-sim-chernyy-5844200888/,4.8,47
"Honor Смартфон HONOR 600 Lite Ростест (EAC) 8/256 ГБ, Micro-SIM, черный",3468870.0,ozon,https://ir-3.ozone.ru/s3/multimedia-1-p/wc500/12634547245.jpg,https://ozon.uz/product/honor-smartfon-honor-600-lite-rostest-eac-8-256-gb-micro-sim-chernyy-4031588839/,4.9,194
"Смартфон IP17PROMAX CN 16/1 ТБ, Nano-SIM, темно-зеленый, черный матовый",1370765.0,ozon,https://ir-3.ozone.ru/s3/multimedia-1-x/wc500/14631533673.jpg,https://ozon.uz/product/smartfon-ip17promax-cn-16-1-tb-nano-sim-temno-zelenyy-chernyy-matovyy-4593588515/,4.4,55
"Смартфон Rеdmi 13, Dual Nano Sim, IPS экран 8/256 ГБ, Nano-SIM, черный, черно-серый",1153705.0,ozon,https://ir-3.ozone.ru/s3/multimedia-1-1/wc500/12524866741.jpg,https://ozon.uz/product/smartfon-samsvng-galaxy-26-ultra-rostest-eac-16-1-tb-micro-sim-chernyy-5582204226/,4.6,39
"Hyundai Смартфон 8/256 ГБ, черный",954350.0,ozon,https://ir-3.ozone.ru/s3/multimedia-1-f/wc500/13686649503.jpg,https://ozon.uz/product/hyundai-smartfon-8-256-gb-chernyy-4715782897/,4.1,33
"Redmi Смартфон Redmi 14C Ростест (EAC) 8/256 ГБ, Nano-SIM, зеленый, темно-зеленый",1528077.0,ozon,https://ir-3.ozone.ru/s3/multimedia-1-8/wc500/15172869320.jpg,https://ozon.uz/product/redmi-smartfon-redmi-14c-rostest-eac-8-256-gb-nano-sim-zelenyy-temno-zelenyy-5832944714/,4.5,63
"Apple Смартфон iPhone 17 Pro SIM+eSIM 12/256 ГБ, Nano-SIM, оранжевый",15570547.0,ozon,https://ir-3.ozone.ru/s3/multimedia-1-c/wc500/8314736304.jpg,https://ozon.uz/product/apple-smartfon-iphone-17-pro-sim-esim-12-256-gb-nano-sim-oranzhevyy-2830520076/,,
"Смартфон H0N0R X9b EU 12/512 ГБ, Nano-SIM, фиолетовый",1176637.0,ozon,https://ir-3.ozone.ru/s3/multimedia-1-v/wc500/14533029319.jpg,https://ozon.uz/product/smartfon-h0n0r-x9b-eu-12-512-gb-nano-sim-fioletovyy-5652436567/,3.7,223
"Samsung Смартфон Galaxy S25 Ultra Global 12/256 ГБ, Nano-SIM, черный",11240363.0,ozon,https://ir-3.ozone.ru/s3/multimedia-1-x/wc500/9608587125.jpg,https://ozon.uz/product/samsung-smartfon-galaxy-s25-ultra-global-12-256-gb-nano-sim-chernyy-2894447291/,4.9,120
"HUAWEI Смартфон Pura 80 Ultra Global 16/512 ГБ, Nano-SIM, eSIM, золотой",13556176.0,ozon,https://ir-3.ozone.ru/s3/multimedia-1-6/wc500/8279580102.jpg,https://ozon.uz/product/huawei-smartfon-pura-80-ultra-global-16-512-gb-nano-sim-esim-zolotoy-3867405846/,5.0,4
"Смартфон Rеdmi 13, Dual Nano Sim, IPS экран 8/256 ГБ, Nano-SIM, черный, черно-серый",2236162.0,ozon,https://ir-3.ozone.ru/s3/multimedia-1-b/wc500/13583293571.jpg,https://ozon.uz/product/smartfon-redmi-13-dual-nano-sim-ips-ekran-8-256-gb-nano-sim-chernyy-cherno-seryy-5586405157/,5.0,105
"Смартфон I16 Pro Max, В качестве подарка родным и близким Ростест (EAC) 12/512 ГБ, Nano-SIM, белый",6475307.0,ozon,https://ir-3.ozone.ru/s3/multimedia-1-b/wc500/15092802299.jpg,https://ozon.uz/product/honor-smartfon-600-rostest-eac-12-256-gb-nano-sim-esim-oranzhevyy-4189906411/,4.8,601
"Xiaomi Смартфон REDMI Note 17 Pro 5G Ростест (EAC) 8/256 ГБ, Nano-SIM, eSIM, голубой",4120254.0,ozon,https://ir-3.ozone.ru/s3/multimedia-1-w/wc500/20102163332.jpg,https://ozon.uz/product/xiaomi-smartfon-redmi-note-17-pro-5g-rostest-eac-8-256-gb-nano-sim-esim-goluboy-5473106792/,,
"Смартфон I16 Pro Max, В качестве подарка родным и близким Ростест (EAC) 12/512 ГБ, Nano-SIM, белый",946069.0,ozon,https://ir-3.ozone.ru/s3/multimedia-1-2/wc500/15092875514.jpg,https://ozon.uz/product/smartfon-i16-pro-max-v-kachestve-podarka-rodnym-i-blizkim-rostest-eac-12-512-gb-nano-sim-belyy-5810475644/,4.8,601
"Apple Смартфон iPhone 17 Pro, Dual: nano SIM + eSIM Global 12/256 ГБ, Nano-SIM, eSIM, серебристый",17693428.0,ozon,https://ir-3.ozone.ru/s3/multimedia-1-y/wc500/9295034434.jpg,https://ozon.uz/product/apple-smartfon-iphone-17-pro-dual-nano-sim-esim-global-12-256-gb-nano-sim-esim-serebristyy-2834122238/,5.0,226
"Смартфон Samsumg Galxay A57 Ultra Ростест (EAC) 16/1 ТБ, Nano-SIM, черно-серый",1209691.0,ozon,https://ir-3.ozone.ru/s3/multimedia-1-r/wc500/14917121343.jpg,https://ozon.uz/product/smartfon-samsumg-galxay-a57-ultra-rostest-eac-16-1-tb-nano-sim-cherno-seryy-5756206396/,4.8,73
"Samsung Смартфон Galaxy S25 FE 5G 8/128 ГБ, Nano-SIM, синий",6274370.0,ozon,https://ir-3.ozone.ru/s3/multimedia-1-w/wc500/9687252884.jpg,https://ozon.uz/product/samsung-smartfon-galaxy-s25-fe-5g-8-128-gb-nano-sim-siniy-3527326005/,4.9,57
"HUAWEI Смартфон HUAWEI Pura 90s Pro  12/512 ГБ, Nano-SIM, оранжевый",9512126.0,ozon,https://ir-3.ozone.ru/s3/multimedia-1-z/wc500/13409279531.jpg,https://ozon.uz/product/huawei-smartfon-huawei-pura-90s-pro-12-512-gb-nano-sim-oranzhevyy-5386124457/,4.5,17
"Смартфон Защищенный игровой противоударный смартфон 16/1 ТБ, Mini-SIM, Micro-SIM, черный",3624189.0,ozon,https://ir-3.ozone.ru/s3/multimedia-1-j/wc500/12967699519.jpg,https://ozon.uz/product/samsung-smartfon-galaxy-a37-5g-global-8-128-gb-nano-sim-fioletovyy-4753130063/,4.9,248
"realme Смартфон C100X Ростест (EAC) 4/256 ГБ, белый",2309695.0,ozon,https://ir-3.ozone.ru/s3/multimedia-1-8/wc500/12499621712.jpg,https://ozon.uz/product/realme-smartfon-c100x-rostest-eac-4-256-gb-belyy-4527059457/,,
"Poco Смартфон F9 Pro 12/256 ГБ, Nano-SIM, черный",7652902.0,ozon,https://ir-3.ozone.ru/s3/multimedia-1-x/wc500/14870891985.jpg,https://ozon.uz/product/poco-smartfon-f9-pro-12-256-gb-nano-sim-chernyy-5745759867/,,
"Смартфон Защищенный игровой противоударный смартфон 16/1 ТБ, Mini-SIM, Micro-SIM, черный",3184219.0,ozon,https://ir-3.ozone.ru/s3/multimedia-1-p/wc500/14552774881.jpg,https://ozon.uz/product/smartfon-zashchishchennyy-igrovoy-protivoudarnyy-smartfon-16-1-tb-mini-sim-micro-sim-chernyy-4314679349/,4.8,91
"Samsung Смартфон Samsung Galaxy A57 (Ice Blue) 8/128 ГБ, Nano-SIM, голубой",4331699.0,ozon,https://ir-3.ozone.ru/s3/multimedia-1-l/wc500/14279252169.jpg,https://ozon.uz/product/samsung-smartfon-samsung-galaxy-a57-ice-blue-8-128-gb-nano-sim-goluboy-5525003843/,4.9,35
"Redmi Смартфон Note 15 Pro Ростест (EAC) 12/256 ГБ, Nano-SIM, серебристый",3451218.0,ozon,https://ir-3.ozone.ru/s3/multimedia-1-z/wc500/8867920463.jpg,https://ozon.uz/product/redmi-smartfon-note-15-pro-rostest-eac-12-256-gb-nano-sim-serebristyy-3229771286/,4.9,103
"Смартфон Infimx Phone 17 Pro Max Ростест (EAC) 16/1 ТБ, Micro-SIM, черный",1016059.0,ozon,https://ir-3.ozone.ru/s3/multimedia-1-c/wc500/11018921520.jpg,https://ozon.uz/product/smartfon-infimx-phone-17-pro-max-rostest-eac-16-1-tb-micro-sim-chernyy-5764362260/,5.0,57
"Apple Смартфон iPhone 17 Pro, Dual: nano SIM + eSIM Global 12/256 ГБ, Nano-SIM, eSIM, синий",19429311.0,ozon,https://ir-3.ozone.ru/s3/multimedia-1-9/wc500/12824527545.jpg,https://ozon.uz/product/samsung-smartfon-galaxy-z-fold8-ultra-rostest-eac-12-256-gb-nano-sim-esim-fioletovyy-5152693947/,5.0,226
"Samsung Смартфон Galaxy Z Fold8 Ростест (EAC) 12/256 ГБ, Nano-SIM, eSIM, фиолетовый",18133916.0,ozon,https://ir-3.ozone.ru/s3/multimedia-1-f/wc500/12826037499.jpg,https://ozon.uz/product/samsung-smartfon-galaxy-z-fold8-rostest-eac-12-256-gb-nano-sim-esim-fioletovyy-5152693266/,,
"Apple Смартфон iPhone 17 Pro, Dual: nano SIM + eSIM Global 12/256 ГБ, Nano-SIM, eSIM, синий",16959311.0,ozon,https://ir-3.ozone.ru/s3/multimedia-1-f/wc500/9295246275.jpg,https://ozon.uz/product/apple-smartfon-iphone-17-pro-dual-nano-sim-esim-global-12-256-gb-nano-sim-esim-siniy-2834122390/,5.0,226
"Tecno Смартфон Camon 50 Ростест (EAC) 8/256 ГБ, Nano-SIM, черный",3302954.0,ozon,https://ir-3.ozone.ru/s3/multimedia-1-w/wc500/9318341660.jpg,https://ozon.uz/product/tecno-smartfon-camon-50-rostest-eac-8-256-gb-nano-sim-chernyy-3572727046/,,
"Смартфон EU 12/512 ГБ, Nano-SIM, фиолетовый",875592.0,ozon,https://ir-3.ozone.ru/s3/multimedia-1-x/wc500/14961781113.jpg,https://ozon.uz/product/smartfon-eu-12-512-gb-nano-sim-fioletovyy-5774332624/,4.9,105
"Xiaomi Смартфон 17 Ultra Global 16/512 ГБ, Nano-SIM, eSIM, белый",16268048.0,ozon,https://ir-3.ozone.ru/s3/multimedia-1-4/wc500/10105938076.jpg,https://ozon.uz/product/xiaomi-smartfon-17-ultra-global-16-512-gb-nano-sim-esim-belyy-4113625037/,4.9,23
"Poco Смартфон POCO M7 Ростест (EAC) 8/256 ГБ, Nano-SIM, черный, черно-серый",2732261.0,ozon,https://ir-3.ozone.ru/s3/multimedia-1-f/wc500/14325326871.jpg,https://ozon.uz/product/poco-smartfon-poco-m7-rostest-eac-8-256-gb-nano-sim-chernyy-cherno-seryy-5576592392/,4.9,855
"NoviSea Смартфон смартфон S25 Ultra+ (12/256 ГБ) оснащен 6,6-дюймовым IPS-экраном, аккумулятором емкостью 5000 мАч, имеет защиту от воды и пыли по стандарту IP68 и работает под управлением Android 14 Global 12/256 ГБ, Nano-SIM, светло-серый",1823304.0,ozon,https://ir-3.ozone.ru/s3/multimedia-1-y/wc500/14960471686.jpg,https://ozon.uz/product/smartfon-global-8-256-gb-nano-sim-chernyy-5756122321/,4.9,327
"Xiaomi Смартфон REDMI Note 17 Pro 5G Ростест (EAC) 6/128 ГБ, Nano-SIM, eSIM, черный",3278848.0,ozon,https://ir-3.ozone.ru/s3/multimedia-1-4/wc500/15278913112.jpg,https://ozon.uz/product/xiaomi-smartfon-redmi-note-17-pro-5g-rostest-eac-6-128-gb-nano-sim-esim-chernyy-5810102957/,5.0,63
"Redmi Смартфон Redmi 15C Ростест (EAC) 8/256 ГБ, Nano-SIM, черный",1530248.0,ozon,https://ir-3.ozone.ru/s3/multimedia-1-y/wc500/7902742030.jpg,https://ozon.uz/product/redmi-smartfon-redmi-15c-rostest-eac-8-256-gb-nano-sim-chernyy-5380222831/,4.5,810
"Смартфон Защищённый смартфон K100, 2026,NFC,16 ГБ ОЗУ +512 ГБ, 4K，20000 мАч，Android 14 Global 16/512 ГБ, Nano-SIM, черный",4166688.0,ozon,https://ir-3.ozone.ru/s3/multimedia-1-u/wc500/14322504846.jpg,https://ozon.uz/product/smartfon-zashchishchennyy-smartfon-k100-2026-nfc-16-gb-ozu-512-gb-4k-20000-mach-android-14-global-5600561805/,5.0,143
"realme Смартфон C85 Ростест (EAC) 8/256 ГБ, Nano-SIM, синий",2661140.0,ozon,https://ir-3.ozone.ru/s3/multimedia-1-e/wc500/8957838218.jpg,https://ozon.uz/product/realme-smartfon-c85-rostest-eac-8-256-gb-nano-sim-siniy-3501177555/,,
"Poco Смартфон Poco F8 Ultra Black Global 12/256 ГБ, Nano-SIM, eSIM, черный",8951180.0,ozon,https://ir-3.ozone.ru/s3/multimedia-1-w/wc500/12729629264.jpg,https://ozon.uz/product/poco-smartfon-poco-f8-ultra-black-global-12-256-gb-nano-sim-esim-chernyy-4626504416/,4.7,15
"Смартфон AP18 Pro Max Ростест (EAC) 16/1 ТБ, Nano-SIM, коралловый",1136913.0,ozon,https://ir-3.ozone.ru/s3/multimedia-1-i/wc500/14816135610.jpg,https://ozon.uz/product/smartfon-ap18-pro-max-rostest-eac-16-1-tb-nano-sim-korallovyy-5692233897/,4.9,32
"NoviSea Смартфон смартфон S25 Ultra+ (12/256 ГБ) оснащен 6,6-дюймовым IPS-экраном, аккумулятором емкостью 5000 мАч, имеет защиту от воды и пыли по стандарту IP68 и работает под управлением Android 14 Global 12/256 ГБ, Nano-SIM, светло-серый",948574.0,ozon,https://ir-3.ozone.ru/s3/multimedia-1-i/wc500/12067785702.jpg,https://ozon.uz/product/novisea-smartfon-smartfon-s25-ultra-12-256-gb-osnashchen-6-6-dyuymovym-ips-ekranom-akkumulyatorom-3983468471/,4.5,182
"Смартфон OPPO A78 телефон Android 13, экран 6.4"" AMOLED 90 Гц, камера 50 МП, 5000 мАч, быстрая зарядка, две Nano-SIM, microSD до 1 ТБ, IP54, беспроводные наушники, фиолетовый/сиреневый 8/256 ГБ, Nano-SIM, черный, черно-серый",5445203.0,ozon,https://ir-3.ozone.ru/s3/multimedia-1-i/wc500/8450977914.jpg,https://ozon.uz/product/vosstanovlennyy-apple-smartfon-iphone-13-pro-6-512-gb-nano-sim-esim-seryy-3761204736/,4.3,20
"Honor Смартфон Honor 600 pro  Black Global 12/256 ГБ, Nano-SIM, eSIM, черный",9125847.0,ozon,https://ir-3.ozone.ru/s3/multimedia-1-u/wc500/12455811930.jpg,https://ozon.uz/product/honor-smartfon-honor-600-pro-black-global-12-256-gb-nano-sim-esim-chernyy-4626471024/,5.0,29
"Samsung Смартфон Galaxy S25 Fe Global 8/128 ГБ, Nano-SIM, eSIM, черный",6183702.0,ozon,https://ir-3.ozone.ru/s3/multimedia-1-g/wc500/7983298096.jpg,https://ozon.uz/product/samsung-smartfon-galaxy-s25-fe-global-8-128-gb-nano-sim-esim-chernyy-3089091697/,4.6,6
"Samsung Смартфон Galaxy S26 Ultra Global 12/512 ГБ, Nano-SIM, светло-синий",14409968.0,ozon,https://ir-3.ozone.ru/s3/multimedia-1-6/wc500/9129762726.jpg,https://ozon.uz/product/samsung-smartfon-galaxy-s26-ultra-global-12-512-gb-nano-sim-svetlo-siniy-4875517573/,4.9,45
"Смартфон OPPO A78 телефон Android 13, экран 6.4"" AMOLED 90 Гц, камера 50 МП, 5000 мАч, быстрая зарядка, две Nano-SIM, microSD до 1 ТБ, IP54, беспроводные наушники, фиолетовый/сиреневый 8/256 ГБ, Nano-SIM, черный, черно-серый",1760458.0,ozon,https://ir-3.ozone.ru/s3/multimedia-1-h/wc500/15368213645.jpg,https://ozon.uz/product/smartfon-oppo-a78-telefon-android-13-ekran-6-4-amoled-90-gts-kamera-50-mp-5000-mach-5893169822/,5.0,102
"Смартфон EU 16/1 ТБ, Nano-SIM, оранжевый",884519.0,ozon,https://ir-3.ozone.ru/s3/multimedia-1-k/wc500/14936672324.jpg,https://ozon.uz/product/smartfon-eu-16-1-tb-nano-sim-oranzhevyy-5668053076/,4.8,42
"Google Смартфон Pixel 10A Global 8/128 ГБ, Nano-SIM, eSIM, черный",6540560.0,ozon,https://ir-3.ozone.ru/s3/multimedia-1-5/wc500/12498946529.jpg,https://ozon.uz/product/google-smartfon-pixel-10a-global-8-128-gb-nano-sim-esim-chernyy-5158682669/,5.0,1
"Смартфон S26 Ultra Ростест (EAC) 16/1 ТБ, Nano-SIM, желтый",1057634.0,ozon,https://ir-3.ozone.ru/s3/multimedia-1-a/wc500/12576250090.jpg,https://ozon.uz/product/smartfon-s26-ultra-rostest-eac-16-1-tb-nano-sim-zheltyy-5617881312/,4.8,120
"Apple Смартфон iPhone 17 Pro, Dual: nano SIM + eSIM Global 12/256 ГБ, Nano-SIM, eSIM, оранжевый",5517459.0,ozon,https://ir-3.ozone.ru/s3/multimedia-1-f/wc500/9140349291.jpg,https://ozon.uz/product/iqoo-smartfon-neo-10-rostest-eac-8-256-gb-nano-sim-zolotoy-2186959558/,4.7,30
"Xiaomi Смартфон Redmi Note 13 Pro,XiaoMi,2SIM Global 12/512 ГБ, Nano-SIM, черный матовый",3411598.0,ozon,https://ir-3.ozone.ru/s3/multimedia-1-s/wc500/12571688260.jpg,https://ozon.uz/product/xiaomi-smartfon-redmi-note-13-pro-xiaomi-2sim-global-12-512-gb-nano-sim-chernyy-matovyy-5333971901/,4.7,30
"Apple Смартфон iPhone 17 Pro, Dual: nano SIM + eSIM Global 12/256 ГБ, Nano-SIM, eSIM, оранжевый",16685554.0,ozon,https://ir-3.ozone.ru/s3/multimedia-1-3/wc500/9295310415.jpg,https://ozon.uz/product/apple-smartfon-iphone-17-pro-dual-nano-sim-esim-global-12-256-gb-nano-sim-esim-oranzhevyy-2834122579/,5.0,226
"Samsung Смартфон Galaxy A57 Ростест (EAC) 8/256 ГБ, Nano-SIM, серый",5234817.0,ozon,https://ir-3.ozone.ru/s3/multimedia-1-0/wc500/9990832644.jpg,https://ozon.uz/product/samsung-smartfon-galaxy-a57-rostest-eac-8-256-gb-nano-sim-seryy-3661247682/,,
"Смартфон POC0 M7 Pro Ростест (EAC) 16/1 ТБ, Nano-SIM, зеленый",1437188.0,ozon,https://ir-3.ozone.ru/s3/multimedia-1-p/wc500/13393422673.jpg,https://ozon.uz/product/smartfon-poc0-m7-pro-rostest-eac-16-1-tb-nano-sim-zelenyy-5619299687/,4.9,39
"Redmi Смартфон Redmi 15C Ростест (EAC) 8/256 ГБ, Nano-SIM, зеленый",1542859.0,ozon,https://ir-3.ozone.ru/s3/multimedia-1-a/wc500/13773030778.jpg,https://ozon.uz/product/redmi-smartfon-redmi-15c-rostest-eac-8-256-gb-nano-sim-zelenyy-5376925714/,4.5,810
"Смартфон Samsumg Galxay S26+ Ultra Ростест (EAC) 12/1 ТБ, Nano-SIM, шоколадный",1116924.0,ozon,https://ir-3.ozone.ru/s3/multimedia-1-t/wc500/12514028609.jpg,https://ozon.uz/product/smartfon-samsumg-galxay-s26-ultra-rostest-eac-12-1-tb-nano-sim-shokoladnyy-5867275188/,4.8,58
"Tecno Смартфон SPARK 40 Pro, +SIM Ростест (EAC) 8/256 ГБ, Nano-SIM, черный матовый",4576948.0,ozon,https://ir-3.ozone.ru/s3/multimedia-1-h/wc500/10000160369.jpg,https://ozon.uz/product/tecno-smartfon-camon-50-ultra-5g-rostest-eac-12-256-gb-nano-sim-seryy-3823114014/,4.5,1051
"Redmi Смартфон Redmi 14C Ростест (EAC) 8/256 ГБ, Nano-SIM, фиолетовый",1496186.0,ozon,https://ir-3.ozone.ru/s3/multimedia-1-m/wc500/7930717978.jpg,https://ozon.uz/product/redmi-smartfon-redmi-14c-rostest-eac-8-256-gb-nano-sim-fioletovyy-5732828798/,4.5,1051
"Смартфон Realme C85 Pro Ростест (EAC) 16/1 ТБ, Nano-SIM, сиреневый",1185011.0,ozon,https://ir-3.ozone.ru/s3/multimedia-1-p/wc500/15091027837.jpg,https://ozon.uz/product/smartfon-realme-c85-pro-rostest-eac-16-1-tb-nano-sim-sirenevyy-5808955610/,4.6,67
"Redmi Смартфон Ростест (EAC) 8/256 ГБ, Nano-SIM, перламутровый, зеленый",1531753.0,ozon,https://ir-3.ozone.ru/s3/multimedia-1-q/wc500/14850925190.jpg,https://ozon.uz/product/redmi-smartfon-rostest-eac-8-256-gb-nano-sim-perlamutrovyy-zelenyy-5744454473/,4.5,1051
"Tecno Смартфон SPARK 40 Pro, +SIM Ростест (EAC) 8/256 ГБ, Nano-SIM, черный матовый",2247017.0,ozon,https://ir-3.ozone.ru/s3/multimedia-1-j/wc500/13740872347.jpg,https://ozon.uz/product/tecno-smartfon-spark-40-pro-sim-rostest-eac-8-256-gb-nano-sim-chernyy-matovyy-5427155893/,5.0,25
"Honor Смартфон X8d Ростест (EAC) 8/256 ГБ, Nano-SIM, голубой",3531525.0,ozon,https://ir-3.ozone.ru/s3/multimedia-1-3/wc500/9092385723.jpg,https://ozon.uz/product/honor-smartfon-x8d-rostest-eac-8-256-gb-nano-sim-goluboy-3391678727/,,
"Смартфон P0C0 M7 Pro Ростест (EAC) 16/1 ТБ, Nano-SIM, черный",1433977.0,ozon,https://ir-3.ozone.ru/s3/multimedia-1-c/wc500/14977981776.jpg,https://ozon.uz/product/smartfon-p0c0-m7-pro-rostest-eac-16-1-tb-nano-sim-chernyy-5720084597/,5.0,35
"Смартфон Sansumg Galaxy A56 EU 12/512 ГБ, Nano-SIM, синий",1076669.0,ozon,https://ir-3.ozone.ru/s3/multimedia-1-f/wc500/14508244743.jpg,https://ozon.uz/product/smartfon-sansumg-galaxy-a56-eu-12-512-gb-nano-sim-siniy-5652438771/,3.7,223
"iQOO Смартфон iQOO 15R Ростест (EAC) 12/256 ГБ, Nano-SIM, серый",7065183.0,ozon,https://ir-3.ozone.ru/s3/multimedia-1-e/wc500/9140603774.jpg,https://ozon.uz/product/iqoo-smartfon-iqoo-15r-rostest-eac-12-256-gb-nano-sim-seryy-3539437984/,,
"Смартфон Samsvng Galxay S25 Ultra Ростест (EAC) 16/1 ТБ, Nano-SIM, шоколадный",1615229.0,ozon,https://ir-3.ozone.ru/s3/multimedia-1-n/wc500/10877183591.jpg,https://ozon.uz/product/smartfon-samsvng-galxay-s25-ultra-rostest-eac-16-1-tb-nano-sim-shokoladnyy-5333972502/,4.8,66
"Смартфон Honro Note 40 Pro Ростест (EAC) 16/1 ТБ, Nano-SIM, черный",1217965.0,ozon,https://ir-3.ozone.ru/s3/multimedia-1-y/wc500/15294259186.jpg,https://ozon.uz/product/smartfon-honro-note-40-pro-rostest-eac-16-1-tb-nano-sim-chernyy-5835387109/,4.8,41
"Смартфон X9b EU 12/512 ГБ, Nano-SIM, салатовый",1326595.0,ozon,https://ir-3.ozone.ru/s3/multimedia-1-m/wc500/14818570474.jpg,https://ozon.uz/product/smartfon-x9b-eu-12-512-gb-nano-sim-salatovyy-5637400233/,3.3,172
"Tecno Смартфон Spark 50 Ростест (EAC) 8/128 ГБ, Nano-SIM, черный",2107149.0,ozon,https://ir-3.ozone.ru/s3/multimedia-1-9/wc500/10693270953.jpg,https://ozon.uz/product/tecno-smartfon-spark-50-rostest-eac-8-128-gb-nano-sim-chernyy-4399051399/,,
"Tecno Смартфон Spark 50 Ростест (EAC) 4/128 ГБ, Nano-SIM, фиолетовый",1766211.0,ozon,https://ir-3.ozone.ru/s3/multimedia-1-4/wc500/11645964040.jpg,https://ozon.uz/product/tecno-smartfon-spark-50-rostest-eac-4-128-gb-nano-sim-fioletovyy-4399053675/,,
"Infinix Смартфон Note Edge Ростест (EAC) 8/256 ГБ, Nano-SIM, eSIM, серый металлик",1295283.0,ozon,https://ir-3.ozone.ru/s3/multimedia-1-c/wc500/9260733324.jpg,https://ozon.uz/product/tecno-smartfon-spark-go-3-rostest-eac-4-128-gb-nano-sim-sirenevyy-3624673006/,4.4,121
"realme Смартфон С85 Pro Ростест (EAC) 8/256 ГБ, Nano-SIM, фиолетовый",2849538.0,ozon,https://ir-3.ozone.ru/s3/multimedia-1-0/wc500/8950047336.jpg,https://ozon.uz/product/realme-smartfon-s85-pro-rostest-eac-8-256-gb-nano-sim-fioletovyy-3501177100/,,
"Infinix Смартфон Note Edge Ростест (EAC) 8/256 ГБ, Nano-SIM, eSIM, серый металлик",3044741.0,ozon,https://ir-3.ozone.ru/s3/multimedia-1-5/wc500/9379478669.jpg,https://ozon.uz/product/infinix-smartfon-note-edge-rostest-eac-8-256-gb-nano-sim-esim-seryy-metallik-3521200880/,4.8,98
"Redmi Смартфон Redmi 15C EU 8/256 ГБ, Nano-SIM, черный матовый",1332732.0,ozon,https://ir-3.ozone.ru/s3/multimedia-1-1/wc500/14881633165.jpg,https://ozon.uz/product/redmi-smartfon-redmi-15c-eu-8-256-gb-nano-sim-chernyy-matovyy-5753523905/,4.6,32
"Tecno Смартфон Camon 50 Ultra 5G Ростест (EAC) 12/256 ГБ, Nano-SIM, черный",4549552.0,ozon,https://ir-3.ozone.ru/s3/multimedia-1-o/wc500/10000159836.jpg,https://ozon.uz/product/tecno-smartfon-camon-50-ultra-5g-rostest-eac-12-256-gb-nano-sim-chernyy-3823113334/,,
"Смартфон Sansumg Galaxy A56 EU 12/512 ГБ, Nano-SIM, малиновый",1067447.0,ozon,https://ir-3.ozone.ru/s3/multimedia-1-x/wc500/14508258729.jpg,https://ozon.uz/product/smartfon-sansumg-galaxy-a56-eu-12-512-gb-nano-sim-malinovyy-5652439054/,3.7,223
"Смартфон Tenco Spark 50 Pro Ростест (EAC) 16/1 ТБ, Nano-SIM, темно-коричневый",5521547.0,ozon,https://ir-3.ozone.ru/s3/multimedia-1-c/wc500/10086127464.jpg,https://ozon.uz/product/iqoo-smartfon-z11x-rostest-eac-12-512-gb-nano-sim-serebristyy-3721459135/,4.3,54
"Смартфон Tenco Spark 50 Pro Ростест (EAC) 16/1 ТБ, Nano-SIM, светло-серый",1389089.0,ozon,https://ir-3.ozone.ru/s3/multimedia-1-o/wc500/12997699260.jpg,https://ozon.uz/product/smartfon-tenco-spark-50-pro-rostest-eac-16-1-tb-nano-sim-svetlo-seryy-5209478666/,4.3,54
"realme Смартфон 16 Pro Ростест (EAC) 8/256 ГБ, Nano-SIM, бежевый",4113025.0,ozon,https://ir-3.ozone.ru/s3/multimedia-1-c/wc500/9192102168.jpg,https://ozon.uz/product/realme-smartfon-16-pro-rostest-eac-8-256-gb-nano-sim-bezhevyy-3632948016/,,
"Смартфон смартфон EU 12/512 ГБ, Nano-SIM, серый, зеленый",909878.0,ozon,https://ir-3.ozone.ru/s3/multimedia-1-s/wc500/15341904568.jpg,https://ozon.uz/product/smartfon-smartfon-eu-12-512-gb-nano-sim-seryy-zelenyy-5754446807/,4.8,669
"Honor Смартфон 600 Ростест (EAC) 8/256 ГБ, Nano-SIM, eSIM, золотой",5886578.0,ozon,https://ir-3.ozone.ru/s3/multimedia-1-l/wc500/15092802021.jpg,https://ozon.uz/product/honor-smartfon-600-rostest-eac-8-256-gb-nano-sim-esim-zolotoy-4189906410/,,
"Смартфон Tenco Spark 50 Pro Ростест (EAC) 16/1 ТБ, Nano-SIM, темно-коричневый",1372651.0,ozon,https://ir-3.ozone.ru/s3/multimedia-1-l/wc500/12997706817.jpg,https://ozon.uz/product/smartfon-tenco-spark-50-pro-rostest-eac-16-1-tb-nano-sim-temno-korichnevyy-5829333133/,4.3,54
"Смартфон HONOR 600 Pro,5G,8000 мАч Ростест (EAC) 16/1 ТБ, Nano-SIM, черный",1122714.0,ozon,https://ir-3.ozone.ru/s3/multimedia-1-5/wc500/15445031369.jpg,https://ozon.uz/product/smartfon-honor-600-pro-5g-8000-mach-rostest-eac-16-1-tb-nano-sim-chernyy-5684228914/,4.8,111
"Смартфон Tenco Spark 30 Pro Ростест (EAC) 16/1 ТБ, Nano-SIM, золотой",1252140.0,ozon,https://ir-3.ozone.ru/s3/multimedia-1-y/wc500/13441585822.jpg,https://ozon.uz/product/smartfon-tenco-spark-30-pro-rostest-eac-16-1-tb-nano-sim-zolotoy-5593900009/,4.7,89
"iQOO Смартфон Z11x Ростест (EAC) 12/256 ГБ, Nano-SIM, серебристый",4720750.0,ozon,https://ir-3.ozone.ru/s3/multimedia-1-m/wc500/10086128014.jpg,https://ozon.uz/product/iqoo-smartfon-z11x-rostest-eac-12-256-gb-nano-sim-serebristyy-3721463789/,,
"Смартфон P0C0 M8 Ростест (EAC) 16/1 ТБ, Nano-SIM, черный",1458959.0,ozon,https://ir-3.ozone.ru/s3/multimedia-1-a/wc500/14978259730.jpg,https://ozon.uz/product/smartfon-p0c0-m8-rostest-eac-16-1-tb-nano-sim-chernyy-5720130219/,5.0,44
"Qualcomm Смартфон Ростест (EAC) 1 ТБ, Micro-SIM, оранжевый",813739.0,ozon,https://ir-3.ozone.ru/s3/multimedia-1-4/wc500/13602535708.jpg,https://ozon.uz/product/qualcomm-smartfon-rostest-eac-1-tb-micro-sim-oranzhevyy-5400295942/,4.0,124
"iQOO Смартфон Z11x Ростест (EAC) 12/512 ГБ, Nano-SIM, черный",5521547.0,ozon,https://ir-3.ozone.ru/s3/multimedia-1-u/wc500/10086127734.jpg,https://ozon.uz/product/iqoo-smartfon-z11x-rostest-eac-12-512-gb-nano-sim-chernyy-3721458028/,,
"Samsung Смартфон Galaxy S25 Mint 12/256 ГБ, Nano-SIM, eSIM, светло-зеленый",8091105.0,ozon,https://ir-3.ozone.ru/s3/multimedia-1-m/wc500/14280278638.jpg,https://ozon.uz/product/samsung-smartfon-galaxy-s25-mint-12-256-gb-nano-sim-esim-svetlo-zelenyy-2737524749/,5.0,5
"Смартфон S25U-2 Ростест (EAC) 16/1 ТБ, Nano-SIM, разноцветный",702279.0,ozon,https://ir-3.ozone.ru/s3/multimedia-1-l/wc500/14386216665.jpg,https://ozon.uz/product/smartfon-s25u-2-rostest-eac-16-1-tb-nano-sim-raznotsvetnyy-5620657049/,4.3,529
"Смартфон HONOR X9d Ростест (EAC) 12/1 ТБ, Nano-SIM, черный",1603978.0,ozon,https://ir-3.ozone.ru/s3/multimedia-1-4/wc500/15015057952.jpg,https://ozon.uz/product/smartfon-honor-x9d-rostest-eac-12-1-tb-nano-sim-chernyy-5789235042/,5.0,24
"Смартфон i16 Pro Max Ростест (EAC) 16/1 ТБ, Nano-SIM, золотой",824110.0,ozon,https://ir-3.ozone.ru/s3/multimedia-1-p/wc500/13817263561.jpg,https://ozon.uz/product/smartfon-i16-pro-max-rostest-eac-16-1-tb-nano-sim-zolotoy-5452895276/,4.4,85
"Смартфон Galxy A26 андроид 15 Ростест (EAC) 12/1 ТБ, Nano-SIM, бордовый",1012588.0,ozon,https://ir-3.ozone.ru/s3/multimedia-1-c/wc500/14272758300.jpg,https://ozon.uz/product/smartfon-galxy-a26-android-15-rostest-eac-12-1-tb-nano-sim-bordovyy-5748614158/,4.9,38
"Honor Смартфон X8d Ростест (EAC) 8/256 ГБ, Nano-SIM, серый",3531525.0,ozon,https://ir-3.ozone.ru/s3/multimedia-1-8/wc500/9092385656.jpg,https://ozon.uz/product/honor-smartfon-x8d-rostest-eac-8-256-gb-nano-sim-seryy-3391678480/,,
"Смартфон H0N0R 600 EU 16/1 ТБ, Nano-SIM, светло-синий",1180072.0,ozon,https://ir-3.ozone.ru/s3/multimedia-1-r/wc500/14507144811.jpg,https://ozon.uz/product/smartfon-h0n0r-600-eu-16-1-tb-nano-sim-svetlo-siniy-5652438211/,3.7,223
"iQOO Смартфон Neo 10 Ростест (EAC) 8/256 ГБ, Nano-SIM, золотой",5252565.0,ozon,https://ir-3.ozone.ru/s3/multimedia-1-y/wc500/8596024990.jpg,https://ozon.uz/product/iqoo-smartfon-neo-10-rostest-eac-8-256-gb-nano-sim-zolotoy-2132948847/,4.9,5749
"Смартфон Samsumg Galxay S26 Ultra Ростест (EAC) 16/1 ТБ, Micro-SIM, темно-серый, черный матовый",1145523.0,ozon,https://ir-3.ozone.ru/s3/multimedia-1-n/wc500/12629795639.jpg,https://ozon.uz/product/smartfon-samsumg-galxay-s26-ultra-rostest-eac-16-1-tb-micro-sim-temno-seryy-chernyy-matovyy-5565485362/,4.5,108
"Смартфон TENCN0  Camon 50 Premier Ростест (EAC) 16/1 ТБ, Micro-SIM, зеленый",1097621.0,ozon,https://ir-3.ozone.ru/s3/multimedia-1-e/wc500/15194491610.jpg,https://ozon.uz/product/smartfon-tencn0-camon-50-premier-rostest-eac-16-1-tb-micro-sim-zelenyy-5813174603/,4.9,37
"Смартфон Xaio Mi Note 15 Pro	 Ростест (EAC) 16/1 ТБ, Nano-SIM, серебристый",1373059.0,ozon,https://ir-3.ozone.ru/s3/multimedia-1-l/wc500/14698302393.jpg,https://ozon.uz/product/smartfon-xaio-mi-note-15-pro-rostest-eac-16-1-tb-nano-sim-serebristyy-5699269226/,4.8,55
"Смартфон TECN0 Pova 9 Neo Ростест (EAC) 16/512 ГБ, Micro-SIM, серый",1182622.0,ozon,https://ir-3.ozone.ru/s3/multimedia-1-j/wc500/14909012155.jpg,https://ozon.uz/product/smartfon-tecn0-pova-9-neo-rostest-eac-16-512-gb-micro-sim-seryy-5744321662/,4.6,54
"Смартфон X8 Pro Ростест (EAC) 16/1 ТБ, Nano-SIM, черный",1324686.0,ozon,https://ir-3.ozone.ru/s3/multimedia-1-j/wc500/13307218507.jpg,https://ozon.uz/product/smartfon-x8-pro-rostest-eac-16-1-tb-nano-sim-chernyy-5181113168/,4.5,55
"XIAOXING Смартфон 8/512 ГБ, белый",1032813.0,ozon,https://ir-3.ozone.ru/s3/multimedia-1-q/wc500/9477274778.jpg,https://ozon.uz/product/xiaoxing-smartfon-8-512-gb-belyy-4715985936/,4.3,36
"Смартфон Tecn0 Pova 7 Ultra Ростест (EAC) 16/1 ТБ, Micro-SIM, зеркальный, черный матовый",3302954.0,ozon,https://ir-3.ozone.ru/s3/multimedia-1-g/wc500/9318349096.jpg,https://ozon.uz/product/tecno-smartfon-camon-50-rostest-eac-8-256-gb-nano-sim-svetlo-seryy-3572726850/,4.9,10
"Xiaomi Смартфон Mix Flip 12/512 ГБ, Nano-SIM, черный",7609908.0,ozon,https://ir-3.ozone.ru/s3/multimedia-1-v/wc500/7462784623.jpg,https://ozon.uz/product/xiaomi-smartfon-mix-flip-12-512-gb-nano-sim-chernyy-3721601557/,4.9,10
"Redmi Смартфон Global 6/128 ГБ, Nano-SIM, черный",950274.0,ozon,https://ir-3.ozone.ru/s3/multimedia-1-u/wc500/14398958082.jpg,https://ozon.uz/product/redmi-smartfon-global-6-128-gb-nano-sim-chernyy-5624432411/,4.9,8
"Redmi Смартфон Ростест (EAC) 8/256 ГБ, Nano-SIM, бирюзовый",1613015.0,ozon,https://ir-3.ozone.ru/s3/multimedia-1-l/wc500/14836656729.jpg,https://ozon.uz/product/redmi-smartfon-rostest-eac-8-256-gb-nano-sim-biryuzovyy-5740328536/,5.0,84
"Xiaomi Смартфон Note 15 Pro+ 5G Ростест (EAC) 12/512 ГБ, Nano-SIM, eSIM, коричневый",5297849.0,ozon,https://ir-3.ozone.ru/s3/multimedia-1-2/wc500/8806018538.jpg,https://ozon.uz/product/xiaomi-smartfon-note-15-pro-5g-rostest-eac-12-512-gb-nano-sim-esim-korichnevyy-3391101481/,,
"Смартфон Tecn0 Pova 7 Ultra Ростест (EAC) 16/1 ТБ, Micro-SIM, зеркальный, черный матовый",1414991.0,ozon,https://ir-3.ozone.ru/s3/multimedia-1-2/wc500/10288359326.jpg,https://ozon.uz/product/smartfon-tecn0-pova-7-ultra-rostest-eac-16-1-tb-micro-sim-zerkalnyy-chernyy-matovyy-5862288012/,5.0,39
"Redmi Смартфон Redmi 15C Ростест (EAC) 8/256 ГБ, Nano-SIM, черный",1557711.0,ozon,https://ir-3.ozone.ru/s3/multimedia-1-s/wc500/7902761464.jpg,https://ozon.uz/product/redmi-smartfon-redmi-15c-rostest-eac-8-256-gb-nano-sim-chernyy-5469613155/,4.1,21
"Смартфон  Redmi Note 11 4 ГБ / 128 ГБ, NFC, AMOLED экран 90 Гц, камера 50 Мп, аккумулятор 5000 мАч, Графит 4/128 ГБ, Nano-SIM, голубой, светло-синий",3235700.0,ozon,https://ir-3.ozone.ru/s3/multimedia-1-i/wc500/10970878230.jpg,https://ozon.uz/product/honor-smartfon-honor-90-16-256-gb-mini-sim-nano-sim-chernyy-5702165041/,5.0,8
"Redmi Смартфон Note 15 Pro Ростест (EAC) 12/256 ГБ, Nano-SIM, голубой",3451218.0,ozon,https://ir-3.ozone.ru/s3/multimedia-1-j/wc500/8867920519.jpg,https://ozon.uz/product/redmi-smartfon-note-15-pro-rostest-eac-12-256-gb-nano-sim-goluboy-3229771037/,4.9,103
"Смартфон Ростест (EAC) 16/1 ТБ, Micro-SIM, Nano-SIM, черный, черный матовый",1168415.0,ozon,https://ir-3.ozone.ru/s3/multimedia-1-8/wc500/12566241872.jpg,https://ozon.uz/product/smartfon-rostest-eac-16-1-tb-micro-sim-nano-sim-chernyy-chernyy-matovyy-5740001310/,5.0,143
"Redmi Смартфон Ростест (EAC) 8/256 ГБ, Nano-SIM, лазурный",1503431.0,ozon,https://ir-3.ozone.ru/s3/multimedia-1-5/wc500/14776210661.jpg,https://ozon.uz/product/redmi-smartfon-rostest-eac-8-256-gb-nano-sim-lazurnyy-5830621959/,5.0,14
"Redmi Смартфон Global 8/256 ГБ, Nano-SIM, фиолетовый, серебристый",1668581.0,ozon,https://ir-3.ozone.ru/s3/multimedia-1-9/wc500/13314315825.jpg,https://ozon.uz/product/redmi-smartfon-global-8-256-gb-nano-sim-fioletovyy-serebristyy-5304966797/,4.4,858
"Смартфон  Redmi Note 11 4 ГБ / 128 ГБ, NFC, AMOLED экран 90 Гц, камера 50 Мп, аккумулятор 5000 мАч, Графит 4/128 ГБ, Nano-SIM, голубой, светло-синий",1986695.0,ozon,https://ir-3.ozone.ru/s3/multimedia-1-0/wc500/14176779948.jpg,https://ozon.uz/product/smartfon-redmi-note-11-4-gb-128-gb-nfc-amoled-ekran-90-gts-kamera-50-mp-akkumulyator-5000-5557238395/,5.0,97
"Poco Смартфон M6 Pro 12/512 ГБ, Nano-SIM, синий",2971278.0,ozon,https://ir-3.ozone.ru/s3/multimedia-1-7/wc500/15150458491.jpg,https://ozon.uz/product/poco-smartfon-m6-pro-12-512-gb-nano-sim-siniy-5826874947/,5.0,8
"Смартфон I15 Pro Max, В качестве подарка родным и близким Ростест (EAC) 12/512 ГБ, Nano-SIM, белый, зеркальный",913110.0,ozon,https://ir-3.ozone.ru/s3/multimedia-1-m/wc500/13058065066.jpg,https://ozon.uz/product/smartfon-i15-pro-max-v-kachestve-podarka-rodnym-i-blizkim-rostest-eac-12-512-gb-nano-sim-5228929735/,4.2,194
"Xiaomi Смартфон REDMI Note 17 Pro Max 5G Ростест (EAC) 8/256 ГБ, Nano-SIM, eSIM, белый",2318049.0,ozon,https://ir-3.ozone.ru/s3/multimedia-1-y/wc500/12498613774.jpg,https://ozon.uz/product/huawei-smartfon-nova-y74-mga-lx3-rostest-eac-8-256-gb-nano-sim-goluboy-5025768133/,5.0,4
"HUAWEI Смартфон Nova Y74 (MGA-LX3) Ростест (EAC) 8/256 ГБ, Nano-SIM, черный",2318049.0,ozon,https://ir-3.ozone.ru/s3/multimedia-1-z/wc500/12498632711.jpg,https://ozon.uz/product/huawei-smartfon-nova-y74-mga-lx3-rostest-eac-8-256-gb-nano-sim-chernyy-5025771652/,5.0,4
"Honor Смартфон HONOR X7e Ростест (EAC) 6/256 ГБ, Nano-SIM, черный",2707195.0,ozon,https://ir-3.ozone.ru/s3/multimedia-1-b/wc500/12691419995.jpg,https://ozon.uz/product/honor-smartfon-honor-x7e-rostest-eac-6-256-gb-nano-sim-chernyy-4905868150/,,
"Смартфон IPhome i17 Pro Max Ростест (EAC) 16/1 ТБ, Nano-SIM, коралловый, оранжевый",1006566.0,ozon,https://ir-3.ozone.ru/s3/multimedia-1-1/wc500/13983433633.jpg,https://ozon.uz/product/smartfon-iphome-i17-pro-max-rostest-eac-16-1-tb-nano-sim-korallovyy-oranzhevyy-5618561178/,4.8,100
"Honor Смартфон Honor 50 8/256 ГБ, белый Global 8/256 ГБ, Nano-SIM, белый, серебристый",2371984.0,ozon,https://ir-3.ozone.ru/s3/multimedia-1-j/wc500/9501827527.jpg,https://ozon.uz/product/honor-smartfon-honor-50-8-256-gb-belyy-global-8-256-gb-nano-sim-belyy-serebristyy-3889877283/,4.7,162
"Смартфон Redmi Note 8 6/128 ГБ 6/128 ГБ, Nano-SIM, синий, темно-синий",1617577.0,ozon,https://ir-3.ozone.ru/s3/multimedia-1-b/wc500/14175690779.jpg,https://ozon.uz/product/smartfon-redmi-note-8-6-128-gb-6-128-gb-nano-sim-siniy-temno-siniy-5556942283/,5.0,103
"Xiaomi Смартфон REDMI Note 17 Pro Max 5G Ростест (EAC) 8/256 ГБ, Nano-SIM, eSIM, белый",5062248.0,ozon,https://ir-3.ozone.ru/s3/multimedia-1-8/wc500/20102218136.jpg,https://ozon.uz/product/xiaomi-smartfon-redmi-note-17-pro-max-5g-rostest-eac-8-256-gb-nano-sim-esim-belyy-5473107240/,,
"Смартфон X1ao Mi i17 Pro Max Ростест (EAC) 16/1 ТБ, Micro-SIM, шоколадный",1061145.0,ozon,https://ir-3.ozone.ru/s3/multimedia-1-p/wc500/8911210993.jpg,https://ozon.uz/product/smartfon-x1ao-mi-i17-pro-max-rostest-eac-16-1-tb-micro-sim-shokoladnyy-5587962863/,4.9,95
"Infinix Смартфон Note 60 Pro Ростест (EAC) 8/256 ГБ, Nano-SIM, eSIM, серый металлик",1679345.0,ozon,https://ir-3.ozone.ru/s3/multimedia-1-b/wc500/13396085831.jpg,https://ozon.uz/product/smartfon-samsvmg-galxay-s25-ultra-rostest-eac-16-1-tb-nano-sim-chernyy-5439188799/,4.9,61
"Samsung Смартфон Galaxy S26 Ultra Ростест (EAC) 12/256 ГБ, Nano-SIM, черный",14663852.0,ozon,https://ir-3.ozone.ru/s3/multimedia-1-d/wc500/9121799389.jpg,https://ozon.uz/product/samsung-smartfon-galaxy-s26-ultra-rostest-eac-12-256-gb-nano-sim-chernyy-3485035200/,,
"Infinix Смартфон Note 60 Pro Ростест (EAC) 8/256 ГБ, Nano-SIM, eSIM, серый металлик",3963508.0,ozon,https://ir-3.ozone.ru/s3/multimedia-1-f/wc500/9379872735.jpg,https://ozon.uz/product/infinix-smartfon-note-60-pro-rostest-eac-8-256-gb-nano-sim-esim-seryy-metallik-3524054600/,4.9,699
"Смартфон Защищенный игровой противоударный смартфон 16/1 ТБ, черный матовый",3913060.0,ozon,https://ir-3.ozone.ru/s3/multimedia-1-c/wc500/14379256128.jpg,https://ozon.uz/product/smartfon-zashchishchennyy-igrovoy-protivoudarnyy-smartfon-16-1-tb-chernyy-matovyy-5618454390/,4.9,197
"Samsung Смартфон Galaxy S25 Icyblue 12/256 ГБ, Nano-SIM, eSIM, голубой",8581714.0,ozon,https://ir-3.ozone.ru/s3/multimedia-1-l/wc500/14280282597.jpg,https://ozon.uz/product/samsung-smartfon-galaxy-s25-icyblue-12-256-gb-nano-sim-esim-goluboy-3463047253/,4.9,12
"Смартфон TECN0 Spark 50 Pro Ростест (EAC) 16/1 ТБ, Micro-SIM, медь",1027922.0,ozon,https://ir-3.ozone.ru/s3/multimedia-1-u/wc500/13624218282.jpg,https://ozon.uz/product/smartfon-tecn0-spark-50-pro-rostest-eac-16-1-tb-micro-sim-med-5824858863/,5.0,55
"Redmi Смартфон Ростест (EAC) 8/256 ГБ, Nano-SIM, голубой",1691656.0,ozon,https://ir-3.ozone.ru/s3/multimedia-1-w/wc500/13773409448.jpg,https://ozon.uz/product/redmi-smartfon-rostest-eac-8-256-gb-nano-sim-goluboy-5629799796/,4.7,6
"realme Смартфон 16 Pro+ Ростест (EAC) 12/512 ГБ, Nano-SIM, темно-серый",6123189.0,ozon,https://ir-3.ozone.ru/s3/multimedia-1-g/wc500/9447764740.jpg,https://ozon.uz/product/realme-smartfon-16-pro-rostest-eac-12-512-gb-nano-sim-temno-seryy-3632947870/,,
"Tecno Смартфон TECNO Camon 50 Ultra 5G Ростест (EAC) 12/512 ГБ, Nano-SIM, зеленый + Смарт-часы Tecno WGT01 Black",1066917.0,ozon,https://ir-3.ozone.ru/s3/multimedia-1-7/wc500/10891842667.jpg,https://ozon.uz/product/smartfon-note-40-pro-rostest-eac-16-1-tb-zelenyy-5606440353/,4.6,42
"HUAWEI Смартфон HUAWEI Pura 90s Pro Max 12/512 ГБ, Nano-SIM, фиолетовый, бежевый",12054968.0,ozon,https://ir-3.ozone.ru/s3/multimedia-1-i/wc500/13776490782.jpg,https://ozon.uz/product/huawei-smartfon-huawei-pura-90s-pro-max-12-512-gb-nano-sim-fioletovyy-bezhevyy-5289974518/,5.0,8
"Poco Смартфон X8 Pro Max Ростест (EAC) 12/512 ГБ, Nano-SIM, eSIM, черный",6276152.0,ozon,https://ir-3.ozone.ru/s3/multimedia-1-n/wc500/14562590747.jpg,https://ozon.uz/product/poco-smartfon-x8-pro-max-rostest-eac-12-512-gb-nano-sim-esim-chernyy-3564112340/,,
"Tecno Смартфон SPARK GO 3 Ростест (EAC) 4/128 ГБ, Nano-SIM, серый",1231849.0,ozon,https://ir-3.ozone.ru/s3/multimedia-1-g/wc500/12152171248.jpg,https://ozon.uz/product/tecno-smartfon-spark-go-3-rostest-eac-4-128-gb-nano-sim-seryy-3642991872/,4.9,154
"Смартфон HON0R 600 Ростест (EAC) 16/1 ТБ, Micro-SIM, черно-серый, черный матовый",1056815.0,ozon,https://ir-3.ozone.ru/s3/multimedia-1-u/wc500/14383723314.jpg,https://ozon.uz/product/smartfon-hon0r-600-rostest-eac-16-1-tb-micro-sim-cherno-seryy-chernyy-matovyy-5564860428/,4.2,144
"Смартфон IPhome i17 Plus 5G Ростест (EAC) 12/1 ТБ, Nano-SIM, прозрачный, лазурный",1041768.0,ozon,https://ir-3.ozone.ru/s3/multimedia-1-9/wc500/10923869241.jpg,https://ozon.uz/product/smartfon-iphome-i17-plus-5g-rostest-eac-12-1-tb-nano-sim-prozrachnyy-lazurnyy-5837908032/,5.0,117
"Смартфон H0N0R X9b EU 12/512 ГБ, Nano-SIM, черный",1077329.0,ozon,https://ir-3.ozone.ru/s3/multimedia-1-e/wc500/14533032434.jpg,https://ozon.uz/product/smartfon-h0n0r-x9b-eu-12-512-gb-nano-sim-chernyy-5652438179/,3.7,223
"Tecno Смартфон TECNO Camon 50 Ultra 5G Ростест (EAC) 12/512 ГБ, Nano-SIM, зеленый + Смарт-часы Tecno WGT01 Black",6829581.0,ozon,https://ir-3.ozone.ru/s3/multimedia-1-g/wc500/12348664108.jpg,https://ozon.uz/product/tecno-smartfon-tecno-camon-50-ultra-5g-rostest-eac-12-512-gb-nano-sim-zelenyy-smart-chasy-tecno-5009089939/,,
"Apple Смартфон iPhone 17 Pro Max 256 GB Silver 12/256 ГБ, eSIM, серебристый",5297849.0,ozon,https://ir-3.ozone.ru/s3/multimedia-1-7/wc500/14562590983.jpg,https://ozon.uz/product/poco-smartfon-x8-pro-rostest-eac-12-512-gb-nano-sim-chernyy-3564112338/,4.5,810
"Redmi Смартфон Redmi 15C  Ростест (EAC) 8/256 ГБ, Nano-SIM, черный, хром",1542859.0,ozon,https://ir-3.ozone.ru/s3/multimedia-1-o/wc500/13828955172.jpg,https://ozon.uz/product/redmi-smartfon-redmi-15c-rostest-eac-8-256-gb-nano-sim-chernyy-hrom-5456539606/,4.5,810
"Honor Смартфон HONOR X6e Ростест (EAC) 4/256 ГБ, Nano-SIM, черный",2353931.0,ozon,https://ir-3.ozone.ru/s3/multimedia-1-s/wc500/14815643356.jpg,https://ozon.uz/product/honor-smartfon-honor-x6e-rostest-eac-4-256-gb-nano-sim-chernyy-5622417318/,,
"Смартфон 18 Pro Max,5G,8000 мАч Ростест (EAC) 16/1 ТБ, Nano-SIM, малиновый",1159121.0,ozon,https://ir-3.ozone.ru/s3/multimedia-1-7/wc500/11359563235.jpg,https://ozon.uz/product/smartfon-18-pro-max-5g-8000-mach-rostest-eac-16-1-tb-nano-sim-malinovyy-5389028390/,4.6,99
"Смартфон TECN0 Spark 50 Pro Ростест (EAC) 16/1 ТБ, Micro-SIM, голубой",1093166.0,ozon,https://ir-3.ozone.ru/s3/multimedia-1-h/wc500/15426879893.jpg,https://ozon.uz/product/smartfon-tecn0-spark-50-pro-rostest-eac-16-1-tb-micro-sim-goluboy-5880216904/,4.8,65
"Apple Смартфон iPhone 17 Pro SIM+eSIM 12/256 ГБ, Nano-SIM, серебристый",14760501.0,ozon,https://ir-3.ozone.ru/s3/multimedia-1-j/wc500/8314736167.jpg,https://ozon.uz/product/apple-smartfon-iphone-17-pro-sim-esim-12-256-gb-nano-sim-serebristyy-2830520072/,,
"Смартфон 17 Pro Max Ростест (EAC) 16/1 ТБ, Micro-SIM, золотой",1040958.0,ozon,https://ir-3.ozone.ru/s3/multimedia-1-0/wc500/11215082196.jpg,https://ozon.uz/product/smartfon-17-pro-max-rostest-eac-16-1-tb-micro-sim-zolotoy-5597801047/,4.8,56
"Apple Смартфон iPhone 17 Pro Max 256 GB Silver 12/256 ГБ, eSIM, серебристый",16399617.0,ozon,https://ir-3.ozone.ru/s3/multimedia-1-3/wc500/7997389779.jpg,https://ozon.uz/product/apple-smartfon-iphone-17-pro-max-256-gb-silver-12-256-gb-esim-serebristyy-5607783689/,,
"XIAOXING Смартфон 8/512 ГБ, Mini-SIM, синий",1194710.0,ozon,https://ir-3.ozone.ru/s3/multimedia-1-h/wc500/11685073121.jpg,https://ozon.uz/product/xiaoxing-smartfon-8-512-gb-mini-sim-siniy-4789417343/,4.5,117
"Смартфон Sansumg Galaxy S26 EU 16/1 ТБ, Nano-SIM, белый",1181028.0,ozon,https://ir-3.ozone.ru/s3/multimedia-1-y/wc500/14682637834.jpg,https://ozon.uz/product/smartfon-sansumg-galaxy-s26-eu-16-1-tb-nano-sim-belyy-5700198496/,4.8,298
"realme Смартфон C85 Ростест (EAC) 8/256 ГБ, Nano-SIM, фиолетовый",2661140.0,ozon,https://ir-3.ozone.ru/s3/multimedia-1-e/wc500/8957837246.jpg,https://ozon.uz/product/realme-smartfon-c85-rostest-eac-8-256-gb-nano-sim-fioletovyy-3501177561/,,
"Xiaomi Смартфон Note 15 Pro+ 5G Ростест (EAC) 12/512 ГБ, Nano-SIM, eSIM, синий",5297849.0,ozon,https://ir-3.ozone.ru/s3/multimedia-1-1/wc500/8806018285.jpg,https://ozon.uz/product/xiaomi-smartfon-note-15-pro-5g-rostest-eac-12-512-gb-nano-sim-esim-siniy-3391100963/,,
"Смартфон Samsumg Galxay S27 Ultra+ Ростест (EAC) 16/1 ТБ, Nano-SIM, фиолетовый",1202849.0,ozon,https://ir-3.ozone.ru/s3/multimedia-1-1/wc500/15135083353.jpg,https://ozon.uz/product/smartfon-samsumg-galxay-s27-ultra-rostest-eac-16-1-tb-nano-sim-fioletovyy-5809939406/,4.7,67
"Смартфон I16 Pro Max, В качестве подарка родным и близким Ростест (EAC) 12/512 ГБ, Nano-SIM, черный, черный матовый",1045364.0,ozon,https://ir-3.ozone.ru/s3/multimedia-1-6/wc500/15463391838.jpg,https://ozon.uz/product/smartfon-2026-iphome-i17-plus-5g-rostest-eac-16-1-tb-nano-sim-svetlo-siniy-5882687730/,5.0,117
"Смартфон 2026 андроид 15 HON0R 600 Pro 5G Ростест (EAC) 16/1 ТБ, Nano-SIM, хаки",1250545.0,ozon,https://ir-3.ozone.ru/s3/multimedia-1-2/wc500/15028819094.jpg,https://ozon.uz/product/smartfon-2026-android-15-hon0r-600-pro-5g-rostest-eac-16-1-tb-nano-sim-haki-5736474477/,5.0,89
"Honor Смартфон X8d Ростест (EAC) 8/256 ГБ, Nano-SIM, черный",3531525.0,ozon,https://ir-3.ozone.ru/s3/multimedia-1-k/wc500/9092385812.jpg,https://ozon.uz/product/honor-smartfon-x8d-rostest-eac-8-256-gb-nano-sim-chernyy-3391678339/,,
"Samsung Смартфон Samsung Galaxy A57 (Lilac) 8/256 ГБ, Nano-SIM, сиреневый",5324943.0,ozon,https://ir-3.ozone.ru/s3/multimedia-1-x/wc500/14279351073.jpg,https://ozon.uz/product/samsung-smartfon-samsung-galaxy-a57-lilac-8-256-gb-nano-sim-sirenevyy-5525001886/,4.9,35
"Redmi Смартфон Redmi Note 13,XiaoMi,2SIM 8/256 ГБ, Nano-SIM, черный",2615448.0,ozon,https://ir-3.ozone.ru/s3/multimedia-1-h/wc500/12678543521.jpg,https://ozon.uz/product/redmi-smartfon-redmi-note-13-xiaomi-2sim-8-256-gb-nano-sim-chernyy-5110105085/,5.0,3
"Смартфон I16 Pro Max, В качестве подарка родным и близким Ростест (EAC) 12/512 ГБ, Nano-SIM, черный, черный матовый",933976.0,ozon,https://ir-3.ozone.ru/s3/multimedia-1-2/wc500/15093218558.jpg,https://ozon.uz/product/smartfon-i16-pro-max-v-kachestve-podarka-rodnym-i-blizkim-rostest-eac-12-512-gb-nano-sim-chernyy-5810578313/,4.8,401
"Смартфон Tecn0 Camon 40 Pro EU 12/512 ГБ, Nano-SIM, светло-синий",1060367.0,ozon,https://ir-3.ozone.ru/s3/multimedia-1-s/wc500/12293777800.jpg,https://ozon.uz/product/smartfon-tecn0-camon-40-pro-eu-12-512-gb-nano-sim-svetlo-siniy-2017168801/,3.4,105
"Honor Смартфон HONOR 70 Global 12/256 ГБ, Nano-SIM, черный, черный матовый",5758463.0,ozon,https://ir-3.ozone.ru/s3/multimedia-1-1/wc500/10883553517.jpg,https://ozon.uz/product/honor-smartfon-honor-70-global-12-256-gb-nano-sim-chernyy-chernyy-matovyy-4405587903/,4.7,162
"Redmi Смартфон Redmi 15C,большой экран 6.9 дюйма, камера 50 Мп, аккумулятор 6000 мАч, быстрая зарядка 33 Вт, с частотой 120 Гц,восьмиядерный процессор, Global 8/256 ГБ, Nano-SIM, черный",4120254.0,ozon,https://ir-3.ozone.ru/s3/multimedia-1-m/wc500/20102179486.jpg,https://ozon.uz/product/xiaomi-smartfon-redmi-note-17-pro-5g-rostest-eac-8-256-gb-nano-sim-esim-oranzhevyy-5473105878/,4.8,26
"Redmi Смартфон Redmi 11pro Global 8/256 ГБ, Nano-SIM, фиолетовый",1653386.0,ozon,https://ir-3.ozone.ru/s3/multimedia-1-q/wc500/20103858242.jpg,https://ozon.uz/product/redmi-smartfon-redmi-11pro-global-8-256-gb-nano-sim-fioletovyy-4427267254/,4.8,26
"HUAWEI Смартфон nova 15 Max, (CHZ-LX1), (51098UAY) 8/256 ГБ, Nano-SIM, золотой",3029496.0,ozon,https://ir-3.ozone.ru/s3/multimedia-1-6/wc500/11281907958.jpg,https://ozon.uz/product/huawei-smartfon-nova-15-max-chz-lx1-51098uay-8-256-gb-nano-sim-zolotoy-4636954807/,5.0,38
"Redmi Смартфон Redmi 15C,большой экран 6.9 дюйма, камера 50 Мп, аккумулятор 6000 мАч, быстрая зарядка 33 Вт, с частотой 120 Гц,восьмиядерный процессор, Global 8/256 ГБ, Nano-SIM, черный",1398539.0,ozon,https://ir-3.ozone.ru/s3/multimedia-1-t/wc500/20003285189.jpg,https://ozon.uz/product/redmi-smartfon-redmi-15c-bolshoy-ekran-6-9-dyuyma-kamera-50-mp-akkumulyator-6000-mach-bystraya-5862014310/,,
"Смартфон TECN0 Spark 40 Pro Ростест (EAC) 16/1 ТБ, Micro-SIM, черный",1020611.0,ozon,https://ir-3.ozone.ru/s3/multimedia-1-8/wc500/11636735444.jpg,https://ozon.uz/product/smartfon-tecn0-spark-40-pro-rostest-eac-16-1-tb-micro-sim-chernyy-5724558291/,3.8,33
"Смартфон Смартфон I17 EU 16/1 ТБ, Micro-SIM, оранжевый",836974.0,ozon,https://ir-3.ozone.ru/s3/multimedia-1-o/wc500/14062243164.jpg,https://ozon.uz/product/smartfon-smartfon-i17-eu-16-1-tb-micro-sim-oranzhevyy-5604558368/,4.5,19
"Poco Смартфон M6 Pro 12/512 ГБ, Nano-SIM, фиолетовый",2971278.0,ozon,https://ir-3.ozone.ru/s3/multimedia-1-7/wc500/15150385087.jpg,https://ozon.uz/product/poco-smartfon-m6-pro-12-512-gb-nano-sim-fioletovyy-5826847045/,5.0,8
"Xiaomi Смартфон Note 15 Pro+ 5G Ростест (EAC) 8/256 ГБ, Nano-SIM, eSIM, черный",4591320.0,ozon,https://ir-3.ozone.ru/s3/multimedia-1-3/wc500/8806018287.jpg,https://ozon.uz/product/xiaomi-smartfon-note-15-pro-5g-rostest-eac-8-256-gb-nano-sim-esim-chernyy-3391101221/,,
"Смартфон X1ao Mi i17 Pro Max Ростест (EAC) 12/1 ТБ, Micro-SIM, хаки, светло-коричневый",1129049.0,ozon,https://ir-3.ozone.ru/s3/multimedia-1-o/wc500/8911210524.jpg,https://ozon.uz/product/smartfon-x1ao-mi-i17-pro-max-rostest-eac-12-1-tb-micro-sim-haki-svetlo-korichnevyy-4925055899/,4.6,67
"Redmi Смартфон Ростест (EAC) 8/256 ГБ, Micro-SIM, темно-синий, лазурный",1653375.0,ozon,https://ir-3.ozone.ru/s3/multimedia-1-l/wc500/14809512585.jpg,https://ozon.uz/product/redmi-smartfon-rostest-eac-8-256-gb-micro-sim-temno-siniy-lazurnyy-5683274932/,4.3,24
"Смартфон Tenco Pova 8 Pro Ростест (EAC) 16/1 ТБ, черно-серый",1352077.0,ozon,https://ir-3.ozone.ru/s3/multimedia-1-g/wc500/11433653872.jpg,https://ozon.uz/product/smartfon-tenco-pova-8-pro-rostest-eac-16-1-tb-cherno-seryy-5866858277/,5.0,49
"Смартфон TECN0 Spark 50 Pro Ростест (EAC) 16/1 ТБ, Micro-SIM, коричнево-красный",1030806.0,ozon,https://ir-3.ozone.ru/s3/multimedia-1-c/wc500/14846985516.jpg,https://ozon.uz/product/smartfon-tecn0-spark-50-pro-rostest-eac-16-1-tb-micro-sim-korichnevo-krasnyy-5723001639/,4.6,84
"Redmi Смартфон Ростест (EAC) 8/256 ГБ, Nano-SIM, зеленый, темно-зеленый",2134282.0,ozon,https://ir-3.ozone.ru/s3/multimedia-1-6/wc500/13957348146.jpg,https://ozon.uz/product/redmi-smartfon-rostest-eac-8-256-gb-nano-sim-zelenyy-temno-zelenyy-5493574569/,4.5,46
"Apple Смартфон iPhone 17 Pro 12/256 ГБ, Nano-SIM, оранжевый",16038494.0,ozon,https://ir-3.ozone.ru/s3/multimedia-1-d/wc500/8301338869.jpg,https://ozon.uz/product/apple-smartfon-iphone-17-pro-12-256-gb-nano-sim-oranzhevyy-4834763621/,,
"Смартфон 18 Pro Max,5G,8000 мАч Ростест (EAC) 16/1 ТБ, Nano-SIM, синий",1132666.0,ozon,https://ir-3.ozone.ru/s3/multimedia-1-v/wc500/15446419015.jpg,https://ozon.uz/product/smartfon-18-pro-max-5g-8000-mach-rostest-eac-16-1-tb-nano-sim-siniy-5880968074/,4.6,99
"Смартфон Galaxy S26 Смартфон Глобальная русская версия для ЕС, сеть 4G, Wi-FI+GPS+Bluetooth, две SIM-карты, 6,8 дюйма, большой экран высокой четкости, гибкая камера, быстрая зарядка, мощное игровое устройство, аккумулятор большой емкости EU Ростест (EAC) EU 16/1 ТБ, Nano-SIM, белый",1403399.0,ozon,https://ir-3.ozone.ru/s3/multimedia-1-b/wc500/14644871939.jpg,https://ozon.uz/product/redmi-smartfon-redmi-note-8-pro-8-256-gb-nano-sim-chernyy-5690704432/,5.0,1
"Xiaomi Смартфон REDMI 17 Ростест (EAC) 4/256 ГБ, Nano-SIM, синий",2384210.0,ozon,https://ir-3.ozone.ru/s3/multimedia-1-x/wc500/13590715497.jpg,https://ozon.uz/product/xiaomi-smartfon-redmi-17-rostest-eac-4-256-gb-nano-sim-siniy-5384592200/,4.9,97
"Смартфон Galaxy S26 Смартфон Глобальная русская версия для ЕС, сеть 4G, Wi-FI+GPS+Bluetooth, две SIM-карты, 6,8 дюйма, большой экран высокой четкости, гибкая камера, быстрая зарядка, мощное игровое устройство, аккумулятор большой емкости EU Ростест (EAC) EU 16/1 ТБ, Nano-SIM, белый",1012431.0,ozon,https://ir-3.ozone.ru/s3/multimedia-1-q/wc500/14016201902.jpg,https://ozon.uz/product/smartfon-galaxy-s26-smartfon-globalnaya-russkaya-versiya-dlya-es-set-4g-wi-fi-gps-bluetooth-dve-sim-5609580104/,3.8,137
"Tecno Смартфон Camon 50 Ростест (EAC) 12/256 ГБ, Nano-SIM, черный",3204623.0,ozon,https://ir-3.ozone.ru/s3/multimedia-1-o/wc500/9318361884.jpg,https://ozon.uz/product/tecno-smartfon-camon-50-rostest-eac-12-256-gb-nano-sim-chernyy-3572726774/,,
"Tecno Смартфон Spark 50 Ростест (EAC) 8/256 ГБ, Nano-SIM, синий",2932040.0,ozon,https://ir-3.ozone.ru/s3/multimedia-1-v/wc500/11645963671.jpg,https://ozon.uz/product/tecno-smartfon-spark-50-rostest-eac-8-256-gb-nano-sim-siniy-4399053039/,,
"Смартфон Samsumg Galxay S26 Ultra Ростест (EAC) 16/1 ТБ, Micro-SIM, светло-желтый, светло-коричневый",1145523.0,ozon,https://ir-3.ozone.ru/s3/multimedia-1-4/wc500/12629774848.jpg,https://ozon.uz/product/smartfon-samsumg-galxay-s26-ultra-rostest-eac-16-1-tb-micro-sim-svetlo-zheltyy-svetlo-korichnevyy-5565483392/,4.5,108
"Honor Смартфон Honor 90NFC Global 16/256 ГБ, Mini-SIM, Nano-SIM, черный, черно-серый",3236460.0,ozon,https://ir-3.ozone.ru/s3/multimedia-1-i/wc500/10970878230.jpg,https://ozon.uz/product/honor-smartfon-honor-90nfc-global-16-256-gb-mini-sim-nano-sim-chernyy-cherno-seryy-4481358733/,4.7,162
"Смартфон Samsvng Galxy S26+, глобальная русская версия,сеть 4G, Двойная SIM-карта, 6.8 дюйма, ударопрочная и водонепроницаемая защита, мощные игровые функции, гибкая камера, длительное время работы от аккумулятора Ростест (EAC), Note 13 pro,pura 70 pro,смартфон андроид EU 16/1 ТБ, Nano-SIM, светло-розовый",3569914.0,ozon,https://ir-3.ozone.ru/s3/multimedia-1-h/wc500/8450977841.jpg,https://ozon.uz/product/vosstanovlennyy-apple-smartfon-iphone-13-4-128-gb-nano-sim-esim-zelenyy-3761832145/,4.6,108
"OnePlus Смартфон 15 Global 16/512 ГБ, Nano-SIM, черный",12768603.0,ozon,https://ir-3.ozone.ru/s3/multimedia-1-m/wc500/9602054410.jpg,https://ozon.uz/product/oneplus-smartfon-15-global-16-512-gb-nano-sim-chernyy-3867406156/,4.6,41
"Смартфон i17 air Ростест (EAC) 16/1 ТБ, Nano-SIM, золотой",692016.0,ozon,https://ir-3.ozone.ru/s3/multimedia-1-o/wc500/13821544788.jpg,https://ozon.uz/product/smartfon-i17-air-rostest-eac-16-1-tb-nano-sim-zolotoy-5454189032/,4.4,85
"Tecno Смартфон CAMON 50 Ростест (EAC) 8/256 ГБ, Nano-SIM, светло-серый",2795547.0,ozon,https://ir-3.ozone.ru/s3/multimedia-1-q/wc500/14124206366.jpg,https://ozon.uz/product/tecno-smartfon-camon-50-rostest-eac-8-256-gb-nano-sim-svetlo-seryy-3642992498/,4.7,68
"Смартфон Samsumg Galxay S26 Ultra Ростест (EAC) 16/1 ТБ, Micro-SIM, шоколадный",1190752.0,ozon,https://ir-3.ozone.ru/s3/multimedia-1-k/wc500/12538925300.jpg,https://ozon.uz/product/smartfon-samsumg-galxay-s26-ultra-rostest-eac-16-1-tb-micro-sim-shokoladnyy-5564921079/,4.8,81
"Смартфон Samsvng Galxy S26+, глобальная русская версия,сеть 4G, Двойная SIM-карта, 6.8 дюйма, ударопрочная и водонепроницаемая защита, мощные игровые функции, гибкая камера, длительное время работы от аккумулятора Ростест (EAC), Note 13 pro,pura 70 pro,смартфон андроид EU 16/1 ТБ, Nano-SIM, светло-розовый",1429222.0,ozon,https://ir-3.ozone.ru/s3/multimedia-1-n/wc500/15301428935.jpg,https://ozon.uz/product/smartfon-samsvng-galxy-s26-globalnaya-russkaya-versiya-set-4g-dvoynaya-sim-karta-6-8-dyuyma-5872364393/,4.8,635
"Samsung Смартфон Galaxy A57 Ростест (EAC) 12/512 ГБ, Nano-SIM, серый",6281025.0,ozon,https://ir-3.ozone.ru/s3/multimedia-1-0/wc500/9990832644.jpg,https://ozon.uz/product/samsung-smartfon-galaxy-a57-rostest-eac-12-512-gb-nano-sim-seryy-3661251221/,,
"Смартфон Смартфон, I17Promax, в подарок близким и друзьям, EAC12/512 GB золотой Ростест (EAC) 12/512 ГБ, Nano-SIM, золотой",927683.0,ozon,https://ir-3.ozone.ru/s3/multimedia-1-d/wc500/14699854345.jpg,https://ozon.uz/product/smartfon-smartfon-i17promax-v-podarok-blizkim-i-druzyam-eac12-512-gb-zolotoy-rostest-eac-12-512-5588500876/,4.7,534
"Смартфон игровой  C75 8/256 ГБ, экран 120 Гц, процессор Helio G85, NFC, батарея 5000 мАч 8/256 ГБ, Nano-SIM, золотой, кремовый",1001630.0,ozon,https://ir-3.ozone.ru/s3/multimedia-1-5/wc500/14681004773.jpg,https://ozon.uz/product/smartfon-sansumg-galaxy-s26-eu-10-1-tb-nano-sim-kremovyy-5699830696/,4.6,508
"Смартфон EU 16/1 ТБ, Nano-SIM, светло-желтый",931698.0,ozon,https://ir-3.ozone.ru/s3/multimedia-1-e/wc500/13683404534.jpg,https://ozon.uz/product/smartfon-eu-16-1-tb-nano-sim-svetlo-zheltyy-5851615278/,4.9,31
"Смартфон игровой  C75 8/256 ГБ, экран 120 Гц, процессор Helio G85, NFC, батарея 5000 мАч 8/256 ГБ, Nano-SIM, золотой, кремовый",2140725.0,ozon,https://ir-3.ozone.ru/s3/multimedia-1-l/wc500/13583737065.jpg,https://ozon.uz/product/smartfon-igrovoy-c75-8-256-gb-ekran-120-gts-protsessor-helio-g85-nfc-batareya-5000-mach-8-256-gb-5342102798/,5.0,115
"Xiaomi Смартфон 17T Ростест (EAC) 12/512 ГБ, Nano-SIM, eSIM, синий",7018836.0,ozon,https://ir-3.ozone.ru/s3/multimedia-1-k/wc500/12925579088.jpg,https://ozon.uz/product/xiaomi-smartfon-17t-rostest-eac-12-512-gb-nano-sim-esim-siniy-4743273485/,5.0,111
"iQOO Смартфон Z11x Ростест (EAC) 12/256 ГБ, Nano-SIM, черный",4720750.0,ozon,https://ir-3.ozone.ru/s3/multimedia-1-u/wc500/10086128886.jpg,https://ozon.uz/product/iqoo-smartfon-z11x-rostest-eac-12-256-gb-nano-sim-chernyy-3721462628/,,
"Honor Смартфон HONOR 600 Lite Ростест (EAC) 8/256 ГБ, Micro-SIM, серый",3468870.0,ozon,https://ir-3.ozone.ru/s3/multimedia-1-c/wc500/12378008028.jpg,https://ozon.uz/product/honor-smartfon-honor-600-lite-rostest-eac-8-256-gb-micro-sim-seryy-4031589901/,4.9,194
"Смартфон Xaio mi Note 17 Pro Ростест (EAC) 16/1 ТБ, Micro-SIM, серый металлик",1239136.0,ozon,https://ir-3.ozone.ru/s3/multimedia-1-6/wc500/9565798578.jpg,https://ozon.uz/product/smartfon-xaio-mi-note-17-pro-rostest-eac-16-1-tb-micro-sim-seryy-metallik-5560976550/,4.6,35
"Poco Смартфон POCO X8 Pro 12/512GB Black Global 12/512 ГБ, Nano-SIM, черный, черно-серый",1446049.0,ozon,https://ir-3.ozone.ru/s3/multimedia-1-w/wc500/13975448720.jpg,https://ozon.uz/product/smartfon-2026-8000-ma-ch-gt40-max-5g-rostest-eac-16-1-tb-nano-sim-bordovyy-5530663930/,5.0,71
"Poco Смартфон POCO X8 Pro 12/512GB Black Global 12/512 ГБ, Nano-SIM, черный, черно-серый",5891883.0,ozon,https://ir-3.ozone.ru/s3/multimedia-1-c/wc500/14634982056.jpg,https://ozon.uz/product/poco-smartfon-poco-x8-pro-12-512gb-black-global-12-512-gb-nano-sim-chernyy-cherno-seryy-5687806905/,4.9,690
"realme Смартфон C85 Ростест (EAC) 6/128 ГБ, Nano-SIM, фиолетовый",2272576.0,ozon,https://ir-3.ozone.ru/s3/multimedia-1-e/wc500/8957837246.jpg,https://ozon.uz/product/realme-smartfon-c85-rostest-eac-6-128-gb-nano-sim-fioletovyy-3501177473/,,
"Смартфон 0POP A6 Pro EU 16/1 ТБ, Nano-SIM, белый",1626839.0,ozon,https://ir-3.ozone.ru/s3/multimedia-1-l/wc500/14673303561.jpg,https://ozon.uz/product/smartfon-0pop-a6-pro-eu-16-1-tb-nano-sim-belyy-5750785807/,4.0,207
"Samsung Смартфон Galaxy A56 Pink 12/256 ГБ, Nano-SIM, розовый",6005099.0,ozon,https://ir-3.ozone.ru/s3/multimedia-1-c/wc500/10085357244.jpg,https://ozon.uz/product/samsung-smartfon-galaxy-a56-pink-12-256-gb-nano-sim-rozovyy-3338607499/,5.0,11
"Смартфон TENC0 Spark 40 Pro Ростест (EAC) 16/1 ТБ, Micro-SIM, черный",1031132.0,ozon,https://ir-3.ozone.ru/s3/multimedia-1-a/wc500/11173560382.jpg,https://ozon.uz/product/smartfon-tenc0-spark-40-pro-rostest-eac-16-1-tb-micro-sim-chernyy-5762992404/,4.5,40
"Смартфон S26U-qumian Ростест (EAC) 16/1 ТБ, Nano-SIM, синий",859160.0,ozon,https://ir-3.ozone.ru/s3/multimedia-1-e/wc500/13822502090.jpg,https://ozon.uz/product/smartfon-s26u-qumian-rostest-eac-16-1-tb-nano-sim-siniy-5454414762/,4.4,85
"Смартфон Защищённый смартфон K100, 2026,NFC,16 ГБ ОЗУ +1TБ(1024ГБ), 4K，20000 мАч，Android 14 Global 16/1 ТБ, Nano-SIM, черный",1365881.0,ozon,https://ir-3.ozone.ru/s3/multimedia-1-h/wc500/9260724833.jpg,https://ozon.uz/product/tecno-smartfon-spark-go-3-rostest-eac-4-128-gb-nano-sim-siniy-3624673035/,4.8,9
"HUAWEI Смартфон nova 15 Max Ростест (EAC) 8/256 ГБ, Nano-SIM, голубой",3184358.0,ozon,https://ir-3.ozone.ru/s3/multimedia-1-b/wc500/12067595975.jpg,https://ozon.uz/product/huawei-smartfon-nova-15-max-rostest-eac-8-256-gb-nano-sim-goluboy-4920078433/,4.8,9
"Смартфон ReaIme Note 70 Ростест (EAC) 12/1 ТБ, Micro-SIM, серый",1352805.0,ozon,https://ir-3.ozone.ru/s3/multimedia-1-l/wc500/11304131277.jpg,https://ozon.uz/product/smartfon-reaime-note-70-rostest-eac-12-1-tb-micro-sim-seryy-4637487606/,4.5,83
"Redmi Смартфон Redmi 11pro Global 8/256 ГБ, Nano-SIM, белый",1746232.0,ozon,https://ir-3.ozone.ru/s3/multimedia-1-z/wc500/20103855263.jpg,https://ozon.uz/product/redmi-smartfon-redmi-11pro-global-8-256-gb-nano-sim-belyy-4427258833/,4.8,26
"Xiaomi Смартфон Xiaomi 17T фиолетовый Ростест (EAC) 12/512 ГБ, Nano-SIM, eSIM, фиолетовый",8114163.0,ozon,https://ir-3.ozone.ru/s3/multimedia-1-p/wc500/11845909789.jpg,https://ozon.uz/product/xiaomi-smartfon-xiaomi-17t-fioletovyy-rostest-eac-12-512-gb-nano-sim-esim-fioletovyy-4753252989/,4.9,74
"Смартфон Защищённый смартфон K100, 2026,NFC,16 ГБ ОЗУ +1TБ(1024ГБ), 4K，20000 мАч，Android 14 Global 16/1 ТБ, Nano-SIM, черный",4315498.0,ozon,https://ir-3.ozone.ru/s3/multimedia-1-f/wc500/14322199227.jpg,https://ozon.uz/product/smartfon-zashchishchennyy-smartfon-k100-2026-nfc-16-gb-ozu-1tb-1024gb-4k-20000-mach-android-5600476489/,5.0,143
"Смартфон Samsumg Galxay S26 Ultra+ Ростест (EAC) 16/1 ТБ, Micro-SIM, золотой",1081413.0,ozon,https://ir-3.ozone.ru/s3/multimedia-1-n/wc500/12367518611.jpg,https://ozon.uz/product/smartfon-samsumg-galxay-s26-ultra-rostest-eac-16-1-tb-micro-sim-zolotoy-5563296058/,4.9,95
"Смартфон Rеdmi 13C, Dual Nano Sim, IPS экран 8/256 ГБ, Nano-SIM, черно-серый, черный",1962166.0,ozon,https://ir-3.ozone.ru/s3/multimedia-1-l/wc500/14596425237.jpg,https://ozon.uz/product/smartfon-redmi-13c-dual-nano-sim-ips-ekran-8-256-gb-nano-sim-cherno-seryy-chernyy-5587211420/,5.0,142
"Смартфон Samsumg Galexy S26 Ultra Ростест (EAC) 16/1 ТБ, Micro-SIM, лазурный",5923285.0,ozon,https://ir-3.ozone.ru/s3/multimedia-1-3/wc500/11591810463.jpg,https://ozon.uz/product/iqoo-smartfon-iqoo-z11-rostest-eac-12-512-gb-nano-sim-chernyy-4452990128/,4.9,5914
"Doogee Смартфон Blade 20 Max 12/1 ТБ, Nano-SIM, серый металлик",3253817.0,ozon,https://ir-3.ozone.ru/s3/multimedia-1-d/wc500/9275620801.jpg,https://ozon.uz/product/doogee-smartfon-blade-20-max-12-1-tb-nano-sim-seryy-metallik-3093675014/,4.7,131
"Samsung Смартфон Galaxy A57 Ростест (EAC) 12/512 ГБ, Nano-SIM, голубой",6280913.0,ozon,https://ir-3.ozone.ru/s3/multimedia-1-t/wc500/9990833429.jpg,https://ozon.uz/product/samsung-smartfon-galaxy-a57-rostest-eac-12-512-gb-nano-sim-goluboy-3661247542/,,
"Смартфон Sansumg Galaxy S26 EU 16/1 ТБ, Nano-SIM, светло-розовый",1001630.0,ozon,https://ir-3.ozone.ru/s3/multimedia-1-f/wc500/14681018319.jpg,https://ozon.uz/product/smartfon-sansumg-galaxy-s26-eu-16-1-tb-nano-sim-svetlo-rozovyy-5699833387/,4.6,508
"Смартфон Samsumg Galexy S26 Ultra Ростест (EAC) 16/1 ТБ, Micro-SIM, лазурный",1529680.0,ozon,https://ir-3.ozone.ru/s3/multimedia-1-k/wc500/14884376276.jpg,https://ozon.uz/product/smartfon-samsumg-galexy-s26-ultra-rostest-eac-16-1-tb-micro-sim-lazurnyy-5743789707/,5.0,28
"Смартфон Samsumg Galxay S27 Ultra+ Ростест (EAC) 16/1 ТБ, Nano-SIM, золотой",1202849.0,ozon,https://ir-3.ozone.ru/s3/multimedia-1-2/wc500/15135065678.jpg,https://ozon.uz/product/smartfon-samsumg-galxay-s27-ultra-rostest-eac-16-1-tb-nano-sim-zolotoy-5809938472/,4.7,67
"W&O Смартфон WO1 Ростест (EAC) 12/512 ГБ, Micro-SIM, черный матовый",3659573.0,ozon,https://ir-3.ozone.ru/s3/multimedia-1-o/wc500/14590810968.jpg,https://ozon.uz/product/w-o-smartfon-wo1-rostest-eac-12-512-gb-micro-sim-chernyy-matovyy-3378425390/,4.6,173
"Redmi Смартфон C85 Global 8/256 ГБ, Nano-SIM, сиреневый",1536320.0,ozon,https://ir-3.ozone.ru/s3/multimedia-1-9/wc500/13314315825.jpg,https://ozon.uz/product/redmi-smartfon-c85-global-8-256-gb-nano-sim-sirenevyy-5394199939/,4.5,810
"Honor Смартфон 600 Lite Global 8/256 ГБ, Nano-SIM, золотой",4166919.0,ozon,https://ir-3.ozone.ru/s3/multimedia-1-6/wc500/12923817630.jpg,https://ozon.uz/product/honor-smartfon-600-lite-global-8-256-gb-nano-sim-zolotoy-4753139770/,4.9,23
"Смартфон Note 40 Pro Ростест (EAC) 16/1 ТБ, белый",1066917.0,ozon,https://ir-3.ozone.ru/s3/multimedia-1-n/wc500/10891685039.jpg,https://ozon.uz/product/smartfon-note-40-pro-rostest-eac-16-1-tb-belyy-5606450317/,4.6,42
"Смартфон Защищённый  —  аккумулятор 20000 мАч, 5G, EU 12/1 ТБ, Nano-SIM, черный",3843380.0,ozon,https://ir-3.ozone.ru/s3/multimedia-1-f/wc500/14476987527.jpg,https://ozon.uz/product/smartfon-zashchishchennyy-akkumulyator-20000-mach-5g-eu-12-1-tb-nano-sim-chernyy-5646161744/,5.0,123
"Redmi Смартфон Redmi Note 10 Ростест (EAC) 8/256 ГБ, Nano-SIM, черный, серый",1534698.0,ozon,https://ir-3.ozone.ru/s3/multimedia-1-x/wc500/14674101513.jpg,https://ozon.uz/product/redmi-smartfon-redmi-note-10-rostest-eac-8-256-gb-nano-sim-chernyy-seryy-5698144197/,4.5,1051
"Смартфон TENC0 Camon 40 Pro Ростест (EAC) 16/1 ТБ, черный",1017313.0,ozon,https://ir-3.ozone.ru/s3/multimedia-1-5/wc500/14418095261.jpg,https://ozon.uz/product/smartfon-tenc0-camon-40-pro-rostest-eac-16-1-tb-chernyy-5790090617/,4.7,29
"Смартфон Смартфон 17 PRO MAX 8/512 ГБ, черный",583621.0,ozon,https://ir-3.ozone.ru/s3/multimedia-1-u/wc500/9291056034.jpg,https://ozon.uz/product/smartfon-smartfon-17-pro-max-8-512-gb-chernyy-3575522180/,4.4,295
"Infinix Смартфон Note 60 Pro Ростест (EAC) 8/256 ГБ, Nano-SIM, eSIM, серый металлик",1283362.0,ozon,https://ir-3.ozone.ru/s3/multimedia-1-x/wc500/14774262369.jpg,https://ozon.uz/product/smartfon-tecn0-pova-9-neo-rostest-eac-16-1-tb-nano-sim-shokoladnyy-5687455267/,4.9,56
"LATYTECH Смартфон Cyber 18 Global 20/256 ГБ, Nano-SIM, черный, лазурный",3025193.0,ozon,https://ir-3.ozone.ru/s3/multimedia-1-j/wc500/13360986487.jpg,https://ozon.uz/product/latytech-smartfon-cyber-18-global-20-256-gb-nano-sim-chernyy-lazurnyy-5316886907/,4.9,11
"Hotwav Смартфон Cyber 17 Global 16/128 ГБ, Nano-SIM, черно-серый",3284331.0,ozon,https://ir-3.ozone.ru/s3/multimedia-1-z/wc500/11566222199.jpg,https://ozon.uz/product/hotwav-smartfon-cyber-17-global-16-128-gb-nano-sim-cherno-seryy-4745124962/,4.8,448
"iQOO Смартфон Neo 10 Ростест (EAC) 8/256 ГБ, Nano-SIM, черный, черно-серый",5276338.0,ozon,https://ir-3.ozone.ru/s3/multimedia-1-z/wc500/8596065167.jpg,https://ozon.uz/product/iqoo-smartfon-neo-10-rostest-eac-8-256-gb-nano-sim-chernyy-cherno-seryy-2137431340/,4.9,5749
"Redmi Смартфон 9T 6/128 ГБ, Nano-SIM, черный",1189983.0,ozon,https://ir-3.ozone.ru/s3/multimedia-1-g/wc500/15148268728.jpg,https://ozon.uz/product/redmi-smartfon-9t-6-128-gb-nano-sim-chernyy-3891407026/,4.3,36
"Смартфон Galxay  S26 Ultra Ростест (EAC) 16/1 ТБ, Micro-SIM, фуксия",1031884.0,ozon,https://ir-3.ozone.ru/s3/multimedia-1-w/wc500/13072200368.jpg,https://ozon.uz/product/smartfon-galxay-s26-ultra-rostest-eac-16-1-tb-micro-sim-fuksiya-5554024053/,4.4,36
"Infinix Смартфон Note 60 Pro Ростест (EAC) 8/256 ГБ, Nano-SIM, eSIM, серый металлик",4178543.0,ozon,https://ir-3.ozone.ru/s3/multimedia-1-f/wc500/9379872735.jpg,https://ozon.uz/product/infinix-smartfon-note-60-pro-rostest-eac-8-256-gb-nano-sim-esim-seryy-metallik-4045588127/,4.9,128
"iQOO Смартфон Neo 10 Ростест (EAC) 8/256 ГБ, Nano-SIM, оранжевый, красный",5252565.0,ozon,https://ir-3.ozone.ru/s3/multimedia-1-q/wc500/8596083446.jpg,https://ozon.uz/product/iqoo-smartfon-neo-10-rostest-eac-8-256-gb-nano-sim-oranzhevyy-krasnyy-2133268809/,4.9,5749
"Смартфон A17 Pro Max，Андроид 14，NEW 2026 года，5G(LTE) Ростест (EAC) 10/1 ТБ, Nano-SIM, черный матовый, оранжевый",910815.0,ozon,https://ir-3.ozone.ru/s3/multimedia-1-v/wc500/14273728231.jpg,https://ozon.uz/product/cmx-smartfon-global-12-1-tb-nano-sim-oranzhevyy-3218434109/,4.4,458
"Tecno Смартфон Spark 50 Ростест (EAC) 8/256 ГБ, Nano-SIM, черный",3026171.0,ozon,https://ir-3.ozone.ru/s3/multimedia-1-u/wc500/11645962482.jpg,https://ozon.uz/product/tecno-smartfon-spark-50-rostest-eac-8-256-gb-nano-sim-chernyy-4399052537/,,
"Смартфон mini 17 Pro Max 8/512 ГБ, оранжевый",580407.0,ozon,https://ir-3.ozone.ru/s3/multimedia-1-b/wc500/8606970263.jpg,https://ozon.uz/product/smartfon-mini-17-pro-max-8-512-gb-oranzhevyy-3277345886/,4.4,1080
"Смартфон A17 Pro Max，Андроид 14，NEW 2026 года，5G(LTE) Ростест (EAC) 10/1 ТБ, Nano-SIM, черный матовый, оранжевый",1050607.0,ozon,https://ir-3.ozone.ru/s3/multimedia-1-y/wc500/8403439750.jpg,https://ozon.uz/product/smartfon-a17-pro-max-android-14-new-2026-goda-5g-lte-rostest-eac-10-1-tb-nano-sim-chernyy-3727811435/,4.8,87
"Redmi Смартфон 14C Ростест (EAC) 8/256 ГБ, Nano-SIM, шоколадный, черный матовый",1573497.0,ozon,https://ir-3.ozone.ru/s3/multimedia-1-m/wc500/14882211202.jpg,https://ozon.uz/product/redmi-smartfon-14c-rostest-eac-8-256-gb-nano-sim-shokoladnyy-chernyy-matovyy-5813410827/,4.5,63
"Xiaomi Смартфон REDMI Note 17 Pro Max 5G Ростест (EAC) 8/512 ГБ, Nano-SIM, eSIM, белый",5768778.0,ozon,https://ir-3.ozone.ru/s3/multimedia-1-e/wc500/20102215406.jpg,https://ozon.uz/product/xiaomi-smartfon-redmi-note-17-pro-max-5g-rostest-eac-8-512-gb-nano-sim-esim-belyy-5473107121/,,
"Смартфон Samsumg Galxay S27 Ultra+ Ростест (EAC) 16/1 ТБ, Nano-SIM, черный",1202849.0,ozon,https://ir-3.ozone.ru/s3/multimedia-1-3/wc500/15135065175.jpg,https://ozon.uz/product/smartfon-samsumg-galxay-s27-ultra-rostest-eac-16-1-tb-nano-sim-chernyy-5809939737/,4.7,67
"Samsung Смартфон Samsung Galaxy A57 (Ice Blue) Global 8/128 ГБ, Nano-SIM, голубой",7208775.0,ozon,https://ir-3.ozone.ru/s3/multimedia-1-z/wc500/7983340343.jpg,https://ozon.uz/product/samsung-smartfon-galaxy-s25-fe-global-8-256-gb-nano-sim-esim-temno-siniy-3089092146/,4.6,6
"Redmi Смартфон Note 17 Ростест (EAC) 8/256 ГБ, Nano-SIM, фиолетовый",2712255.0,ozon,https://ir-3.ozone.ru/s3/multimedia-1-4/wc500/14646425008.jpg,https://ozon.uz/product/redmi-smartfon-note-17-rostest-eac-8-256-gb-nano-sim-fioletovyy-5658531889/,5.0,6
"Redmi Смартфон 8/256 ГБ, Nano-SIM, черно-серый, черный матовый",1650227.0,ozon,https://ir-3.ozone.ru/s3/multimedia-1-q/wc500/14809896098.jpg,https://ozon.uz/product/redmi-smartfon-8-256-gb-nano-sim-cherno-seryy-chernyy-matovyy-5683210899/,4.3,24
"Смартфон Samsumg Galexy S25 Ultra Ростест (EAC) 16/1 ТБ, Micro-SIM, хаки",1517154.0,ozon,https://ir-3.ozone.ru/s3/multimedia-1-s/wc500/14876873056.jpg,https://ozon.uz/product/smartfon-samsumg-galexy-s25-ultra-rostest-eac-16-1-tb-micro-sim-haki-5675502173/,4.9,42
"XIAOXING Смартфон Ростест (EAC) 8/512 ГБ, Nano-SIM, черный",1055052.0,ozon,https://ir-3.ozone.ru/s3/multimedia-1-j/wc500/15000197671.jpg,https://ozon.uz/product/xiaoxing-smartfon-rostest-eac-8-512-gb-nano-sim-chernyy-5667496927/,4.1,28
"Смартфон P0C0 M7 Ростест (EAC) 16/1 ТБ, Nano-SIM, черный",1385637.0,ozon,https://ir-3.ozone.ru/s3/multimedia-1-1/wc500/14978572525.jpg,https://ozon.uz/product/smartfon-p0c0-m7-rostest-eac-16-1-tb-nano-sim-chernyy-5720114421/,4.7,36
"Samsung Смартфон Samsung Galaxy A57 (Ice Blue) Global 8/128 ГБ, Nano-SIM, голубой",4929770.0,ozon,https://ir-3.ozone.ru/s3/multimedia-1-v/wc500/12845131303.jpg,https://ozon.uz/product/samsung-smartfon-samsung-galaxy-a57-ice-blue-global-8-128-gb-nano-sim-goluboy-3843780556/,5.0,41
"Tecno Смартфон TECNO CAMON 50 Ultra Ростест (EAC) 8/512 ГБ, Nano-SIM, eSIM, черный, серый",2430977.0,ozon,https://ir-3.ozone.ru/s3/multimedia-1-7/wc500/14424053263.jpg,https://ozon.uz/product/honor-smartfon-honor-x7e-rostest-eac-6-256-gb-nano-sim-goluboy-5611006572/,5.0,9
"Xiaomi Смартфон 17T Ростест (EAC) 12/256 ГБ, Nano-SIM, eSIM, фиолетовый",6454276.0,ozon,https://ir-3.ozone.ru/s3/multimedia-1-k/wc500/12925565192.jpg,https://ozon.uz/product/xiaomi-smartfon-17t-rostest-eac-12-256-gb-nano-sim-esim-fioletovyy-4600829897/,5.0,111
"realme Смартфон P4 Power Ростест (EAC) 8/256 ГБ, Nano-SIM, серебристый",3862267.0,ozon,https://ir-3.ozone.ru/s3/multimedia-1-i/wc500/10086022530.jpg,https://ozon.uz/product/realme-smartfon-p4-power-rostest-eac-8-256-gb-nano-sim-serebristyy-3635609840/,,
"Redmi Смартфон Redmi 15C Ростест (EAC) 8/256 ГБ, Nano-SIM, голубой",1536320.0,ozon,https://ir-3.ozone.ru/s3/multimedia-1-x/wc500/13773053553.jpg,https://ozon.uz/product/redmi-smartfon-redmi-15c-rostest-eac-8-256-gb-nano-sim-goluboy-5380307554/,4.5,1051
"Смартфон 16/1 ТБ, оранжевый",1193079.0,ozon,https://ir-3.ozone.ru/s3/multimedia-1-i/wc500/13693031406.jpg,https://ozon.uz/product/smartfon-16-1-tb-oranzhevyy-5413121326/,4.3,59
"HUAWEI Смартфон Nova 15 12/256 ГБ, Nano-SIM, черный",3338373.0,ozon,https://ir-3.ozone.ru/s3/multimedia-1-9/wc500/20004192873.jpg,https://ozon.uz/product/huawei-smartfon-nova-15-12-256-gb-nano-sim-chernyy-4125946328/,5.0,113
"Tecno Смартфон TECNO CAMON 50 Ultra Ростест (EAC) 8/512 ГБ, Nano-SIM, eSIM, черный, серый",4670473.0,ozon,https://ir-3.ozone.ru/s3/multimedia-1-4/wc500/12501143104.jpg,https://ozon.uz/product/tecno-smartfon-tecno-camon-50-ultra-rostest-eac-8-512-gb-nano-sim-esim-chernyy-seryy-3825281422/,5.0,25
"Смартфон M8 Pro Max，8000мАч Ростест (EAC) 16/1 ТБ, Nano-SIM, хром",1493025.0,ozon,https://ir-3.ozone.ru/s3/multimedia-1-r/wc500/11267004915.jpg,https://ozon.uz/product/smartfon-m8-pro-max-8000mach-rostest-eac-16-1-tb-nano-sim-hrom-5561246891/,4.9,56
"Смартфон Power 2,смартфон андроид 15, телефоны смартфоны Ростест (EAC) 16/1 ТБ, Micro-SIM, Nano-SIM, черно-серый",2353931.0,ozon,https://ir-3.ozone.ru/s3/multimedia-1-n/wc500/14815637123.jpg,https://ozon.uz/product/honor-smartfon-honor-x6e-rostest-eac-4-256-gb-nano-sim-zolotoy-5622417313/,4.1,38
"Xiaomi Смартфон Note 15 Pro+ 5G Ростест (EAC) 12/512 ГБ, Nano-SIM, eSIM, черный",5297849.0,ozon,https://ir-3.ozone.ru/s3/multimedia-1-w/wc500/8806018748.jpg,https://ozon.uz/product/xiaomi-smartfon-note-15-pro-5g-rostest-eac-12-512-gb-nano-sim-esim-chernyy-3391101548/,,
"Айфоны Смартфон 17 pro max мини  4/512 ГБ, Mini-SIM, оранжевый",524189.0,ozon,https://ir-3.ozone.ru/s3/multimedia-1-h/wc500/20091177125.jpg,https://ozon.uz/product/ayfony-smartfon-17-pro-max-mini-4-512-gb-mini-sim-oranzhevyy-4865568933/,4.1,38
"Nothing Смартфон CMF Phone (1) Global 8/256 ГБ, Nano-SIM, черный",2329740.0,ozon,https://ir-3.ozone.ru/s3/multimedia-1-d/wc500/8231016145.jpg,https://ozon.uz/product/nothing-smartfon-cmf-phone-1-global-8-256-gb-nano-sim-chernyy-1717702154/,4.9,236
"Honor Смартфон HONOR 600 Ростест (EAC) 8/256 ГБ, Nano-SIM, eSIM, оранжевый",4863700.0,ozon,https://ir-3.ozone.ru/s3/multimedia-1-y/wc500/14424151354.jpg,https://ozon.uz/product/honor-smartfon-honor-600-rostest-eac-8-256-gb-nano-sim-esim-oranzhevyy-4866111230/,5.0,4
"Tecno Смартфон TECNO CAMON 50 Ultra Ростест (EAC) 12/256 ГБ, Nano-SIM, eSIM, черный",4034958.0,ozon,https://ir-3.ozone.ru/s3/multimedia-1-p/wc500/12501106765.jpg,https://ozon.uz/product/tecno-smartfon-tecno-camon-50-ultra-rostest-eac-12-256-gb-nano-sim-esim-chernyy-3825283114/,5.0,25
"Смартфон Power 2,смартфон андроид 15, телефоны смартфоны Ростест (EAC) 16/1 ТБ, Micro-SIM, Nano-SIM, черно-серый",1151646.0,ozon,https://ir-3.ozone.ru/s3/multimedia-1-a/wc500/14845211722.jpg,https://ozon.uz/product/smartfon-power-2-smartfon-android-15-telefony-smartfony-rostest-eac-16-1-tb-micro-sim-nano-sim-5688419862/,5.0,98
"Смартфон EU 12/512 ГБ, Nano-SIM, серебристый",875592.0,ozon,https://ir-3.ozone.ru/s3/multimedia-1-b/wc500/14961937115.jpg,https://ozon.uz/product/smartfon-eu-12-512-gb-nano-sim-serebristyy-5774367593/,4.9,105
"Смартфон TECN0 Camon 50 Ultra Ростест (EAC) 16/1 ТБ, Micro-SIM, светло-зеленый",1114400.0,ozon,https://ir-3.ozone.ru/s3/multimedia-1-6/wc500/14907267762.jpg,https://ozon.uz/product/smartfon-tecn0-camon-50-ultra-rostest-eac-16-1-tb-micro-sim-svetlo-zelenyy-5742461643/,4.8,35
"Смартфон HONRO 600 Ростест (EAC) 16/1 ТБ, Nano-SIM, оранжевый",1136432.0,ozon,https://ir-3.ozone.ru/s3/multimedia-1-9/wc500/14882244417.jpg,https://ozon.uz/product/smartfon-honro-600-rostest-eac-16-1-tb-nano-sim-oranzhevyy-5752759910/,5.0,27
"Infinix Смартфон Note 60 Pro Ростест (EAC) 12/256 ГБ, Nano-SIM, eSIM, оранжевый",4517526.0,ozon,https://ir-3.ozone.ru/s3/multimedia-1-f/wc500/9380019255.jpg,https://ozon.uz/product/infinix-smartfon-note-60-pro-rostest-eac-12-256-gb-nano-sim-esim-oranzhevyy-4043396014/,4.9,128
"Samsung Смартфон Galaxy Z Flip8 Ростест (EAC) 12/256 ГБ, Nano-SIM, eSIM, черный",12364017.0,ozon,https://ir-3.ozone.ru/s3/multimedia-1-e/wc500/12831889190.jpg,https://ozon.uz/product/samsung-smartfon-galaxy-z-flip8-rostest-eac-12-256-gb-nano-sim-esim-chernyy-5152697244/,,
"Redmi Смартфон Redmi 15C Ростест (EAC) 8/256 ГБ, Nano-SIM, голубой",1623441.0,ozon,https://ir-3.ozone.ru/s3/multimedia-1-t/wc500/13779667181.jpg,https://ozon.uz/product/redmi-smartfon-redmi-15c-rostest-eac-8-256-gb-nano-sim-goluboy-5441347115/,4.5,92
"Xiaomi Смартфон REDMI Note 17 Pro Max 5G Ростест (EAC) 8/256 ГБ, Nano-SIM, eSIM, сиреневый",1061688.0,ozon,https://ir-3.ozone.ru/s3/multimedia-1-n/wc500/12293777111.jpg,https://ozon.uz/product/smartfon-tecn0-camon-40-pro-eu-12-512-gb-nano-sim-chernyy-matovyy-cherno-seryy-2540979657/,3.4,105
"Xiaomi Смартфон REDMI Note 17 Pro Max 5G Ростест (EAC) 8/256 ГБ, Nano-SIM, eSIM, сиреневый",5062248.0,ozon,https://ir-3.ozone.ru/s3/multimedia-1-d/wc500/20102223181.jpg,https://ozon.uz/product/xiaomi-smartfon-redmi-note-17-pro-max-5g-rostest-eac-8-256-gb-nano-sim-esim-sirenevyy-5473107025/,,
"HUAWEI Смартфон nova 15 Ростест (EAC) 12/256 ГБ, Nano-SIM, белый",3826968.0,ozon,https://ir-3.ozone.ru/s3/multimedia-1-h/wc500/13583231477.jpg,https://ozon.uz/product/huawei-smartfon-nova-15-rostest-eac-12-256-gb-nano-sim-belyy-3879145090/,,
"Honor Смартфон HONOR 600 Ростест (EAC) 12/256 ГБ, Nano-SIM, eSIM, бежевый",5352685.0,ozon,https://ir-3.ozone.ru/s3/multimedia-1-f/wc500/14424161307.jpg,https://ozon.uz/product/honor-smartfon-honor-600-rostest-eac-12-256-gb-nano-sim-esim-bezhevyy-4866110922/,5.0,4
"Redmi Смартфон Redmi 14C Ростест (EAC) 8/256 ГБ, Nano-SIM, черный, зеленый",1521430.0,ozon,https://ir-3.ozone.ru/s3/multimedia-1-q/wc500/15288744626.jpg,https://ozon.uz/product/redmi-smartfon-redmi-14c-rostest-eac-8-256-gb-nano-sim-chernyy-zelenyy-5868251400/,4.5,92
"realme Смартфон C85 8/256 ГБ, Nano-SIM, фиолетовый",2194472.0,ozon,https://ir-3.ozone.ru/s3/multimedia-1-d/wc500/14846278261.jpg,https://ozon.uz/product/realme-smartfon-c85-8-256-gb-nano-sim-fioletovyy-4667221170/,4.9,986
"Смартфон Samsumg Galxay S26 Ultra+ Ростест (EAC) 16/1 ТБ, Micro-SIM, черный",1081413.0,ozon,https://ir-3.ozone.ru/s3/multimedia-1-3/wc500/12367521723.jpg,https://ozon.uz/product/smartfon-samsumg-galxay-s26-ultra-rostest-eac-16-1-tb-micro-sim-chernyy-5563295755/,4.9,95
"Poco Смартфон X8 Pro Ростест (EAC) 8/512 ГБ, Nano-SIM, зеленый",4708983.0,ozon,https://ir-3.ozone.ru/s3/multimedia-1-b/wc500/14562590843.jpg,https://ozon.uz/product/poco-smartfon-x8-pro-rostest-eac-8-512-gb-nano-sim-zelenyy-3564112515/,,
"Смартфон Cмартфон i17pro max 16/1024 ГБ, 6-дюймовый HD-экран, Android 14.0, 8-ядерный процессор, 5000 мАч, 120 МП камера, сканер лица, белый 16/1 ТБ, Nano-SIM, белый",1406063.0,ozon,https://ir-3.ozone.ru/s3/multimedia-1-g/wc500/14508771856.jpg,https://ozon.uz/product/smartfon-h0n0r-x8c-eu-12-512-gb-nano-sim-svetlo-seryy-5652440033/,3.6,22
"Смартфон OPPO A38 8/256 ГБ, Nano-SIM, желтый, золотой",1709061.0,ozon,https://ir-3.ozone.ru/s3/multimedia-1-r/wc500/13695007563.jpg,https://ozon.uz/product/smartfon-oppo-a38-8-256-gb-nano-sim-zheltyy-zolotoy-5356421576/,5.0,89
"Смартфон Cмартфон i17pro max 16/1024 ГБ, 6-дюймовый HD-экран, Android 14.0, 8-ядерный процессор, 5000 мАч, 120 МП камера, сканер лица, белый 16/1 ТБ, Nano-SIM, белый",1136958.0,ozon,https://ir-3.ozone.ru/s3/multimedia-1-4/wc500/14031340996.jpg,https://ozon.uz/product/smartfon-cmartfon-i17pro-max-16-1024-gb-6-dyuymovyy-hd-ekran-android-14-0-8-yadernyy-protsessor-5514845693/,4.1,20
"Xiaomi Смартфон REDMI Note 17 Pro 5G Ростест (EAC) 8/512 ГБ, Nano-SIM, eSIM, оранжевый",4826784.0,ozon,https://ir-3.ozone.ru/s3/multimedia-1-w/wc500/20102181728.jpg,https://ozon.uz/product/xiaomi-smartfon-redmi-note-17-pro-5g-rostest-eac-8-512-gb-nano-sim-esim-oranzhevyy-5473105842/,,
"HUAWEI Смартфон Huawei Pura 80 12/256 ГБ, Nano-SIM, черно-серый",6475859.0,ozon,https://ir-3.ozone.ru/s3/multimedia-1-n/wc500/8286155087.jpg,https://ozon.uz/product/huawei-smartfon-huawei-pura-80-12-256-gb-nano-sim-cherno-seryy-3391512705/,4.9,15
"realme Смартфон C85 6/128 ГБ, Nano-SIM, темно-серый",1923653.0,ozon,https://ir-3.ozone.ru/s3/multimedia-1-0/wc500/12500659980.jpg,https://ozon.uz/product/realme-smartfon-c85-6-128-gb-nano-sim-temno-seryy-3755168353/,4.9,986
"Samsung Смартфон Galaxy A37 Ростест (EAC) 8/256 ГБ, Nano-SIM, черный",5702497.0,ozon,https://ir-3.ozone.ru/s3/multimedia-1-9/wc500/10813607505.jpg,https://ozon.uz/product/samsung-smartfon-galaxy-a37-rostest-eac-8-256-gb-nano-sim-chernyy-4436969590/,4.9,16
"Смартфон Global 8/256 ГБ, Nano-SIM, белый",2740475.0,ozon,https://ir-3.ozone.ru/s3/multimedia-1-9/wc500/12641972445.jpg,https://ozon.uz/product/smartfon-global-8-256-gb-nano-sim-belyy-5100023749/,3.3,70
"Смартфон H0N0R X9b EU 12/512 ГБ, Nano-SIM, серебристый",1078445.0,ozon,https://ir-3.ozone.ru/s3/multimedia-1-m/wc500/14533038058.jpg,https://ozon.uz/product/smartfon-h0n0r-x9b-eu-12-512-gb-nano-sim-serebristyy-5652437447/,3.7,223
"Смартфон 8/256 ГБ, Nano-SIM, синий",1264426.0,ozon,https://ir-3.ozone.ru/s3/multimedia-1-0/wc500/15100252920.jpg,https://ozon.uz/product/smartfon-8-256-gb-nano-sim-siniy-5800324533/,3.4,5
"Смартфон Tenco Pova 8 Pro Ростест (EAC) 16/1 ТБ, Nano-SIM, белый",1182747.0,ozon,https://ir-3.ozone.ru/s3/multimedia-1-b/wc500/9116485859.jpg,https://ozon.uz/product/smartfon-tenco-pova-8-pro-rostest-eac-16-1-tb-nano-sim-belyy-5742135185/,4.9,49
"Смартфон Pura 80 Pro Смартфон Глобальная русская версия для ЕС, сеть 4G, Wi-FI+GPS+Bluetooth, две SIM-карты, 6,8 дюйма, большой экран высокой четкости, гибкая камера, быстрая зарядка, мощное игровое устройство, аккумулятор большой емкости EU Ростест (EAC) EU 12/512 ГБ, Nano-SIM, белый, фиолетовый",4414431.0,ozon,https://ir-3.ozone.ru/s3/multimedia-1-r/wc500/8450977275.jpg,https://ozon.uz/product/vosstanovlennyy-apple-smartfon-iphone-14-6-128-gb-nano-sim-esim-chernyy-5454330486/,4.5,38
"Honor Смартфон HONOR X5d Plus Ростест (EAC) 4/128 ГБ, Nano-SIM, черный",2001813.0,ozon,https://ir-3.ozone.ru/s3/multimedia-1-x/wc500/11878312893.jpg,https://ozon.uz/product/honor-smartfon-honor-x5d-plus-rostest-eac-4-128-gb-nano-sim-chernyy-4548850753/,,
"Смартфон P0C0 M7 Ростест (EAC) 16/1 ТБ, Nano-SIM, серый",1385637.0,ozon,https://ir-3.ozone.ru/s3/multimedia-1-z/wc500/14978571479.jpg,https://ozon.uz/product/smartfon-p0c0-m7-rostest-eac-16-1-tb-nano-sim-seryy-5720116261/,4.7,36
"Смартфон Pura 80 Pro Смартфон Глобальная русская версия для ЕС, сеть 4G, Wi-FI+GPS+Bluetooth, две SIM-карты, 6,8 дюйма, большой экран высокой четкости, гибкая камера, быстрая зарядка, мощное игровое устройство, аккумулятор большой емкости EU Ростест (EAC) EU 12/512 ГБ, Nano-SIM, белый, фиолетовый",1245178.0,ozon,https://ir-3.ozone.ru/s3/multimedia-1-f/wc500/13821721503.jpg,https://ozon.uz/product/smartfon-pura-80-pro-smartfon-globalnaya-russkaya-versiya-dlya-es-set-4g-wi-fi-gps-bluetooth-dve-5454329420/,5.0,3
"OnePlus Смартфон Nord 5 Global 8/256 ГБ, Nano-SIM, серый",4473916.0,ozon,https://ir-3.ozone.ru/s3/multimedia-1-3/wc500/11314900623.jpg,https://ozon.uz/product/oneplus-smartfon-nord-5-global-8-256-gb-nano-sim-seryy-4651856102/,5.0,2
"Смартфон HON0R 600 Ростест (EAC) 16/1 ТБ, Micro-SIM, светло-коричневый",1056815.0,ozon,https://ir-3.ozone.ru/s3/multimedia-1-8/wc500/14383715624.jpg,https://ozon.uz/product/smartfon-hon0r-600-rostest-eac-16-1-tb-micro-sim-svetlo-korichnevyy-5564860799/,4.2,144
"Xiaomi Смартфон REDMI Note 17 Pro Max 5G Ростест (EAC) 8/512 ГБ, Nano-SIM, eSIM, зеленый",5768778.0,ozon,https://ir-3.ozone.ru/s3/multimedia-1-6/wc500/20102227026.jpg,https://ozon.uz/product/xiaomi-smartfon-redmi-note-17-pro-max-5g-rostest-eac-8-512-gb-nano-sim-esim-zelenyy-5473106553/,,
"Смартфон App!e 18 Pro Max Ростест (EAC) 16/1 ТБ, Micro-SIM, черный",1085914.0,ozon,https://ir-3.ozone.ru/s3/multimedia-1-4/wc500/13623525508.jpg,https://ozon.uz/product/smartfon-app-e-18-pro-max-rostest-eac-16-1-tb-micro-sim-chernyy-5564416157/,4.9,59
"Redmi Смартфон Ростест (EAC) 8/256 ГБ, Nano-SIM, перламутровый, светло-бежевый",1531753.0,ozon,https://ir-3.ozone.ru/s3/multimedia-1-j/wc500/14849567731.jpg,https://ozon.uz/product/redmi-smartfon-rostest-eac-8-256-gb-nano-sim-perlamutrovyy-svetlo-bezhevyy-5744010119/,4.5,1051
"Xiaomi Смартфон REDMI 17 Ростест (EAC) 4/256 ГБ, Nano-SIM, черный",2384210.0,ozon,https://ir-3.ozone.ru/s3/multimedia-1-z/wc500/13590713519.jpg,https://ozon.uz/product/xiaomi-smartfon-redmi-17-rostest-eac-4-256-gb-nano-sim-chernyy-5384487410/,4.9,97
"Redmi Смартфон Ростест (EAC) 8/256 ГБ, Nano-SIM, черный",1570519.0,ozon,https://ir-3.ozone.ru/s3/multimedia-1-k/wc500/11437187132.jpg,https://ozon.uz/product/redmi-smartfon-rostest-eac-8-256-gb-nano-sim-chernyy-5597369290/,4.5,1342
"HUAWEI Смартфон nova 15 Ростест (EAC) 12/256 ГБ, Nano-SIM, черный",3826968.0,ozon,https://ir-3.ozone.ru/s3/multimedia-1-i/wc500/13583231046.jpg,https://ozon.uz/product/huawei-smartfon-nova-15-rostest-eac-12-256-gb-nano-sim-chernyy-3879145364/,,
"Смартфон S26 ULTRA 16/1 ТБ, Nano-SIM, золотой",960461.0,ozon,https://ir-3.ozone.ru/s3/multimedia-1-l/wc500/12960763725.jpg,https://ozon.uz/product/smartfon-s26-ultra-16-1-tb-nano-sim-zolotoy-5199826588/,4.4,78
"realme Смартфон 8/256 ГБ, Nano-SIM, черно-серый, черный",1883417.0,ozon,https://ir-3.ozone.ru/s3/multimedia-1-e/wc500/14853696350.jpg,https://ozon.uz/product/realme-smartfon-8-256-gb-nano-sim-cherno-seryy-chernyy-5745294072/,4.6,15
"Honor Смартфон HONOR X5d Plus Ростест (EAC) 4/256 ГБ, Nano-SIM, серый",2237277.0,ozon,https://ir-3.ozone.ru/s3/multimedia-1-f/wc500/11878312407.jpg,https://ozon.uz/product/honor-smartfon-honor-x5d-plus-rostest-eac-4-256-gb-nano-sim-seryy-4548851466/,,
"Samsung Смартфон Смартфон Galxy S20 8/128Gb, 2Sim, серый Global 8/128 ГБ, Nano-SIM, серый",1366611.0,ozon,https://ir-3.ozone.ru/s3/multimedia-1-n/wc500/12998231267.jpg,https://ozon.uz/product/smartfon-tenco-pova-8-pro-rostest-eac-16-1-tb-nano-sim-bezhevyy-perlamutrovyy-5866786853/,4.8,44
"Xiaomi Смартфон Xiaomi REDMI 17 Ростест (EAC) 8/256 ГБ, Nano-SIM, черный матовый",2716827.0,ozon,https://ir-3.ozone.ru/s3/multimedia-1-u/wc500/14510587638.jpg,https://ozon.uz/product/xiaomi-smartfon-xiaomi-redmi-17-rostest-eac-8-256-gb-nano-sim-chernyy-matovyy-5430749547/,4.6,10
"Samsung Смартфон Смартфон Galxy S20 8/128Gb, 2Sim, серый Global 8/128 ГБ, Nano-SIM, серый",2675625.0,ozon,https://ir-3.ozone.ru/s3/multimedia-1-k/wc500/7184865908.jpg,https://ozon.uz/product/samsung-smartfon-smartfon-galxy-s20-8-128gb-2sim-seryy-global-8-128-gb-nano-sim-seryy-1577395229/,4.0,8
"Xiaomi Смартфон REDMI 15 Ростест (EAC) 8/256 ГБ, Nano-SIM, фиолетовый",3151012.0,ozon,https://ir-3.ozone.ru/s3/multimedia-1-f/wc500/10858933491.jpg,https://ozon.uz/product/xiaomi-smartfon-redmi-15-rostest-eac-8-256-gb-nano-sim-fioletovyy-2928457744/,4.9,3431
"Смартфон Samsumg Note 30 Pro Ростест (EAC) 16/1 ТБ, белый",1012935.0,ozon,https://ir-3.ozone.ru/s3/multimedia-1-t/wc500/11019320705.jpg,https://ozon.uz/product/smartfon-samsumg-note-30-pro-rostest-eac-16-1-tb-belyy-5597911971/,4.8,34
"Google Смартфон Pixel 10 Global 12/256 ГБ, Nano-SIM, eSIM, черный",10188025.0,ozon,https://ir-3.ozone.ru/s3/multimedia-1-r/wc500/7951613391.jpg,https://ozon.uz/product/google-smartfon-pixel-10-global-12-256-gb-nano-sim-esim-chernyy-3865457395/,5.0,36
"SANCYT Смартфон Global 16/1 ТБ, Nano-SIM, черный",4900337.0,ozon,https://ir-3.ozone.ru/s3/multimedia-1-x/wc500/15303234201.jpg,https://ozon.uz/product/sancyt-smartfon-global-16-1-tb-nano-sim-chernyy-5753130616/,5.0,15
"realme Смартфон REALME C85 Pro Ростест (EAC) 8/256 ГБ, Nano-SIM, зеленый",2436378.0,ozon,https://ir-3.ozone.ru/s3/multimedia-1-y/wc500/9095922826.jpg,https://ozon.uz/product/realme-smartfon-realme-c85-pro-rostest-eac-8-256-gb-nano-sim-zelenyy-3497227861/,4.9,15
"Xiaomi Смартфон REDMI Note 17 Pro Max 5G Ростест (EAC) 8/512 ГБ, Nano-SIM, eSIM, сиреневый",1173198.0,ozon,https://ir-3.ozone.ru/s3/multimedia-1-9/wc500/14016569877.jpg,https://ozon.uz/product/smartfon-samsumg-galxay-s26-ultra-rostest-eac-16-1-tb-micro-sim-shokoladnyy-5564099655/,4.5,122
"Xiaomi Смартфон REDMI Note 17 Pro Max 5G Ростест (EAC) 8/512 ГБ, Nano-SIM, eSIM, сиреневый",5768778.0,ozon,https://ir-3.ozone.ru/s3/multimedia-1-8/wc500/20102220692.jpg,https://ozon.uz/product/xiaomi-smartfon-redmi-note-17-pro-max-5g-rostest-eac-8-512-gb-nano-sim-esim-sirenevyy-5473106803/,,
"Смартфон I17 Pro Max EU 16/1 ТБ, Nano-SIM, темно-синий",1014195.0,ozon,https://ir-3.ozone.ru/s3/multimedia-1-p/wc500/14681003461.jpg,https://ozon.uz/product/smartfon-i17-pro-max-eu-16-1-tb-nano-sim-temno-siniy-5699905302/,4.6,508
"Tecno Смартфон Spark 50 Ростест (EAC) 8/128 ГБ, Nano-SIM, голубой",2225510.0,ozon,https://ir-3.ozone.ru/s3/multimedia-1-h/wc500/10693271429.jpg,https://ozon.uz/product/tecno-smartfon-spark-50-rostest-eac-8-128-gb-nano-sim-goluboy-4399050894/,,
"Apple Смартфон iPhone 17 Pro SIM+eSIM 12/512 ГБ, Nano-SIM, оранжевый",17732240.0,ozon,https://ir-3.ozone.ru/s3/multimedia-1-c/wc500/8314736304.jpg,https://ozon.uz/product/apple-smartfon-iphone-17-pro-sim-esim-12-512-gb-nano-sim-oranzhevyy-2830520083/,,
"Tecno Смартфон Camon 50 Ultra 5G Ростест (EAC) 12/256 ГБ, Nano-SIM, зеленый",4503969.0,ozon,https://ir-3.ozone.ru/s3/multimedia-1-g/wc500/10000160224.jpg,https://ozon.uz/product/tecno-smartfon-camon-50-ultra-5g-rostest-eac-12-256-gb-nano-sim-zelenyy-3823113856/,,
"iQOO Смартфон iQOO Z11 Ростест (EAC) 12/512 ГБ, Nano-SIM, голубой",5919907.0,ozon,https://ir-3.ozone.ru/s3/multimedia-1-t/wc500/11591861717.jpg,https://ozon.uz/product/iqoo-smartfon-iqoo-z11-rostest-eac-12-512-gb-nano-sim-goluboy-4452999252/,4.9,5914
"Samsung Смартфон Galaxy S25 12/256 ГБ, Nano-SIM, голубой",8271887.0,ozon,https://ir-3.ozone.ru/s3/multimedia-1-k/wc500/13698621200.jpg,https://ozon.uz/product/samsung-smartfon-galaxy-s25-12-256-gb-nano-sim-goluboy-4831084742/,4.6,10
"Смартфон I16 Pro Max, В качестве подарка родным и близким Ростест (EAC) 12/512 ГБ, Nano-SIM, белый",2729679.0,ozon,https://ir-3.ozone.ru/s3/multimedia-1-t/wc500/8450978465.jpg,https://ozon.uz/product/vosstanovlennyy-apple-smartfon-iphone-12-mini-4-256-gb-nano-sim-esim-zelenyy-3761829432/,4.7,33
"Смартфон Samsumg Galxay S26+ Ultra Ростест (EAC) 16/1 ТБ, Micro-SIM, темно-синий",1145523.0,ozon,https://ir-3.ozone.ru/s3/multimedia-1-g/wc500/12629776624.jpg,https://ozon.uz/product/smartfon-samsumg-galxay-s26-ultra-rostest-eac-16-1-tb-micro-sim-temno-siniy-5565484800/,4.5,108
"Xiaomi Смартфон REDMI Note 17 Pro 5G Ростест (EAC) 8/512 ГБ, Nano-SIM, eSIM, сиреневый",4826784.0,ozon,https://ir-3.ozone.ru/s3/multimedia-1-d/wc500/20102190673.jpg,https://ozon.uz/product/xiaomi-smartfon-redmi-note-17-pro-5g-rostest-eac-8-512-gb-nano-sim-esim-sirenevyy-5599681329/,,
"Смартфон Tenco Spark 50 Pro Ростест (EAC) 16/1 ТБ, Nano-SIM, черный матовый",1272243.0,ozon,https://ir-3.ozone.ru/s3/multimedia-1-8/wc500/15098781644.jpg,https://ozon.uz/product/smartfon-tenco-spark-50-pro-rostest-eac-16-1-tb-nano-sim-chernyy-matovyy-5682910580/,4.8,121
"Смартфон I16 Pro Max, В качестве подарка родным и близким Ростест (EAC) 12/512 ГБ, Nano-SIM, белый",897722.0,ozon,https://ir-3.ozone.ru/s3/multimedia-1-u/wc500/14758462794.jpg,https://ozon.uz/product/smartfon-i16-pro-max-v-kachestve-podarka-rodnym-i-blizkim-rostest-eac-12-512-gb-nano-sim-belyy-5719438777/,4.7,520
"Смартфон Защищённый  —  аккумулятор 20000 мАч, 5G, EU 16/1 ТБ, Nano-SIM, черный",3980644.0,ozon,https://ir-3.ozone.ru/s3/multimedia-1-b/wc500/15348172475.jpg,https://ozon.uz/product/smartfon-zashchishchennyy-akkumulyator-20000-mach-5g-eu-16-1-tb-nano-sim-chernyy-5611477231/,5.0,123
"Xiaomi Смартфон Redmi Note 14S Global 8/256 ГБ, Nano-SIM, черный",3082205.0,ozon,https://ir-3.ozone.ru/s3/multimedia-1-w/wc500/8346963524.jpg,https://ozon.uz/product/xiaomi-smartfon-redmi-note-14s-global-8-256-gb-nano-sim-chernyy-3865446555/,5.0,1
"Смартфон Samsvng Galxy S26+, глобальная русская версия,сеть 4G, Двойная SIM-карта, 6.8 дюйма, ударопрочная и водонепроницаемая защита, мощные игровые функции, гибкая камера, длительное время работы от аккумулятора Ростест (EAC), Note 13 pro,pura 70 pro,смартфон андроид EU 16/1 ТБ, Nano-SIM, черно-серый",3992153.0,ozon,https://ir-3.ozone.ru/s3/multimedia-1-0/wc500/8450978220.jpg,https://ozon.uz/product/vosstanovlennyy-apple-smartfon-iphone-13-4-256-gb-nano-sim-esim-chernyy-3761204064/,4.6,108
"Смартфон Camon 40 Premier Ростест (EAC) 16/1 ТБ, черный",960898.0,ozon,https://ir-3.ozone.ru/s3/multimedia-1-l/wc500/11276511717.jpg,https://ozon.uz/product/smartfon-camon-40-premier-rostest-eac-16-1-tb-chernyy-5618471612/,4.7,28
"Смартфон Мини смартфон  G17 PRO MINI 4/32ГБ 4/32 ГБ, Mini-SIM, белый, зеркальный",514996.0,ozon,https://ir-3.ozone.ru/s3/multimedia-1-h/wc500/8138569877.jpg,https://ozon.uz/product/smartfon-mini-smartfon-g17-pro-mini-4-32gb-4-32-gb-mini-sim-belyy-zerkalnyy-2868622474/,4.1,306
"Samsung Смартфон Смартфон Galxy S20 8/128Gb, 2 Sim, черный Global 8/128 ГБ, Nano-SIM, черный",2675625.0,ozon,https://ir-3.ozone.ru/s3/multimedia-1-u/wc500/14090389986.jpg,https://ozon.uz/product/samsung-smartfon-smartfon-galxy-s20-8-128gb-2-sim-chernyy-global-8-128-gb-nano-sim-chernyy-5532305479/,4.0,8
"Смартфон 16/1 ТБ, Nano-SIM, белый",1265651.0,ozon,https://ir-3.ozone.ru/s3/multimedia-1-i/wc500/13906023858.jpg,https://ozon.uz/product/smartfon-16-1-tb-nano-sim-belyy-5478964910/,3.3,19
"Xiaomi Смартфон Xiaomi 17T Pro 12/1024GB Black Global 12/1 ТБ, Nano-SIM, eSIM, черный",10301211.0,ozon,https://ir-3.ozone.ru/s3/multimedia-1-h/wc500/14640626969.jpg,https://ozon.uz/product/xiaomi-smartfon-xiaomi-17t-pro-12-1024gb-black-global-12-1-tb-nano-sim-esim-chernyy-5687804691/,4.9,27
"Смартфон HON0R 600 Ростест (EAC) 16/1 ТБ, Micro-SIM, темно-серый",1180398.0,ozon,https://ir-3.ozone.ru/s3/multimedia-1-w/wc500/14663748668.jpg,https://ozon.uz/product/smartfon-hon0r-600-rostest-eac-16-1-tb-micro-sim-temno-seryy-5655305243/,4.7,94
"Смартфон Samsvng Galxy S26+, глобальная русская версия,сеть 4G, Двойная SIM-карта, 6.8 дюйма, ударопрочная и водонепроницаемая защита, мощные игровые функции, гибкая камера, длительное время работы от аккумулятора Ростест (EAC), Note 13 pro,pura 70 pro,смартфон андроид EU 16/1 ТБ, Nano-SIM, черно-серый",1429811.0,ozon,https://ir-3.ozone.ru/s3/multimedia-1-f/wc500/15301421619.jpg,https://ozon.uz/product/smartfon-samsvng-galxy-s26-globalnaya-russkaya-versiya-set-4g-dvoynaya-sim-karta-6-8-dyuyma-5872364526/,4.8,635
"Смартфон Sansvmg Galxy A56 , глобальная русская версия,сеть 4G, Двойная SIM-карта, 6.8 дюйма, ударопрочная и водонепроницаемая защита, мощные игровые функции, гибкая камера, длительное время работы от аккумулятора Ростест (EAC), Note 13 pro,pura 70 pro,смартфон андроид EU 12/512 ГБ, Nano-SIM, белый, бежевый",5628167.0,ozon,https://ir-3.ozone.ru/s3/multimedia-1-r/wc500/14772913587.jpg,https://ozon.uz/product/samsung-smartfon-galaxy-a57-rostest-eac-12-512-gb-nano-sim-seryy-5503398432/,5.0,8
"Redmi Смартфон 8/256 ГБ, Nano-SIM, коричневый",1456291.0,ozon,https://ir-3.ozone.ru/s3/multimedia-1-5/wc500/10501653245.jpg,https://ozon.uz/product/redmi-smartfon-8-256-gb-nano-sim-korichnevyy-5728529785/,3.9,13
"realme Смартфон C65 8/256 ГБ, Nano-SIM, синий",1688051.0,ozon,https://ir-3.ozone.ru/s3/multimedia-1-y/wc500/14640618562.jpg,https://ozon.uz/product/realme-smartfon-c65-8-256-gb-nano-sim-siniy-5689532906/,4.0,4
"Apple Смартфон iPhone 17 Pro Max SIM+eSIM 12/256 ГБ, Nano-SIM, оранжевый",16330274.0,ozon,https://ir-3.ozone.ru/s3/multimedia-1-u/wc500/8314736502.jpg,https://ozon.uz/product/apple-smartfon-iphone-17-pro-max-sim-esim-12-256-gb-nano-sim-oranzhevyy-2830520111/,,
"Tecno Смартфон Spark 50 Ростест (EAC) 4/128 ГБ, Nano-SIM, черный",1846332.0,ozon,https://ir-3.ozone.ru/s3/multimedia-1-1/wc500/11645964217.jpg,https://ozon.uz/product/tecno-smartfon-spark-50-rostest-eac-4-128-gb-nano-sim-chernyy-4399053676/,,
"Смартфон Смартфон X100 Pro Max 4/128 ГБ, Android 14, экран 6.8"" HD+, UNISOC Tiger T606, 4G LTE, Dual SIM, аккумулятор 4500 мАч, USB Type-C Global 4/128 ГБ, Nano-SIM, черный",846714.0,ozon,https://ir-3.ozone.ru/s3/multimedia-1-e/wc500/13897887026.jpg,https://ozon.uz/product/smartfon-smartfon-x100-pro-max-4-128-gb-android-14-ekran-6-8-hd-unisoc-tiger-t606-4g-lte-dual-5426107676/,4.6,354
"Смартфон Sansvmg Galxy A56 , глобальная русская версия,сеть 4G, Двойная SIM-карта, 6.8 дюйма, ударопрочная и водонепроницаемая защита, мощные игровые функции, гибкая камера, длительное время работы от аккумулятора Ростест (EAC), Note 13 pro,pura 70 pro,смартфон андроид EU 12/512 ГБ, Nano-SIM, белый, бежевый",1332304.0,ozon,https://ir-3.ozone.ru/s3/multimedia-1-b/wc500/14850107255.jpg,https://ozon.uz/product/smartfon-sansvmg-galxy-a56-globalnaya-russkaya-versiya-set-4g-dvoynaya-sim-karta-6-8-dyuyma-5618667601/,3.9,115
"Tecno Смартфон SPARK GO 3 Ростест (EAC) 4/64 ГБ, Nano-SIM, фиолетовый",1072224.0,ozon,https://ir-3.ozone.ru/s3/multimedia-1-a/wc500/12152112490.jpg,https://ozon.uz/product/tecno-smartfon-spark-go-3-rostest-eac-4-64-gb-nano-sim-fioletovyy-4060334636/,4.9,154
"Смартфон Samsumg Galxay S25 Ultra+ Ростест (EAC) 16/1 ТБ, Nano-SIM, серый металлик, перламутровый",6446233.0,ozon,https://ir-3.ozone.ru/s3/multimedia-1-5/wc500/8450977793.jpg,https://ozon.uz/product/vosstanovlennyy-apple-smartfon-iphone-14-pro-max-6-128-gb-nano-sim-esim-fioletovyy-4465291295/,4.4,48
"Смартфон HON0R 600 Pro Ростест (EAC) 16/1 ТБ, Nano-SIM, шоколадный",1270939.0,ozon,https://ir-3.ozone.ru/s3/multimedia-1-b/wc500/15414577751.jpg,https://ozon.uz/product/smartfon-hon0r-600-pro-rostest-eac-16-1-tb-nano-sim-shokoladnyy-5769928942/,4.9,9
"Смартфон Galxay S26 Ultra 5G Ростест (EAC) 16/1 ТБ, Micro-SIM, бежевый, горчичный",1511510.0,ozon,https://ir-3.ozone.ru/s3/multimedia-1-8/wc500/8888133428.jpg,https://ozon.uz/product/smartfon-galxay-s26-ultra-5g-rostest-eac-16-1-tb-micro-sim-bezhevyy-gorchichnyy-4701153945/,4.9,35
"Смартфон H0N0R X6b EU 12/512 ГБ, Nano-SIM, черный",1371713.0,ozon,https://ir-3.ozone.ru/s3/multimedia-1-b/wc500/15133854251.jpg,https://ozon.uz/product/smartfon-h0n0r-x6b-eu-12-512-gb-nano-sim-chernyy-5822221560/,4.1,428
"iQOO Смартфон Neo 10 Ростест (EAC) 12/256 ГБ, Nano-SIM, черно-серый, черный матовый",5343231.0,ozon,https://ir-3.ozone.ru/s3/multimedia-1-5/wc500/8596069205.jpg,https://ozon.uz/product/iqoo-smartfon-neo-10-rostest-eac-12-256-gb-nano-sim-cherno-seryy-chernyy-matovyy-2132950698/,4.9,5749
"Смартфон Samsumg Galxay S25 Ultra+ Ростест (EAC) 16/1 ТБ, Nano-SIM, серый металлик, перламутровый",1708672.0,ozon,https://ir-3.ozone.ru/s3/multimedia-1-t/wc500/9052410737.jpg,https://ozon.uz/product/smartfon-samsumg-galxay-s25-ultra-rostest-eac-16-1-tb-nano-sim-seryy-metallik-perlamutrovyy-5672659878/,4.4,81
"Смартфон Galxay S26 Ultra Ростест (EAC) 16/1 ТБ, Nano-SIM, желтый, серебристый",1588037.0,ozon,https://ir-3.ozone.ru/s3/multimedia-1-n/wc500/8260355183.jpg,https://ozon.uz/product/smartfon-galxay-s26-ultra-rostest-eac-16-1-tb-nano-sim-zheltyy-serebristyy-5017421158/,4.9,96
"Apple Смартфон iPhone 17 Pro SIM+eSIM 12/256 ГБ, Nano-SIM, синий",15116707.0,ozon,https://ir-3.ozone.ru/s3/multimedia-1-x/wc500/8314736217.jpg,https://ozon.uz/product/apple-smartfon-iphone-17-pro-sim-esim-12-256-gb-nano-sim-siniy-2830520074/,,
"Смартфон Смартфон Pova 6 Pro Ultra русская версия, большой 6.8-дюймовый HD-экран EU 16/1 ТБ, Micro-SIM, черный матовый",4517526.0,ozon,https://ir-3.ozone.ru/s3/multimedia-1-r/wc500/9380019375.jpg,https://ozon.uz/product/infinix-smartfon-note-60-pro-rostest-eac-12-256-gb-nano-sim-esim-seryy-metallik-4045586031/,4.9,128
"Смартфон Смартфон Pova 6 Pro Ultra русская версия, большой 6.8-дюймовый HD-экран EU 16/1 ТБ, Micro-SIM, черный матовый",898162.0,ozon,https://ir-3.ozone.ru/s3/multimedia-1-y/wc500/13442986114.jpg,https://ozon.uz/product/smartfon-smartfon-pova-6-pro-ultra-russkaya-versiya-bolshoy-6-8-dyuymovyy-hd-ekran-eu-16-1-tb-5698685102/,4.6,102
"realme Смартфон Ростест (EAC) 8/256 ГБ, Nano-SIM, черный матовый",1720769.0,ozon,https://ir-3.ozone.ru/s3/multimedia-1-b/wc500/10767055295.jpg,https://ozon.uz/product/realme-smartfon-rostest-eac-8-256-gb-nano-sim-chernyy-matovyy-4830106556/,4.0,164
"Doogee Смартфон Защищенный V40 Pro 48 ГБ (16 + 32 ГБ) + 512 ГБ Midnight Silver 16/512 ГБ, Nano-SIM, черный, серый",4621619.0,ozon,https://ir-3.ozone.ru/s3/multimedia-1-h/wc500/8948317625.jpg,https://ozon.uz/product/doogee-smartfon-zashchishchennyy-v40-pro-48-gb-16-32-gb-512-gb-midnight-silver-16-512-gb-nano-sim-3462576574/,4.7,131
"Смартфон HON0R 600 Pro Ростест (EAC) 16/1 ТБ, Nano-SIM, медь",1270939.0,ozon,https://ir-3.ozone.ru/s3/multimedia-1-a/wc500/15414575842.jpg,https://ozon.uz/product/smartfon-hon0r-600-pro-rostest-eac-16-1-tb-nano-sim-med-5769975058/,4.9,9
"vivo Смартфон Y17 Global 8/256 ГБ, Nano-SIM, светло-синий",1002765.0,ozon,https://ir-3.ozone.ru/s3/multimedia-1-0/wc500/7500738204.jpg,https://ozon.uz/product/vivo-smartfon-y17-global-8-256-gb-nano-sim-svetlo-siniy-1684482177/,4.1,199
"Redmi Смартфон Ростест (EAC) 8/256 ГБ, Nano-SIM, лазурный",1650708.0,ozon,https://ir-3.ozone.ru/s3/multimedia-1-9/wc500/14766463017.jpg,https://ozon.uz/product/redmi-smartfon-rostest-eac-8-256-gb-nano-sim-lazurnyy-5678526766/,4.9,47
"Poco Смартфон C75 8/256 ГБ, Nano-SIM, золотой",1536881.0,ozon,https://ir-3.ozone.ru/s3/multimedia-1-j/wc500/14642647075.jpg,https://ozon.uz/product/poco-smartfon-c75-8-256-gb-nano-sim-zolotoy-5690126023/,4.8,9
"HUAWEI Смартфон Pura 80 12/256 ГБ, Nano-SIM, белый",5283436.0,ozon,https://ir-3.ozone.ru/s3/multimedia-1-3/wc500/14846155455.jpg,https://ozon.uz/product/huawei-smartfon-pura-80-12-256-gb-nano-sim-belyy-3755232283/,4.9,81
"iQOO Смартфон Neo 10 Ростест (EAC) 12/256 ГБ, Nano-SIM, золотой",5652124.0,ozon,https://ir-3.ozone.ru/s3/multimedia-1-o/wc500/9140349336.jpg,https://ozon.uz/product/iqoo-smartfon-neo-10-rostest-eac-12-256-gb-nano-sim-zolotoy-3093824585/,,
"Tecno Смартфон POVA 7 Pro 5G Ростест (EAC) 8/256 ГБ, Nano-SIM, черный",2492156.0,ozon,https://ir-3.ozone.ru/s3/multimedia-1-j/wc500/13740761215.jpg,https://ozon.uz/product/tecno-smartfon-pova-7-pro-5g-rostest-eac-8-256-gb-nano-sim-chernyy-5427193007/,4.9,309
"Redmi Смартфон Redmi 15C Ростест (EAC) 8/256 ГБ, Nano-SIM, черный",1556962.0,ozon,https://ir-3.ozone.ru/s3/multimedia-1-r/wc500/14214535191.jpg,https://ozon.uz/product/redmi-smartfon-redmi-15c-rostest-eac-8-256-gb-nano-sim-chernyy-5513367565/,4.5,63
"Смартфон Galxy A26 андроид 15 Ростест (EAC) 16/1 ТБ, Nano-SIM, пурпурный",1015854.0,ozon,https://ir-3.ozone.ru/s3/multimedia-1-9/wc500/10663101765.jpg,https://ozon.uz/product/smartfon-galxy-a26-android-15-rostest-eac-16-1-tb-nano-sim-purpurnyy-5807475970/,4.9,38
"Смартфон 2026 года Tecon Camon 50 Pro 5G Ростест (EAC) 16/1 ТБ, Nano-SIM, слоновая кость, серебристый",2827643.0,ozon,https://ir-3.ozone.ru/s3/multimedia-1-5/wc500/13590730841.jpg,https://ozon.uz/product/xiaomi-smartfon-redmi-17-rostest-eac-8-256-gb-nano-sim-siniy-5384510132/,4.9,97
"Смартфон 2026 года Tecon Camon 50 Pro 5G Ростест (EAC) 16/1 ТБ, Nano-SIM, слоновая кость, серебристый",1074053.0,ozon,https://ir-3.ozone.ru/s3/multimedia-1-u/wc500/12263613366.jpg,https://ozon.uz/product/smartfon-2026-goda-tecon-camon-50-pro-5g-rostest-eac-16-1-tb-nano-sim-slonovaya-kost-serebristyy-5803992061/,4.9,77
"Смартфон X8 Pro Max Ростест (EAC) 16/1 ТБ, Nano-SIM, серый металлик",1442391.0,ozon,https://ir-3.ozone.ru/s3/multimedia-1-g/wc500/13347180196.jpg,https://ozon.uz/product/smartfon-x8-pro-max-rostest-eac-16-1-tb-nano-sim-seryy-metallik-5482806845/,5.0,39
"Samsung Смартфон Galaxy S25 Navy 12/256 ГБ, Nano-SIM, eSIM, синий",8750810.0,ozon,https://ir-3.ozone.ru/s3/multimedia-1-e/wc500/14280274202.jpg,https://ozon.uz/product/samsung-smartfon-galaxy-s25-navy-12-256-gb-nano-sim-esim-siniy-2646275401/,5.0,5
"Samsung Смартфон Galaxy S25 Navy 12/256 ГБ, Nano-SIM, eSIM, синий",8730267.0,ozon,https://ir-3.ozone.ru/s3/multimedia-1-e/wc500/14280274202.jpg,https://ozon.uz/product/samsung-smartfon-galaxy-s25-navy-12-256-gb-nano-sim-esim-siniy-3089089920/,4.9,12
"Honor Смартфон HONOR X5d Plus Ростест (EAC) 4/256 ГБ, Nano-SIM, черный",2237277.0,ozon,https://ir-3.ozone.ru/s3/multimedia-1-p/wc500/11878313065.jpg,https://ozon.uz/product/honor-smartfon-honor-x5d-plus-rostest-eac-4-256-gb-nano-sim-chernyy-4548851121/,,
"Samsung Смартфон Galaxy A57 Global 8/256 ГБ, Nano-SIM, eSIM, серый",5660334.0,ozon,https://ir-3.ozone.ru/s3/multimedia-1-s/wc500/12748017916.jpg,https://ozon.uz/product/samsung-smartfon-galaxy-a57-global-8-256-gb-nano-sim-esim-seryy-4112038973/,4.9,64
"Redmi Смартфон 15c Ростест (EAC) 8/256 ГБ, Nano-SIM, черный",1623611.0,ozon,https://ir-3.ozone.ru/s3/multimedia-1-u/wc500/10424509194.jpg,https://ozon.uz/product/redmi-smartfon-15c-rostest-eac-8-256-gb-nano-sim-chernyy-4563819946/,4.7,203
"Смартфон Смартфон Redmi 15C 8/256 ГБ, 4G LTE, экран 6,9"", 120 Гц, аккумулятор 6000 мА·ч, камера 50 Мп, Midnight Black Global 8/256 ГБ, Nano-SIM, черный",1346424.0,ozon,https://ir-3.ozone.ru/s3/multimedia-1-y/wc500/14515801306.jpg,https://ozon.uz/product/smartfon-tenco-spark-40-pro-rostest-eac-12-1-tb-nano-sim-chernyy-5654249857/,4.9,50
"Смартфон X1ao Mi AP16 Pro Max，8000 мАч Ростест (EAC) 16/1 ТБ, Nano-SIM, черный",1258726.0,ozon,https://ir-3.ozone.ru/s3/multimedia-1-x/wc500/9116448729.jpg,https://ozon.uz/product/smartfon-x1ao-mi-ap16-pro-max-8000-mach-rostest-eac-16-1-tb-nano-sim-chernyy-5742273495/,4.8,85
"Смартфон Tenco Spark 50 Pro Ростест (EAC) 12/1 ТБ, Nano-SIM, бордовый",1050832.0,ozon,https://ir-3.ozone.ru/s3/multimedia-1-3/wc500/11360222643.jpg,https://ozon.uz/product/smartfon-tenco-spark-50-pro-rostest-eac-12-1-tb-nano-sim-bordovyy-5561452914/,4.4,138
"Honor Смартфон X9d Ростест (EAC) 8/256 ГБ, Nano-SIM, золотой",4003600.0,ozon,https://ir-3.ozone.ru/s3/multimedia-1-9/wc500/8997252993.jpg,https://ozon.uz/product/honor-smartfon-x9d-rostest-eac-8-256-gb-nano-sim-zolotoy-2916988981/,,
"Смартфон Global 8/256 ГБ, Nano-SIM, фиолетовый",1665633.0,ozon,https://ir-3.ozone.ru/s3/multimedia-1-i/wc500/11915521326.jpg,https://ozon.uz/product/smartfon-global-8-256-gb-nano-sim-fioletovyy-4867476027/,4.0,13
"Смартфон Смартфон Redmi 15C 8/256 ГБ, 4G LTE, экран 6,9"", 120 Гц, аккумулятор 6000 мА·ч, камера 50 Мп, Midnight Black Global 8/256 ГБ, Nano-SIM, черный",1308572.0,ozon,https://ir-3.ozone.ru/s3/multimedia-1-g/wc500/15331549516.jpg,https://ozon.uz/product/smartfon-smartfon-redmi-15c-8-256-gb-4g-lte-ekran-6-9-120-gts-akkumulyator-6000-ma-ch-kamera-50-5882045590/,4.7,435
"Смартфон TECN0 Pova 9 Pro Ростест (EAC) 16/1 ТБ, Micro-SIM, серебристый",1356226.0,ozon,https://ir-3.ozone.ru/s3/multimedia-1-p/wc500/15291993841.jpg,https://ozon.uz/product/smartfon-tecn0-pova-9-pro-rostest-eac-16-1-tb-micro-sim-serebristyy-5842997567/,4.6,33
"Смартфон Rеdmi 13C, Dual Nano Sim, IPS экран 8/256 ГБ, Nano-SIM, синий, темно-синий",12239988.0,ozon,https://ir-3.ozone.ru/s3/multimedia-1-g/wc500/9608586892.jpg,https://ozon.uz/product/samsung-smartfon-galaxy-s25-ultra-global-12-512-gb-nano-sim-chernyy-2894447299/,4.9,120
"Смартфон HONOR 200 Pro Ростест (EAC) 16/1 ТБ, Nano-SIM, черный матовый",1288040.0,ozon,https://ir-3.ozone.ru/s3/multimedia-1-j/wc500/14917489615.jpg,https://ozon.uz/product/smartfon-honor-200-pro-rostest-eac-16-1-tb-nano-sim-chernyy-matovyy-5744907369/,4.8,81
"Смартфон H0N0R 600 EU 16/1 ТБ, Nano-SIM, оранжевый",1039220.0,ozon,https://ir-3.ozone.ru/s3/multimedia-1-n/wc500/14507155643.jpg,https://ozon.uz/product/smartfon-h0n0r-600-eu-16-1-tb-nano-sim-oranzhevyy-5789689230/,4.4,219
"Смартфон Galxy A26 андроид 15 Ростест (EAC) 16/1 ТБ, Nano-SIM, бронза",1051719.0,ozon,https://ir-3.ozone.ru/s3/multimedia-1-r/wc500/14272756551.jpg,https://ozon.uz/product/smartfon-galxy-a26-android-15-rostest-eac-16-1-tb-nano-sim-bronza-5802528464/,4.9,38
"Смартфон Camon 40 Premier Ростест (EAC) 16/1 ТБ, белый",1042192.0,ozon,https://ir-3.ozone.ru/s3/multimedia-1-3/wc500/10893972675.jpg,https://ozon.uz/product/smartfon-camon-40-premier-rostest-eac-16-1-tb-belyy-4391509146/,5.0,11
"Смартфон Tenco Camon 40 Ultra 5G Ростест (EAC) 16/1 ТБ, Nano-SIM, зеленый",1070793.0,ozon,https://ir-3.ozone.ru/s3/multimedia-1-c/wc500/14775636324.jpg,https://ozon.uz/product/smartfon-tenco-camon-40-ultra-5g-rostest-eac-16-1-tb-nano-sim-zelenyy-5668207694/,4.4,45
"Смартфон Rеdmi 13C, Dual Nano Sim, IPS экран 8/256 ГБ, Nano-SIM, синий, темно-синий",1960137.0,ozon,https://ir-3.ozone.ru/s3/multimedia-1-b/wc500/14596580027.jpg,https://ozon.uz/product/smartfon-redmi-13c-dual-nano-sim-ips-ekran-8-256-gb-nano-sim-siniy-temno-siniy-5586700308/,5.0,142
"Смартфон Галакси A15, телефон Android 14, экран 6.5"" Super AMOLED Full HD+ 90 Гц, тройная камера 50 МП, Helio G99, 5000 мАч, быстрая зарядка 25 Вт, NFC, две Nano-SIM, microSD до 1 ТБ 8/256 ГБ, Nano-SIM, черно-серый, черный",1536320.0,ozon,https://ir-3.ozone.ru/s3/multimedia-1-0/wc500/13580273088.jpg,https://ozon.uz/product/redmi-smartfon-redmi-15c-global-8-256-gb-nano-sim-chernyy-serebristyy-5382408528/,4.5,1051
"Poco Смартфон X8 Pro Max Ростест (EAC) 12/512 ГБ, Nano-SIM, eSIM, голубой",6216310.0,ozon,https://ir-3.ozone.ru/s3/multimedia-1-z/wc500/14562590723.jpg,https://ozon.uz/product/poco-smartfon-x8-pro-max-rostest-eac-12-512-gb-nano-sim-esim-goluboy-3564112320/,,
"Redmi Смартфон Ростест (EAC) 8/256 ГБ, Nano-SIM, черный, перламутровый",1531753.0,ozon,https://ir-3.ozone.ru/s3/multimedia-1-e/wc500/14848282850.jpg,https://ozon.uz/product/redmi-smartfon-rostest-eac-8-256-gb-nano-sim-chernyy-perlamutrovyy-5743610569/,4.5,1051
"Смартфон IP17PROMAX CN 16/1 ТБ, Nano-SIM, светло-коричневый, оранжевый",1370765.0,ozon,https://ir-3.ozone.ru/s3/multimedia-1-1/wc500/14631546025.jpg,https://ozon.uz/product/smartfon-ip17promax-cn-16-1-tb-nano-sim-svetlo-korichnevyy-oranzhevyy-4593585625/,4.4,55
"Смартфон Галакси A15, телефон Android 14, экран 6.5"" Super AMOLED Full HD+ 90 Гц, тройная камера 50 МП, Helio G99, 5000 мАч, быстрая зарядка 25 Вт, NFC, две Nano-SIM, microSD до 1 ТБ 8/256 ГБ, Nano-SIM, черно-серый, черный",2700364.0,ozon,https://ir-3.ozone.ru/s3/multimedia-1-3/wc500/15351540051.jpg,https://ozon.uz/product/smartfon-galaksi-a15-telefon-android-14-ekran-6-5-super-amoled-full-hd-90-gts-troynaya-kamera-50-mp-4947556828/,5.0,120
"Xiaomi Смартфон Note 15 Pro 5G Ростест (EAC) 8/256 ГБ, Nano-SIM, eSIM, серый",3766990.0,ozon,https://ir-3.ozone.ru/s3/multimedia-1-6/wc500/8806018470.jpg,https://ozon.uz/product/xiaomi-smartfon-note-15-pro-5g-rostest-eac-8-256-gb-nano-sim-esim-seryy-3391101887/,,
"Смартфон 2026 года Smasung S25 Plus 5G Ростест (EAC) 12/1 ТБ, Nano-SIM, черный матовый",1026581.0,ozon,https://ir-3.ozone.ru/s3/multimedia-1-s/wc500/14588170840.jpg,https://ozon.uz/product/smartfon-tecn0-camon-50-pro-rostest-eac-16-1-tb-micro-sim-zelenyy-5825070722/,4.9,45
"realme Смартфон 8/256 ГБ, Nano-SIM, золотой, желтый",1855311.0,ozon,https://ir-3.ozone.ru/s3/multimedia-1-b/wc500/14718883727.jpg,https://ozon.uz/product/realme-smartfon-8-256-gb-nano-sim-zolotoy-zheltyy-5689699731/,3.7,3
"Смартфон Sansumg Galaxy A35 EU 16/1 ТБ, Nano-SIM, светло-синий",1074907.0,ozon,https://ir-3.ozone.ru/s3/multimedia-1-o/wc500/14672634036.jpg,https://ozon.uz/product/smartfon-sansumg-galaxy-a35-eu-16-1-tb-nano-sim-svetlo-siniy-5750788162/,4.0,207
"Смартфон 17 Pro Max андроид 15 Ростест (EAC) 16/1 ТБ, Nano-SIM, сиреневый",1226486.0,ozon,https://ir-3.ozone.ru/s3/multimedia-1-1/wc500/8877383353.jpg,https://ozon.uz/product/smartfon-17-pro-max-android-15-rostest-eac-16-1-tb-nano-sim-sirenevyy-5560752749/,5.0,37
"Смартфон Galxay S26 Ultra Ростест (EAC) 16/1 ТБ, Micro-SIM, бежевый",1150813.0,ozon,https://ir-3.ozone.ru/s3/multimedia-1-y/wc500/12827710726.jpg,https://ozon.uz/product/smartfon-galxay-s26-ultra-rostest-eac-16-1-tb-micro-sim-bezhevyy-5427707341/,4.5,45
"Смартфон Realme C85 Pro Ростест (EAC) 16/1 ТБ, Nano-SIM, золотой",1185011.0,ozon,https://ir-3.ozone.ru/s3/multimedia-1-p/wc500/15091023517.jpg,https://ozon.uz/product/smartfon-realme-c85-pro-rostest-eac-16-1-tb-nano-sim-zolotoy-5808954715/,4.6,67
"Смартфон 2026 года Smasung S25 Plus 5G Ростест (EAC) 12/1 ТБ, Nano-SIM, черный матовый",1065712.0,ozon,https://ir-3.ozone.ru/s3/multimedia-1-o/wc500/15040818276.jpg,https://ozon.uz/product/smartfon-2026-goda-smasung-s25-plus-5g-rostest-eac-12-1-tb-nano-sim-chernyy-matovyy-5787993871/,5.0,155
"HUAWEI Смартфон nova 15 Ростест (EAC) 12/256 ГБ, Nano-SIM, зеленый",3826968.0,ozon,https://ir-3.ozone.ru/s3/multimedia-1-8/wc500/13583231180.jpg,https://ozon.uz/product/huawei-smartfon-nova-15-rostest-eac-12-256-gb-nano-sim-zelenyy-3879145512/,,
"Samsung Смартфон Galaxy A57 Ростест (EAC) 8/128 ГБ, Nano-SIM, синий + 1 год связи МегаФон в подарок",1356226.0,ozon,https://ir-3.ozone.ru/s3/multimedia-1-2/wc500/15291994646.jpg,https://ozon.uz/product/smartfon-tecn0-pova-9-pro-rostest-eac-16-1-tb-micro-sim-chernyy-5842997297/,4.6,33
"Redmi Смартфон Redmi 13 8/256 8/256 ГБ, Nano-SIM, черный",1492702.0,ozon,https://ir-3.ozone.ru/s3/multimedia-1-f/wc500/14646139035.jpg,https://ozon.uz/product/redmi-smartfon-redmi-13-8-256-8-256-gb-nano-sim-chernyy-5690958243/,5.0,3
"Смартфон reaime Reno12 Pro Ростест (EAC) 16/1 ТБ, черный",1050177.0,ozon,https://ir-3.ozone.ru/s3/multimedia-1-v/wc500/10848344863.jpg,https://ozon.uz/product/smartfon-reaime-reno12-pro-rostest-eac-16-1-tb-chernyy-5597532720/,4.9,33
"Samsung Смартфон Galaxy A57 Ростест (EAC) 8/128 ГБ, Nano-SIM, синий + 1 год связи МегаФон в подарок",4850429.0,ozon,https://ir-3.ozone.ru/s3/multimedia-1-t/wc500/10881339437.jpg,https://ozon.uz/product/samsung-smartfon-galaxy-a57-rostest-eac-8-128-gb-nano-sim-siniy-1-god-svyazi-megafon-v-podarok-4046142568/,,
"Apple Смартфон iPhone 17 Pro SIM+eSIM 12/512 ГБ, Nano-SIM, серебристый",17635142.0,ozon,https://ir-3.ozone.ru/s3/multimedia-1-g/wc500/7977890680.jpg,https://ozon.uz/product/apple-smartfon-iphone-17-pro-sim-esim-12-512-gb-nano-sim-serebristyy-2830520077/,,
"iQOO Смартфон Neo 10 Ростест (EAC) 16/512 ГБ, Nano-SIM, черный",6240853.0,ozon,https://ir-3.ozone.ru/s3/multimedia-1-k/wc500/9140349548.jpg,https://ozon.uz/product/iqoo-smartfon-neo-10-rostest-eac-16-512-gb-nano-sim-chernyy-2186959566/,,
"Смартфон HQNOR 600 Ростест (EAC) 16/1 ТБ, Micro-SIM, черный",1342938.0,ozon,https://ir-3.ozone.ru/s3/multimedia-1-r/wc500/14671717407.jpg,https://ozon.uz/product/smartfon-hqnor-600-rostest-eac-16-1-tb-micro-sim-chernyy-5697603822/,5.0,37
"Xiaomi Смартфон REDMI Note 17 Pro Max 5G Ростест (EAC) 8/512 ГБ, Nano-SIM, eSIM, черный",1289325.0,ozon,https://ir-3.ozone.ru/s3/multimedia-1-w/wc500/9325585184.jpg,https://ozon.uz/product/redmi-smartfon-8-256-gb-nano-sim-temno-seryy-4836202214/,4.3,8
"Смартфон HQNOR 600 Pro Ростест (EAC) 16/1 ТБ, Nano-SIM, оранжевый",1258207.0,ozon,https://ir-3.ozone.ru/s3/multimedia-1-k/wc500/15323134592.jpg,https://ozon.uz/product/smartfon-hqnor-600-pro-rostest-eac-16-1-tb-nano-sim-oranzhevyy-5769468223/,4.7,10
"Xiaomi Смартфон REDMI Note 17 Pro Max 5G Ростест (EAC) 8/512 ГБ, Nano-SIM, eSIM, черный",5553004.0,ozon,https://ir-3.ozone.ru/s3/multimedia-1-4/wc500/15030408244.jpg,https://ozon.uz/product/xiaomi-smartfon-redmi-note-17-pro-max-5g-rostest-eac-8-512-gb-nano-sim-esim-chernyy-5793302320/,5.0,2
"Honor Смартфон Honor 50，2SIM，108 МП Global 8/256 ГБ, Nano-SIM, черный",2282915.0,ozon,https://ir-3.ozone.ru/s3/multimedia-1-0/wc500/10047903048.jpg,https://ozon.uz/product/honor-smartfon-honor-50-2sim-108-mp-global-8-256-gb-nano-sim-chernyy-4081664635/,4.8,87
"Смартфон X7 Pro Ростест (EAC) 16/1 ТБ, Nano-SIM, серебристый",1381609.0,ozon,https://ir-3.ozone.ru/s3/multimedia-1-n/wc500/13310468195.jpg,https://ozon.uz/product/smartfon-x7-pro-rostest-eac-16-1-tb-nano-sim-serebristyy-5180615626/,5.0,16
"Смартфон TECN0 Spark 50 Pro Ростест (EAC) 16/1 ТБ, Micro-SIM, темно-коричневый",1027922.0,ozon,https://ir-3.ozone.ru/s3/multimedia-1-c/wc500/13624206744.jpg,https://ozon.uz/product/smartfon-tecn0-spark-50-pro-rostest-eac-16-1-tb-micro-sim-temno-korichnevyy-5824859548/,5.0,55
"Xiaomi Смартфон 17T Ростест (EAC) 12/512 ГБ, Nano-SIM, синий",6231222.0,ozon,https://ir-3.ozone.ru/s3/multimedia-1-6/wc500/14160190362.jpg,https://ozon.uz/product/xiaomi-smartfon-17t-rostest-eac-12-512-gb-nano-sim-siniy-4743243970/,5.0,1
"Tecno Смартфон Camon 50 Ростест (EAC) 12/256 ГБ, Nano-SIM, светло-серый",3390978.0,ozon,https://ir-3.ozone.ru/s3/multimedia-1-w/wc500/9318368372.jpg,https://ozon.uz/product/tecno-smartfon-camon-50-rostest-eac-12-256-gb-nano-sim-svetlo-seryy-3572726732/,,
"Смартфон IPhome 120 герц APhone 17 Max 5G Ростест (EAC) 12/1 ТБ, Nano-SIM, светло-желтый, светло-синий",1052144.0,ozon,https://ir-3.ozone.ru/s3/multimedia-1-3/wc500/14624930091.jpg,https://ozon.uz/product/smartfon-iphome-120-gerts-aphone-17-max-5g-rostest-eac-12-1-tb-nano-sim-svetlo-zheltyy-svetlo-siniy-5863851268/,5.0,56
"Tecno Смартфон SPARK GO 3 Ростест (EAC) 4/128 ГБ, Nano-SIM, черный",1228365.0,ozon,https://ir-3.ozone.ru/s3/multimedia-1-0/wc500/12152162592.jpg,https://ozon.uz/product/tecno-smartfon-spark-go-3-rostest-eac-4-128-gb-nano-sim-chernyy-3642990850/,4.9,154
"Redmi Смартфон Global 8/256 ГБ, Nano-SIM, зеленый",1584456.0,ozon,https://ir-3.ozone.ru/s3/multimedia-1-m/wc500/20055175690.jpg,https://ozon.uz/product/redmi-smartfon-global-8-256-gb-nano-sim-zelenyy-5738015092/,4.6,53
"Смартфон 8/256 ГБ, Micro-SIM, Nano-SIM, черный",1942609.0,ozon,https://ir-3.ozone.ru/s3/multimedia-1-x/wc500/15053736345.jpg,https://ozon.uz/product/smartfon-8-256-gb-micro-sim-nano-sim-chernyy-5799524445/,5.0,1
"HUAWEI Смартфон nova Y74, (MGA-LX3), (51098UGA) 8/128 ГБ, Nano-SIM, черный",1943912.0,ozon,https://ir-3.ozone.ru/s3/multimedia-1-8/wc500/12031477892.jpg,https://ozon.uz/product/huawei-smartfon-nova-y74-mga-lx3-51098uga-8-128-gb-nano-sim-chernyy-4893730126/,5.0,33
"Samsung Смартфон Galaxy A17 Ростест (EAC) 6/128 ГБ, Nano-SIM, серый",2686572.0,ozon,https://ir-3.ozone.ru/s3/multimedia-1-b/wc500/9573153131.jpg,https://ozon.uz/product/samsung-smartfon-galaxy-a17-rostest-eac-6-128-gb-nano-sim-seryy-3802260361/,4.9,66
"Смартфон GaIaxy S25 Ultra+ 5G 120 герц,8800 мАч Ростест (EAC) 16/1 ТБ, Nano-SIM, салатовый, сиреневый",1485854.0,ozon,https://ir-3.ozone.ru/s3/multimedia-1-f/wc500/12975524799.jpg,https://ozon.uz/product/smartfon-gaiaxy-s25-ultra-5g-120-gerts-8800-mach-rostest-eac-16-1-tb-nano-sim-salatovyy-sirenevyy-5609808228/,5.0,105
"Смартфон Samsvng Galaxy S26 Смартфон Глобальная русская версия для ЕС, сеть 4G, Wi-FI+GPS+Bluetooth, две SIM-карты, 6,8 дюйма, большой экран высокой четкости, гибкая камера, быстрая зарядка, мощное игровое устройство, аккумулятор большой емкости EU Ростест (EAC) EU 16/1 ТБ, Nano-SIM, светло-розовый",1440797.0,ozon,https://ir-3.ozone.ru/s3/multimedia-1-w/wc500/14064393020.jpg,https://ozon.uz/product/smartfon-x8-pro-max-rostest-eac-16-1-tb-nano-sim-serebristyy-5907637155/,5.0,42
"Смартфон Samsvng Galaxy Note 10 Ростест (EAC) 16/1 ТБ, Nano-SIM, черный",1091117.0,ozon,https://ir-3.ozone.ru/s3/multimedia-1-3/wc500/13002449079.jpg,https://ozon.uz/product/smartfon-samsvng-galaxy-note-10-rostest-eac-16-1-tb-nano-sim-chernyy-5876235610/,5.0,39
"Смартфон S26 Ultra 16/1 ТБ, Micro-SIM, Nano-SIM, золотой",745010.0,ozon,https://ir-3.ozone.ru/s3/multimedia-1-c/wc500/14677069044.jpg,https://ozon.uz/product/smartfon-s26-ultra-16-1-tb-micro-sim-nano-sim-zolotoy-5698282596/,4.4,33
"Смартфон reaime Note 60 Pro EU 12/512 ГБ, Nano-SIM, серый металлик, фиолетовый",1073764.0,ozon,https://ir-3.ozone.ru/s3/multimedia-1-c/wc500/15218299560.jpg,https://ozon.uz/product/smartfon-reaime-note-60-pro-eu-12-512-gb-nano-sim-seryy-metallik-fioletovyy-5846203993/,4.9,53
"Смартфон Samsvng Galaxy S26 Смартфон Глобальная русская версия для ЕС, сеть 4G, Wi-FI+GPS+Bluetooth, две SIM-карты, 6,8 дюйма, большой экран высокой четкости, гибкая камера, быстрая зарядка, мощное игровое устройство, аккумулятор большой емкости EU Ростест (EAC) EU 16/1 ТБ, Nano-SIM, светло-розовый",1108777.0,ozon,https://ir-3.ozone.ru/s3/multimedia-1-3/wc500/15402317835.jpg,https://ozon.uz/product/smartfon-samsvng-galaxy-s26-smartfon-globalnaya-russkaya-versiya-dlya-es-set-4g-wi-fi-gps-5789758017/,5.0,323
"Смартфон GaIaxy S25 Ultra Ростест (EAC) 12/1 ТБ, Nano-SIM, сиреневый, синий",1471227.0,ozon,https://ir-3.ozone.ru/s3/multimedia-1-4/wc500/9934274416.jpg,https://ozon.uz/product/smartfon-gaiaxy-s25-ultra-rostest-eac-12-1-tb-nano-sim-sirenevyy-siniy-5780841186/,5.0,100
"Смартфон XAIOMl 17 Pro Max Российская версия:17 Pro Max Смартфон (глобальная версия, поддерживает Россию), сеть 4G, 6,8 дюймов, Android-телефон, HD-камера, быстрая зарядка, высокопроизводительное игровое устройство EU 12/512 ГБ, Nano-SIM, темно-синий",1200333.0,ozon,https://ir-3.ozone.ru/s3/multimedia-1-j/wc500/14843162395.jpg,https://ozon.uz/product/smartfon-xaioml-17-pro-max-rossiyskaya-versiya-17-pro-max-smartfon-globalnaya-versiya-5790635600/,5.0,482
"Смартфон iPhnoe18 Pro Max 5G Ростест (EAC) 16/1 ТБ, Nano-SIM, оранжевый",1025122.0,ozon,https://ir-3.ozone.ru/s3/multimedia-1-k/wc500/15459114908.jpg,https://ozon.uz/product/smartfon-iphnoe18-pro-max-5g-rostest-eac-16-1-tb-nano-sim-oranzhevyy-5885666422/,4.8,41
"Смартфон Samsvng Galaxy A56  , глобальная русская версия,сеть 4G, Двойная SIM-карта, 6.8 дюйма, ударопрочная и водонепроницаемая защита, мощные игровые функции, гибкая камера, длительное время работы от аккумулятора Ростест (EAC), Note 15 pro,pura 80 pro,смартфон андроид EU 12/512 ГБ, Nano-SIM, красный",1042269.0,ozon,https://ir-3.ozone.ru/s3/multimedia-1-t/wc500/15463390817.jpg,https://ozon.uz/product/smartfon-2026-iphome-i17-plus-5g-rostest-eac-12-1-tb-nano-sim-siniy-5882687527/,5.0,117
"Смартфон Tenco Camon 50 Premier Ростест (EAC) 16/1 ТБ, Nano-SIM, зеленый",1053575.0,ozon,https://ir-3.ozone.ru/s3/multimedia-1-o/wc500/15319730328.jpg,https://ozon.uz/product/smartfon-tenco-camon-50-premier-rostest-eac-16-1-tb-nano-sim-zelenyy-5870911593/,4.9,46
"Samsung Смартфон Galaxy S21，1SIM,камера 12 МП 8/256 ГБ, Nano-SIM, лиловый",2751658.0,ozon,https://ir-3.ozone.ru/s3/multimedia-1-f/wc500/15060619671.jpg,https://ozon.uz/product/samsung-smartfon-galaxy-s21-1sim-kamera-12-mp-8-256-gb-nano-sim-lilovyy-5770676652/,5.0,2
"Смартфон IPhome i17 Plus 5G Ростест (EAC) 12/1 ТБ, Nano-SIM, светло-синий, светло-зеленый",1031527.0,ozon,https://ir-3.ozone.ru/s3/multimedia-1-1/wc500/10923689737.jpg,https://ozon.uz/product/smartfon-iphome-i17-plus-5g-rostest-eac-12-1-tb-nano-sim-svetlo-siniy-svetlo-zelenyy-5880522141/,5.0,117
"Смартфон Ростест (EAC) 16/1 ТБ, Nano-SIM, горчичный",944437.0,ozon,https://ir-3.ozone.ru/s3/multimedia-1-a/wc500/14692155958.jpg,https://ozon.uz/product/smartfon-rostest-eac-16-1-tb-nano-sim-gorchichnyy-4530185765/,4.9,25
"Смартфон TECN0 Spark 50 Pro Ростест (EAC) 16/1 ТБ, Micro-SIM, бежевый",1030806.0,ozon,https://ir-3.ozone.ru/s3/multimedia-1-q/wc500/15426304874.jpg,https://ozon.uz/product/smartfon-tecn0-spark-50-pro-rostest-eac-16-1-tb-micro-sim-bezhevyy-5879897905/,4.6,84
"Смартфон reaime Note 60 Pro EU 12/512 ГБ, Nano-SIM, серый металлик, синий",1073764.0,ozon,https://ir-3.ozone.ru/s3/multimedia-1-p/wc500/15217113805.jpg,https://ozon.uz/product/smartfon-reaime-note-60-pro-eu-12-512-gb-nano-sim-seryy-metallik-siniy-5845787434/,4.9,53
"Смартфон Samsvng Galaxy A56  , глобальная русская версия,сеть 4G, Двойная SIM-карта, 6.8 дюйма, ударопрочная и водонепроницаемая защита, мощные игровые функции, гибкая камера, длительное время работы от аккумулятора Ростест (EAC), Note 15 pro,pura 80 pro,смартфон андроид EU 12/512 ГБ, Nano-SIM, красный",1093041.0,ozon,https://ir-3.ozone.ru/s3/multimedia-1-2/wc500/13531831274.jpg,https://ozon.uz/product/smartfon-samsvng-galaxy-a56-globalnaya-russkaya-versiya-set-4g-dvoynaya-sim-karta-6-8-5903662709/,4.9,260
"Смартфон XAIOMI Radmi A5  русская версия, сеть 4g, большой 6.9-дюймовый HD-экран, противоударная и водонепроницаемая защита, мощные игровые функции, гибкие возможности фотосъемки, длительное время автономной работы, отличный подарок, сенсорный телефон,Ростест (EAC),реалми смартфон EU 12/512 ГБ, Nano-SIM, светло-зеленый",2000666.0,ozon,https://ir-3.ozone.ru/s3/multimedia-1-1/wc500/15062704381.jpg,https://ozon.uz/product/samsung-smartfon-galaxy-a07s-rostest-eac-4-128-gb-nano-sim-chernyy-5754658217/,5.0,482
"Смартфон XAIOMI Radmi A5  русская версия, сеть 4g, большой 6.9-дюймовый HD-экран, противоударная и водонепроницаемая защита, мощные игровые функции, гибкие возможности фотосъемки, длительное время автономной работы, отличный подарок, сенсорный телефон,Ростест (EAC),реалми смартфон EU 12/512 ГБ, Nano-SIM, светло-зеленый",1081104.0,ozon,https://ir-3.ozone.ru/s3/multimedia-1-1/wc500/15427560529.jpg,https://ozon.uz/product/smartfon-xaiomi-radmi-a5-russkaya-versiya-set-4g-bolshoy-6-9-dyuymovyy-hd-ekran-protivoudarnaya-i-5790567978/,5.0,482
"Смартфон 12/512 ГБ, Nano-SIM, коралловый, прозрачный",825423.0,ozon,https://ir-3.ozone.ru/s3/multimedia-1-r/wc500/15343529463.jpg,https://ozon.uz/product/smartfon-12-512-gb-nano-sim-korallovyy-prozrachnyy-5885626000/,4.8,424
"Смартфон X8 Pro Max Ростест (EAC) 16/1 ТБ, Nano-SIM, темно-коричневый",1463023.0,ozon,https://ir-3.ozone.ru/s3/multimedia-1-k/wc500/13347181064.jpg,https://ozon.uz/product/smartfon-x8-pro-max-rostest-eac-16-1-tb-nano-sim-temno-korichnevyy-5554243777/,5.0,39
"Смартфон HON0R 600 Ростест (EAC) 16/1 ТБ, Micro-SIM, белый",1085914.0,ozon,https://ir-3.ozone.ru/s3/multimedia-1-x/wc500/15424210077.jpg,https://ozon.uz/product/smartfon-hon0r-600-rostest-eac-16-1-tb-micro-sim-belyy-5880290270/,4.9,59
"Смартфон Samsvng Galaxy Note 10 Ростест (EAC) 16/1 ТБ, Nano-SIM, фиолетовый",1091117.0,ozon,https://ir-3.ozone.ru/s3/multimedia-1-u/wc500/13002446658.jpg,https://ozon.uz/product/smartfon-samsvng-galaxy-note-10-rostest-eac-16-1-tb-nano-sim-fioletovyy-5764378691/,5.0,39
"Смартфон Samsvng Galaxy Z Fold 8 Ultra Ростест (EAC) 16/1 ТБ, Micro-SIM, золотой",1126101.0,ozon,https://ir-3.ozone.ru/s3/multimedia-1-p/wc500/12865637293.jpg,https://ozon.uz/product/smartfon-samsvng-galaxy-z-fold-8-ultra-rostest-eac-16-1-tb-micro-sim-zolotoy-5763357456/,4.9,40
"Смартфон Галакси A16 5G 8/256 ГБ, Nano-SIM, белый, светло-серый",2812327.0,ozon,https://ir-3.ozone.ru/s3/multimedia-1-b/wc500/13400133563.jpg,https://ozon.uz/product/smartfon-galaksi-a16-5g-8-256-gb-nano-sim-belyy-svetlo-seryy-5281391473/,5.0,137
"Смартфон Sunsvmg Galaxy S26 Смартфон Глобальная русская версия для ЕС, сеть 4G, Wi-FI+GPS+Bluetooth, две SIM-карты, 6,8 дюйма, большой экран высокой четкости, гибкая камера, быстрая зарядка, мощное игровое устройство, аккумулятор большой емкости EU Ростест (EAC) EU 12/512 ГБ, Nano-SIM, черный, черный матовый",1238431.0,ozon,https://ir-3.ozone.ru/s3/multimedia-1-q/wc500/14112969506.jpg,https://ozon.uz/product/smartfon-infinix-spark-60-smartfon-globalnaya-russkaya-versiya-dlya-es-set-4g-wi-fi-gps-5822883352/,4.7,251
"Samsung Смартфон Galaxy A20, 2 SIM Ростест (EAC) 3/32 ГБ, Nano-SIM, черный",957402.0,ozon,https://ir-3.ozone.ru/s3/multimedia-1-6/wc500/7414441350.jpg,https://ozon.uz/product/samsung-smartfon-galaxy-a20-2-sim-rostest-eac-3-32-gb-nano-sim-chernyy-2361308801/,,
"Смартфон I17 PRO MAX Смартфон Глобальная русская версия для ЕС, сеть 4G, Wi-FI+GPS+Bluetooth, две SIM-карты, 6,8 дюйма, большой экран высокой четкости, гибкая камера, быстрая зарядка, мощное игровое устройство, аккумулятор большой емкости EU Ростест (EAC) EU 12/512 ГБ, Nano-SIM, коралловый, светло-бежевый",1219946.0,ozon,https://ir-3.ozone.ru/s3/multimedia-1-d/wc500/12097438501.jpg,https://ozon.uz/product/smartfon-i17-pro-max-smartfon-globalnaya-russkaya-versiya-dlya-es-set-4g-wi-fi-gps-bluetooth-dve-sim-5402967564/,4.9,386
"Смартфон LU Смартфон Pova 6 neo (EAC) 8/256 ГБ, Функция распознавания лиц, черное Ростест (EAC) 8/256 ГБ, Nano-SIM, черный",895794.0,ozon,https://ir-3.ozone.ru/s3/multimedia-1-o/wc500/7351313712.jpg,https://ozon.uz/product/smartfon-lu-smartfon-pova-6-neo-eac-8-256-gb-funktsiya-raspoznavaniya-lits-chernoe-rostest-eac-8-256-5584726074/,4.8,112
"Смартфон TENC0  Camon 30 Premier Ростест (EAC) 16/1 ТБ, черный",1005440.0,ozon,https://ir-3.ozone.ru/s3/multimedia-1-g/wc500/10845835684.jpg,https://ozon.uz/product/smartfon-tenc0-camon-30-premier-rostest-eac-16-1-tb-chernyy-5596812304/,5.0,45
"Смартфон Sunsvmg Galaxy S26 Смартфон Глобальная русская версия для ЕС, сеть 4G, Wi-FI+GPS+Bluetooth, две SIM-карты, 6,8 дюйма, большой экран высокой четкости, гибкая камера, быстрая зарядка, мощное игровое устройство, аккумулятор большой емкости EU Ростест (EAC) EU 12/512 ГБ, Nano-SIM, черный, черный матовый",1391443.0,ozon,https://ir-3.ozone.ru/s3/multimedia-1-p/wc500/12533241013.jpg,https://ozon.uz/product/smartfon-sunsvmg-galaxy-s26-smartfon-globalnaya-russkaya-versiya-dlya-es-set-4g-wi-fi-gps-bluetooth-5750660982/,4.8,81
"Смартфон Global 8/256 ГБ, Nano-SIM, светло-зеленый",1434945.0,ozon,https://ir-3.ozone.ru/s3/multimedia-1-d/wc500/15342251629.jpg,https://ozon.uz/product/smartfon-global-8-256-gb-nano-sim-svetlo-zelenyy-5885276432/,4.5,156
"Смартфон Realme 15 Pro Ростест (EAC) 16/1 ТБ, Nano-SIM, шоколадный",1361928.0,ozon,https://ir-3.ozone.ru/s3/multimedia-1-6/wc500/12959001582.jpg,https://ozon.uz/product/smartfon-realme-15-pro-rostest-eac-16-1-tb-nano-sim-shokoladnyy-5844547985/,4.9,36
"Смартфон Samsumg Galxay S23 Ultra Ростест (EAC) 16/1 ТБ, Nano-SIM, черный",1419436.0,ozon,https://ir-3.ozone.ru/s3/multimedia-1-9/wc500/12112146693.jpg,https://ozon.uz/product/smartfon-tenco-spark-50-pro-rostest-eac-16-1-tb-nano-sim-cherno-seryy-5451846528/,5.0,32
"Смартфон Redmi Note 8 Pro NFC 8/256 ГБ, Nano-SIM, зеленый, оливковый",1865783.0,ozon,https://ir-3.ozone.ru/s3/multimedia-1-e/wc500/14322244586.jpg,https://ozon.uz/product/smartfon-redmi-note-8-pro-nfc-8-256-gb-nano-sim-zelenyy-olivkovyy-5403596212/,5.0,131
"Смартфон Samsumg Galxay S23 Ultra Ростест (EAC) 16/1 ТБ, Nano-SIM, черный",1289286.0,ozon,https://ir-3.ozone.ru/s3/multimedia-1-q/wc500/15456842558.jpg,https://ozon.uz/product/smartfon-samsumg-galxay-s23-ultra-rostest-eac-16-1-tb-nano-sim-chernyy-5918813797/,5.0,27
"Смартфон 12/512 ГБ, Nano-SIM, оранжевый",906868.0,ozon,https://ir-3.ozone.ru/s3/multimedia-1-d/wc500/15184290325.jpg,https://ozon.uz/product/smartfon-12-512-gb-nano-sim-oranzhevyy-5836171095/,4.5,2
"Смартфон H0N0R Turbo EU 16/1 ТБ, Nano-SIM, белый",1509437.0,ozon,https://ir-3.ozone.ru/s3/multimedia-1-9/wc500/15091999173.jpg,https://ozon.uz/product/smartfon-h0n0r-turbo-eu-16-1-tb-nano-sim-belyy-5810243382/,4.9,201
"Смартфон X9 Pro Max Ростест (EAC) 16/1 ТБ, Nano-SIM, хаки",1508158.0,ozon,https://ir-3.ozone.ru/s3/multimedia-1-n/wc500/11266353455.jpg,https://ozon.uz/product/smartfon-x9-pro-max-rostest-eac-16-1-tb-nano-sim-haki-5785717865/,4.9,52
"Смартфон Infimx Note 60X Ростест (EAC) 16/1 ТБ, Micro-SIM, белый",1434427.0,ozon,https://ir-3.ozone.ru/s3/multimedia-1-c/wc500/15354573528.jpg,https://ozon.uz/product/smartfon-infimx-note-60x-rostest-eac-16-1-tb-micro-sim-belyy-5860900262/,5.0,34
"Смартфон Samsumg Note 30 Pro Ростест (EAC) 16/1 ТБ, зеленый",1019897.0,ozon,https://ir-3.ozone.ru/s3/multimedia-1-t/wc500/11019050777.jpg,https://ozon.uz/product/smartfon-samsumg-note-30-pro-rostest-eac-16-1-tb-zelenyy-5597900672/,4.8,34
"Смартфон HUAVEI PUAR 80 Pro Российская версия: PUAR 80 Pro Смартфон Глобальная русская версия для ЕС, сеть 4G, Wi-FI+GPS+Bluetooth, две SIM-карты, 6,8 дюйма, большой экран высокой четкости, гибкая камера, быстрая зарядка, мощное игровое устройство, аккумулятор большой емкости EU Ростест (EAC) EU 12/512 ГБ, Nano-SIM, серебристый, серый металлик",1345237.0,ozon,https://ir-3.ozone.ru/s3/multimedia-1-c/wc500/11434227996.jpg,https://ozon.uz/product/smartfon-tenco-spark-30-pro-rostest-eac-16-1-tb-nano-sim-zheltyy-5866994964/,4.9,36
"Смартфон HUAVEI PUAR 80 Pro Российская версия: PUAR 80 Pro Смартфон Глобальная русская версия для ЕС, сеть 4G, Wi-FI+GPS+Bluetooth, две SIM-карты, 6,8 дюйма, большой экран высокой четкости, гибкая камера, быстрая зарядка, мощное игровое устройство, аккумулятор большой емкости EU Ростест (EAC) EU 12/512 ГБ, Nano-SIM, серебристый, серый металлик",1033088.0,ozon,https://ir-3.ozone.ru/s3/multimedia-1-4/wc500/15346578100.jpg,https://ozon.uz/product/smartfon-huavei-puar-80-pro-rossiyskaya-versiya-puar-80-pro-smartfon-globalnaya-russkaya-versiya-5788790676/,5.0,323
"Смартфон Tenco Camon 50 Premier Ростест (EAC) 16/1 ТБ, Nano-SIM, белый",1053575.0,ozon,https://ir-3.ozone.ru/s3/multimedia-1-a/wc500/15319724950.jpg,https://ozon.uz/product/smartfon-tenco-camon-50-premier-rostest-eac-16-1-tb-nano-sim-belyy-5870912764/,4.9,46
"Смартфон 2026 года iPhome i16 Pro Plus 5G Ростест (EAC) 16/1 ТБ, Nano-SIM, белый",1381386.0,ozon,https://ir-3.ozone.ru/s3/multimedia-1-e/wc500/13529318198.jpg,https://ozon.uz/product/smartfon-2026-goda-iphome-i16-pro-plus-5g-rostest-eac-16-1-tb-nano-sim-belyy-5330872558/,4.9,77
"Смартфон Tenco Pova 9 Pro Ростест (EAC) 16/1 ТБ, Nano-SIM, кремовый",1426007.0,ozon,https://ir-3.ozone.ru/s3/multimedia-1-n/wc500/13003343411.jpg,https://ozon.uz/product/smartfon-tenco-pova-9-pro-rostest-eac-16-1-tb-nano-sim-kremovyy-5535135046/,4.7,51
"Смартфон Honro Note 40 Pro Ростест (EAC) 16/1 ТБ, Nano-SIM, серый",1217965.0,ozon,https://ir-3.ozone.ru/s3/multimedia-1-y/wc500/15294261094.jpg,https://ozon.uz/product/smartfon-honro-note-40-pro-rostest-eac-16-1-tb-nano-sim-seryy-5835381164/,4.8,41
"Смартфон IPhome 120 герц APhone 17 Max 5G Ростест (EAC) 16/1 ТБ, Nano-SIM, синий",1066114.0,ozon,https://ir-3.ozone.ru/s3/multimedia-1-e/wc500/15353622626.jpg,https://ozon.uz/product/smartfon-iphome-120-gerts-aphone-17-max-5g-rostest-eac-16-1-tb-nano-sim-siniy-5882404549/,5.0,56
"Смартфон 2026 8000 мА·ч GT40 Max+ 5G Ростест (EAC) 12/1 ТБ, Nano-SIM, темно-розовый, темно-бежевый",1436198.0,ozon,https://ir-3.ozone.ru/s3/multimedia-1-3/wc500/13975466295.jpg,https://ozon.uz/product/smartfon-2026-8000-ma-ch-gt40-max-5g-rostest-eac-12-1-tb-nano-sim-temno-rozovyy-temno-bezhevyy-5712671743/,5.0,71
"Смартфон Samsvng Galaxy A16, глобальная русская версия,сеть 4G, Двойная SIM-карта, 6.8 дюйма, ударопрочная и водонепроницаемая защита, мощные игровые функции, гибкая камера, длительное время работы от аккумулятора Ростест (EAC), Note 13 pro,pura 70 pro,смартфон андроид EU 12/512 ГБ, Nano-SIM, светло-синий",1158935.0,ozon,https://ir-3.ozone.ru/s3/multimedia-1-n/wc500/15312986267.jpg,https://ozon.uz/product/smartfon-galxay-s27-ultra-rostest-eac-16-1-tb-nano-sim-zolotoy-5869205495/,5.0,50
"Смартфон 2026 год 7000 мА·ч HON0R 600 5G Ростест (EAC) 12/1 ТБ, Nano-SIM, шоколадный, темно-серый",1322403.0,ozon,https://ir-3.ozone.ru/s3/multimedia-1-3/wc500/15024077283.jpg,https://ozon.uz/product/smartfon-2026-god-7000-ma-ch-hon0r-600-5g-rostest-eac-12-1-tb-nano-sim-shokoladnyy-temno-seryy-5903796674/,5.0,38
"Смартфон TECN0 X8 Plus Ростест (EAC) 16/1 ТБ, Nano-SIM, серебристый",1392171.0,ozon,https://ir-3.ozone.ru/s3/multimedia-1-t/wc500/20095833629.jpg,https://ozon.uz/product/smartfon-tecn0-x8-plus-rostest-eac-16-1-tb-nano-sim-serebristyy-5818615115/,5.0,29
"Смартфон Samsvng Galaxy A16, глобальная русская версия,сеть 4G, Двойная SIM-карта, 6.8 дюйма, ударопрочная и водонепроницаемая защита, мощные игровые функции, гибкая камера, длительное время работы от аккумулятора Ростест (EAC), Note 13 pro,pura 70 pro,смартфон андроид EU 12/512 ГБ, Nano-SIM, светло-синий",1090324.0,ozon,https://ir-3.ozone.ru/s3/multimedia-1-n/wc500/14062077671.jpg,https://ozon.uz/product/smartfon-samsvng-galaxy-a16-globalnaya-russkaya-versiya-set-4g-dvoynaya-sim-karta-6-8-dyuyma-5790589011/,5.0,482
"Смартфон INFlNlX Hot 50 Pro EU 12/512 ГБ, Nano-SIM, коричневый",965416.0,ozon,https://ir-3.ozone.ru/s3/multimedia-1-d/wc500/14013830461.jpg,https://ozon.uz/product/smartfon-inflnlx-hot-50-pro-eu-12-512-gb-nano-sim-korichnevyy-5799654077/,5.0,319
"Смартфон raime 17 PM Ростест (EAC) 16/1 ТБ, Micro-SIM, голубой",1011701.0,ozon,https://ir-3.ozone.ru/s3/multimedia-1-8/wc500/15446610548.jpg,https://ozon.uz/product/smartfon-raime-17-pm-rostest-eac-16-1-tb-micro-sim-goluboy-5887031442/,5.0,38
"Redmi Смартфон Global 6/128 ГБ, Nano-SIM, темно-зеленый, зеленый",964833.0,ozon,https://ir-3.ozone.ru/s3/multimedia-1-m/wc500/13891943254.jpg,https://ozon.uz/product/redmi-smartfon-global-6-128-gb-nano-sim-temno-zelenyy-zelenyy-5474859730/,4.5,8
"Смартфон Samsumg Galxay S26 Ultra Ростест (EAC) 16/1 ТБ, Micro-SIM, светло-бежевый",1485995.0,ozon,https://ir-3.ozone.ru/s3/multimedia-1-i/wc500/14384055294.jpg,https://ozon.uz/product/smartfon-samsumg-galxay-s26-ultra-rostest-eac-16-1-tb-micro-sim-svetlo-bezhevyy-5583705917/,4.7,93
"Смартфон HAUWIE Pura 90s Pro , глобальная русская версия,сеть 4G, Двойная SIM-карта, 6.8 дюйма, ударопрочная и водонепроницаемая защита, мощные игровые функции, гибкая камера, длительное время работы от аккумулятора Ростест (EAC), Note 15 pro,pura 80 pro,смартфон андроид EU 12/512 ГБ, Nano-SIM, черный матовый, черный",728487.0,ozon,https://ir-3.ozone.ru/s3/multimedia-1-1/wc500/12551397445.jpg,https://ozon.uz/product/smartfon-s26u-2-rostest-eac-16-1-tb-nano-sim-raznotsvetnyy-5479505505/,4.3,529
"Смартфон XAlMl Radmi 13, глобальная русская версия,сеть 4G, Двойная SIM-карта, 6.8 дюйма, ударопрочная и водонепроницаемая защита, мощные игровые функции, гибкая камера, длительное время работы от аккумулятора Ростест (EAC), Note 13 pro,pura 70 pro,смартфон андроид EU 12/512 ГБ, Nano-SIM, синий",1118107.0,ozon,https://ir-3.ozone.ru/s3/multimedia-1-i/wc500/14547142134.jpg,https://ozon.uz/product/smartfon-xalml-radmi-13-globalnaya-russkaya-versiya-set-4g-dvoynaya-sim-karta-6-8-5798954117/,4.7,251
"Смартфон 18 Pro Max,5G,8000 мАч Ростест (EAC) 16/1 ТБ, Nano-SIM, хаки",1072252.0,ozon,https://ir-3.ozone.ru/s3/multimedia-1-7/wc500/11359563235.jpg,https://ozon.uz/product/smartfon-18-pro-max-5g-8000-mach-rostest-eac-16-1-tb-nano-sim-haki-5785539123/,5.0,21
"Смартфон HAUWIE Pura 90s Pro , глобальная русская версия,сеть 4G, Двойная SIM-карта, 6.8 дюйма, ударопрочная и водонепроницаемая защита, мощные игровые функции, гибкая камера, длительное время работы от аккумулятора Ростест (EAC), Note 15 pro,pura 80 pro,смартфон андроид EU 12/512 ГБ, Nano-SIM, черный матовый, черный",1062556.0,ozon,https://ir-3.ozone.ru/s3/multimedia-1-y/wc500/15320893714.jpg,https://ozon.uz/product/smartfon-hauwie-pura-90s-pro-globalnaya-russkaya-versiya-set-4g-dvoynaya-sim-karta-6-8-5878457913/,4.9,260
"Смартфон Tenco Pova 8 Pro Ростест (EAC) 16/1 ТБ, Nano-SIM, золотой",1182747.0,ozon,https://ir-3.ozone.ru/s3/multimedia-1-x/wc500/9116485809.jpg,https://ozon.uz/product/smartfon-tenco-pova-8-pro-rostest-eac-16-1-tb-nano-sim-zolotoy-5742120404/,4.9,49
"Смартфон POC0 X7 Ultra 5G, андроид 15, флагман 2026 года Ростест (EAC) 16/1 ТБ, Nano-SIM, зеленый, светло-зеленый",1329249.0,ozon,https://ir-3.ozone.ru/s3/multimedia-1-z/wc500/13775844455.jpg,https://ozon.uz/product/smartfon-poc0-x7-ultra-5g-android-15-flagman-2026-goda-rostest-eac-16-1-tb-nano-sim-zelenyy-5721855210/,5.0,42
"Смартфон M8 Pro Max Ростест (EAC) 16/1 ТБ, Nano-SIM, темно-серый, светло-желтый",1432916.0,ozon,https://ir-3.ozone.ru/s3/multimedia-1-u/wc500/12861822810.jpg,https://ozon.uz/product/smartfon-m8-pro-max-rostest-eac-16-1-tb-nano-sim-temno-seryy-svetlo-zheltyy-5412509944/,5.0,41
"Смартфон Галакси A16 5G 8/256 ГБ, Nano-SIM, черный, темно-синий",2812327.0,ozon,https://ir-3.ozone.ru/s3/multimedia-1-r/wc500/13400130267.jpg,https://ozon.uz/product/smartfon-galaksi-a16-5g-8-256-gb-nano-sim-chernyy-temno-siniy-5281391735/,5.0,137
"Смартфон Галакси A25 — телефон Android 15, 5G, экран 6.5"" Super AMOLED Full HD+ 120 Гц, тройная камера 50 МП с OIS, Exynos 1280, 5000 мАч, быстрая зарядка, NFC, две Nano-SIM, microSD до 1 ТБ, черный/темно-серый 8/256 ГБ, Nano-SIM, черный, черно-серый",1409442.0,ozon,https://ir-3.ozone.ru/s3/multimedia-1-1/wc500/11830056301.jpg,https://ozon.uz/product/smartfon-p0c0-x8-pro-max-rostest-eac-12-1-tb-nano-sim-seryy-metallik-bronza-5780582439/,5.0,51
"Смартфон TECN0 Camon 50 Ultra Ростест (EAC) 16/1 ТБ, Micro-SIM, темно-серый",1114400.0,ozon,https://ir-3.ozone.ru/s3/multimedia-1-y/wc500/14907259222.jpg,https://ozon.uz/product/smartfon-tecn0-camon-50-ultra-rostest-eac-16-1-tb-micro-sim-temno-seryy-5742461865/,4.8,35
"Смартфон 2026 года Smasung S26 Plus 5G Ростест (EAC) 12/1 ТБ, Nano-SIM, золотой, серебристый",1126697.0,ozon,https://ir-3.ozone.ru/s3/multimedia-1-i/wc500/12544918146.jpg,https://ozon.uz/product/smartfon-2026-goda-smasung-s26-plus-5g-rostest-eac-12-1-tb-nano-sim-zolotoy-serebristyy-5849211552/,5.0,132
"Смартфон i17 Pro Max Ростест (EAC) 16/1 ТБ, Nano-SIM, черный",734552.0,ozon,https://ir-3.ozone.ru/s3/multimedia-1-r/wc500/12381339015.jpg,https://ozon.uz/product/smartfon-i17-pro-max-rostest-eac-16-1-tb-nano-sim-chernyy-5022824325/,4.1,59
"Смартфон EU 12/512 ГБ, Nano-SIM, светло-синий",853086.0,ozon,https://ir-3.ozone.ru/s3/multimedia-1-b/wc500/15406989635.jpg,https://ozon.uz/product/smartfon-eu-12-512-gb-nano-sim-svetlo-siniy-5904763017/,5.0,495
"Смартфон Галакси A25 — телефон Android 15, 5G, экран 6.5"" Super AMOLED Full HD+ 120 Гц, тройная камера 50 МП с OIS, Exynos 1280, 5000 мАч, быстрая зарядка, NFC, две Nano-SIM, microSD до 1 ТБ, черный/темно-серый 8/256 ГБ, Nano-SIM, черный, черно-серый",2575695.0,ozon,https://ir-3.ozone.ru/s3/multimedia-1-8/wc500/13398959168.jpg,https://ozon.uz/product/smartfon-galaksi-a25-telefon-android-15-5g-ekran-6-5-super-amoled-full-hd-120-gts-troynaya-kamera-50-5237552930/,5.0,140
"Смартфон Tenco Pova 8 Pro Ростест (EAC) 16/1 ТБ, кремовый",1352077.0,ozon,https://ir-3.ozone.ru/s3/multimedia-1-6/wc500/11433654654.jpg,https://ozon.uz/product/smartfon-tenco-pova-8-pro-rostest-eac-16-1-tb-kremovyy-5866845193/,5.0,49
"Redmi Смартфон Note 8 Global 6/128 ГБ, Nano-SIM, черный матовый",1227901.0,ozon,https://ir-3.ozone.ru/s3/multimedia-1-v/wc500/7500977959.jpg,https://ozon.uz/product/redmi-smartfon-note-8-global-6-128-gb-nano-sim-chernyy-matovyy-1671135574/,4.4,79
"Смартфон 17Pro Российская версия:iii Смартфон (глобальная версия, поддерживает Россию), сеть 4G, 6,5 дюймов, Android-телефон, HD-камера, быстрая зарядка, высокопроизводительное игровое устройство EU 12/512 ГБ, Nano-SIM, черный, оранжевый",1073764.0,ozon,https://ir-3.ozone.ru/s3/multimedia-1-3/wc500/15099469671.jpg,https://ozon.uz/product/smartfon-17pro-rossiyskaya-versiya-iii-smartfon-globalnaya-versiya-podderzhivaet-rossiyu-set-4g-6-5-5814797611/,4.9,53
"AG Digital Смартфон i17 Pro Max Ростест (EAC) , Nano-SIM",964979.0,ozon,https://ir-3.ozone.ru/s3/multimedia-1-8/wc500/15302148920.jpg,https://ozon.uz/product/ag-digital-smartfon-i17-pro-max-rostest-eac-nano-sim-5569679927/,2.8,33
"Смартфон Samsumg Galexy S25 Ultra Ростест (EAC) 16/1 ТБ, Micro-SIM, перламутровый",1517154.0,ozon,https://ir-3.ozone.ru/s3/multimedia-1-i/wc500/14876873334.jpg,https://ozon.uz/product/smartfon-samsumg-galexy-s25-ultra-rostest-eac-16-1-tb-micro-sim-perlamutrovyy-5675501944/,4.9,42
"Смартфон 2026 8000 мА·ч inifnix GT50 Plus,5G Ростест (EAC) 16/1 ТБ, Nano-SIM, светло-бежевый, светло-серый",1366016.0,ozon,https://ir-3.ozone.ru/s3/multimedia-1-t/wc500/14419144325.jpg,https://ozon.uz/product/smartfon-2026-8000-ma-ch-inifnix-gt50-plus-5g-rostest-eac-16-1-tb-nano-sim-svetlo-bezhevyy-5821156878/,5.0,56
"Redmi Смартфон Global 6/128 ГБ, Nano-SIM, темно-серый, черный",964833.0,ozon,https://ir-3.ozone.ru/s3/multimedia-1-m/wc500/13891904698.jpg,https://ozon.uz/product/redmi-smartfon-global-6-128-gb-nano-sim-temno-seryy-chernyy-5474844228/,4.5,8
"Смартфон H0N0R 600 EU 12/512 ГБ, Nano-SIM, синий",1362871.0,ozon,https://ir-3.ozone.ru/s3/multimedia-1-9/wc500/15092176869.jpg,https://ozon.uz/product/smartfon-h0n0r-600-eu-12-512-gb-nano-sim-siniy-5807248630/,4.9,201
"Смартфон HONOR X9d Ростест (EAC) 16/1 ТБ, Nano-SIM, светло-зеленый",1500436.0,ozon,https://ir-3.ozone.ru/s3/multimedia-1-6/wc500/15015038874.jpg,https://ozon.uz/product/smartfon-honor-x9d-rostest-eac-16-1-tb-nano-sim-svetlo-zelenyy-5789247628/,5.0,24
"Смартфон 2026 года Tecon Camon 50 Pro 5G Ростест (EAC) 16/1 ТБ, Nano-SIM, сиреневый, темно-розовый",1135607.0,ozon,https://ir-3.ozone.ru/s3/multimedia-1-t/wc500/12263612321.jpg,https://ozon.uz/product/smartfon-2026-goda-tecon-camon-50-pro-5g-rostest-eac-16-1-tb-nano-sim-sirenevyy-temno-rozovyy-5843650193/,4.9,77
"Смартфон H0N0R x9d  , глобальная русская версия,сеть 4G, Двойная SIM-карта, 6.8 дюйма, ударопрочная и водонепроницаемая защита, мощные игровые функции, гибкая камера, длительное время работы от аккумулятора Ростест (EAC), Note 15 pro,pura 80 pro,смартфон андроид EU 12/512 ГБ, Nano-SIM, черный матовый",1814221.0,ozon,https://ir-3.ozone.ru/s3/multimedia-1-o/wc500/14921809836.jpg,https://ozon.uz/product/redmi-smartfon-redmi-note-9-6-128-gb-nano-sim-chernyy-5521971433/,4.5,61
"Смартфон Samsumg Galxay S26 Ultra Ростест (EAC) 16/1 ТБ, Micro-SIM, темно-синий",1173198.0,ozon,https://ir-3.ozone.ru/s3/multimedia-1-n/wc500/14016560747.jpg,https://ozon.uz/product/smartfon-samsumg-galxay-s26-ultra-rostest-eac-16-1-tb-micro-sim-temno-siniy-5564106805/,4.5,122
"Смартфон Tenco Spark 50 Ultra Ростест (EAC) 16/1 ТБ, Nano-SIM, оранжевый",1110651.0,ozon,https://ir-3.ozone.ru/s3/multimedia-1-7/wc500/14883567091.jpg,https://ozon.uz/product/smartfon-tenco-spark-50-ultra-rostest-eac-16-1-tb-nano-sim-oranzhevyy-5752547348/,4.8,37
"Смартфон H0N0R x9d  , глобальная русская версия,сеть 4G, Двойная SIM-карта, 6.8 дюйма, ударопрочная и водонепроницаемая защита, мощные игровые функции, гибкая камера, длительное время работы от аккумулятора Ростест (EAC), Note 15 pro,pura 80 pro,смартфон андроид EU 12/512 ГБ, Nano-SIM, черный матовый",1233249.0,ozon,https://ir-3.ozone.ru/s3/multimedia-1-5/wc500/15300004325.jpg,https://ozon.uz/product/smartfon-h0n0r-x9d-globalnaya-russkaya-versiya-set-4g-dvoynaya-sim-karta-6-8-dyuyma-udaroprochnaya-i-5871897997/,4.8,635
"Смартфон Tenco Spark 30 Pro Ростест (EAC) 16/1 ТБ, Nano-SIM, прозрачный",1252140.0,ozon,https://ir-3.ozone.ru/s3/multimedia-1-0/wc500/13441584348.jpg,https://ozon.uz/product/smartfon-tenco-spark-30-pro-rostest-eac-16-1-tb-nano-sim-prozrachnyy-5593899198/,4.7,89
"Смартфон IPhome i17 Pro Max Ростест (EAC) 16/1 ТБ, Nano-SIM, черно-серый",1006566.0,ozon,https://ir-3.ozone.ru/s3/multimedia-1-t/wc500/13983432401.jpg,https://ozon.uz/product/smartfon-iphome-i17-pro-max-rostest-eac-16-1-tb-nano-sim-cherno-seryy-5618198146/,4.8,100
"Redmi Смартфон Redmi 15C Ростест (EAC) 8/256 ГБ, Nano-SIM, черный",1471837.0,ozon,https://ir-3.ozone.ru/s3/multimedia-1-8/wc500/8052290972.jpg,https://ozon.uz/product/redmi-smartfon-redmi-15c-rostest-eac-8-256-gb-nano-sim-chernyy-2899656803/,4.4,181
"Смартфон Мини смартфон  G17 PRO MINI 4/32ГБ 4/32 ГБ, Mini-SIM, оранжевый",518529.0,ozon,https://ir-3.ozone.ru/s3/multimedia-1-c/wc500/8769813024.jpg,https://ozon.uz/product/smartfon-mini-smartfon-g17-pro-mini-4-32gb-4-32-gb-mini-sim-oranzhevyy-3371032947/,4.1,306
"Смартфон IPhome 120 герц i17 Ultra Max 5G Ростест (EAC) 16/1 ТБ, Nano-SIM, темно-синий, темно-бордовый",1138502.0,ozon,https://ir-3.ozone.ru/s3/multimedia-1-i/wc500/13825721358.jpg,https://ozon.uz/product/smartfon-iphome-120-gerts-i17-ultra-max-5g-rostest-eac-16-1-tb-nano-sim-temno-siniy-temno-bordovyy-5868073630/,5.0,87
"XIAOXING Смартфон 8/512 ГБ, Mini-SIM, белый",1184520.0,ozon,https://ir-3.ozone.ru/s3/multimedia-1-n/wc500/11684253443.jpg,https://ozon.uz/product/xiaoxing-smartfon-8-512-gb-mini-sim-belyy-4789124647/,4.5,117
"Смартфон 2026 год 7000 мА·ч HON0R 600 5G Ростест (EAC) 16/1 ТБ, Nano-SIM, шоколадный, светло-бежевый",1305407.0,ozon,https://ir-3.ozone.ru/s3/multimedia-1-r/wc500/15024075759.jpg,https://ozon.uz/product/smartfon-2026-god-7000-ma-ch-hon0r-600-5g-rostest-eac-16-1-tb-nano-sim-shokoladnyy-svetlo-bezhevyy-5881281592/,5.0,38
"Honor Смартфон HONOR 600 Ростест (EAC) 8/256 ГБ, Nano-SIM, eSIM, черный",4863700.0,ozon,https://ir-3.ozone.ru/s3/multimedia-1-u/wc500/14424075174.jpg,https://ozon.uz/product/honor-smartfon-honor-600-rostest-eac-8-256-gb-nano-sim-esim-chernyy-4866110535/,5.0,4
"Смартфон SAMSUMG Galxay S24 Ultra+ Ростест (EAC) 16/1 ТБ, Nano-SIM, оранжевый",1138172.0,ozon,https://ir-3.ozone.ru/s3/multimedia-1-8/wc500/12674921120.jpg,https://ozon.uz/product/smartfon-samsumg-galxay-s24-ultra-rostest-eac-16-1-tb-nano-sim-oranzhevyy-5581331470/,4.9,44
"realme Смартфон C85 6/128 ГБ, Nano-SIM, голубой",1919724.0,ozon,https://ir-3.ozone.ru/s3/multimedia-1-6/wc500/12500655630.jpg,https://ozon.uz/product/realme-smartfon-c85-6-128-gb-nano-sim-goluboy-3755186711/,4.9,986
"Смартфон Spark 50 Ultra+ Ростест (EAC) 16/1 ТБ, Nano-SIM, черный матовый, черный",1110700.0,ozon,https://ir-3.ozone.ru/s3/multimedia-1-r/wc500/15058344447.jpg,https://ozon.uz/product/smartfon-spark-50-ultra-rostest-eac-16-1-tb-nano-sim-chernyy-matovyy-chernyy-5800733769/,4.9,54
"Xiaomi Смартфон REDMI Note 17 Pro 5G Ростест (EAC) 8/512 ГБ, Nano-SIM, eSIM, голубой",4826784.0,ozon,https://ir-3.ozone.ru/s3/multimedia-1-y/wc500/20102166682.jpg,https://ozon.uz/product/xiaomi-smartfon-redmi-note-17-pro-5g-rostest-eac-8-512-gb-nano-sim-esim-goluboy-5599681727/,,
"Infinix Смартфон Note 60 Pro Ростест (EAC) 12/256 ГБ, Nano-SIM, eSIM, темно-синий",1072224.0,ozon,https://ir-3.ozone.ru/s3/multimedia-1-d/wc500/12152183089.jpg,https://ozon.uz/product/tecno-smartfon-spark-go-3-rostest-eac-4-64-gb-nano-sim-siniy-3642992508/,4.9,154
"Infinix Смартфон Note 60 Pro Ростест (EAC) 12/256 ГБ, Nano-SIM, eSIM, темно-синий",4303990.0,ozon,https://ir-3.ozone.ru/s3/multimedia-1-2/wc500/9380020286.jpg,https://ozon.uz/product/infinix-smartfon-note-60-pro-rostest-eac-12-256-gb-nano-sim-esim-temno-siniy-3524054521/,4.9,699
"Смартфон TECN0 Spark 40 Pro Ростест (EAC) 16/1 ТБ, Micro-SIM, серый",1018521.0,ozon,https://ir-3.ozone.ru/s3/multimedia-1-x/wc500/11636737485.jpg,https://ozon.uz/product/smartfon-tecn0-spark-40-pro-rostest-eac-16-1-tb-micro-sim-seryy-5724556966/,3.8,33
"Смартфон Samsumg Galxay S26 Ultra Ростест (EAC) 16/1 ТБ, Nano-SIM, сиреневый",1169996.0,ozon,https://ir-3.ozone.ru/s3/multimedia-1-c/wc500/15319904808.jpg,https://ozon.uz/product/smartfon-samsumg-galxay-s26-ultra-rostest-eac-16-1-tb-nano-sim-sirenevyy-5872584519/,5.0,49
"Смартфон M16 Pro Max+  Ростест (EAC) 12/256 ГБ, Nano-SIM, золотой",1075623.0,ozon,https://ir-3.ozone.ru/s3/multimedia-1-o/wc500/14917565652.jpg,https://ozon.uz/product/smartfon-m16-pro-max-rostest-eac-12-256-gb-nano-sim-zolotoy-1928682235/,4.5,156
"OPPO Смартфон Ростест (EAC) 8/256 ГБ, Nano-SIM, хаки, шоколадный",1698921.0,ozon,https://ir-3.ozone.ru/s3/multimedia-1-q/wc500/10770449390.jpg,https://ozon.uz/product/oppo-smartfon-rostest-eac-8-256-gb-nano-sim-haki-shokoladnyy-5318943937/,3.3,14
"Смартфон TECN0 Spark 40 Pro Ростест (EAC) 16/1 ТБ, Micro-SIM, черный",1309021.0,ozon,https://ir-3.ozone.ru/s3/multimedia-1-5/wc500/11438074409.jpg,https://ozon.uz/product/smartfon-tecn0-spark-40-pro-rostest-eac-16-1-tb-micro-sim-chernyy-5858229438/,4.8,33
"Смартфон TECN0 Pova 9 Pro Ростест (EAC) 16/1 ТБ, Micro-SIM, темно-бежевый",1378694.0,ozon,https://ir-3.ozone.ru/s3/multimedia-1-8/wc500/14808484700.jpg,https://ozon.uz/product/smartfon-tecn0-pova-9-pro-rostest-eac-16-1-tb-micro-sim-temno-bezhevyy-5719656377/,4.6,30
"Honor Смартфон HONOR 70，черный，5G Global 12/256 ГБ, Nano-SIM, черный",2822403.0,ozon,https://ir-3.ozone.ru/s3/multimedia-1-8/wc500/12626741996.jpg,https://ozon.uz/product/honor-smartfon-honor-70-chernyy-5g-global-12-256-gb-nano-sim-chernyy-5095172038/,4.7,31
"Samsung Смартфон Galaxy Z Flip8 Ростест (EAC) 12/512 ГБ, Nano-SIM, eSIM, розовый",14719069.0,ozon,https://ir-3.ozone.ru/s3/multimedia-1-i/wc500/12831731658.jpg,https://ozon.uz/product/samsung-smartfon-galaxy-z-flip8-rostest-eac-12-512-gb-nano-sim-esim-rozovyy-5152701476/,,
"Samsung Смартфон Galaxy S26+ Ростест (EAC) 12/512 ГБ, Nano-SIM, фиолетовый",13095562.0,ozon,https://ir-3.ozone.ru/s3/multimedia-1-8/wc500/9121715108.jpg,https://ozon.uz/product/samsung-smartfon-galaxy-s26-rostest-eac-12-512-gb-nano-sim-fioletovyy-3485033721/,,
"Смартфон X1ao Mi i17 Pro Max,5G,Snapdragon 8 Gen3 Ростест (EAC) 16/1 ТБ, Nano-SIM, черно-серый",1081725.0,ozon,https://ir-3.ozone.ru/s3/multimedia-1-2/wc500/11395572842.jpg,https://ozon.uz/product/smartfon-x1ao-mi-i17-pro-max-5g-snapdragon-8-gen3-rostest-eac-16-1-tb-nano-sim-cherno-seryy-5819178066/,4.7,31
"Смартфон TECN0 Spark 50 Pro Ростест (EAC) 16/1 ТБ, Micro-SIM, слоновая кость",1093166.0,ozon,https://ir-3.ozone.ru/s3/multimedia-1-n/wc500/15426872915.jpg,https://ozon.uz/product/smartfon-tecn0-spark-50-pro-rostest-eac-16-1-tb-micro-sim-slonovaya-kost-5880213640/,4.8,65
"Смартфон Note 50 Pro EU 12/512 ГБ, Nano-SIM, черный",959249.0,ozon,https://ir-3.ozone.ru/s3/multimedia-1-6/wc500/14681014530.jpg,https://ozon.uz/product/smartfon-note-50-pro-eu-12-512-gb-nano-sim-chernyy-5699830923/,4.6,508
"Poco Смартфон M8 Pro 5G Ростест (EAC) 12/512 ГБ, Nano-SIM, черный",4769246.0,ozon,https://ir-3.ozone.ru/s3/multimedia-1-3/wc500/13034283519.jpg,https://ozon.uz/product/poco-smartfon-m8-pro-5g-rostest-eac-12-512-gb-nano-sim-chernyy-5221670695/,4.9,855
"Tecno Смартфон Spark 50 Ростест (EAC) 8/128 ГБ, Nano-SIM, серый",2380517.0,ozon,https://ir-3.ozone.ru/s3/multimedia-1-l/wc500/10693272117.jpg,https://ozon.uz/product/tecno-smartfon-spark-50-rostest-eac-8-128-gb-nano-sim-seryy-4399051572/,,
"HUAWEI Смартфон Nova 15 12/512 ГБ, Nano-SIM, белый",3771141.0,ozon,https://ir-3.ozone.ru/s3/multimedia-1-9/wc500/12583837125.jpg,https://ozon.uz/product/huawei-smartfon-nova-15-12-512-gb-nano-sim-belyy-4125945262/,5.0,113
"Смартфон GaIxay S25 Ultra Ростест (EAC) 16/1 ТБ, Micro-SIM, хаки, черно-серый",1170717.0,ozon,https://ir-3.ozone.ru/s3/multimedia-1-6/wc500/13519854330.jpg,https://ozon.uz/product/smartfon-gaixay-s25-ultra-rostest-eac-16-1-tb-micro-sim-haki-cherno-seryy-5584568754/,4.9,54
"Смартфон Смартфон Redmi 15C 8/256 ГБ, 4G LTE, экран 6,9"", 120 Гц, аккумулятор 6000 мА·ч, камера 50 Мп, Midnight Black Global 8/256 ГБ, Nano-SIM, черный",1058083.0,ozon,https://ir-3.ozone.ru/s3/multimedia-1-5/wc500/12293784617.jpg,https://ozon.uz/product/smartfon-tecn0-camon-40-pro-eu-12-512-gb-nano-sim-biryuzovyy-2521111256/,3.4,105
"Смартфон X7 Pro Ростест (EAC) 16/1 ТБ, Nano-SIM, серебристый",1599335.0,ozon,https://ir-3.ozone.ru/s3/multimedia-1-c/wc500/10892716968.jpg,https://ozon.uz/product/smartfon-x7-pro-rostest-eac-16-1-tb-nano-sim-serebristyy-5734674611/,4.7,35
"realme Смартфон C55 Global 8/256 ГБ, Nano-SIM, белый, золотой",1675974.0,ozon,https://ir-3.ozone.ru/s3/multimedia-1-l/wc500/10296367113.jpg,https://ozon.uz/product/realme-smartfon-c55-global-8-256-gb-nano-sim-belyy-zolotoy-4220446983/,4.4,85
"Смартфон Смартфон Redmi 15C 8/256 ГБ, 4G LTE, экран 6,9"", 120 Гц, аккумулятор 6000 мА·ч, камера 50 Мп, Midnight Black Global 8/256 ГБ, Nano-SIM, черный",1367218.0,ozon,https://ir-3.ozone.ru/s3/multimedia-1-8/wc500/13008159044.jpg,https://ozon.uz/product/smartfon-smartfon-redmi-15c-8-256-gb-4g-lte-ekran-6-9-120-gts-akkumulyator-6000-ma-ch-kamera-50-5873589176/,4.6,618
"Xiaomi Смартфон Redmi Note 15 Pro Ростест (EAC) 12/256 ГБ, Nano-SIM, голубой",4592142.0,ozon,https://ir-3.ozone.ru/s3/multimedia-1-h/wc500/10140556517.jpg,https://ozon.uz/product/xiaomi-smartfon-redmi-note-15-pro-rostest-eac-12-256-gb-nano-sim-goluboy-3693245898/,4.9,1147
"Poco Смартфон C75 8/256 ГБ, Nano-SIM, черный",1549771.0,ozon,https://ir-3.ozone.ru/s3/multimedia-1-u/wc500/14642646402.jpg,https://ozon.uz/product/poco-smartfon-c75-8-256-gb-nano-sim-chernyy-5690126502/,4.8,9
"Смартфон Galxay Note 50 Pro Ростест (EAC) 16/1 ТБ, Micro-SIM, золотой",1040244.0,ozon,https://ir-3.ozone.ru/s3/multimedia-1-o/wc500/13116562332.jpg,https://ozon.uz/product/smartfon-galxay-note-50-pro-rostest-eac-16-1-tb-micro-sim-zolotoy-5500231788/,4.5,49
"Xiaomi Смартфон REDMI 17 4/128 ГБ, Nano-SIM, пурпурный",2118467.0,ozon,https://ir-3.ozone.ru/s3/multimedia-1-u/wc500/14562590646.jpg,https://ozon.uz/product/xiaomi-smartfon-redmi-17-4-128-gb-nano-sim-purpurnyy-5279806774/,,
"Смартфон Samsvng Galxay S25 Ultra Ростест (EAC) 16/1 ТБ, Nano-SIM, серебристый",4863700.0,ozon,https://ir-3.ozone.ru/s3/multimedia-1-u/wc500/14424111498.jpg,https://ozon.uz/product/honor-smartfon-honor-600-rostest-eac-8-256-gb-nano-sim-esim-bezhevyy-4866111262/,5.0,4
"Смартфон i17 Pro max 12/1 ТБ, Nano-SIM, оранжевый",946808.0,ozon,https://ir-3.ozone.ru/s3/multimedia-1-k/wc500/12629467100.jpg,https://ozon.uz/product/smartfon-i17-pro-max-12-1-tb-nano-sim-oranzhevyy-5094857920/,4.5,97
"HUAWEI Смартфон Nova 15 12/256 ГБ, Nano-SIM, светло-зеленый",3340581.0,ozon,https://ir-3.ozone.ru/s3/multimedia-1-k/wc500/14846090744.jpg,https://ozon.uz/product/huawei-smartfon-nova-15-12-256-gb-nano-sim-svetlo-zelenyy-4125949007/,5.0,113
"Смартфон Samsvng Galxay S25 Ultra Ростест (EAC) 16/1 ТБ, Nano-SIM, серебристый",1617061.0,ozon,https://ir-3.ozone.ru/s3/multimedia-1-9/wc500/10877184657.jpg,https://ozon.uz/product/smartfon-samsvng-galxay-s25-ultra-rostest-eac-16-1-tb-nano-sim-serebristyy-4355070504/,4.8,66
"realme Смартфон 16 Pro+ Ростест (EAC) 8/256 ГБ, Nano-SIM, бежевый",5298859.0,ozon,https://ir-3.ozone.ru/s3/multimedia-1-u/wc500/9447764682.jpg,https://ozon.uz/product/realme-smartfon-16-pro-rostest-eac-8-256-gb-nano-sim-bezhevyy-3632947181/,,
"Tecno Смартфон CAMON 50 Ростест (EAC) 12/256 ГБ, Nano-SIM, светло-серый",2949264.0,ozon,https://ir-3.ozone.ru/s3/multimedia-1-5/wc500/12501978701.jpg,https://ozon.uz/product/tecno-smartfon-camon-50-rostest-eac-12-256-gb-nano-sim-svetlo-seryy-3642991928/,4.7,68
"Смартфон Tenco Camon 50 Ultra Ростест (EAC) 16/1 ТБ, Nano-SIM, шоколадный",1102017.0,ozon,https://ir-3.ozone.ru/s3/multimedia-1-p/wc500/12301729081.jpg,https://ozon.uz/product/smartfon-tenco-camon-50-ultra-rostest-eac-16-1-tb-nano-sim-shokoladnyy-5749159370/,4.9,64
"vivo Смартфон Y11d Ростест (EAC) 4/256 ГБ, серебристый",1522519.0,ozon,https://ir-3.ozone.ru/s3/multimedia-1-r/wc500/11879669439.jpg,https://ozon.uz/product/vivo-smartfon-y11d-rostest-eac-4-256-gb-serebristyy-4855091379/,4.8,123
"Смартфон XAIOMl 17 Pro Max Российская версия:17 Pro Max Смартфон (глобальная версия, поддерживает Россию), сеть 4G, 6,8 дюймов, Android-телефон, HD-камера, быстрая зарядка, высокопроизводительное игровое устройство EU 16/1 ТБ, Nano-SIM, оранжевый",1285886.0,ozon,https://ir-3.ozone.ru/s3/multimedia-1-i/wc500/14814958770.jpg,https://ozon.uz/product/smartfon-xaioml-17-pro-max-rossiyskaya-versiya-17-pro-max-smartfon-globalnaya-versiya-podderzhivaet-5908271936/,5.0,298
"Tecno Смартфон Camon 50 Ростест (EAC) 8/256 ГБ, Nano-SIM, темно-зеленый",3220116.0,ozon,https://ir-3.ozone.ru/s3/multimedia-1-p/wc500/13111866349.jpg,https://ozon.uz/product/tecno-smartfon-camon-50-rostest-eac-8-256-gb-nano-sim-temno-zelenyy-5020512409/,,
"Смартфон S26 Ultra Изогнутый экран 16/1 ТБ, Micro-SIM, Nano-SIM, синий, темно-синий",746566.0,ozon,https://ir-3.ozone.ru/s3/multimedia-1-l/wc500/14676783249.jpg,https://ozon.uz/product/smartfon-s26-ultra-izognutyy-ekran-16-1-tb-micro-sim-nano-sim-siniy-temno-siniy-5698195999/,4.4,33
"Смартфон IPhome 120 герц i17 Ultra Max 5G Ростест (EAC) 16/1 ТБ, Nano-SIM, хаки, шоколадный",1073393.0,ozon,https://ir-3.ozone.ru/s3/multimedia-1-u/wc500/13825732638.jpg,https://ozon.uz/product/smartfon-iphome-120-gerts-i17-ultra-max-5g-rostest-eac-16-1-tb-nano-sim-haki-shokoladnyy-5868037025/,5.0,87
"Смартфон i17 Pro Max Ростест (EAC) 16/1 ТБ, Nano-SIM, коричнево-красный",1283634.0,ozon,https://ir-3.ozone.ru/s3/multimedia-1-e/wc500/8448290330.jpg,https://ozon.uz/product/smartfon-i17-pro-max-rostest-eac-16-1-tb-nano-sim-korichnevo-krasnyy-5582416438/,4.8,50
"Смартфон Redmi Note 9 6/128 ГБ, Nano-SIM, черный, темно-серый",1783537.0,ozon,https://ir-3.ozone.ru/s3/multimedia-1-r/wc500/14425388163.jpg,https://ozon.uz/product/smartfon-redmi-note-9-6-128-gb-nano-sim-chernyy-temno-seryy-5632493522/,5.0,103
"realme Смартфон C55 Global 8/256 ГБ, Nano-SIM, черный, темно-серый",1680177.0,ozon,https://ir-3.ozone.ru/s3/multimedia-1-p/wc500/10249892017.jpg,https://ozon.uz/product/realme-smartfon-c55-global-8-256-gb-nano-sim-chernyy-temno-seryy-4193073547/,4.4,85
"Honor Смартфон Honor 50 12/256 ГБ, черный Global 12/256 ГБ, Nano-SIM, черный",1359171.0,ozon,https://ir-3.ozone.ru/s3/multimedia-1-z/wc500/11378370059.jpg,https://ozon.uz/product/redmi-smartfon-rostest-eac-8-256-gb-nano-sim-biryuzovyy-zelenyy-5743889071/,2.7,7
"Xiaomi Смартфон 17T Pro Ростест (EAC) 12/512 ГБ, Nano-SIM, eSIM, черный",9051543.0,ozon,https://ir-3.ozone.ru/s3/multimedia-1-6/wc500/12925467330.jpg,https://ozon.uz/product/xiaomi-smartfon-17t-pro-rostest-eac-12-512-gb-nano-sim-esim-chernyy-4601221290/,5.0,136
"Xiaomi Смартфон REDMI 17 Ростест (EAC) 4/128 ГБ, Nano-SIM, зеленый",2047318.0,ozon,https://ir-3.ozone.ru/s3/multimedia-1-e/wc500/13590692114.jpg,https://ozon.uz/product/xiaomi-smartfon-redmi-17-rostest-eac-4-128-gb-nano-sim-zelenyy-5384617527/,4.9,97
"realme Смартфон C100i Ростест (EAC) 4/64 ГБ, серебристый",1648548.0,ozon,https://ir-3.ozone.ru/s3/multimedia-1-x/wc500/11321303433.jpg,https://ozon.uz/product/realme-smartfon-c100i-rostest-eac-4-64-gb-serebristyy-4527059091/,,
"Tecno Смартфон Camon 50 Ростест (EAC) 12/256 ГБ, Nano-SIM, зеленый",3762926.0,ozon,https://ir-3.ozone.ru/s3/multimedia-1-a/wc500/9318364606.jpg,https://ozon.uz/product/tecno-smartfon-camon-50-rostest-eac-12-256-gb-nano-sim-zelenyy-3572726911/,,
"Tecno Смартфон CAMON 50 Ростест (EAC) 12/256 ГБ, Nano-SIM, зеленый",2956247.0,ozon,https://ir-3.ozone.ru/s3/multimedia-1-m/wc500/12501971734.jpg,https://ozon.uz/product/tecno-smartfon-camon-50-rostest-eac-12-256-gb-nano-sim-zelenyy-3642991884/,4.7,68
"Honor Смартфон Honor 50 12/256 ГБ, черный Global 12/256 ГБ, Nano-SIM, черный",2570015.0,ozon,https://ir-3.ozone.ru/s3/multimedia-1-3/wc500/13550685123.jpg,https://ozon.uz/product/honor-smartfon-honor-50-12-256-gb-chernyy-global-12-256-gb-nano-sim-chernyy-3754412498/,4.7,162
"Смартфон X8 Pro Max Ростест (EAC) 16/1 ТБ, Nano-SIM, черный матовый",1440797.0,ozon,https://ir-3.ozone.ru/s3/multimedia-1-y/wc500/14064405442.jpg,https://ozon.uz/product/smartfon-x8-pro-max-rostest-eac-16-1-tb-nano-sim-chernyy-matovyy-5907637676/,5.0,42
"Смартфон 2026 года андроид Tenco Camon 40 Premier,5G(LTE), 6800мАч Ростест (EAC) 16/1 ТБ, Nano-SIM, темно-серый, темно-коричневый",1488171.0,ozon,https://ir-3.ozone.ru/s3/multimedia-1-x/wc500/12951248649.jpg,https://ozon.uz/product/smartfon-tecn0-pova-7-neo-rostest-eac-12-1-tb-micro-sim-chernyy-5869502275/,4.8,42
"Samsung Смартфон Galaxy S26 Ultra Ростест (EAC) 12/256 ГБ, Nano-SIM, голубой",14668726.0,ozon,https://ir-3.ozone.ru/s3/multimedia-1-8/wc500/9121949432.jpg,https://ozon.uz/product/samsung-smartfon-galaxy-s26-ultra-rostest-eac-12-256-gb-nano-sim-goluboy-3485035078/,,
"HUAWEI Смартфон nova 15 Max, (CHZ-LX1), (51098UBB) 8/256 ГБ, Nano-SIM, черный",3022999.0,ozon,https://ir-3.ozone.ru/s3/multimedia-1-5/wc500/11281900901.jpg,https://ozon.uz/product/huawei-smartfon-nova-15-max-chz-lx1-51098ubb-8-256-gb-nano-sim-chernyy-4636855854/,5.0,38
"Смартфон 16/512 ГБ, черный",1064607.0,ozon,https://ir-3.ozone.ru/s3/multimedia-1-8/wc500/14589003608.jpg,https://ozon.uz/product/smartfon-16-512-gb-chernyy-4767898735/,4.4,75
"Смартфон 2026 года андроид Tenco Camon 40 Premier,5G(LTE), 6800мАч Ростест (EAC) 16/1 ТБ, Nano-SIM, темно-серый, темно-коричневый",1088039.0,ozon,https://ir-3.ozone.ru/s3/multimedia-1-u/wc500/12308414610.jpg,https://ozon.uz/product/smartfon-2026-goda-android-tenco-camon-40-premier-5g-lte-6800mach-rostest-eac-16-1-tb-nano-sim-5728745442/,5.0,31
"Hyundai Смартфон 8/256 ГБ, синий",947439.0,ozon,https://ir-3.ozone.ru/s3/multimedia-1-g/wc500/13691371876.jpg,https://ozon.uz/product/hyundai-smartfon-8-256-gb-siniy-4715785540/,4.1,33
"Смартфон TECN0 Pova 9 Pro Ростест (EAC) 16/1 ТБ, Micro-SIM, серебристый",1288178.0,ozon,https://ir-3.ozone.ru/s3/multimedia-1-t/wc500/11308811429.jpg,https://ozon.uz/product/smartfon-tecn0-pova-9-pro-rostest-eac-16-1-tb-micro-sim-serebristyy-5455920743/,4.0,48
"Samsung Смартфон Galaxy A37 Ростест (EAC) 8/256 ГБ, Nano-SIM, зеленый + 1 год связи МегаФон в подарок",4120254.0,ozon,https://ir-3.ozone.ru/s3/multimedia-1-9/wc500/8806018437.jpg,https://ozon.uz/product/xiaomi-smartfon-note-15-pro-5g-rostest-eac-8-512-gb-nano-sim-esim-chernyy-3391100933/,4.6,108
"Xiaomi Смартфон Xiaomi 17T 12/512 ГБ, Nano-SIM, eSIM, черный матовый",8226258.0,ozon,https://ir-3.ozone.ru/s3/multimedia-1-5/wc500/14321280173.jpg,https://ozon.uz/product/xiaomi-smartfon-xiaomi-17t-12-512-gb-nano-sim-esim-chernyy-matovyy-5026392630/,5.0,10
"XIAOXING Смартфон 8/256 ГБ, золотой",950611.0,ozon,https://ir-3.ozone.ru/s3/multimedia-1-m/wc500/10518994930.jpg,https://ozon.uz/product/xiaoxing-smartfon-8-256-gb-zolotoy-4328885016/,4.5,295
"Samsung Смартфон Samsung Galaxy A57 (Navy) 12/512 ГБ, Nano-SIM, темно-синий",6431494.0,ozon,https://ir-3.ozone.ru/s3/multimedia-1-8/wc500/14279246504.jpg,https://ozon.uz/product/samsung-smartfon-samsung-galaxy-a57-navy-12-512-gb-nano-sim-temno-siniy-4058790940/,4.9,35
"Samsung Смартфон Galaxy A37 Ростест (EAC) 8/256 ГБ, Nano-SIM, зеленый + 1 год связи МегаФон в подарок",4639507.0,ozon,https://ir-3.ozone.ru/s3/multimedia-1-0/wc500/10881327312.jpg,https://ozon.uz/product/samsung-smartfon-galaxy-a37-rostest-eac-8-256-gb-nano-sim-zelenyy-1-god-svyazi-megafon-v-podarok-4046141958/,,
"Смартфон Spark 40 Pro+ Ростест (EAC) 12/1 ТБ, Nano-SIM, черно-серый, темно-коричневый",961523.0,ozon,https://ir-3.ozone.ru/s3/multimedia-1-a/wc500/13821011110.jpg,https://ozon.uz/product/smartfon-spark-40-pro-rostest-eac-12-1-tb-nano-sim-cherno-seryy-temno-korichnevyy-5860708178/,4.9,52
"Смартфон Galaxy S26 Смартфон Глобальная русская версия для ЕС, сеть 4G, Wi-FI+GPS+Bluetooth, две SIM-карты, 6,8 дюйма, большой экран высокой четкости, гибкая камера, быстрая зарядка, мощное игровое устройство, аккумулятор большой емкости EU Ростест (EAC) EU 16/1 ТБ, Nano-SIM, светло-розовый",19824544.0,ozon,https://ir-3.ozone.ru/s3/multimedia-1-l/wc500/7977890685.jpg,https://ozon.uz/product/apple-smartfon-iphone-17-pro-sim-esim-12-1-tb-nano-sim-siniy-2830520091/,3.8,137
"Смартфон Galaxy S26 Смартфон Глобальная русская версия для ЕС, сеть 4G, Wi-FI+GPS+Bluetooth, две SIM-карты, 6,8 дюйма, большой экран высокой четкости, гибкая камера, быстрая зарядка, мощное игровое устройство, аккумулятор большой емкости EU Ростест (EAC) EU 16/1 ТБ, Nano-SIM, светло-розовый",1109076.0,ozon,https://ir-3.ozone.ru/s3/multimedia-1-k/wc500/14016201104.jpg,https://ozon.uz/product/smartfon-galaxy-s26-smartfon-globalnaya-russkaya-versiya-dlya-es-set-4g-wi-fi-gps-bluetooth-dve-5609585759/,3.8,137
"Samsung Смартфон Samsung Galaxy A57 (Navy) 8/128 ГБ, Nano-SIM, темно-синий",5007297.0,ozon,https://ir-3.ozone.ru/s3/multimedia-1-o/wc500/14279246232.jpg,https://ozon.uz/product/samsung-smartfon-samsung-galaxy-a57-navy-8-128-gb-nano-sim-temno-siniy-4058954548/,4.9,35
"Смартфон X8 Pro Max Ростест (EAC) 16/1 ТБ, Micro-SIM, черно-серый",1534037.0,ozon,https://ir-3.ozone.ru/s3/multimedia-1-h/wc500/10587162113.jpg,https://ozon.uz/product/smartfon-x8-pro-max-rostest-eac-16-1-tb-micro-sim-cherno-seryy-5605065138/,5.0,45
"OnePlus Смартфон OnePlus 15 Глобальная версия (CPH2749) NFC Oригинал!!! Global 16/512 ГБ, Nano-SIM, eSIM, черный",13368394.0,ozon,https://ir-3.ozone.ru/s3/multimedia-1-k/wc500/12158217884.jpg,https://ozon.uz/product/oneplus-smartfon-oneplus-15-globalnaya-versiya-cph2749-nfc-original-global-16-512-gb-nano-sim-3113737518/,5.0,63
"Xiaomi Смартфон Note 15 Pro 5G Ростест (EAC) 8/256 ГБ, Nano-SIM, eSIM, синий",3766990.0,ozon,https://ir-3.ozone.ru/s3/multimedia-1-w/wc500/8806018568.jpg,https://ozon.uz/product/xiaomi-smartfon-note-15-pro-5g-rostest-eac-8-256-gb-nano-sim-esim-siniy-3391101410/,,
"Смартфон HQNOR 600 Ростест (EAC) 16/1 ТБ, Micro-SIM, оранжевый",1342938.0,ozon,https://ir-3.ozone.ru/s3/multimedia-1-n/wc500/14671689755.jpg,https://ozon.uz/product/smartfon-hqnor-600-rostest-eac-16-1-tb-micro-sim-oranzhevyy-5697606834/,5.0,37
"Xiaomi Смартфон 17T Ростест (EAC) 12/256 ГБ, Nano-SIM, eSIM, черный",6710771.0,ozon,https://ir-3.ozone.ru/s3/multimedia-1-7/wc500/11163568615.jpg,https://ozon.uz/product/xiaomi-smartfon-17t-rostest-eac-12-256-gb-nano-sim-esim-chernyy-4465904899/,,
"Doogee Смартфон DOOGEE S200 VIP, Android 16, наушники в подарок,48ГБ+256ГБ,10100мАч, 100МП, 6.72"" 120Гц, Dimensity 7050, NFC Global 12/256 ГБ, оранжевый",1027922.0,ozon,https://ir-3.ozone.ru/s3/multimedia-1-b/wc500/15427398287.jpg,https://ozon.uz/product/smartfon-tecn0-spark-60-pro-rostest-eac-16-1-tb-micro-sim-temno-siniy-5880890222/,5.0,55
"XIAOXING Смартфон 8/512 ГБ, Mini-SIM, черный",1168168.0,ozon,https://ir-3.ozone.ru/s3/multimedia-1-m/wc500/15479556322.jpg,https://ozon.uz/product/xiaoxing-smartfon-8-512-gb-mini-sim-chernyy-4789225326/,4.5,117
"ENTAKOL Смартфон 8/512 ГБ, Nano-SIM, черный, черный матовый",771147.0,ozon,https://ir-3.ozone.ru/s3/multimedia-1-4/wc500/15237363676.jpg,https://ozon.uz/product/entakol-smartfon-8-512-gb-nano-sim-chernyy-chernyy-matovyy-5155826810/,5.0,5
"ENTAKOL Смартфон 8/512 ГБ, Nano-SIM, синий, голубой",817227.0,ozon,https://ir-3.ozone.ru/s3/multimedia-1-6/wc500/13216193898.jpg,https://ozon.uz/product/entakol-smartfon-8-512-gb-nano-sim-siniy-goluboy-5150329655/,5.0,3
"Xiaomi Смартфон REDMI Note 17 Ростест (EAC) 8/256 ГБ, Nano-SIM, черный, серый",3052260.0,ozon,https://ir-3.ozone.ru/s3/multimedia-1-s/wc500/14604973948.jpg,https://ozon.uz/product/xiaomi-smartfon-redmi-note-17-rostest-eac-8-256-gb-nano-sim-chernyy-seryy-5530927461/,5.0,63
"Tecno Смартфон Spark 50 Ростест (EAC) 4/128 ГБ, Nano-SIM, серый",1902671.0,ozon,https://ir-3.ozone.ru/s3/multimedia-1-0/wc500/11645962776.jpg,https://ozon.uz/product/tecno-smartfon-spark-50-rostest-eac-4-128-gb-nano-sim-seryy-4399053727/,,
"Doogee Смартфон DOOGEE S200 VIP, Android 16, наушники в подарок,48ГБ+256ГБ,10100мАч, 100МП, 6.72"" 120Гц, Dimensity 7050, NFC Global 12/256 ГБ, оранжевый",5284520.0,ozon,https://ir-3.ozone.ru/s3/multimedia-1-0/wc500/13813898184.jpg,https://ozon.uz/product/doogee-smartfon-doogee-s200-vip-android-16-naushniki-v-podarok-48gb-256gb-10100mach-100mp-6-3375087994/,4.8,37
"Infinix Смартфон Note 60 Pro Ростест (EAC) 8/256 ГБ, Nano-SIM, eSIM, темно-синий",4178543.0,ozon,https://ir-3.ozone.ru/s3/multimedia-1-1/wc500/9379873081.jpg,https://ozon.uz/product/infinix-smartfon-note-60-pro-rostest-eac-8-256-gb-nano-sim-esim-temno-siniy-4045586868/,4.9,128
"Tecno Смартфон TECNO Camon 50 Ultra 5G Ростест (EAC) 8/512 ГБ, Nano-SIM, серый + Смарт-часы Tecno WGT01 Black",11628408.0,ozon,https://ir-3.ozone.ru/s3/multimedia-1-h/wc500/9121512005.jpg,https://ozon.uz/product/samsung-smartfon-galaxy-s26-rostest-eac-12-512-gb-nano-sim-goluboy-3485033717/,4.9,50
"Смартфон M8 Pro Max，8000мАч Ростест (EAC) 16/1 ТБ, Nano-SIM, бежевый, черный матовый",1443332.0,ozon,https://ir-3.ozone.ru/s3/multimedia-1-r/wc500/11267018199.jpg,https://ozon.uz/product/smartfon-m8-pro-max-8000mach-rostest-eac-16-1-tb-nano-sim-bezhevyy-chernyy-matovyy-5615196629/,4.9,50
"Смартфон Samsvng Galxay S25 Ultra Ростест (EAC) 16/1 ТБ, Nano-SIM, черный матовый, золотой",1514923.0,ozon,https://ir-3.ozone.ru/s3/multimedia-1-n/wc500/10877187947.jpg,https://ozon.uz/product/smartfon-samsvng-galxay-s25-ultra-rostest-eac-16-1-tb-nano-sim-chernyy-matovyy-zolotoy-4356915039/,4.8,66
"Honor Смартфон Honor 50 8/256 ГБ, черный Global 8/256 ГБ, Nano-SIM, черный",2374088.0,ozon,https://ir-3.ozone.ru/s3/multimedia-1-v/wc500/9694456951.jpg,https://ozon.uz/product/honor-smartfon-honor-50-8-256-gb-chernyy-global-8-256-gb-nano-sim-chernyy-3889892405/,4.7,162
"Смартфон Защищенный игровой противоударный смартфон 16/1 ТБ, золотой",3913060.0,ozon,https://ir-3.ozone.ru/s3/multimedia-1-m/wc500/14379549286.jpg,https://ozon.uz/product/smartfon-zashchishchennyy-igrovoy-protivoudarnyy-smartfon-16-1-tb-zolotoy-5618538558/,4.9,197
"Смартфон Global 8/256 ГБ, Nano-SIM, темно-синий",2392365.0,ozon,https://ir-3.ozone.ru/s3/multimedia-1-f/wc500/12641323767.jpg,https://ozon.uz/product/smartfon-global-8-256-gb-nano-sim-temno-siniy-5099778541/,3.3,70
"Tecno Смартфон TECNO Camon 50 Ultra 5G Ростест (EAC) 8/512 ГБ, Nano-SIM, серый + Смарт-часы Tecno WGT01 Black",5850942.0,ozon,https://ir-3.ozone.ru/s3/multimedia-1-m/wc500/12348636610.jpg,https://ozon.uz/product/tecno-smartfon-tecno-camon-50-ultra-5g-rostest-eac-8-512-gb-nano-sim-seryy-smart-chasy-tecno-5009089841/,,
"Hyundai Смартфон 8/256 ГБ, черный",1003166.0,ozon,https://ir-3.ozone.ru/s3/multimedia-1-h/wc500/10656956429.jpg,https://ozon.uz/product/hyundai-smartfon-8-256-gb-chernyy-4379880485/,4.2,289
"Смартфон TECN0 Camon 50 Ultra Ростест (EAC) 16/1 ТБ, Micro-SIM, голубой, кремовый",1323350.0,ozon,https://ir-3.ozone.ru/s3/multimedia-1-e/wc500/12887578058.jpg,https://ozon.uz/product/xiaomi-smartfon-redmi-a7-pro-4-64-gb-nano-sim-chernyy-5174632894/,5.0,7
"Hyundai Смартфон 8/256 ГБ, серый",949079.0,ozon,https://ir-3.ozone.ru/s3/multimedia-1-e/wc500/13686787670.jpg,https://ozon.uz/product/hyundai-smartfon-8-256-gb-seryy-5414888219/,4.1,33
"Смартфон TECN0 Camon 50 Ultra Ростест (EAC) 16/1 ТБ, Micro-SIM, голубой, кремовый",1114400.0,ozon,https://ir-3.ozone.ru/s3/multimedia-1-e/wc500/14907259454.jpg,https://ozon.uz/product/smartfon-tecn0-camon-50-ultra-rostest-eac-16-1-tb-micro-sim-goluboy-kremovyy-5742459778/,4.8,35
"HUAWEI Смартфон HUAWEI Pura 90s Pro  12/512 ГБ, Nano-SIM, черный",9678554.0,ozon,https://ir-3.ozone.ru/s3/multimedia-1-j/wc500/13409278183.jpg,https://ozon.uz/product/huawei-smartfon-huawei-pura-90s-pro-12-512-gb-nano-sim-chernyy-5386124693/,4.5,17
"Xiaomi Смартфон REDMI Note 17 Pro Max 8/512 ГБ, Nano-SIM, eSIM, зеленый",5526076.0,ozon,https://ir-3.ozone.ru/s3/multimedia-1-4/wc500/14561319028.jpg,https://ozon.uz/product/xiaomi-smartfon-redmi-note-17-pro-max-8-512-gb-nano-sim-esim-zelenyy-5658895958/,4.9,19
"Apple Смартфон iPhone 17 Pro Max SIM+eSIM 12/512 ГБ, Nano-SIM, серебристый",20445069.0,ozon,https://ir-3.ozone.ru/s3/multimedia-1-x/wc500/7975514481.jpg,https://ozon.uz/product/apple-smartfon-iphone-17-pro-max-sim-esim-12-512-gb-nano-sim-serebristyy-2830520117/,,
"Смартфон HQNOR 600 Ростест (EAC) 12/1 ТБ, Micro-SIM, черный",1308503.0,ozon,https://ir-3.ozone.ru/s3/multimedia-1-6/wc500/14671705650.jpg,https://ozon.uz/product/smartfon-hqnor-600-rostest-eac-12-1-tb-micro-sim-chernyy-5697605185/,5.0,37
"Смартфон X1ao Mi AP16 Pro Max，8000 мАч Ростест (EAC) 16/1 ТБ, Nano-SIM, золотой",1258726.0,ozon,https://ir-3.ozone.ru/s3/multimedia-1-y/wc500/9116448802.jpg,https://ozon.uz/product/smartfon-x1ao-mi-ap16-pro-max-8000-mach-rostest-eac-16-1-tb-nano-sim-zolotoy-5742275934/,4.8,85
"Смартфон SAMSUMG Galxay S24 Ultra+ Ростест (EAC) 16/1 ТБ, Nano-SIM, темно-коричневый, темно-бежевый",1124363.0,ozon,https://ir-3.ozone.ru/s3/multimedia-1-2/wc500/11358528626.jpg,https://ozon.uz/product/smartfon-aphone-17-pro-max-5g-8000mach-rostest-eac-16-1-tb-nano-sim-korichnevo-krasnyy-5463811327/,5.0,48
"Смартфон SAMSUMG Galxay S24 Ultra+ Ростест (EAC) 16/1 ТБ, Nano-SIM, темно-коричневый, темно-бежевый",1146827.0,ozon,https://ir-3.ozone.ru/s3/multimedia-1-r/wc500/12674914443.jpg,https://ozon.uz/product/smartfon-samsumg-galxay-s24-ultra-rostest-eac-16-1-tb-nano-sim-temno-korichnevyy-temno-bezhevyy-5739737092/,4.9,44
"Смартфон i 17 Pro Max 16/1 ТБ, Micro-SIM, Nano-SIM, оранжевый, коралловый",746566.0,ozon,https://ir-3.ozone.ru/s3/multimedia-1-m/wc500/14670504094.jpg,https://ozon.uz/product/smartfon-i-17-pro-max-16-1-tb-micro-sim-nano-sim-oranzhevyy-korallovyy-5696874193/,4.4,33
"Samsung Смартфон Galaxy S25 Global 12/256 ГБ, eSIM, Nano-SIM, голубой",8966527.0,ozon,https://ir-3.ozone.ru/s3/multimedia-1-a/wc500/9608439826.jpg,https://ozon.uz/product/samsung-smartfon-galaxy-s25-global-12-256-gb-esim-nano-sim-goluboy-2894526802/,5.0,14
"Смартфон TECN0 Spark 50 Pro Ростест (EAC) 16/1 ТБ, Nano-SIM, черный",1256566.0,ozon,https://ir-3.ozone.ru/s3/multimedia-1-q/wc500/14798754998.jpg,https://ozon.uz/product/smartfon-tecn0-spark-50-pro-rostest-eac-16-1-tb-nano-sim-chernyy-5678202084/,4.9,30
"Смартфон Tenco Spark 50 Ultra Ростест (EAC) 16/1 ТБ, Nano-SIM, черный",1110651.0,ozon,https://ir-3.ozone.ru/s3/multimedia-1-8/wc500/14883574832.jpg,https://ozon.uz/product/smartfon-tenco-spark-50-ultra-rostest-eac-16-1-tb-nano-sim-chernyy-5752548620/,4.8,37
"Смартфон TECN0 Camon 50 Pro Ростест (EAC) 16/1 ТБ, Micro-SIM, черный",1026581.0,ozon,https://ir-3.ozone.ru/s3/multimedia-1-b/wc500/14588163839.jpg,https://ozon.uz/product/smartfon-tecn0-camon-50-pro-rostest-eac-16-1-tb-micro-sim-chernyy-5825068287/,4.9,45
"Смартфон GaIaxy S23 Ultra+ 5G 120 герц,8800 мАч Ростест (EAC) 16/1 ТБ, Nano-SIM, голубой",1330996.0,ozon,https://ir-3.ozone.ru/s3/multimedia-1-6/wc500/13202156814.jpg,https://ozon.uz/product/smartfon-tenco-pova-7-neo-rostest-eac-16-1-tb-nano-sim-serebristyy-5260447841/,5.0,59
"Смартфон HONRO 600 Ростест (EAC) 16/1 ТБ, Nano-SIM, черный",1136432.0,ozon,https://ir-3.ozone.ru/s3/multimedia-1-f/wc500/14882233011.jpg,https://ozon.uz/product/smartfon-honro-600-rostest-eac-16-1-tb-nano-sim-chernyy-5752762865/,5.0,27
"Redmi Смартфон Global 8/256 ГБ, Nano-SIM, черно-серый",1478200.0,ozon,https://ir-3.ozone.ru/s3/multimedia-1-p/wc500/20047735249.jpg,https://ozon.uz/product/redmi-smartfon-global-8-256-gb-nano-sim-cherno-seryy-5737999702/,4.6,53
"Смартфон GaIaxy S23 Ultra+ 5G 120 герц,8800 мАч Ростест (EAC) 16/1 ТБ, Nano-SIM, голубой",1511730.0,ozon,https://ir-3.ozone.ru/s3/multimedia-1-e/wc500/13085248946.jpg,https://ozon.uz/product/smartfon-gaiaxy-s23-ultra-5g-120-gerts-8800-mach-rostest-eac-16-1-tb-nano-sim-goluboy-5556872483/,5.0,155
"Смартфон X8 Pro Ростест (EAC) 16/1 ТБ, Nano-SIM, зеленый",1329007.0,ozon,https://ir-3.ozone.ru/s3/multimedia-1-o/wc500/13307218368.jpg,https://ozon.uz/product/smartfon-x8-pro-rostest-eac-16-1-tb-nano-sim-zelenyy-5181106689/,4.5,55
"Infinix Смартфон Smart 10 Ростест (EAC) 4/128 ГБ, Nano-SIM, черный, черный матовый",1703882.0,ozon,https://ir-3.ozone.ru/s3/multimedia-1-2/wc500/12029964806.jpg,https://ozon.uz/product/infinix-smartfon-smart-10-rostest-eac-4-128-gb-nano-sim-chernyy-chernyy-matovyy-2523688424/,4.9,2636
"Xiaomi Смартфон Xiaomi 17T Pro синий Ростест (EAC) 12/256 ГБ, Nano-SIM, eSIM, синий",8445109.0,ozon,https://ir-3.ozone.ru/s3/multimedia-1-s/wc500/11846110096.jpg,https://ozon.uz/product/xiaomi-smartfon-xiaomi-17t-pro-siniy-rostest-eac-12-256-gb-nano-sim-esim-siniy-4756319406/,5.0,55
"Смартфон Смартфон Смартфон  8+256 ГБ, большой объем памяти, HD-дисплей, смартфон для пожилых и детей, черный Global 8/256 ГБ, кремовый, слоновая кость Ростест (EAC) 8/256 ГБ, Nano-SIM, черный",1206674.0,ozon,https://ir-3.ozone.ru/s3/multimedia-1-h/wc500/12406370237.jpg,https://ozon.uz/product/smartfon-samsumg-galxay-s26-ultra-rostest-eac-16-1-tb-nano-sim-shokoladnyy-5683089506/,4.7,84
"Смартфон Смартфон Смартфон  8+256 ГБ, большой объем памяти, HD-дисплей, смартфон для пожилых и детей, черный Global 8/256 ГБ, кремовый, слоновая кость Ростест (EAC) 8/256 ГБ, Nano-SIM, черный",1463867.0,ozon,https://ir-3.ozone.ru/s3/multimedia-1-9/wc500/14496846201.jpg,https://ozon.uz/product/smartfon-smartfon-smartfon-8-256-gb-bolshoy-obem-pamyati-hd-displey-smartfon-dlya-pozhilyh-i-detey-5512280008/,4.9,501
"Смартфон Rеdmi 13C, Dual Nano Sim, IPS экран 8/256 ГБ, Nano-SIM, зеленый, светло-зеленый",2481571.0,ozon,https://ir-3.ozone.ru/s3/multimedia-1-x/wc500/14809202997.jpg,https://ozon.uz/product/smartfon-redmi-13c-dual-nano-sim-ips-ekran-8-256-gb-nano-sim-zelenyy-svetlo-zelenyy-5556073272/,5.0,142
"Xiaomi Смартфон REDMI 17 Ростест (EAC) 8/256 ГБ, Nano-SIM, зеленый",3138921.0,ozon,https://ir-3.ozone.ru/s3/multimedia-1-u/wc500/13264941882.jpg,https://ozon.uz/product/xiaomi-smartfon-redmi-17-rostest-eac-8-256-gb-nano-sim-zelenyy-5602366454/,5.0,5
"Смартфон APhone 17 Pro Max,5G,8000мАч Ростест (EAC) 12/1 ТБ, Nano-SIM, коралловый",1110292.0,ozon,https://ir-3.ozone.ru/s3/multimedia-1-s/wc500/11358884800.jpg,https://ozon.uz/product/smartfon-aphone-17-pro-max-5g-8000mach-rostest-eac-12-1-tb-nano-sim-korallovyy-5561822906/,4.6,67
"Samsung Смартфон Galaxy Z Fold8 Ultra Ростест (EAC) 12/256 ГБ, Nano-SIM, eSIM, черный",19429311.0,ozon,https://ir-3.ozone.ru/s3/multimedia-1-8/wc500/12824351972.jpg,https://ozon.uz/product/samsung-smartfon-galaxy-z-fold8-ultra-rostest-eac-12-256-gb-nano-sim-esim-chernyy-5152693936/,,
"Смартфон S25U Ростест (EAC) 16/1 ТБ, Nano-SIM, золотой, горчичный",796681.0,ozon,https://ir-3.ozone.ru/s3/multimedia-1-g/wc500/13819699636.jpg,https://ozon.uz/product/smartfon-s25u-rostest-eac-16-1-tb-nano-sim-zolotoy-gorchichnyy-5453611185/,4.4,85
"Redmi Смартфон 8/256 ГБ, Nano-SIM, бирюзовый",1597263.0,ozon,https://ir-3.ozone.ru/s3/multimedia-1-k/wc500/10764943796.jpg,https://ozon.uz/product/redmi-smartfon-8-256-gb-nano-sim-biryuzovyy-5707740363/,4.6,532
"Смартфон H0N0R 17 PRO MAX Российская версия:17 PRO MAX Смартфон (глобальная версия, поддерживает Россию), сеть 4G, 6,8 дюймов, Android-телефон, HD-камера, быстрая зарядка, высокопроизводительное игровое устройство EU 16/1 ТБ, Nano-SIM, темно-синий",4392164.0,ozon,https://ir-3.ozone.ru/s3/multimedia-1-5/wc500/13583231753.jpg,https://ozon.uz/product/huawei-smartfon-nova-15-rostest-eac-12-512-gb-nano-sim-chernyy-3879145523/,4.9,59
"Смартфон i17 Pro Max Ростест (EAC) 16/1 ТБ, Nano-SIM, голубой",1062265.0,ozon,https://ir-3.ozone.ru/s3/multimedia-1-7/wc500/15355754035.jpg,https://ozon.uz/product/smartfon-i17-pro-max-rostest-eac-16-1-tb-nano-sim-goluboy-5880569530/,4.9,59
"Смартфон TENC0 Camon 50 Pro Ростест (EAC) 16/1 ТБ, зеленый",1067978.0,ozon,https://ir-3.ozone.ru/s3/multimedia-1-1/wc500/10849284037.jpg,https://ozon.uz/product/smartfon-tenc0-camon-50-pro-rostest-eac-16-1-tb-zelenyy-5597591907/,4.7,36
"Xiaomi Смартфон Poco M3 Global 6/128 ГБ, Micro-SIM, Nano-SIM, черный",1684656.0,ozon,https://ir-3.ozone.ru/s3/multimedia-1-w/wc500/9549301424.jpg,https://ozon.uz/product/xiaomi-smartfon-poco-m3-global-6-128-gb-micro-sim-nano-sim-chernyy-2328044673/,4.8,131
"Смартфон H0N0R 17 PRO MAX Российская версия:17 PRO MAX Смартфон (глобальная версия, поддерживает Россию), сеть 4G, 6,8 дюймов, Android-телефон, HD-камера, быстрая зарядка, высокопроизводительное игровое устройство EU 16/1 ТБ, Nano-SIM, темно-синий",1214324.0,ozon,https://ir-3.ozone.ru/s3/multimedia-1-7/wc500/14517303919.jpg,https://ozon.uz/product/smartfon-h0n0r-17-pro-max-rossiyskaya-versiya-17-pro-max-smartfon-globalnaya-versiya-5657024680/,4.6,260
"Смартфон I15 Pro Max, В качестве подарка родным и близким Ростест (EAC) 12/512 ГБ, Nano-SIM, черный матовый",913110.0,ozon,https://ir-3.ozone.ru/s3/multimedia-1-h/wc500/14404323437.jpg,https://ozon.uz/product/smartfon-i15-pro-max-v-kachestve-podarka-rodnym-i-blizkim-rostest-eac-12-512-gb-nano-sim-5507434833/,4.2,259
"Смартфон i17 pro max IPhone Ростест (EAC) 16/1 ТБ, Micro-SIM, Mini-SIM, оранжевый, светло-коричневый",1699949.0,ozon,https://ir-3.ozone.ru/s3/multimedia-1-p/wc500/12477700753.jpg,https://ozon.uz/product/smartfon-i17-pro-max-iphone-rostest-eac-16-1-tb-micro-sim-mini-sim-oranzhevyy-svetlo-korichnevyy-5551526005/,5.0,46
"Смартфон H0N0R x9d  , глобальная русская версия,сеть 4G, Двойная SIM-карта, 6.8 дюйма, ударопрочная и водонепроницаемая защита, мощные игровые функции, гибкая камера, длительное время работы от аккумулятора Ростест (EAC), Note 15 pro,pura 80 pro,смартфон андроид EU 12/512 ГБ, Nano-SIM, голубой",5701475.0,ozon,https://ir-3.ozone.ru/s3/multimedia-1-9/wc500/10813592745.jpg,https://ozon.uz/product/samsung-smartfon-galaxy-a37-rostest-eac-8-256-gb-nano-sim-fioletovyy-4436859548/,4.9,16
"Смартфон Samsumg Galxay S25 Ultra Ростест (EAC) 16/1 ТБ, Nano-SIM, лазурный, черный",1202807.0,ozon,https://ir-3.ozone.ru/s3/multimedia-1-a/wc500/15119017642.jpg,https://ozon.uz/product/smartfon-samsumg-galxay-s25-ultra-rostest-eac-16-1-tb-nano-sim-lazurnyy-chernyy-5411675353/,4.5,85
"HUAWEI Смартфон Nova 15 12/512 ГБ, Nano-SIM, светло-зеленый",3771141.0,ozon,https://ir-3.ozone.ru/s3/multimedia-1-e/wc500/14846072270.jpg,https://ozon.uz/product/huawei-smartfon-nova-15-12-512-gb-nano-sim-svetlo-zelenyy-4125946417/,5.0,113
"Смартфон H0N0R x9d  , глобальная русская версия,сеть 4G, Двойная SIM-карта, 6.8 дюйма, ударопрочная и водонепроницаемая защита, мощные игровые функции, гибкая камера, длительное время работы от аккумулятора Ростест (EAC), Note 15 pro,pura 80 pro,смартфон андроид EU 12/512 ГБ, Nano-SIM, голубой",1232621.0,ozon,https://ir-3.ozone.ru/s3/multimedia-1-0/wc500/15300003312.jpg,https://ozon.uz/product/smartfon-h0n0r-x9d-globalnaya-russkaya-versiya-set-4g-dvoynaya-sim-karta-6-8-dyuyma-udaroprochnaya-5871892990/,4.8,635
"Xiaomi Смартфон Redmi 15C Ростест (EAC) 8/256 ГБ, Nano-SIM, черный",1732941.0,ozon,https://ir-3.ozone.ru/s3/multimedia-1-z/wc500/13353642683.jpg,https://ozon.uz/product/xiaomi-smartfon-redmi-15c-rostest-eac-8-256-gb-nano-sim-chernyy-5314826057/,4.9,17
"Смартфон X7 Pro,смартфон андроид 15,телефоны смартфоны Ростест (EAC) 16/1 ТБ, Micro-SIM, Nano-SIM, светло-зеленый",1510224.0,ozon,https://ir-3.ozone.ru/s3/multimedia-1-c/wc500/10893572760.jpg,https://ozon.uz/product/smartfon-x7-pro-smartfon-android-15-telefony-smartfony-rostest-eac-16-1-tb-micro-sim-nano-sim-5820532463/,5.0,139
"Смартфон Galxay  S26 Ultra Ростест (EAC) 16/1 ТБ, Micro-SIM, черный",1034795.0,ozon,https://ir-3.ozone.ru/s3/multimedia-1-k/wc500/13072193192.jpg,https://ozon.uz/product/smartfon-galxay-s26-ultra-rostest-eac-16-1-tb-micro-sim-chernyy-5553681201/,4.4,36
"Samsung Смартфон Galaxy S26+ Ростест (EAC) 12/256 ГБ, Nano-SIM, фиолетовый",11524193.0,ozon,https://ir-3.ozone.ru/s3/multimedia-1-p/wc500/9121715197.jpg,https://ozon.uz/product/samsung-smartfon-galaxy-s26-rostest-eac-12-256-gb-nano-sim-fioletovyy-3485034070/,,
"Смартфон Tenco Pova 9 Pro Ростест (EAC) 16/1 ТБ, Nano-SIM, светло-серый, шоколадный",1426007.0,ozon,https://ir-3.ozone.ru/s3/multimedia-1-n/wc500/13003338407.jpg,https://ozon.uz/product/smartfon-tenco-pova-9-pro-rostest-eac-16-1-tb-nano-sim-svetlo-seryy-shokoladnyy-5654843012/,4.7,51
"Смартфон TECN0 Pova 9 Pro Ростест (EAC) 16/1 ТБ, Micro-SIM, черный",1287300.0,ozon,https://ir-3.ozone.ru/s3/multimedia-1-9/wc500/11308440105.jpg,https://ozon.uz/product/smartfon-tecn0-pova-9-pro-rostest-eac-16-1-tb-micro-sim-chernyy-5455910386/,4.0,48
"Tecno Смартфон Spark Go 3 4/128 ГБ, Nano-SIM, черный",1324776.0,ozon,https://ir-3.ozone.ru/s3/multimedia-1-g/wc500/11399568388.jpg,https://ozon.uz/product/tecno-smartfon-spark-go-3-4-128-gb-nano-sim-chernyy-4125108455/,4.9,22
"Смартфон Samsumg Galxay S26 Ultra Ростест (EAC) 16/1 ТБ, Nano-SIM, коричнево-красный, хаки",1206674.0,ozon,https://ir-3.ozone.ru/s3/multimedia-1-l/wc500/12406366785.jpg,https://ozon.uz/product/smartfon-samsumg-galxay-s26-ultra-rostest-eac-16-1-tb-nano-sim-korichnevo-krasnyy-haki-5785448652/,4.7,84
"Смартфон Защищённый смартфон  андроид игровой противоударный 16/1 ТБ, черный матовый",3494867.0,ozon,https://ir-3.ozone.ru/s3/multimedia-1-r/wc500/15061093299.jpg,https://ozon.uz/product/smartfon-zashchishchennyy-smartfon-android-igrovoy-protivoudarnyy-16-1-tb-chernyy-matovyy-5801432906/,5.0,25
"Xiaomi Смартфон 17T Ростест (EAC) 12/512 ГБ, Nano-SIM, eSIM, черный",7019404.0,ozon,https://ir-3.ozone.ru/s3/multimedia-1-3/wc500/12925568379.jpg,https://ozon.uz/product/xiaomi-smartfon-17t-rostest-eac-12-512-gb-nano-sim-esim-chernyy-4852561595/,5.0,111
"Смартфон Android 13,6,6” IPS LCD, 2280 x 1080 пикселей,90 Гц,аккумулятор 5300 мАч Ростест (EAC) 12/512 ГБ Ростест (EAC) 12/512 ГБ, Nano-SIM, черный",1014195.0,ozon,https://ir-3.ozone.ru/s3/multimedia-1-f/wc500/14681019111.jpg,https://ozon.uz/product/smartfon-i17-pro-max-eu-16-1-tb-nano-sim-oranzhevyy-5699904509/,4.6,508
"iQOO Смартфон Z11 lite Ростест (EAC) 4/128 ГБ, Nano-SIM, золотой",2358370.0,ozon,https://ir-3.ozone.ru/s3/multimedia-1-3/wc500/10436984427.jpg,https://ozon.uz/product/iqoo-smartfon-z11-lite-rostest-eac-4-128-gb-nano-sim-zolotoy-4290440139/,4.9,2051
"Смартфон Tenco Spark 30 Pro Ростест (EAC) 16/1 ТБ, Nano-SIM, темно-серый",1252140.0,ozon,https://ir-3.ozone.ru/s3/multimedia-1-5/wc500/13441584749.jpg,https://ozon.uz/product/smartfon-tenco-spark-30-pro-rostest-eac-16-1-tb-nano-sim-temno-seryy-5593900715/,4.7,89
"Смартфон Galxay S26 Ultra Ростест (EAC) 16/1 ТБ, Micro-SIM, черный",1150813.0,ozon,https://ir-3.ozone.ru/s3/multimedia-1-8/wc500/12827712716.jpg,https://ozon.uz/product/smartfon-galxay-s26-ultra-rostest-eac-16-1-tb-micro-sim-chernyy-5427707165/,4.5,45
"Redmi Смартфон Global 8/256 ГБ, Nano-SIM, черный матовый, темно-серый",1267099.0,ozon,https://ir-3.ozone.ru/s3/multimedia-1-z/wc500/10765781099.jpg,https://ozon.uz/product/redmi-smartfon-global-8-256-gb-nano-sim-chernyy-matovyy-temno-seryy-4930275980/,3.9,15
"Смартфон C75 EU 12/512 ГБ, Nano-SIM, черный матовый",948427.0,ozon,https://ir-3.ozone.ru/s3/multimedia-1-n/wc500/14818566731.jpg,https://ozon.uz/product/smartfon-c75-eu-12-512-gb-nano-sim-chernyy-matovyy-5635837682/,3.3,172
"Tecno Смартфон SPARK 40 Pro Ростест (EAC) 8/256 ГБ, Nano-SIM, голубой",2045039.0,ozon,https://ir-3.ozone.ru/s3/multimedia-1-y/wc500/8330929234.jpg,https://ozon.uz/product/tecno-smartfon-spark-40-pro-rostest-eac-8-256-gb-nano-sim-goluboy-2656324374/,,
"Смартфон Android 13,6,6” IPS LCD, 2280 x 1080 пикселей,90 Гц,аккумулятор 5300 мАч Ростест (EAC) 12/512 ГБ Ростест (EAC) 12/512 ГБ, Nano-SIM, черный",864979.0,ozon,https://ir-3.ozone.ru/s3/multimedia-1-k/wc500/14665477700.jpg,https://ozon.uz/product/smartfon-android-13-6-6-ips-lcd-2280-x-1080-pikseley-90-gts-akkumulyator-5300-mach-rostest-eac-12-5588194503/,3.4,16
"Смартфон POVA 6 Pro Глобальная русская версия для ЕС, сеть 4G, Wi-FI+GPS+Bluetooth, две SIM-карты, 6,8 дюйма, большой экран высокой четкости, гибкая камера, быстрая зарядка, мощное игровое устройство Global 16/1 ТБ, Nano-SIM, черный",1075015.0,ozon,https://ir-3.ozone.ru/s3/multimedia-1-3/wc500/8945154219.jpg,https://ozon.uz/product/smartfon-pova-6-pro-globalnaya-russkaya-versiya-dlya-es-set-4g-wi-fi-gps-bluetooth-dve-sim-karty-6-5688023911/,4.1,133
"W&O Смартфон Ростест (EAC) 4/64 ГБ, Micro-SIM, черный матовый",488571.0,ozon,https://ir-3.ozone.ru/s3/multimedia-1-u/wc500/14027856618.jpg,https://ozon.uz/product/w-o-smartfon-rostest-eac-4-64-gb-micro-sim-chernyy-matovyy-3486039596/,4.4,267
"Смартфон HONOR 600 андроид 15 Ростест (EAC) 16/1 ТБ, Nano-SIM, черный",1348357.0,ozon,https://ir-3.ozone.ru/s3/multimedia-1-6/wc500/14588117682.jpg,https://ozon.uz/product/smartfon-honor-600-android-15-rostest-eac-16-1-tb-nano-sim-chernyy-5676229181/,4.8,40
"vivo Смартфон x300 FE Ростест (EAC) 12/256 ГБ, Nano-SIM, черный",5694438.0,ozon,https://ir-3.ozone.ru/s3/multimedia-1-z/wc500/9091382543.jpg,https://ozon.uz/product/vivo-smartfon-x300-fe-rostest-eac-12-256-gb-nano-sim-chernyy-3538980284/,4.9,546
"Xiaomi Смартфон 17T Pro Ростест (EAC) 12/1 ТБ, Nano-SIM, eSIM, синий",10832148.0,ozon,https://ir-3.ozone.ru/s3/multimedia-1-7/wc500/11163570955.jpg,https://ozon.uz/product/xiaomi-smartfon-17t-pro-rostest-eac-12-1-tb-nano-sim-esim-siniy-4465904948/,,
"Смартфон M8 Pro Max，8000мАч Ростест (EAC) 16/1 ТБ, Nano-SIM, серый",1447705.0,ozon,https://ir-3.ozone.ru/s3/multimedia-1-r/wc500/11267004915.jpg,https://ozon.uz/product/smartfon-m8-pro-max-8000mach-rostest-eac-16-1-tb-nano-sim-seryy-5651579794/,4.9,50
"Смартфон X9 Pro Max Ростест (EAC) 16/1 ТБ, Nano-SIM, коричнево-красный, черный матовый",1448632.0,ozon,https://ir-3.ozone.ru/s3/multimedia-1-d/wc500/15081335941.jpg,https://ozon.uz/product/smartfon-x9-pro-max-rostest-eac-16-1-tb-nano-sim-korichnevo-krasnyy-chernyy-matovyy-5561525539/,5.0,61
"Honor Смартфон HONOR X5d Plus Ростест (EAC) 4/128 ГБ, Nano-SIM, серый",2000666.0,ozon,https://ir-3.ozone.ru/s3/multimedia-1-u/wc500/11878312674.jpg,https://ozon.uz/product/honor-smartfon-honor-x5d-plus-rostest-eac-4-128-gb-nano-sim-seryy-4548843575/,,
"Смартфон Galaxy S26 Смартфон Глобальная русская версия для ЕС, сеть 4G, Wi-FI+GPS+Bluetooth, две SIM-карты, 6,8 дюйма, большой экран высокой четкости, гибкая камера, быстрая зарядка, мощное игровое устройство, аккумулятор большой емкости EU Ростест (EAC) EU 16/1 ТБ, Nano-SIM, желтый",1066774.0,ozon,https://ir-3.ozone.ru/s3/multimedia-1-e/wc500/14777195558.jpg,https://ozon.uz/product/smartfon-tecon-camon-50-pro-5g-rostest-eac-16-1-tb-nano-sim-salatovyy-temno-siniy-5837317042/,5.0,35
"Tecno Смартфон Camon 50 Ростест (EAC) 12/256 ГБ, Nano-SIM, темно-зеленый",3467820.0,ozon,https://ir-3.ozone.ru/s3/multimedia-1-j/wc500/13111845031.jpg,https://ozon.uz/product/tecno-smartfon-camon-50-rostest-eac-12-256-gb-nano-sim-temno-zelenyy-5020511321/,,
"Смартфон 18 Pro Max,5G,8000 мАч Ростест (EAC) 16/1 ТБ, Nano-SIM, светло-коричневый",1070758.0,ozon,https://ir-3.ozone.ru/s3/multimedia-1-j/wc500/11360600443.jpg,https://ozon.uz/product/smartfon-18-pro-max-5g-8000-mach-rostest-eac-16-1-tb-nano-sim-svetlo-korichnevyy-5829584994/,5.0,21
"Смартфон X9 Pro Max Ростест (EAC) 16/1 ТБ, Nano-SIM, светло-серый",1447917.0,ozon,https://ir-3.ozone.ru/s3/multimedia-1-s/wc500/15080872492.jpg,https://ozon.uz/product/smartfon-x9-pro-max-rostest-eac-16-1-tb-nano-sim-svetlo-seryy-5561659735/,5.0,61
"Смартфон Galaxy S26 Смартфон Глобальная русская версия для ЕС, сеть 4G, Wi-FI+GPS+Bluetooth, две SIM-карты, 6,8 дюйма, большой экран высокой четкости, гибкая камера, быстрая зарядка, мощное игровое устройство, аккумулятор большой емкости EU Ростест (EAC) EU 16/1 ТБ, Nano-SIM, желтый",1109076.0,ozon,https://ir-3.ozone.ru/s3/multimedia-1-w/wc500/14016201548.jpg,https://ozon.uz/product/smartfon-galaxy-s26-smartfon-globalnaya-russkaya-versiya-dlya-es-set-4g-wi-fi-gps-bluetooth-dve-sim-5609585600/,3.8,137
"Смартфон TECN0  Pova 8 Pro Ростест (EAC) 16/1 ТБ, Micro-SIM, черный",1381048.0,ozon,https://ir-3.ozone.ru/s3/multimedia-1-o/wc500/13770581640.jpg,https://ozon.uz/product/smartfon-tecn0-pova-8-pro-rostest-eac-16-1-tb-micro-sim-chernyy-5595868871/,4.3,67
"Смартфон Ростест (EAC) 16/1 ТБ, Micro-SIM, Nano-SIM, черный, черно-серый",877115.0,ozon,https://ir-3.ozone.ru/s3/multimedia-1-5/wc500/14383095773.jpg,https://ozon.uz/product/smartfon-rostest-eac-16-1-tb-micro-sim-nano-sim-chernyy-cherno-seryy-5619619164/,4.8,13
"realme Смартфон C85 Pro 8/256 ГБ, Nano-SIM, фиолетовый",2382003.0,ozon,https://ir-3.ozone.ru/s3/multimedia-1-f/wc500/12500674431.jpg,https://ozon.uz/product/realme-smartfon-c85-pro-8-256-gb-nano-sim-fioletovyy-3755158000/,4.9,703
"Смартфон Honor 600 андроид 15 Ростест (EAC) 16/1 ТБ, Nano-SIM, светло-синий",1149193.0,ozon,https://ir-3.ozone.ru/s3/multimedia-1-z/wc500/20144237291.jpg,https://ozon.uz/product/smartfon-honor-600-android-15-rostest-eac-16-1-tb-nano-sim-svetlo-siniy-5886972502/,5.0,27
"Смартфон Camon 40 Pro Ростест (EAC) 16/1 ТБ, зеленый",973719.0,ozon,https://ir-3.ozone.ru/s3/multimedia-1-t/wc500/11276629013.jpg,https://ozon.uz/product/smartfon-camon-40-pro-rostest-eac-16-1-tb-zelenyy-5617855027/,4.6,17
"Смартфон Tenco Camon 50 Pro Ростест (EAC) 16/1 ТБ, Nano-SIM, бежевый",1133964.0,ozon,https://ir-3.ozone.ru/s3/multimedia-1-h/wc500/12266069669.jpg,https://ozon.uz/product/smartfon-tenco-camon-50-pro-rostest-eac-16-1-tb-nano-sim-bezhevyy-5582348939/,4.6,45
"Xiaomi Смартфон Xiaomi REDMI 17 Ростест (EAC) 8/256 ГБ, Nano-SIM, светло-синий",2826114.0,ozon,https://ir-3.ozone.ru/s3/multimedia-1-s/wc500/14510627884.jpg,https://ozon.uz/product/xiaomi-smartfon-xiaomi-redmi-17-rostest-eac-8-256-gb-nano-sim-svetlo-siniy-5430764806/,4.6,10
"Смартфон H0NOR 200 Ростест (EAC) 16/1 ТБ, Micro-SIM, шоколадный, темно-серый",1018150.0,ozon,https://ir-3.ozone.ru/s3/multimedia-1-b/wc500/14410309403.jpg,https://ozon.uz/product/smartfon-h0nor-200-rostest-eac-16-1-tb-micro-sim-shokoladnyy-temno-seryy-5563150172/,4.5,93
"Смартфон Global 8/256 ГБ, Nano-SIM, голубой",2234766.0,ozon,https://ir-3.ozone.ru/s3/multimedia-1-l/wc500/13395693441.jpg,https://ozon.uz/product/smartfon-global-8-256-gb-nano-sim-goluboy-5099676119/,3.9,57
"Смартфон Tenco Spark 50 Pro Ростест (EAC) 16/1 ТБ, Nano-SIM, оранжевый",4788632.0,ozon,https://ir-3.ozone.ru/s3/multimedia-1-9/wc500/14390293941.jpg,https://ozon.uz/product/smartfon-zashchishchennyy-igrovoy-protivoudarnyy-smartfon-16-1-tb-zolotoy-5621895809/,4.9,15
"SANCYI Смартфон 16/512 ГБ, черный",4452354.0,ozon,https://ir-3.ozone.ru/s3/multimedia-1-7/wc500/14914561471.jpg,https://ozon.uz/product/sancyi-smartfon-16-512-gb-chernyy-5762677445/,5.0,4
"Xiaomi Смартфон Redmi Note 14S 8/256 ГБ, Nano-SIM, фиолетовый",3095278.0,ozon,https://ir-3.ozone.ru/s3/multimedia-1-e/wc500/7529689526.jpg,https://ozon.uz/product/xiaomi-smartfon-redmi-note-14s-8-256-gb-nano-sim-fioletovyy-3107805746/,5.0,16
"Смартфон CMapTФOH NOTE 50 PRO EU 12/512 ГБ, Nano-SIM, черный",1093346.0,ozon,https://ir-3.ozone.ru/s3/multimedia-1-y/wc500/14682634270.jpg,https://ozon.uz/product/smartfon-cmaptfoh-note-50-pro-eu-12-512-gb-nano-sim-chernyy-5700199419/,4.8,298
"Смартфон 17 Pro Ростест (EAC) 16/1 ТБ, Micro-SIM, оранжевый",1077737.0,ozon,https://ir-3.ozone.ru/s3/multimedia-1-s/wc500/11215169596.jpg,https://ozon.uz/product/smartfon-17-pro-rostest-eac-16-1-tb-micro-sim-oranzhevyy-5585466148/,4.5,53
"Смартфон Tenco Spark 50 Pro Ростест (EAC) 16/1 ТБ, Nano-SIM, оранжевый",1272243.0,ozon,https://ir-3.ozone.ru/s3/multimedia-1-c/wc500/15098784060.jpg,https://ozon.uz/product/smartfon-tenco-spark-50-pro-rostest-eac-16-1-tb-nano-sim-oranzhevyy-5682909365/,4.8,121
"realme Смартфон C100X Ростест (EAC) 4/256 ГБ, голубой",2355077.0,ozon,https://ir-3.ozone.ru/s3/multimedia-1-5/wc500/12499621673.jpg,https://ozon.uz/product/realme-smartfon-c100x-rostest-eac-4-256-gb-goluboy-4527059458/,,
"Honor Смартфон Ростест (EAC) 12/256 ГБ, Nano-SIM, черный",2747842.0,ozon,https://ir-3.ozone.ru/s3/multimedia-1-r/wc500/8050940379.jpg,https://ozon.uz/product/honor-smartfon-rostest-eac-12-256-gb-nano-sim-chernyy-2898357936/,5.0,2
"Samsung Смартфон Galaxy S26 Ultra Ростест (EAC) 12/256 ГБ, Nano-SIM, фиолетовый + 1 год связи МегаФон в подарок",5973575.0,ozon,https://ir-3.ozone.ru/s3/multimedia-1-w/wc500/7347861752.jpg,https://ozon.uz/product/vosstanovlennyy-apple-smartfon-iphone-15-6-128-gb-nano-sim-rozovyy-3761208300/,4.7,59
"Смартфон TECN0 Pova 7 Pro Ростест (EAC) 16/1 ТБ, Micro-SIM, светло-зеленый",1098894.0,ozon,https://ir-3.ozone.ru/s3/multimedia-1-s/wc500/14384312848.jpg,https://ozon.uz/product/smartfon-tecn0-pova-7-pro-rostest-eac-16-1-tb-micro-sim-svetlo-zelenyy-5823652408/,4.8,44
"Redmi Смартфон Redmi 14C Ростест (EAC) 8/256 ГБ, Nano-SIM, фиолетовый, черный матовый",1496186.0,ozon,https://ir-3.ozone.ru/s3/multimedia-1-1/wc500/14882173777.jpg,https://ozon.uz/product/redmi-smartfon-redmi-14c-rostest-eac-8-256-gb-nano-sim-fioletovyy-chernyy-matovyy-5753808149/,4.5,810
"Смартфон Camon 50 Ultra Ростест (EAC) 16/1 ТБ, Nano-SIM, серебристый",1522390.0,ozon,https://ir-3.ozone.ru/s3/multimedia-1-p/wc500/14864989381.jpg,https://ozon.uz/product/smartfon-camon-50-ultra-rostest-eac-16-1-tb-nano-sim-serebristyy-5734857423/,4.9,68
"Смартфон Tenco Spark 30 Pro Ростест (EAC) 16/1 ТБ, Nano-SIM, темно-серый",1099224.0,ozon,https://ir-3.ozone.ru/s3/multimedia-1-i/wc500/11931581790.jpg,https://ozon.uz/product/smartfon-tenco-spark-30-pro-rostest-eac-16-1-tb-nano-sim-temno-seryy-5552719590/,4.9,69
"Смартфон Tecn0 Pova 7 Ultra Ростест (EAC) 16/1 ТБ, Micro-SIM, светло-серый",1421561.0,ozon,https://ir-3.ozone.ru/s3/multimedia-1-0/wc500/10288342836.jpg,https://ozon.uz/product/smartfon-tecn0-pova-7-ultra-rostest-eac-16-1-tb-micro-sim-svetlo-seryy-5788237035/,5.0,39
"Samsung Смартфон Galaxy Z Flip8 Ростест (EAC) 12/512 ГБ, Nano-SIM, eSIM, белый",14719069.0,ozon,https://ir-3.ozone.ru/s3/multimedia-1-5/wc500/12832150001.jpg,https://ozon.uz/product/samsung-smartfon-galaxy-z-flip8-rostest-eac-12-512-gb-nano-sim-esim-belyy-5152700971/,,
"Samsung Смартфон Galaxy S26 Ultra Ростест (EAC) 12/256 ГБ, Nano-SIM, фиолетовый + 1 год связи МегаФон в подарок",14764228.0,ozon,https://ir-3.ozone.ru/s3/multimedia-1-l/wc500/10881298209.jpg,https://ozon.uz/product/samsung-smartfon-galaxy-s26-ultra-rostest-eac-12-256-gb-nano-sim-fioletovyy-1-god-svyazi-megafon-4046144284/,,
"Смартфон Tenco Spark 50 Pro，Андроид15 Ростест (EAC) 16/1 ТБ, Nano-SIM, темно-зеленый",3027148.0,ozon,https://ir-3.ozone.ru/s3/multimedia-1-p/wc500/11281891741.jpg,https://ozon.uz/product/huawei-smartfon-nova-15-max-chz-lx1-51098uba-8-256-gb-nano-sim-goluboy-4636851520/,5.0,38
"Redmi Смартфон redmi 15c Global 8/256 ГБ, Nano-SIM, лазурный",1388201.0,ozon,https://ir-3.ozone.ru/s3/multimedia-1-o/wc500/20055166224.jpg,https://ozon.uz/product/redmi-smartfon-redmi-15c-global-8-256-gb-nano-sim-lazurnyy-5794171758/,4.6,53
"Смартфон TECN0 Spark 40 Pro Ростест (EAC) 16/1 ТБ, Micro-SIM, золотой",1024969.0,ozon,https://ir-3.ozone.ru/s3/multimedia-1-o/wc500/11636729232.jpg,https://ozon.uz/product/smartfon-tecn0-spark-40-pro-rostest-eac-16-1-tb-micro-sim-zolotoy-5724557541/,3.8,33
"Tecno Смартфон Spark 50 Ростест (EAC) 6/128 ГБ, Nano-SIM, фиолетовый",1884012.0,ozon,https://ir-3.ozone.ru/s3/multimedia-1-2/wc500/11645962958.jpg,https://ozon.uz/product/tecno-smartfon-spark-50-rostest-eac-6-128-gb-nano-sim-fioletovyy-4399054064/,,
"iQOO Смартфон Z11 lite Ростест (EAC) 4/128 ГБ, Nano-SIM, синий",2355260.0,ozon,https://ir-3.ozone.ru/s3/multimedia-1-q/wc500/10437051806.jpg,https://ozon.uz/product/iqoo-smartfon-z11-lite-rostest-eac-4-128-gb-nano-sim-siniy-4290465794/,4.9,2051
"Infinix Смартфон SMART 20 Ростест (EAC) 4/64 ГБ, Nano-SIM, черный, черно-серый",1535799.0,ozon,https://ir-3.ozone.ru/s3/multimedia-1-r/wc500/15301849059.jpg,https://ozon.uz/product/infinix-smartfon-smart-20-rostest-eac-4-64-gb-nano-sim-chernyy-cherno-seryy-5232791186/,4.9,574
"Смартфон Tenco Spark 50 Pro，Андроид15 Ростест (EAC) 16/1 ТБ, Nano-SIM, темно-зеленый",1137601.0,ozon,https://ir-3.ozone.ru/s3/multimedia-1-b/wc500/12343106819.jpg,https://ozon.uz/product/smartfon-tenco-spark-50-pro-android15-rostest-eac-16-1-tb-nano-sim-temno-zelenyy-5857554270/,5.0,23
"Смартфон 16/512 ГБ, Mini-SIM, черный",1344304.0,ozon,https://ir-3.ozone.ru/s3/multimedia-1-p/wc500/15054025597.jpg,https://ozon.uz/product/smartfon-16-512-gb-mini-sim-chernyy-5478578013/,5.0,29
"Смартфон IPhome 120 герц i17 Ultra Max 5G Ростест (EAC) 12/1 ТБ, Nano-SIM, темно-серый, пурпурный",1069617.0,ozon,https://ir-3.ozone.ru/s3/multimedia-1-g/wc500/13825732588.jpg,https://ozon.uz/product/smartfon-iphome-120-gerts-i17-ultra-max-5g-rostest-eac-12-1-tb-nano-sim-temno-seryy-purpurnyy-5868025260/,5.0,87
"Xiaomi Смартфон Redmi Note 14S 8/256 ГБ, Nano-SIM, черный",2995048.0,ozon,https://ir-3.ozone.ru/s3/multimedia-1-u/wc500/7529674962.jpg,https://ozon.uz/product/xiaomi-smartfon-redmi-note-14s-8-256-gb-nano-sim-chernyy-3107807574/,5.0,16
"Смартфон 17 Pro Max Ростест (EAC) 22/2 ТБ, Micro-SIM, черный",1563553.0,ozon,https://ir-3.ozone.ru/s3/multimedia-1-b/wc500/14065084415.jpg,https://ozon.uz/product/smartfon-17-pro-max-rostest-eac-22-2-tb-micro-sim-chernyy-5496547676/,4.5,83
"ENTAKOL Смартфон 8/256 ГБ, Nano-SIM, черный матовый, черный",823577.0,ozon,https://ir-3.ozone.ru/s3/multimedia-1-d/wc500/15312579709.jpg,https://ozon.uz/product/entakol-smartfon-8-256-gb-nano-sim-chernyy-matovyy-chernyy-5176283621/,1.3,3
"Apple Смартфон iPhone 17 Pro SIM+eSIM 12/1 ТБ, Nano-SIM, оранжевый",20574187.0,ozon,https://ir-3.ozone.ru/s3/multimedia-1-c/wc500/8314736304.jpg,https://ozon.uz/product/apple-smartfon-iphone-17-pro-sim-esim-12-1-tb-nano-sim-oranzhevyy-2830520097/,,
"Смартфон Tenco Camon 40 Neo Ростест (EAC) 16/1 ТБ, Micro-SIM, коричневый",1136755.0,ozon,https://ir-3.ozone.ru/s3/multimedia-1-n/wc500/10911791687.jpg,https://ozon.uz/product/smartfon-tenco-camon-40-neo-rostest-eac-16-1-tb-micro-sim-korichnevyy-5758402732/,4.9,53
"Смартфон Samsvng Glaxay S26 Plus Ростест (EAC) 16/1 ТБ, Nano-SIM, бронза",1078868.0,ozon,https://ir-3.ozone.ru/s3/multimedia-1-b/wc500/13984799195.jpg,https://ozon.uz/product/smartfon-samsvng-glaxay-s26-plus-rostest-eac-16-1-tb-nano-sim-bronza-5618659758/,4.6,83
"Samsung Смартфон Galaxy A37 Ростест (EAC) 8/256 ГБ, Nano-SIM, черный + 1 год связи МегаФон в подарок",4392164.0,ozon,https://ir-3.ozone.ru/s3/multimedia-1-v/wc500/13583232355.jpg,https://ozon.uz/product/huawei-smartfon-nova-15-rostest-eac-12-512-gb-nano-sim-zelenyy-3879145126/,4.9,77
"Смартфон 2026 года Tecon Camon 50 Pro 5G Ростест (EAC) 12/1 ТБ, Nano-SIM, бежевый, белый",1067206.0,ozon,https://ir-3.ozone.ru/s3/multimedia-1-a/wc500/12263608450.jpg,https://ozon.uz/product/smartfon-2026-goda-tecon-camon-50-pro-5g-rostest-eac-12-1-tb-nano-sim-bezhevyy-belyy-5801147008/,4.9,77
"Redmi Смартфон Ростест (EAC) 8/256 ГБ, Nano-SIM, черный матовый",1542454.0,ozon,https://ir-3.ozone.ru/s3/multimedia-1-j/wc500/8878403395.jpg,https://ozon.uz/product/redmi-smartfon-rostest-eac-8-256-gb-nano-sim-chernyy-matovyy-4957050454/,4.5,1342
"Apple Смартфон iPhone 17 Pro Max SIM+eSIM 12/256 ГБ, Nano-SIM, серебристый",17231871.0,ozon,https://ir-3.ozone.ru/s3/multimedia-1-h/wc500/8016627149.jpg,https://ozon.uz/product/apple-smartfon-iphone-17-pro-max-sim-esim-12-256-gb-nano-sim-serebristyy-2830520102/,,
"Смартфон Samsumg Galxay S26 Ultra Ростест (EAC) 16/1 ТБ, Micro-SIM, темно-синий, лазурный",1485995.0,ozon,https://ir-3.ozone.ru/s3/multimedia-1-j/wc500/14384062243.jpg,https://ozon.uz/product/smartfon-samsumg-galxay-s26-ultra-rostest-eac-16-1-tb-micro-sim-temno-siniy-lazurnyy-5583710560/,4.7,93
"Samsung Смартфон Galaxy A37 Ростест (EAC) 8/256 ГБ, Nano-SIM, черный + 1 год связи МегаФон в подарок",4639507.0,ozon,https://ir-3.ozone.ru/s3/multimedia-1-b/wc500/10881327215.jpg,https://ozon.uz/product/samsung-smartfon-galaxy-a37-rostest-eac-8-256-gb-nano-sim-chernyy-1-god-svyazi-megafon-v-podarok-4046141981/,,
"Смартфон I16 Pro Max, В качестве подарка родным и близким Ростест (EAC) 12/512 ГБ, Nano-SIM, светло-синий, голубой",19677440.0,ozon,https://ir-3.ozone.ru/s3/multimedia-1-g/wc500/7975514464.jpg,https://ozon.uz/product/apple-smartfon-iphone-17-pro-max-sim-esim-12-512-gb-nano-sim-oranzhevyy-2830520179/,4.9,34
"Смартфон HQNOR 600 5G Ростест (EAC) 16/1 ТБ, Micro-SIM, черный",1354032.0,ozon,https://ir-3.ozone.ru/s3/multimedia-1-3/wc500/14669756895.jpg,https://ozon.uz/product/smartfon-hqnor-600-5g-rostest-eac-16-1-tb-micro-sim-chernyy-5697132871/,4.9,34
"Смартфон I16 Pro Max, В качестве подарка родным и близким Ростест (EAC) 12/512 ГБ, Nano-SIM, светло-синий, голубой",941196.0,ozon,https://ir-3.ozone.ru/s3/multimedia-1-0/wc500/15093161496.jpg,https://ozon.uz/product/smartfon-i16-pro-max-v-kachestve-podarka-rodnym-i-blizkim-rostest-eac-12-512-gb-nano-sim-svetlo-5810556228/,4.8,401
"Смартфон Tenco Pova 9 Pro  Ростест (EAC) 16/1 ТБ, Nano-SIM, серый металлик",1349720.0,ozon,https://ir-3.ozone.ru/s3/multimedia-1-i/wc500/15445637298.jpg,https://ozon.uz/product/smartfon-tenco-pova-9-pro-rostest-eac-16-1-tb-nano-sim-seryy-metallik-5631626999/,5.0,38
"Redmi Смартфон Ростест (EAC) 8/256 ГБ, Nano-SIM, синий, светло-синий",2124540.0,ozon,https://ir-3.ozone.ru/s3/multimedia-1-1/wc500/13956793957.jpg,https://ozon.uz/product/redmi-smartfon-rostest-eac-8-256-gb-nano-sim-siniy-svetlo-siniy-5493421010/,4.5,46
"Qualcomm Смартфон EU 16/1 ТБ, Nano-SIM, оранжевый",1205255.0,ozon,https://ir-3.ozone.ru/s3/multimedia-1-p/wc500/13659353377.jpg,https://ozon.uz/product/qualcomm-smartfon-eu-16-1-tb-nano-sim-oranzhevyy-5130249677/,3.9,17
"Смартфон Rеdmi 13C, Dual Nano Sim, IPS экран 8/256 ГБ, Nano-SIM, белый, голубой",2479519.0,ozon,https://ir-3.ozone.ru/s3/multimedia-1-t/wc500/14596503473.jpg,https://ozon.uz/product/smartfon-redmi-13c-dual-nano-sim-ips-ekran-8-256-gb-nano-sim-belyy-goluboy-5586621057/,5.0,142
"Смартфон Samsvng Galaxy S25 Ultra Смартфон Глобальная русская версия для ЕС, сеть 4G, Wi-FI+GPS+Bluetooth, две SIM-карты, 6,8 дюйма, большой экран высокой четкости, гибкая камера, быстрая зарядка, мощное игровое устройство, аккумулятор большой емкости EU Ростест (EAC) EU 12/512 ГБ, Nano-SIM, черный матовый, шоколадный",878491.0,ozon,https://ir-3.ozone.ru/s3/multimedia-1-z/wc500/15213210659.jpg,https://ozon.uz/product/smartfon-12-512-gb-nano-sim-sirenevyy-5844509014/,4.8,424
"Samsung Смартфон Galaxy S26 Ultra Ростест (EAC) 12/256 ГБ, Nano-SIM, фиолетовый",14664189.0,ozon,https://ir-3.ozone.ru/s3/multimedia-1-o/wc500/9121873740.jpg,https://ozon.uz/product/samsung-smartfon-galaxy-s26-ultra-rostest-eac-12-256-gb-nano-sim-fioletovyy-3485035092/,,
"Samsung Смартфон Galaxy Z Fold8 Ростест (EAC) 12/512 ГБ, Nano-SIM, eSIM, черный",21195498.0,ozon,https://ir-3.ozone.ru/s3/multimedia-1-m/wc500/12829913410.jpg,https://ozon.uz/product/samsung-smartfon-galaxy-z-fold8-rostest-eac-12-512-gb-nano-sim-esim-chernyy-5152693970/,,
"Смартфон S26 Ultra Ростест (EAC) 16/1 ТБ, Nano-SIM, черный матовый, темно-серый",1136363.0,ozon,https://ir-3.ozone.ru/s3/multimedia-1-x/wc500/12576244749.jpg,https://ozon.uz/product/smartfon-s26-ultra-rostest-eac-16-1-tb-nano-sim-chernyy-matovyy-temno-seryy-5617845073/,4.8,120
"Смартфон Camon 40 Pro,смартфон андроид 15,телефоны смартфоны Ростест (EAC) 16/1 ТБ, Micro-SIM, Nano-SIM, зеленый",1114574.0,ozon,https://ir-3.ozone.ru/s3/multimedia-1-d/wc500/14879147881.jpg,https://ozon.uz/product/smartfon-camon-40-pro-smartfon-android-15-telefony-smartfony-rostest-eac-16-1-tb-micro-sim-nano-4983957550/,5.0,142
"Xiaomi Смартфон REDMI Note 17 Pro 5G Ростест (EAC) 8/256 ГБ, Nano-SIM, eSIM, сиреневый",3971174.0,ozon,https://ir-3.ozone.ru/s3/multimedia-1-z/wc500/14604889859.jpg,https://ozon.uz/product/xiaomi-smartfon-redmi-note-17-pro-5g-rostest-eac-8-256-gb-nano-sim-esim-sirenevyy-5679116760/,5.0,63
"Honor Смартфон HONOR 600 Ростест (EAC) 12/256 ГБ, Nano-SIM, золотой",5276648.0,ozon,https://ir-3.ozone.ru/s3/multimedia-1-s/wc500/11772557164.jpg,https://ozon.uz/product/honor-smartfon-honor-600-rostest-eac-12-256-gb-nano-sim-zolotoy-4819789614/,5.0,94
"Смартфон Samsvng Galaxy S25 Ultra Смартфон Глобальная русская версия для ЕС, сеть 4G, Wi-FI+GPS+Bluetooth, две SIM-карты, 6,8 дюйма, большой экран высокой четкости, гибкая камера, быстрая зарядка, мощное игровое устройство, аккумулятор большой емкости EU Ростест (EAC) EU 12/512 ГБ, Nano-SIM, черный матовый, шоколадный",946905.0,ozon,https://ir-3.ozone.ru/s3/multimedia-1-c/wc500/14842333380.jpg,https://ozon.uz/product/smartfon-samsvng-galaxy-s25-ultra-smartfon-globalnaya-russkaya-versiya-dlya-es-set-4g-wi-fi-5637589775/,3.3,164
"Honor Смартфон HONOR 600 Ростест (EAC) 12/256 ГБ, Nano-SIM, черный",2231863.0,ozon,https://ir-3.ozone.ru/s3/multimedia-1-4/wc500/12410916916.jpg,https://ozon.uz/product/poco-smartfon-poco-m7-rostest-eac-6-128-gb-nano-sim-chernyy-5031787630/,4.9,855
"realme Смартфон C85 8/256 ГБ, Nano-SIM, голубой",2196534.0,ozon,https://ir-3.ozone.ru/s3/multimedia-1-y/wc500/12583991302.jpg,https://ozon.uz/product/realme-smartfon-c85-8-256-gb-nano-sim-goluboy-4667447447/,4.9,986
"vivo Смартфон Y31d Ростест (EAC) 8/128 ГБ, Nano-SIM, серый",2637521.0,ozon,https://ir-3.ozone.ru/s3/multimedia-1-0/wc500/10250219484.jpg,https://ozon.uz/product/vivo-smartfon-y31d-rostest-eac-8-128-gb-nano-sim-seryy-4193196314/,4.9,180
"Honor Смартфон HONOR 600 Ростест (EAC) 12/256 ГБ, Nano-SIM, черный",5277854.0,ozon,https://ir-3.ozone.ru/s3/multimedia-1-n/wc500/11772559427.jpg,https://ozon.uz/product/honor-smartfon-honor-600-rostest-eac-12-256-gb-nano-sim-chernyy-4819793037/,5.0,94
"Redmi Смартфон Ростест (EAC) 8/256 ГБ, Nano-SIM, бирюзовый",1570519.0,ozon,https://ir-3.ozone.ru/s3/multimedia-1-6/wc500/11437439730.jpg,https://ozon.uz/product/redmi-smartfon-rostest-eac-8-256-gb-nano-sim-biryuzovyy-5678651510/,4.5,1342
"Redmi Смартфон Global 8/256 ГБ, Nano-SIM, темно-синий, синий",1235436.0,ozon,https://ir-3.ozone.ru/s3/multimedia-1-j/wc500/10766327887.jpg,https://ozon.uz/product/redmi-smartfon-global-8-256-gb-nano-sim-temno-siniy-siniy-4830215817/,4.0,30
"Apple Смартфон iPhone 17 Pro Max eSIM 12/512 ГБ, eSIM, оранжевый",17400912.0,ozon,https://ir-3.ozone.ru/s3/multimedia-1-u/wc500/8314736502.jpg,https://ozon.uz/product/apple-smartfon-iphone-17-pro-max-esim-12-512-gb-esim-oranzhevyy-3094130605/,,
"Смартфон s26u Ростест (EAC) 16/1 ТБ, Nano-SIM, золотой",903476.0,ozon,https://ir-3.ozone.ru/s3/multimedia-1-d/wc500/13818640261.jpg,https://ozon.uz/product/smartfon-s26u-rostest-eac-16-1-tb-nano-sim-zolotoy-5453311259/,4.4,85
"Смартфон I15 Pro Max, В качестве подарка родным и близким Ростест (EAC) 12/512 ГБ, Micro-SIM, синий",2384069.0,ozon,https://ir-3.ozone.ru/s3/multimedia-1-g/wc500/12500670436.jpg,https://ozon.uz/product/realme-smartfon-c85-pro-8-256-gb-nano-sim-zelenyy-4668853681/,4.9,703
"Infinix Смартфон Note 60 Pro Ростест (EAC) 12/256 ГБ, Nano-SIM, eSIM, темно-синий",4518185.0,ozon,https://ir-3.ozone.ru/s3/multimedia-1-2/wc500/9380020286.jpg,https://ozon.uz/product/infinix-smartfon-note-60-pro-rostest-eac-12-256-gb-nano-sim-esim-temno-siniy-4045587279/,4.9,128
"Смартфон I15 Pro Max, В качестве подарка родным и близким Ростест (EAC) 12/512 ГБ, Micro-SIM, синий",918498.0,ozon,https://ir-3.ozone.ru/s3/multimedia-1-w/wc500/8852560808.jpg,https://ozon.uz/product/smartfon-i15-pro-max-v-kachestve-podarka-rodnym-i-blizkim-rostest-eac-12-512-gb-micro-sim-siniy-3416583042/,4.4,419
"realme Смартфон realme C85 Ростест (EAC) 6/128 ГБ, Nano-SIM, пурпурный, фиолетовый",2204733.0,ozon,https://ir-3.ozone.ru/s3/multimedia-1-y/wc500/15277699906.jpg,https://ozon.uz/product/realme-smartfon-realme-c85-rostest-eac-6-128-gb-nano-sim-purpurnyy-fioletovyy-4757639764/,4.8,77
"W&O Смартфон 12/512 ГБ, Mini-SIM, прозрачный, синий",2456722.0,ozon,https://ir-3.ozone.ru/s3/multimedia-1-y/wc500/10258933174.jpg,https://ozon.uz/product/w-o-smartfon-12-512-gb-mini-sim-prozrachnyy-siniy-4473697452/,4.8,20
"Смартфон GaIxay S26 Ultra Ростест (EAC) 16/1 ТБ, Micro-SIM, черный матовый",1198110.0,ozon,https://ir-3.ozone.ru/s3/multimedia-1-b/wc500/13519499087.jpg,https://ozon.uz/product/smartfon-gaixay-s26-ultra-rostest-eac-16-1-tb-micro-sim-chernyy-matovyy-5586111531/,5.0,39
"Samsung Смартфон Galaxy Z Flip8 Ростест (EAC) 12/512 ГБ, Nano-SIM, eSIM, черный",14719069.0,ozon,https://ir-3.ozone.ru/s3/multimedia-1-e/wc500/12831889190.jpg,https://ozon.uz/product/samsung-smartfon-galaxy-z-flip8-rostest-eac-12-512-gb-nano-sim-esim-chernyy-5152700915/,,
"Смартфон Samsvng Galaxy S25FE Смартфон Глобальная русская версия для ЕС, сеть 4G, Wi-FI+GPS+Bluetooth, две SIM-карты, 6,8 дюйма, большой экран высокой четкости, гибкая камера, быстрая зарядка, мощное игровое устройство, аккумулятор большой емкости EU Ростест (EAC) EU 16/1 ТБ, Nano-SIM, золотой",22961822.0,ozon,https://ir-3.ozone.ru/s3/multimedia-1-9/wc500/12824527545.jpg,https://ozon.uz/product/samsung-smartfon-galaxy-z-fold8-ultra-rostest-eac-12-512-gb-nano-sim-esim-fioletovyy-5152695566/,5.0,28
"Смартфон Tenco Camon 50 Ultra Ростест (EAC) 16/1 ТБ, Nano-SIM, бирюзовый",1072134.0,ozon,https://ir-3.ozone.ru/s3/multimedia-1-z/wc500/12301717283.jpg,https://ozon.uz/product/smartfon-tenco-camon-50-ultra-rostest-eac-16-1-tb-nano-sim-biryuzovyy-5785529407/,5.0,28
"Apple Смартфон iPhone 17 Pro Max Sim+eSim 12/256 ГБ, Nano-SIM, темно-синий",17937043.0,ozon,https://ir-3.ozone.ru/s3/multimedia-1-j/wc500/7971993883.jpg,https://ozon.uz/product/apple-smartfon-iphone-17-pro-max-sim-esim-12-256-gb-nano-sim-temno-siniy-4875515841/,5.0,10
"Redmi Смартфон Ростест (EAC) 8/256 ГБ, Nano-SIM, черный, перламутровый",1490458.0,ozon,https://ir-3.ozone.ru/s3/multimedia-1-3/wc500/10766477487.jpg,https://ozon.uz/product/redmi-smartfon-rostest-eac-8-256-gb-nano-sim-chernyy-perlamutrovyy-4830038046/,4.4,49
"Смартфон Samsvng Galaxy S25FE Смартфон Глобальная русская версия для ЕС, сеть 4G, Wi-FI+GPS+Bluetooth, две SIM-карты, 6,8 дюйма, большой экран высокой четкости, гибкая камера, быстрая зарядка, мощное игровое устройство, аккумулятор большой емкости EU Ростест (EAC) EU 16/1 ТБ, Nano-SIM, золотой",1139593.0,ozon,https://ir-3.ozone.ru/s3/multimedia-1-v/wc500/14065773475.jpg,https://ozon.uz/product/smartfon-samsvng-galaxy-s25fe-smartfon-globalnaya-russkaya-versiya-dlya-es-set-4g-wi-fi-5469537146/,3.8,217
"Google Смартфон Pixel 10 Global 12/128 ГБ, Nano-SIM, eSIM, черный",8655394.0,ozon,https://ir-3.ozone.ru/s3/multimedia-1-r/wc500/7951613391.jpg,https://ozon.uz/product/google-smartfon-pixel-10-global-12-128-gb-nano-sim-esim-chernyy-3865459975/,5.0,36
"Samsung Смартфон Galaxy A07 Global 4/64 ГБ, Nano-SIM, черный",1882296.0,ozon,https://ir-3.ozone.ru/s3/multimedia-1-s/wc500/8301339136.jpg,https://ozon.uz/product/samsung-smartfon-galaxy-a07-global-4-64-gb-nano-sim-chernyy-5098001594/,5.0,2
"Смартфон P0C0 M8 Ростест (EAC) 16/1 ТБ, Nano-SIM, серый",1458959.0,ozon,https://ir-3.ozone.ru/s3/multimedia-1-y/wc500/14978257666.jpg,https://ozon.uz/product/smartfon-p0c0-m8-rostest-eac-16-1-tb-nano-sim-seryy-5720098462/,5.0,44
"Смартфон POC0 X7 Ultra 5G, андроид 15, флагман 2026 года Ростест (EAC) 16/1 ТБ, Nano-SIM, черно-серый, оранжевый",2606010.0,ozon,https://ir-3.ozone.ru/s3/multimedia-1-1/wc500/15392816245.jpg,https://ozon.uz/product/vosstanovlennyy-apple-smartfon-iphone-12-mini-4-128-gb-nano-sim-chernyy-3235278406/,4.5,75
"Xiaomi Смартфон REDMI Note 17 Pro 5G 8/256 ГБ, Nano-SIM, eSIM, черный",3945328.0,ozon,https://ir-3.ozone.ru/s3/multimedia-1-e/wc500/14561407274.jpg,https://ozon.uz/product/xiaomi-smartfon-redmi-note-17-pro-5g-8-256-gb-nano-sim-esim-chernyy-5658897473/,5.0,15
"Samsung Смартфон Galaxy S25 FE 5G Global 8/256 ГБ, Nano-SIM, голубой",6912774.0,ozon,https://ir-3.ozone.ru/s3/multimedia-1-0/wc500/8770457196.jpg,https://ozon.uz/product/samsung-smartfon-galaxy-s25-fe-5g-global-8-256-gb-nano-sim-goluboy-3371604715/,4.9,57
"Смартфон I15 Pro Max, В качестве подарка родным и близким Ростест (EAC) 12/512 ГБ, Micro-SIM, белый",915898.0,ozon,https://ir-3.ozone.ru/s3/multimedia-1-o/wc500/8852560116.jpg,https://ozon.uz/product/smartfon-i15-pro-max-v-kachestve-podarka-rodnym-i-blizkim-rostest-eac-12-512-gb-micro-sim-belyy-3416580925/,4.4,419
"Смартфон Tenco Pova 7 Pro Ростест (EAC) 16/1 ТБ, Micro-SIM, темно-зеленый",1111355.0,ozon,https://ir-3.ozone.ru/s3/multimedia-1-r/wc500/8567238195.jpg,https://ozon.uz/product/smartfon-tenco-pova-7-pro-rostest-eac-16-1-tb-micro-sim-temno-zelenyy-5818585265/,4.9,40
"Смартфон POC0 X7 Ultra 5G, андроид 15, флагман 2026 года Ростест (EAC) 16/1 ТБ, Nano-SIM, черно-серый, оранжевый",1616181.0,ozon,https://ir-3.ozone.ru/s3/multimedia-1-e/wc500/13775833130.jpg,https://ozon.uz/product/smartfon-poc0-x7-ultra-5g-android-15-flagman-2026-goda-rostest-eac-16-1-tb-nano-sim-cherno-5169009340/,5.0,42
"Смартфон HONOR 600 Pro Max Ростест (EAC) 16/1 ТБ, Nano-SIM, черный матовый",1250695.0,ozon,https://ir-3.ozone.ru/s3/multimedia-1-f/wc500/14712200979.jpg,https://ozon.uz/product/smartfon-honor-600-pro-max-rostest-eac-16-1-tb-nano-sim-chernyy-matovyy-5683382695/,4.8,50
"Tecno Смартфон CAMON 50 Ultra 5G CN7c Ростест (EAC) 8/512 ГБ, Nano-SIM, зеленый + Смарт-часы Tecno WGT01 Black",1180072.0,ozon,https://ir-3.ozone.ru/s3/multimedia-1-n/wc500/14507155643.jpg,https://ozon.uz/product/smartfon-h0n0r-600-eu-16-1-tb-nano-sim-oranzhevyy-5652438786/,3.7,223
"Samsung Смартфон Galaxy A17 Ростест (EAC) 4/128 ГБ, Nano-SIM, черный",2201789.0,ozon,https://ir-3.ozone.ru/s3/multimedia-1-r/wc500/8128572039.jpg,https://ozon.uz/product/samsung-smartfon-galaxy-a17-rostest-eac-4-128-gb-nano-sim-chernyy-2810567742/,4.9,362
"Tecno Смартфон CAMON 50 Ultra 5G CN7c Ростест (EAC) 8/512 ГБ, Nano-SIM, зеленый + Смарт-часы Tecno WGT01 Black",5235266.0,ozon,https://ir-3.ozone.ru/s3/multimedia-1-g/wc500/12348558484.jpg,https://ozon.uz/product/tecno-smartfon-camon-50-ultra-5g-cn7c-rostest-eac-8-512-gb-nano-sim-zelenyy-smart-chasy-tecno-5009089434/,,
"Смартфон Защищенный игровой противоударный смартфон 16/512 ГБ, черный матовый",3778690.0,ozon,https://ir-3.ozone.ru/s3/multimedia-1-q/wc500/14376692654.jpg,https://ozon.uz/product/smartfon-zashchishchennyy-igrovoy-protivoudarnyy-smartfon-16-512-gb-chernyy-matovyy-5617638410/,4.9,197
"Samsung Смартфон 6/128 ГБ, Nano-SIM, черный",2778923.0,ozon,https://ir-3.ozone.ru/s3/multimedia-1-c/wc500/8869367388.jpg,https://ozon.uz/product/samsung-smartfon-6-128-gb-nano-sim-chernyy-4071565653/,5.0,1
"Redmi Смартфон redmi 15c Global 8/256 ГБ, Nano-SIM, черный",1388201.0,ozon,https://ir-3.ozone.ru/s3/multimedia-1-s/wc500/20055168892.jpg,https://ozon.uz/product/redmi-smartfon-redmi-15c-global-8-256-gb-nano-sim-chernyy-5794147770/,4.6,53
"Смартфон Tenco Camon 40 Neo Ростест (EAC) 16/1 ТБ, Micro-SIM, белый",1126739.0,ozon,https://ir-3.ozone.ru/s3/multimedia-1-4/wc500/10911807040.jpg,https://ozon.uz/product/smartfon-tenco-camon-40-neo-rostest-eac-16-1-tb-micro-sim-belyy-3218335307/,4.9,53
"Tecno Смартфон TECNO CAMON 50 Ultra Ростест (EAC) 8/256 ГБ, Nano-SIM, eSIM, зеленый",3920685.0,ozon,https://ir-3.ozone.ru/s3/multimedia-1-t/wc500/12501075737.jpg,https://ozon.uz/product/tecno-smartfon-tecno-camon-50-ultra-rostest-eac-8-256-gb-nano-sim-esim-zelenyy-3825280864/,5.0,25
"Xiaomi Смартфон REDMI 17 Ростест (EAC) 8/256 ГБ, Nano-SIM, черный",2706186.0,ozon,https://ir-3.ozone.ru/s3/multimedia-1-c/wc500/15482778060.jpg,https://ozon.uz/product/xiaomi-smartfon-redmi-17-rostest-eac-8-256-gb-nano-sim-chernyy-5514933731/,5.0,63
"Смартфон Tenco Camon 40 Neo Ростест (EAC) 16/1 ТБ, Micro-SIM, хаки, шоколадный",1125982.0,ozon,https://ir-3.ozone.ru/s3/multimedia-1-j/wc500/10911792655.jpg,https://ozon.uz/product/smartfon-tenco-camon-40-neo-rostest-eac-16-1-tb-micro-sim-haki-shokoladnyy-5683074434/,4.9,53
"Samsung Смартфон Galaxy S26 Ultra Ростест (EAC) 16/1 ТБ, Nano-SIM, голубой",22255292.0,ozon,https://ir-3.ozone.ru/s3/multimedia-1-8/wc500/9121949432.jpg,https://ozon.uz/product/samsung-smartfon-galaxy-s26-ultra-rostest-eac-16-1-tb-nano-sim-goluboy-3485033595/,,
"Redmi Смартфон Redmi Note 12 pro Ростест (EAC) 12/256 ГБ, Nano-SIM, черный",2414202.0,ozon,https://ir-3.ozone.ru/s3/multimedia-1-k/wc500/13974521636.jpg,https://ozon.uz/product/redmi-smartfon-redmi-note-12-pro-rostest-eac-12-256-gb-nano-sim-chernyy-5498454310/,4.6,532
"Смартфон TACN0 Spark40 Pro+ EU 12/512 ГБ, Nano-SIM, белый, кремовый",975412.0,ozon,https://ir-3.ozone.ru/s3/multimedia-1-2/wc500/14013405326.jpg,https://ozon.uz/product/smartfon-tacn0-spark40-pro-eu-12-512-gb-nano-sim-belyy-kremovyy-5872331998/,5.0,319
"Honor Смартфон X7d Ростест (EAC) 8/256 ГБ, Nano-SIM, черный",2683372.0,ozon,https://ir-3.ozone.ru/s3/multimedia-1-m/wc500/20143595830.jpg,https://ozon.uz/product/honor-smartfon-x7d-rostest-eac-8-256-gb-nano-sim-chernyy-5540766292/,4.9,11
"Honor Смартфон HONOR 600 Ростест (EAC) 12/256 ГБ, Nano-SIM, eSIM, черный",5352685.0,ozon,https://ir-3.ozone.ru/s3/multimedia-1-g/wc500/14424090496.jpg,https://ozon.uz/product/honor-smartfon-honor-600-rostest-eac-12-256-gb-nano-sim-esim-chernyy-4866113351/,5.0,4
"Смартфон I15 Pro Max, В качестве подарка родным и близким Ростест (EAC) 12/512 ГБ, Nano-SIM, прозрачный",1519105.0,ozon,https://ir-3.ozone.ru/s3/multimedia-1-b/wc500/14714855363.jpg,https://ozon.uz/product/smartfon-samsumg-galxay-s27-ultra-rostest-eac-16-1-tb-micro-sim-temno-siniy-5676217884/,4.7,63
"Смартфон I15 Pro Max, В качестве подарка родным и близким Ростест (EAC) 12/512 ГБ, Nano-SIM, прозрачный",907060.0,ozon,https://ir-3.ozone.ru/s3/multimedia-1-u/wc500/14404327266.jpg,https://ozon.uz/product/smartfon-i15-pro-max-v-kachestve-podarka-rodnym-i-blizkim-rostest-eac-12-512-gb-nano-sim-prozrachnyy-5507482544/,4.2,259
"Redmi Смартфон redmi 15c Global 8/256 ГБ, Nano-SIM, темно-зеленый",1388201.0,ozon,https://ir-3.ozone.ru/s3/multimedia-1-u/wc500/20055162522.jpg,https://ozon.uz/product/redmi-smartfon-redmi-15c-global-8-256-gb-nano-sim-temno-zelenyy-5794175854/,4.6,53
"Смартфон HON0R 600 Ростест (EAC) 16/1 ТБ, Micro-SIM, белый",1056815.0,ozon,https://ir-3.ozone.ru/s3/multimedia-1-7/wc500/15427134871.jpg,https://ozon.uz/product/smartfon-hon0r-600-rostest-eac-16-1-tb-micro-sim-belyy-5880380873/,4.2,144
"Смартфон Reaime Note 60x Ростест (EAC) 16/1 ТБ, Nano-SIM, бронза",1156588.0,ozon,https://ir-3.ozone.ru/s3/multimedia-1-1/wc500/11405740861.jpg,https://ozon.uz/product/smartfon-reaime-note-60x-rostest-eac-16-1-tb-nano-sim-bronza-5742359885/,5.0,32
"Xiaomi Смартфон 17T Pro Ростест (EAC) 12/512 ГБ, Nano-SIM, eSIM, черный",9419225.0,ozon,https://ir-3.ozone.ru/s3/multimedia-1-0/wc500/11163577320.jpg,https://ozon.uz/product/xiaomi-smartfon-17t-pro-rostest-eac-12-512-gb-nano-sim-esim-chernyy-4465904259/,,
"Смартфон Мини смартфон  G17 PRO MINI 4/32ГБ 4/32 ГБ, Mini-SIM, черный",526787.0,ozon,https://ir-3.ozone.ru/s3/multimedia-1-v/wc500/8768889391.jpg,https://ozon.uz/product/smartfon-mini-smartfon-g17-pro-mini-4-32gb-4-32-gb-mini-sim-chernyy-2868626104/,4.1,306
"HUAWEI Смартфон Nova 15 12/512 ГБ, Nano-SIM, черный",3771141.0,ozon,https://ir-3.ozone.ru/s3/multimedia-1-l/wc500/14846106693.jpg,https://ozon.uz/product/huawei-smartfon-nova-15-12-512-gb-nano-sim-chernyy-4125949869/,5.0,113
"HUAWEI Смартфон Huawei Nova 15 12/256 ГБ, Nano-SIM, черный",4177361.0,ozon,https://ir-3.ozone.ru/s3/multimedia-1-p/wc500/13780101265.jpg,https://ozon.uz/product/huawei-smartfon-huawei-nova-15-12-256-gb-nano-sim-chernyy-5293168526/,4.9,41
"Смартфон HON0R 600 Pro Ростест (EAC) 16/1 ТБ, Nano-SIM, медь",1289154.0,ozon,https://ir-3.ozone.ru/s3/multimedia-1-0/wc500/15329176236.jpg,https://ozon.uz/product/smartfon-hon0r-600-pro-rostest-eac-16-1-tb-nano-sim-med-5811349181/,5.0,8
"Samsung Смартфон Galaxy Z Fold8 Ultra Ростест (EAC) 16/1 ТБ, Nano-SIM, eSIM, фиолетовый",30027117.0,ozon,https://ir-3.ozone.ru/s3/multimedia-1-9/wc500/12824527545.jpg,https://ozon.uz/product/samsung-smartfon-galaxy-z-fold8-ultra-rostest-eac-16-1-tb-nano-sim-esim-fioletovyy-5152696487/,,
"W&O Смартфон 4/64 ГБ, Nano-SIM, черный",678900.0,ozon,https://ir-3.ozone.ru/s3/multimedia-1-t/wc500/8073364457.jpg,https://ozon.uz/product/w-o-smartfon-4-64-gb-nano-sim-chernyy-2915310827/,4.3,348
"Redmi Смартфон 8/256 ГБ, Nano-SIM, черный матовый, черный",1456291.0,ozon,https://ir-3.ozone.ru/s3/multimedia-1-5/wc500/10501653245.jpg,https://ozon.uz/product/redmi-smartfon-8-256-gb-nano-sim-chernyy-matovyy-chernyy-4829977960/,4.3,484
"Смартфон HONOR APhone 17 Max Ростест (EAC) 16/1 ТБ, Micro-SIM, темно-зеленый, бирюзовый",1065935.0,ozon,https://ir-3.ozone.ru/s3/multimedia-1-9/wc500/10919039373.jpg,https://ozon.uz/product/smartfon-honor-aphone-17-max-rostest-eac-16-1-tb-micro-sim-temno-zelenyy-biryuzovyy-5739700766/,4.7,56
"Смартфон Camon 50 Ultra Ростест (EAC) 16/1 ТБ, Nano-SIM, черный",1522390.0,ozon,https://ir-3.ozone.ru/s3/multimedia-1-v/wc500/14864983087.jpg,https://ozon.uz/product/smartfon-camon-50-ultra-rostest-eac-16-1-tb-nano-sim-chernyy-5734858145/,4.9,68
"Смартфон Sumsvng Galaxy S56 Российская версия: Galaxy S56 Смартфон Глобальная русская версия для ЕС, сеть 4G, Wi-FI+GPS+Bluetooth, две SIM-карты, 6,8 дюйма, большой экран высокой четкости, гибкая камера, быстрая зарядка, мощное игровое устройство, аккумулятор большой емкости EU Ростест (EAC) EU 12/512 ГБ, Nano-SIM, темно-коричневый, черно-серый",4414431.0,ozon,https://ir-3.ozone.ru/s3/multimedia-1-c/wc500/8450977728.jpg,https://ozon.uz/product/vosstanovlennyy-apple-smartfon-iphone-14-6-128-gb-nano-sim-esim-fioletovyy-3761832913/,4.5,38
"Poco Смартфон X8 Pro Max Ростест (EAC) 12/256 ГБ, Nano-SIM, белый",5870017.0,ozon,https://ir-3.ozone.ru/s3/multimedia-1-x/wc500/9480257457.jpg,https://ozon.uz/product/poco-smartfon-x8-pro-max-rostest-eac-12-256-gb-nano-sim-belyy-3664682896/,4.9,121
"Samsung Смартфон Galaxy S26 Ultra Ростест (EAC) 12/512 ГБ, Nano-SIM, голубой",16763971.0,ozon,https://ir-3.ozone.ru/s3/multimedia-1-p/wc500/9121799257.jpg,https://ozon.uz/product/samsung-smartfon-galaxy-s26-ultra-rostest-eac-12-512-gb-nano-sim-goluboy-3485033658/,,
"Смартфон Sumsvng Galaxy S56 Российская версия: Galaxy S56 Смартфон Глобальная русская версия для ЕС, сеть 4G, Wi-FI+GPS+Bluetooth, две SIM-карты, 6,8 дюйма, большой экран высокой четкости, гибкая камера, быстрая зарядка, мощное игровое устройство, аккумулятор большой емкости EU Ростест (EAC) EU 12/512 ГБ, Nano-SIM, темно-коричневый, черно-серый",1536930.0,ozon,https://ir-3.ozone.ru/s3/multimedia-1-q/wc500/14813175410.jpg,https://ozon.uz/product/smartfon-sumsvng-galaxy-s56-rossiyskaya-versiya-galaxy-s56-smartfon-globalnaya-russkaya-versiya-dlya-5640477332/,3.8,135
"iQOO Смартфон Z11 lite Ростест (EAC) 6/256 ГБ, Nano-SIM, золотой",2941695.0,ozon,https://ir-3.ozone.ru/s3/multimedia-1-w/wc500/10229277092.jpg,https://ozon.uz/product/iqoo-smartfon-z11-lite-rostest-eac-6-256-gb-nano-sim-zolotoy-4143320028/,4.9,2051
"Tecno Смартфон SPARK GO 3 Ростест (EAC) 4/64 ГБ, Nano-SIM, серебристый",1072224.0,ozon,https://ir-3.ozone.ru/s3/multimedia-1-s/wc500/12152187532.jpg,https://ozon.uz/product/tecno-smartfon-spark-go-3-rostest-eac-4-64-gb-nano-sim-serebristyy-3642992089/,4.9,154
"Смартфон 2026 андроид 15 HON0R 600 Pro 5G Ростест (EAC) 16/1 ТБ, Nano-SIM, темно-серый, темно-зеленый",1340517.0,ozon,https://ir-3.ozone.ru/s3/multimedia-1-b/wc500/15028822271.jpg,https://ozon.uz/product/smartfon-2026-android-15-hon0r-600-pro-5g-rostest-eac-16-1-tb-nano-sim-temno-seryy-temno-zelenyy-5895172196/,5.0,89
"Смартфон Защищённый смартфон IP68/IP69K с NFC, 16 ГБ + 1024 ГБ, 20000 мАч, Android 14 Global 16/1 ТБ, Nano-SIM, золотой",5343231.0,ozon,https://ir-3.ozone.ru/s3/multimedia-1-v/wc500/8596048891.jpg,https://ozon.uz/product/iqoo-smartfon-neo-10-rostest-eac-12-256-gb-nano-sim-zolotoy-3053163410/,4.9,5749
"Redmi Смартфон Ростест (EAC) 8/256 ГБ, Nano-SIM, голубой",1671587.0,ozon,https://ir-3.ozone.ru/s3/multimedia-1-d/wc500/14809067581.jpg,https://ozon.uz/product/redmi-smartfon-rostest-eac-8-256-gb-nano-sim-goluboy-5683251780/,4.3,24
"Смартфон 17 Pro Max Ростест (EAC) 22/2 ТБ, Micro-SIM, сиреневый",1563553.0,ozon,https://ir-3.ozone.ru/s3/multimedia-1-k/wc500/14065096808.jpg,https://ozon.uz/product/smartfon-17-pro-max-rostest-eac-22-2-tb-micro-sim-sirenevyy-5496550282/,4.5,83
"Смартфон Spark 50 Pro Ростест (EAC) 12/512 ГБ, Micro-SIM, золотой",1022693.0,ozon,https://ir-3.ozone.ru/s3/multimedia-1-g/wc500/14020684468.jpg,https://ozon.uz/product/smartfon-spark-50-pro-rostest-eac-12-512-gb-micro-sim-zolotoy-5469467344/,3.9,85
"Смартфон Защищённый смартфон IP68/IP69K с NFC, 16 ГБ + 1024 ГБ, 20000 мАч, Android 14 Global 16/1 ТБ, Nano-SIM, золотой",4459784.0,ozon,https://ir-3.ozone.ru/s3/multimedia-1-4/wc500/14445846832.jpg,https://ozon.uz/product/smartfon-zashchishchennyy-smartfon-ip68-ip69k-s-nfc-16-gb-1024-gb-20000-mach-android-14-global-16-1-5638030939/,5.0,1
"Samsung Смартфон Galaxy A56 Graphite 8/128 ГБ, Nano-SIM, серый",4732589.0,ozon,https://ir-3.ozone.ru/s3/multimedia-1-t/wc500/11754106841.jpg,https://ozon.uz/product/samsung-smartfon-galaxy-a56-graphite-8-128-gb-nano-sim-seryy-3338607867/,5.0,11
"Samsung Смартфон Galaxy Z Fold8 Ultra Ростест (EAC) 16/1 ТБ, Nano-SIM, eSIM, черный",30027117.0,ozon,https://ir-3.ozone.ru/s3/multimedia-1-8/wc500/12824351972.jpg,https://ozon.uz/product/samsung-smartfon-galaxy-z-fold8-ultra-rostest-eac-16-1-tb-nano-sim-esim-chernyy-5152696203/,,
"Смартфон I16 Pro Max, В качестве подарка родным и близким Ростест (EAC) 12/512 ГБ, Nano-SIM, светло-синий, голубой",2951915.0,ozon,https://ir-3.ozone.ru/s3/multimedia-1-g/wc500/9251927800.jpg,https://ozon.uz/product/vosstanovlennyy-apple-smartfon-ayfon-12-mini-256gb-chernyy-4-256-gb-nano-sim-chernyy-1196321452/,4.8,364
"Смартфон HON0R 600 Ростест (EAC) 16/1 ТБ, Micro-SIM, светло-коричневый",1224530.0,ozon,https://ir-3.ozone.ru/s3/multimedia-1-9/wc500/14949245601.jpg,https://ozon.uz/product/smartfon-hon0r-600-rostest-eac-16-1-tb-micro-sim-svetlo-korichnevyy-5759248628/,4.2,20
"Смартфон P0C0 Magic 8 Pro Ростест (EAC) 16/1 ТБ, Nano-SIM, черный",1391307.0,ozon,https://ir-3.ozone.ru/s3/multimedia-1-m/wc500/14976719086.jpg,https://ozon.uz/product/smartfon-p0c0-magic-8-pro-rostest-eac-16-1-tb-nano-sim-chernyy-5720060875/,5.0,35
"Xiaomi Смартфон REDMI Note 17 Pro Max 8/512 ГБ, Nano-SIM, eSIM, белый",6415344.0,ozon,https://ir-3.ozone.ru/s3/multimedia-1-c/wc500/14561354640.jpg,https://ozon.uz/product/xiaomi-smartfon-redmi-note-17-pro-max-8-512-gb-nano-sim-esim-belyy-5658897182/,4.9,19
"Honor Смартфон 600 Global 8/256 ГБ, Nano-SIM, золотой",6306225.0,ozon,https://ir-3.ozone.ru/s3/multimedia-1-o/wc500/13105328928.jpg,https://ozon.uz/product/honor-smartfon-600-global-8-256-gb-nano-sim-zolotoy-4756624784/,4.9,17
"Redmi Смартфон Redmi 15C Ростест (EAC) 8/256 ГБ, Nano-SIM, зеленый",1681784.0,ozon,https://ir-3.ozone.ru/s3/multimedia-1-h/wc500/7902733445.jpg,https://ozon.uz/product/redmi-smartfon-redmi-15c-rostest-eac-8-256-gb-nano-sim-zelenyy-5441248070/,4.5,92
"Смартфон HONOR APhone 17 Max Ростест (EAC) 16/1 ТБ, Micro-SIM, шоколадный",1081724.0,ozon,https://ir-3.ozone.ru/s3/multimedia-1-q/wc500/10919050946.jpg,https://ozon.uz/product/smartfon-honor-aphone-17-max-rostest-eac-16-1-tb-micro-sim-shokoladnyy-5409776116/,4.7,56
"Смартфон I16 Pro Max, В качестве подарка родным и близким Ростест (EAC) 12/512 ГБ, Nano-SIM, светло-синий, голубой",957629.0,ozon,https://ir-3.ozone.ru/s3/multimedia-1-h/wc500/15092811305.jpg,https://ozon.uz/product/smartfon-i16-pro-max-v-kachestve-podarka-rodnym-i-blizkim-rostest-eac-12-512-gb-nano-sim-svetlo-5810460893/,4.8,601
"Смартфон Смартфон , камеры 8+13 МП, 5300 мА·ч, 12/512 ГБ, EAC,   8-ядерный процессор, разблокировка по лицу,Серебристый
 Ростест (EAC) 12/512 ГБ, Nano-SIM, черный",10832148.0,ozon,https://ir-3.ozone.ru/s3/multimedia-1-0/wc500/11163577320.jpg,https://ozon.uz/product/xiaomi-smartfon-17t-pro-rostest-eac-12-1-tb-nano-sim-esim-chernyy-4465904995/,4.9,23
"HUAWEI Смартфон Nova 15 Pro 12/512 ГБ, Nano-SIM, черный",4494849.0,ozon,https://ir-3.ozone.ru/s3/multimedia-1-o/wc500/12500593008.jpg,https://ozon.uz/product/huawei-smartfon-nova-15-pro-12-512-gb-nano-sim-chernyy-4435693396/,4.9,23
"Смартфон Honor 600 андроид 15 Ростест (EAC) 12/1 ТБ, Nano-SIM, черный",1103349.0,ozon,https://ir-3.ozone.ru/s3/multimedia-1-k/wc500/15144076064.jpg,https://ozon.uz/product/smartfon-honor-600-android-15-rostest-eac-12-1-tb-nano-sim-chernyy-5825155611/,5.0,27
"Honor Смартфон HONOR 600 Ростест (EAC) 12/256 ГБ, Nano-SIM, eSIM, оранжевый",5352685.0,ozon,https://ir-3.ozone.ru/s3/multimedia-1-3/wc500/14424099843.jpg,https://ozon.uz/product/honor-smartfon-honor-600-rostest-eac-12-256-gb-nano-sim-esim-oranzhevyy-4866113670/,5.0,4
"Xiaomi Смартфон REDMI Note 17 Pro 5G 8/512 ГБ, Nano-SIM, eSIM, черный",4691225.0,ozon,https://ir-3.ozone.ru/s3/multimedia-1-5/wc500/14561014577.jpg,https://ozon.uz/product/xiaomi-smartfon-redmi-note-17-pro-5g-8-512-gb-nano-sim-esim-chernyy-5658897355/,5.0,15
"Смартфон Смартфон , камеры 8+13 МП, 5300 мА·ч, 12/512 ГБ, EAC,   8-ядерный процессор, разблокировка по лицу,Серебристый
 Ростест (EAC) 12/512 ГБ, Nano-SIM, черный",926592.0,ozon,https://ir-3.ozone.ru/s3/multimedia-1-1/wc500/14512262617.jpg,https://ozon.uz/product/smartfon-smartfon-kamery-8-13-mp-5300-ma-ch-12-512-gb-eac-8-yadernyy-protsessor-razblokirovka-po-5596610565/,4.8,669
"Смартфон H0N0R Turbo EU 16/1 ТБ, Nano-SIM, черно-серый",1509437.0,ozon,https://ir-3.ozone.ru/s3/multimedia-1-2/wc500/15091985846.jpg,https://ozon.uz/product/smartfon-h0n0r-turbo-eu-16-1-tb-nano-sim-cherno-seryy-5810243597/,4.9,201
"Смартфон H0N0R X9C Российская версия:  X9C Смартфон Глобальная русская версия для ЕС, сеть 4G, Wi-FI+GPS+Bluetooth, две SIM-карты, 6,8 дюйма, большой экран высокой четкости, гибкая камера, быстрая зарядка, мощное игровое устройство, аккумулятор большой емкости EU Ростест (EAC) EU 12/512 ГБ, Nano-SIM, фиолетовый",12364017.0,ozon,https://ir-3.ozone.ru/s3/multimedia-1-5/wc500/12832150001.jpg,https://ozon.uz/product/samsung-smartfon-galaxy-z-flip8-rostest-eac-12-256-gb-nano-sim-esim-belyy-5152697700/,3.8,323
"Смартфон H0N0R X9C Российская версия:  X9C Смартфон Глобальная русская версия для ЕС, сеть 4G, Wi-FI+GPS+Bluetooth, две SIM-карты, 6,8 дюйма, большой экран высокой четкости, гибкая камера, быстрая зарядка, мощное игровое устройство, аккумулятор большой емкости EU Ростест (EAC) EU 12/512 ГБ, Nano-SIM, фиолетовый",1380268.0,ozon,https://ir-3.ozone.ru/s3/multimedia-1-7/wc500/11751133471.jpg,https://ozon.uz/product/smartfon-h0n0r-x9c-rossiyskaya-versiya-x9c-smartfon-globalnaya-russkaya-versiya-dlya-es-set-4g-wi-fi-5664287929/,3.8,323
"Samsung Смартфон Galaxy Z Fold8 Ростест (EAC) 12/512 ГБ, Nano-SIM, eSIM, фиолетовый",21195498.0,ozon,https://ir-3.ozone.ru/s3/multimedia-1-f/wc500/12826037499.jpg,https://ozon.uz/product/samsung-smartfon-galaxy-z-fold8-rostest-eac-12-512-gb-nano-sim-esim-fioletovyy-5152693948/,,
"Xiaomi Смартфон REDMI 17 Ростест (EAC) 4/128 ГБ, Nano-SIM, синий",1984822.0,ozon,https://ir-3.ozone.ru/s3/multimedia-1-k/wc500/14019232772.jpg,https://ozon.uz/product/xiaomi-smartfon-redmi-17-rostest-eac-4-128-gb-nano-sim-siniy-5511521269/,4.8,38
"Смартфон M8 Pro Max Ростест (EAC) 16/1 ТБ, Nano-SIM, хром",1432916.0,ozon,https://ir-3.ozone.ru/s3/multimedia-1-f/wc500/12861822543.jpg,https://ozon.uz/product/smartfon-m8-pro-max-rostest-eac-16-1-tb-nano-sim-hrom-5563484681/,5.0,41
"Poco Смартфон Xiaomi POCO M3 Ростест (EAC) андроид телефон Global 6/128 ГБ, Nano-SIM, черный",1729046.0,ozon,https://ir-3.ozone.ru/s3/multimedia-1-s/wc500/11210010760.jpg,https://ozon.uz/product/poco-smartfon-xiaomi-poco-m3-rostest-eac-android-telefon-global-6-128-gb-nano-sim-chernyy-3194680491/,4.6,158
"Смартфон Samsumg Galxay S25 Ultra Ростест (EAC) 16/1 ТБ, Nano-SIM, сиреневый",1512925.0,ozon,https://ir-3.ozone.ru/s3/multimedia-1-3/wc500/8260319703.jpg,https://ozon.uz/product/smartfon-samsumg-galxay-s25-ultra-rostest-eac-16-1-tb-nano-sim-sirenevyy-4540513154/,4.7,84
"Samsung Смартфон Galaxy A57 Ростест (EAC) 8/256 ГБ, Nano-SIM, синий + 1 год связи МегаФон в подарок",5272385.0,ozon,https://ir-3.ozone.ru/s3/multimedia-1-t/wc500/10881339437.jpg,https://ozon.uz/product/samsung-smartfon-galaxy-a57-rostest-eac-8-256-gb-nano-sim-siniy-1-god-svyazi-megafon-v-podarok-4046142570/,,
"Смартфон HONOR X7d Ростест (EAC) 12/1 ТБ, Nano-SIM, фиолетовый",1383599.0,ozon,https://ir-3.ozone.ru/s3/multimedia-1-m/wc500/10593822190.jpg,https://ozon.uz/product/smartfon-honor-x7d-rostest-eac-12-1-tb-nano-sim-fioletovyy-5551320375/,4.8,51
"Xiaomi Смартфон 17T Pro Ростест (EAC) 12/256 ГБ, Nano-SIM, eSIM, черный",8830360.0,ozon,https://ir-3.ozone.ru/s3/multimedia-1-0/wc500/11163577320.jpg,https://ozon.uz/product/xiaomi-smartfon-17t-pro-rostest-eac-12-256-gb-nano-sim-esim-chernyy-4465904900/,,
"Смартфон Appel AP17 Pro Max Ростест (EAC) 16/1 ТБ, Micro-SIM, темно-бежевый, темно-серый",1139252.0,ozon,https://ir-3.ozone.ru/s3/multimedia-1-2/wc500/10915204034.jpg,https://ozon.uz/product/smartfon-appel-ap17-pro-max-rostest-eac-16-1-tb-micro-sim-temno-bezhevyy-temno-seryy-5604742102/,4.9,76
"Samsung Смартфон A16 ( MEA ) Global 8/256 ГБ, Nano-SIM, черный, темно-серый",2787994.0,ozon,https://ir-3.ozone.ru/s3/multimedia-1-6/wc500/7247979618.jpg,https://ozon.uz/product/samsung-smartfon-a16-mea-global-8-256-gb-nano-sim-chernyy-temno-seryy-1891591291/,4.9,233
"Смартфон Realne C75 EU 16/1 ТБ, Nano-SIM, черно-серый",1093558.0,ozon,https://ir-3.ozone.ru/s3/multimedia-1-i/wc500/14504125518.jpg,https://ozon.uz/product/smartfon-realne-c75-eu-16-1-tb-nano-sim-cherno-seryy-5789693049/,4.4,219
"Hyundai Смартфон 8/512 ГБ, белый",1035330.0,ozon,https://ir-3.ozone.ru/s3/multimedia-1-t/wc500/12948049217.jpg,https://ozon.uz/product/hyundai-smartfon-8-512-gb-belyy-5196162353/,4.2,289
"Samsung Смартфон Galaxy S26+ Ростест (EAC) 12/256 ГБ, Nano-SIM, голубой",11526125.0,ozon,https://ir-3.ozone.ru/s3/multimedia-1-o/wc500/9121715088.jpg,https://ozon.uz/product/samsung-smartfon-galaxy-s26-rostest-eac-12-256-gb-nano-sim-goluboy-3485033775/,,
"Doogee Смартфон Blade 20 Max 12/1 ТБ, Nano-SIM, темно-зеленый",3253817.0,ozon,https://ir-3.ozone.ru/s3/multimedia-1-e/wc500/9275615186.jpg,https://ozon.uz/product/doogee-smartfon-blade-20-max-12-1-tb-nano-sim-temno-zelenyy-3093674893/,4.7,131
"Смартфон Защищенный игровой противоударный смартфон 16/1 ТБ, черный",4788632.0,ozon,https://ir-3.ozone.ru/s3/multimedia-1-g/wc500/14389896580.jpg,https://ozon.uz/product/smartfon-zashchishchennyy-igrovoy-protivoudarnyy-smartfon-16-1-tb-chernyy-5621802199/,4.8,29
"Redmi Смартфон 13C Global 8/256 ГБ, Nano-SIM, темно-синий",1517844.0,ozon,https://ir-3.ozone.ru/s3/multimedia-1-5/wc500/7498455521.jpg,https://ozon.uz/product/redmi-smartfon-13c-global-8-256-gb-nano-sim-temno-siniy-2028022063/,4.1,1792
"Смартфон Tenco Camon 50 Ultra Ростест (EAC) 16/1 ТБ, Nano-SIM, слоновая кость, медь",1102017.0,ozon,https://ir-3.ozone.ru/s3/multimedia-1-w/wc500/12301728332.jpg,https://ozon.uz/product/smartfon-tenco-camon-50-ultra-rostest-eac-16-1-tb-nano-sim-slonovaya-kost-med-5364814984/,4.9,64
"Смартфон IPhome i17 Pro Max Ростест (EAC) 12/1 ТБ, Nano-SIM, черный матовый",1006438.0,ozon,https://ir-3.ozone.ru/s3/multimedia-1-q/wc500/13983426314.jpg,https://ozon.uz/product/smartfon-iphome-i17-pro-max-rostest-eac-12-1-tb-nano-sim-chernyy-matovyy-5618566065/,4.8,100
"Смартфон Samsvng Galaxy S26 Смартфон Глобальная русская версия для ЕС, сеть 4G, Wi-FI+GPS+Bluetooth, две SIM-карты, 6,8 дюйма, большой экран высокой четкости, гибкая камера, быстрая зарядка, мощное игровое устройство, аккумулятор большой емкости EU Ростест (EAC) EU 16/1 ТБ, Nano-SIM, черный",1517964.0,ozon,https://ir-3.ozone.ru/s3/multimedia-1-m/wc500/11266348630.jpg,https://ozon.uz/product/smartfon-x9-pro-max-rostest-eac-16-1-tb-nano-sim-haki-shokoladnyy-5495257190/,4.9,52
"Смартфон i17 Pro Max 5G Ростест (EAC) 12/1 ТБ, Nano-SIM, оранжевый, коралловый",782207.0,ozon,https://ir-3.ozone.ru/s3/multimedia-1-4/wc500/13533770452.jpg,https://ozon.uz/product/smartfon-i17-pro-max-5g-rostest-eac-12-1-tb-nano-sim-oranzhevyy-korallovyy-5368020103/,4.4,39
"Смартфон Смартфон Смартфон Смартфон H0n0r Global 12+512 ГБ, большой объем памяти, HD-дисплей, смартфон для пожилых и детей,  Global 12/512 ГБ, кремовый, слоновая кость CN 12/512 ГБ, Nano-SIMбелый Ростест (EAC) 12/512 ГБ, Nano-SIM, белый",1216232.0,ozon,https://ir-3.ozone.ru/s3/multimedia-1-e/wc500/13626947354.jpg,https://ozon.uz/product/smartfon-smartfon-smartfon-smartfon-h0n0r-global-12-512-gb-bolshoy-obem-pamyati-hd-displey-5428106817/,4.0,60
"Смартфон Samsvng Galaxy S26 Смартфон Глобальная русская версия для ЕС, сеть 4G, Wi-FI+GPS+Bluetooth, две SIM-карты, 6,8 дюйма, большой экран высокой четкости, гибкая камера, быстрая зарядка, мощное игровое устройство, аккумулятор большой емкости EU Ростест (EAC) EU 16/1 ТБ, Nano-SIM, черный",1238431.0,ozon,https://ir-3.ozone.ru/s3/multimedia-1-3/wc500/14815469451.jpg,https://ozon.uz/product/smartfon-samsvng-galaxy-s26-smartfon-globalnaya-russkaya-versiya-dlya-es-set-4g-wi-fi-gps-bluetooth-5822814000/,4.7,251
"vivo Смартфон X300 Ростест (EAC) 12/256 ГБ, Nano-SIM, eSIM, черный",6757511.0,ozon,https://ir-3.ozone.ru/s3/multimedia-1-g/wc500/8299286728.jpg,https://ozon.uz/product/vivo-smartfon-x300-rostest-eac-12-256-gb-nano-sim-esim-chernyy-3051458078/,4.9,1988
"Redmi Смартфон 8/256 ГБ, Nano-SIM, черный, темно-коричневый",1415252.0,ozon,https://ir-3.ozone.ru/s3/multimedia-1-5/wc500/10501653245.jpg,https://ozon.uz/product/redmi-smartfon-8-256-gb-nano-sim-chernyy-temno-korichnevyy-3632024008/,4.1,117
"Смартфон Samsumg Galxay S26 Ultra Ростест (EAC) 16/1 ТБ, Nano-SIM, хаки, коричневый",1228094.0,ozon,https://ir-3.ozone.ru/s3/multimedia-1-t/wc500/12406367477.jpg,https://ozon.uz/product/smartfon-samsumg-galxay-s26-ultra-rostest-eac-16-1-tb-nano-sim-haki-korichnevyy-5207116092/,4.7,84
"Tecno Смартфон CAMON 50 Ростест (EAC) 12/256 ГБ, Nano-SIM, черный",2949725.0,ozon,https://ir-3.ozone.ru/s3/multimedia-1-c/wc500/12501981156.jpg,https://ozon.uz/product/tecno-smartfon-camon-50-rostest-eac-12-256-gb-nano-sim-chernyy-3642990542/,4.7,68
"Samsung Смартфон Galaxy Z Fold8 Ростест (EAC) 16/1 ТБ, Nano-SIM, eSIM, фиолетовый",1694910.0,ozon,https://ir-3.ozone.ru/s3/multimedia-1-y/wc500/12126412978.jpg,https://ozon.uz/product/redmi-smartfon-rostest-eac-8-256-gb-nano-sim-cherno-seryy-chernyy-matovyy-4939399336/,4.2,26
"Honor Смартфон 600 Pro Ростест (EAC) 12/512 ГБ, Nano-SIM, eSIM, золотой",9420235.0,ozon,https://ir-3.ozone.ru/s3/multimedia-1-k/wc500/15092801192.jpg,https://ozon.uz/product/honor-smartfon-600-pro-rostest-eac-12-512-gb-nano-sim-esim-zolotoy-4189907952/,,
"Samsung Смартфон Galaxy Z Fold8 Ростест (EAC) 16/1 ТБ, Nano-SIM, eSIM, фиолетовый",28260793.0,ozon,https://ir-3.ozone.ru/s3/multimedia-1-f/wc500/12826037499.jpg,https://ozon.uz/product/samsung-smartfon-galaxy-z-fold8-rostest-eac-16-1-tb-nano-sim-esim-fioletovyy-5152697699/,,
"Samsung Смартфон Galaxy A57 8/128 ГБ, Nano-SIM, eSIM, синий",4427920.0,ozon,https://ir-3.ozone.ru/s3/multimedia-1-s/wc500/12887578396.jpg,https://ozon.uz/product/samsung-smartfon-galaxy-a57-8-128-gb-nano-sim-esim-siniy-5174632397/,5.0,2
"Смартфон 18 Pro Max Ростест (EAC) 16/1 ТБ, Nano-SIM, черный",1257250.0,ozon,https://ir-3.ozone.ru/s3/multimedia-1-f/wc500/14804058975.jpg,https://ozon.uz/product/smartfon-18-pro-max-rostest-eac-16-1-tb-nano-sim-chernyy-5677014202/,5.0,36
"Смартфон TECN0 Spark 50 Pro Ростест (EAC) 16/1 ТБ, Nano-SIM, оранжевый",1256566.0,ozon,https://ir-3.ozone.ru/s3/multimedia-1-j/wc500/14798739403.jpg,https://ozon.uz/product/smartfon-tecn0-spark-50-pro-rostest-eac-16-1-tb-nano-sim-oranzhevyy-5678204426/,4.9,30
"Redmi Смартфон Ростест (EAC) 8/256 ГБ, Nano-SIM, серый",1470774.0,ozon,https://ir-3.ozone.ru/s3/multimedia-1-v/wc500/10764421339.jpg,https://ozon.uz/product/redmi-smartfon-rostest-eac-8-256-gb-nano-sim-seryy-5728407756/,5.0,1
"Смартфон Samsvng Galaxy S26 Смартфон Глобальная русская версия для ЕС, сеть 4G, Wi-FI+GPS+Bluetooth, две SIM-карты, 6,8 дюйма, большой экран высокой четкости, гибкая камера, быстрая зарядка, мощное игровое устройство, аккумулятор большой емкости EU Ростест (EAC) EU 16/1 ТБ, Nano-SIM, белый",1203611.0,ozon,https://ir-3.ozone.ru/s3/multimedia-1-i/wc500/14815458342.jpg,https://ozon.uz/product/smartfon-samsvng-galaxy-s26-smartfon-globalnaya-russkaya-versiya-dlya-es-set-4g-wi-fi-gps-bluetooth-5468411558/,3.8,135
"Смартфон TECN0 Spark 50 Pro Ростест (EAC) 16/1 ТБ, Micro-SIM, черный",1364355.0,ozon,https://ir-3.ozone.ru/s3/multimedia-1-o/wc500/15297038952.jpg,https://ozon.uz/product/smartfon-tecn0-spark-50-pro-rostest-eac-16-1-tb-micro-sim-chernyy-5859863198/,4.7,9
"Samsung Смартфон Galaxy Z Fold8 Ultra Ростест (EAC) 12/512 ГБ, Nano-SIM, eSIM, белый",22961822.0,ozon,https://ir-3.ozone.ru/s3/multimedia-1-k/wc500/12824674184.jpg,https://ozon.uz/product/samsung-smartfon-galaxy-z-fold8-ultra-rostest-eac-12-512-gb-nano-sim-esim-belyy-5152695587/,,
"vivo Смартфон vivo V70 Lite 5G  Ростест (EAC) 8/128 ГБ, Nano-SIM, золотой",2623900.0,ozon,https://ir-3.ozone.ru/s3/multimedia-1-u/wc500/11060798538.jpg,https://ozon.uz/product/vivo-smartfon-vivo-v70-lite-5g-rostest-eac-8-128-gb-nano-sim-zolotoy-4497628445/,5.0,291
"Смартфон X7 Pro Ростест (EAC) 16/1 ТБ, Nano-SIM, черный матовый",1560651.0,ozon,https://ir-3.ozone.ru/s3/multimedia-1-q/wc500/12629699198.jpg,https://ozon.uz/product/smartfon-x7-pro-rostest-eac-16-1-tb-nano-sim-chernyy-matovyy-5903394266/,5.0,33
"Смартфон 4/512 ГБ, синий",698866.0,ozon,https://ir-3.ozone.ru/s3/multimedia-1-8/wc500/11910195944.jpg,https://ozon.uz/product/smartfon-4-512-gb-siniy-4865573351/,4.6,86
"Tecno Смартфон Spark Go 3 4/64 ГБ, Nano-SIM, серый",1223377.0,ozon,https://ir-3.ozone.ru/s3/multimedia-1-6/wc500/20003639838.jpg,https://ozon.uz/product/tecno-smartfon-spark-go-3-4-64-gb-nano-sim-seryy-5676096770/,4.9,22
"Tecno Смартфон TECNO CAMON 50 Ultra Ростест (EAC) 8/256 ГБ, Nano-SIM, eSIM, черный",3921641.0,ozon,https://ir-3.ozone.ru/s3/multimedia-1-c/wc500/12501103836.jpg,https://ozon.uz/product/tecno-smartfon-tecno-camon-50-ultra-rostest-eac-8-256-gb-nano-sim-esim-chernyy-3825282222/,5.0,25
"Смартфон Защищённый смартфон IP68/IP69K с NFC, 16 ГБ + 1024 ГБ, 20000 мАч, Android 14 Global 16/1 ТБ, Nano-SIM, черный",1372854.0,ozon,https://ir-3.ozone.ru/s3/multimedia-1-i/wc500/14815828566.jpg,https://ozon.uz/product/smartfon-honro-600-pro-5g-rostest-eac-16-1-tb-nano-sim-cherno-seryy-5706392649/,5.0,27
"W&O Смартфон x200 Ростест (EAC) 4/64 ГБ, Nano-SIM, светло-серый",805620.0,ozon,https://ir-3.ozone.ru/s3/multimedia-1-s/wc500/9967637188.jpg,https://ozon.uz/product/w-o-smartfon-x200-rostest-eac-4-64-gb-nano-sim-svetlo-seryy-2942113505/,4.6,382
"Tecno Смартфон SPARK 40 Pro Ростест (EAC) 8/256 ГБ, Nano-SIM, черный",2190997.0,ozon,https://ir-3.ozone.ru/s3/multimedia-1-t/wc500/8330929193.jpg,https://ozon.uz/product/tecno-smartfon-spark-40-pro-rostest-eac-8-256-gb-nano-sim-chernyy-2656324930/,,
"Смартфон Защищённый смартфон IP68/IP69K с NFC, 16 ГБ + 1024 ГБ, 20000 мАч, Android 14 Global 16/1 ТБ, Nano-SIM, черный",4600238.0,ozon,https://ir-3.ozone.ru/s3/multimedia-1-8/wc500/14445471752.jpg,https://ozon.uz/product/smartfon-zashchishchennyy-smartfon-ip68-ip69k-s-nfc-16-gb-1024-gb-20000-mach-android-14-global-16-1-5637907922/,4.5,18
"Смартфон SAMSUMG Galxay S24 Ultra+ Ростест (EAC) 16/1 ТБ, Nano-SIM, коричневый",1151781.0,ozon,https://ir-3.ozone.ru/s3/multimedia-1-u/wc500/12674930898.jpg,https://ozon.uz/product/smartfon-samsumg-galxay-s24-ultra-rostest-eac-16-1-tb-nano-sim-korichnevyy-5785732279/,4.9,44
"Смартфон Tenco Spark 50 Pro Ростест (EAC) 16/1 ТБ, Nano-SIM, шоколадный",1122821.0,ozon,https://ir-3.ozone.ru/s3/multimedia-1-n/wc500/11359719095.jpg,https://ozon.uz/product/smartfon-tenco-spark-50-pro-rostest-eac-16-1-tb-nano-sim-shokoladnyy-5074916062/,4.0,160
"Смартфон Realme C75 Ростест (EAC) 16/1 ТБ, Nano-SIM, оранжевый",1108217.0,ozon,https://ir-3.ozone.ru/s3/multimedia-1-8/wc500/14420157668.jpg,https://ozon.uz/product/smartfon-realme-c75-rostest-eac-16-1-tb-nano-sim-oranzhevyy-5719227372/,4.1,29
"Смартфон Tenco Spark 30 Pro Ростест (EAC) 16/1 ТБ, Nano-SIM, светло-желтый, светло-серый",1514293.0,ozon,https://ir-3.ozone.ru/s3/multimedia-1-q/wc500/11544851762.jpg,https://ozon.uz/product/smartfon-tenco-spark-30-pro-rostest-eac-16-1-tb-nano-sim-svetlo-zheltyy-svetlo-seryy-4373070544/,4.6,72
"Смартфон Galaxy SunsungСмартфон S26 6.8"" AMOLED, 12GB+512GB, 6000 мАч, быстрая зарядка 12/512 ГБ, Nano-SIM, светло-зеленый, коричневый",3843380.0,ozon,https://ir-3.ozone.ru/s3/multimedia-1-q/wc500/15348167342.jpg,https://ozon.uz/product/smartfon-zashchishchennyy-akkumulyator-20000-mach-5g-eu-16-512-gb-nano-sim-chernyy-5631843097/,5.0,123
"Honor Смартфон Honor 8x Global 6/128 ГБ, Nano-SIM, черный",998407.0,ozon,https://ir-3.ozone.ru/s3/multimedia-1-q/wc500/15029955386.jpg,https://ozon.uz/product/honor-smartfon-honor-8x-global-6-128-gb-nano-sim-chernyy-3824959958/,4.3,20
"Смартфон Tenco Spark 30 Pro Ростест (EAC) 16/1 ТБ, Nano-SIM, темно-коричневый",1092375.0,ozon,https://ir-3.ozone.ru/s3/multimedia-1-q/wc500/11931589214.jpg,https://ozon.uz/product/smartfon-tenco-spark-30-pro-rostest-eac-16-1-tb-nano-sim-temno-korichnevyy-5552720465/,4.9,69
"Смартфон Galaxy Sunsung Смартфон с быстрой зарядкой и большим объемом памяти 12/512 ГБ, Nano-SIM, светло-зеленый, темно-бордовый",1132366.0,ozon,https://ir-3.ozone.ru/s3/multimedia-1-z/wc500/13379677415.jpg,https://ozon.uz/product/smartfon-galaxy-sunsung-smartfon-s-bystroy-zaryadkoy-i-bolshim-obemom-pamyati-12-512-gb-nano-sim-5539814377/,4.9,65
"Смартфон Galaxy SunsungСмартфон S26 6.8"" AMOLED, 12GB+512GB, 6000 мАч, быстрая зарядка 12/512 ГБ, Nano-SIM, светло-зеленый, коричневый",1132366.0,ozon,https://ir-3.ozone.ru/s3/multimedia-1-p/wc500/10080923785.jpg,https://ozon.uz/product/smartfon-galaxy-sunsungsmartfon-s26-6-8-amoled-12gb-512gb-6000-mach-bystraya-zaryadka-12-512-gb-nano-5587183868/,4.9,65
"Смартфон X300 Ростест (EAC) 12/512 ГБ, Nano-SIM, синий",878598.0,ozon,https://ir-3.ozone.ru/s3/multimedia-1-d/wc500/15329504065.jpg,https://ozon.uz/product/smartfon-x300-rostest-eac-12-512-gb-nano-sim-siniy-5881423199/,4.9,501
"Смартфон игровой  C75 8/256 ГБ, экран 120 Гц, процессор Helio G85, NFC, батарея 5000 мАч 8/256 ГБ, Nano-SIM, зеленый, светло-зеленый",2143442.0,ozon,https://ir-3.ozone.ru/s3/multimedia-1-2/wc500/13583534438.jpg,https://ozon.uz/product/smartfon-igrovoy-c75-8-256-gb-ekran-120-gts-protsessor-helio-g85-nfc-batareya-5000-mach-8-256-5381263091/,5.0,115
"Смартфон Sumsvng Galaxy S25 Смартфон Глобальная русская версия для ЕС, сеть 4G, Wi-FI+GPS+Bluetooth, две SIM-карты, 6,8 дюйма, большой экран высокой четкости, гибкая камера, быстрая зарядка, мощное игровое устройство, аккумулятор большой емкости EU Ростест (EAC) EU 12/512 ГБ, Nano-SIM, сиреневый",2682942.0,ozon,https://ir-3.ozone.ru/s3/multimedia-1-k/wc500/12634974956.jpg,https://ozon.uz/product/redmi-smartfon-redmi-note-13-pro-global-12-256-gb-nano-sim-chernyy-5098160704/,5.0,16
"Смартфон HON0R 600 Ростест (EAC) 16/1 ТБ, Micro-SIM, светло-синий",1086898.0,ozon,https://ir-3.ozone.ru/s3/multimedia-1-d/wc500/15424232917.jpg,https://ozon.uz/product/smartfon-hon0r-600-rostest-eac-16-1-tb-micro-sim-svetlo-siniy-5880290937/,4.9,59
"Смартфон Xiao M1 M17 Pro Max Ростест (EAC) 22/2 ТБ, Micro-SIM, зеленый",1466573.0,ozon,https://ir-3.ozone.ru/s3/multimedia-1-f/wc500/8887976835.jpg,https://ozon.uz/product/smartfon-xiao-m1-m17-pro-max-rostest-eac-22-2-tb-micro-sim-zelenyy-5560727830/,4.9,36
"Samsung Смартфон Galaxy A07s Ростест (EAC) 4/128 ГБ, Nano-SIM, зеленый",2000666.0,ozon,https://ir-3.ozone.ru/s3/multimedia-1-k/wc500/15062705120.jpg,https://ozon.uz/product/samsung-smartfon-galaxy-a07s-rostest-eac-4-128-gb-nano-sim-zelenyy-5754658218/,,
"Смартфон Tecon Pova 6 Neo Ростест (EAC) 16/1 ТБ, Micro-SIM, черный",1260841.0,ozon,https://ir-3.ozone.ru/s3/multimedia-1-3/wc500/20071745391.jpg,https://ozon.uz/product/smartfon-tecon-pova-6-neo-rostest-eac-16-1-tb-micro-sim-chernyy-5919004578/,5.0,26
"Смартфон TECN0 Pova 7 Pro Ростест (EAC) 16/1 ТБ, Micro-SIM, белый",1016314.0,ozon,https://ir-3.ozone.ru/s3/multimedia-1-5/wc500/14383872041.jpg,https://ozon.uz/product/smartfon-tecn0-pova-7-pro-rostest-eac-16-1-tb-micro-sim-belyy-5842134998/,4.9,58
"Смартфон Tenco Spark 50 Pro Ростест (EAC) 16/1 ТБ, Nano-SIM, серый металлик",1422645.0,ozon,https://ir-3.ozone.ru/s3/multimedia-1-6/wc500/15482205690.jpg,https://ozon.uz/product/smartfon-tenco-spark-50-pro-rostest-eac-16-1-tb-nano-sim-seryy-metallik-5917531178/,5.0,12
"Смартфон Sumsvng Galaxy S25 Смартфон Глобальная русская версия для ЕС, сеть 4G, Wi-FI+GPS+Bluetooth, две SIM-карты, 6,8 дюйма, большой экран высокой четкости, гибкая камера, быстрая зарядка, мощное игровое устройство, аккумулятор большой емкости EU Ростест (EAC) EU 12/512 ГБ, Nano-SIM, сиреневый",1078485.0,ozon,https://ir-3.ozone.ru/s3/multimedia-1-n/wc500/15406480751.jpg,https://ozon.uz/product/smartfon-sumsvng-galaxy-s25-smartfon-globalnaya-russkaya-versiya-dlya-es-set-4g-wi-fi-gps-bluetooth-5904618372/,4.9,53
