name_a,name_b,is_match
Infinix Smart 8 Pro 512GB Lavender,Infinix Smart 8 Pro 256GB (Purple),0
смартфон samsung galaxy a12 32gb white,honor magic 8 lite yupqa uzoq vaqt xizmat qiladigan zamonaviy,0
Xiaomi Poco X6 Pro,Xiaomi Poco X6 Pro,1
смартфон tecno spark go 3,смартфон apple iphone 14 pro 128gb silver,0
смартфон honor x9d 8 256 гб беживый,смартфон honor 600 lite 5g 8 256 гб золотистый,0
oppo a5x 4 128gb midnight blue,смартфон xiaomi redmi a7 pro 4 64gb black,0
redmi 17 4g black 4 128gb,redmi note 15 night black 8 128gb,0
redmi 15 midnight black 6 128gb,redmi note 15 pro glacier blue 12 256gb,0
смартфон honor 200 16 256gb black,смартфон 200 honor 16 256gb black,1
Honor Honor Magic5 Pro Lavender 1TB,Honor Honor Magic5 Lite,0
Galaxy M34 5G 1TB Green,Honor Honor X9a 8GB+128GB,0
Tecno Tecno Phantom X2 Pro 4GB/512GB Starlight,Tecno Tecno Phantom X2 Pro 4GB+512GB,1
Смартфон Honor Honor X8b 128GB Black,Smartfon Honor Honor X8b 128GB Black,1
honor x7d desert gold 6 128gb,honor x7d gold 6 128gb,1
Smartfon Oppo Oppo A38 64GB Titanium,Oppo Oppo A79 5G 64GB Titanium,0
Tecno Tecno Camon 30 Pro,Tecno Tecno Camon 30 Pro,1
Realme Realme 11 6GB+512GB,Realme Realme 11 Pro+ 512GB Deep Purple,0
Vivo Vivo Y22s 256GB Gold,Vivo Vivo Y22s,1
Xiaomi Xiaomi 13T Pro Blue 1TB,Smartfon Xiaomi Xiaomi 13T Pro 256GB White,0
Redmi Redmi Note 11 Pro,Redmi Redmi Note 11 Pro 8GB/64GB Coral,1
Smartfon Galaxy S24+ 512GB/6GB Silver,Samsung Galaxy S24+ 512GB Silver,1
смартфон tecno pop 7 2 64gb endless black,смартфон tecno pop 7 64gb endless black,1
smartfon xiaomi poco x8 pro 8 256gb green,green xiaomi poco x8 pro 8 256gb smartfon,1
Vivo Vivo V29 Pro Green 1TB,Vivo Vivo V29 Pro Green 1TB,1
Smartfon Realme C55 1TB/16GB Starlight,Realme Realme C55 16GB/512GB Blue,0
смартфон iphone se 2020 256gb black,смартфон iphone 2020 256gb black,1
Infinix Infinix Smart 8 Plus Black 64GB,Infinix Infinix Smart 8 Plus 64GB Black,1
Realme 12 Pro+ 512GB Cream,Realme Realme 12 Pro+ 512GB Cream,1
смартфон honor 600 lite 5g 8 256gb corduroy grey,смартфон honor 600 lite 5g 8 256gb grey,1
смартфон realme c53 128gb 6gb nfc mighty black,vivo v50 12 256gb blue,0
Смартфон Tecno Tecno Spark 20 Pro 1TB Midnight,Smartfon Tecno Spark 20 Pro 1TB/8GB Midnight,1
Realme GT 5 512GB White,Смартфон Realme Realme GT 5 1TB Graphite,0
Smartfon Samsung Galaxy M34 5G 1TB White,Samsung Galaxy M34 5G 3GB+64GB,0
honor x8c 6 128 midnight black,honor 400 8 256 desert gold,0
honor x9c titanium black 8 256gb,honor 600 lite 8 256 velvet black,0
Smartfon Realme Realme C33 64GB Graphite,Realme Realme 11 Graphite 64GB,0
Redmi Redmi Note 12 Pro+,Smartfon Redmi 12 64GB/6GB Silver,0
smartfon samsung galaxy s25 ultra 12 256gb titanium gray rasmiy mahsulot,smartfon samsung gray s25 ultra 12 256gb titanium galaxy rasmiy mahsulot,1
Infinix Infinix Note 40 Pro Deep Purple 64GB,Infinix Infinix Note 40 Pro 256GB Blue,0
redmi note 12 4g,honor x8d 8 256gb blue,0
Смартфон Samsung Galaxy Z Fold 4 512GB White,Galaxy Z Fold 4 128GB Starlight,0
Honor 90 512GB (Deep Purple),Honor Honor 90 Blue 256GB,0
Smartfon Oppo Find X7 256GB/4GB Graphite,iPhone 15 Pro Max 64GB Starlight,0
Oppo Oppo Reno 10 Pro+ 256GB White,Oppo Reno 10 Pro+ 256GB White,1
Tecno Tecno Camon 30 Pro 3GB+64GB,Smartfon Tecno Tecno Camon 30 Pro 128GB Midnight,0
Redmi Redmi Note 12 12GB+512GB,Realme 9 Pro+ 256GB Gold,0
Galaxy A54 5G 128GB - Lavender,Galaxy A54 5G 128GB (Lavender),1
Realme GT 5 Pro 512GB Black,Realme GT 5 Pro 1TB - Coral,0
смартфон honor 400 12 512gb desert gold,honor 600 8 256 orange,0
redmi note 15 8 256 black,redmi note 15 8 black,1
redmi not 12 ideal,redmi 15c 4 128 midnight black,0
Honor Honor Magic5 Lite 1TB Midnight,Honor Honor Magic5 Lite,1
Infinix Infinix Note 40 512GB Blue,Oppo Oppo A79 5G 8GB/64GB Midnight,0
Smartfon Redmi A3 256GB/4GB Cream,Redmi A3 256GB - Cream,1
Redmi Note 13 512GB Titanium,Redmi Redmi Note 13 Titanium 512GB,1
spark go 1 4 128 startrail black,go 1 4 128 startrail black,1
смартфон infinix hot 40 pro 16 256gb blue,смартфон apple iphone 15 128gb blue,0
Samsung Galaxy A05,Vivo Y22s 128GB - Midnight,0
смартфон honor 90 12 512gb cn dual nano sim emerald green,смартфон honor 90 12 512gb cn dual nano sim emerald,1
Honor 90 Pro 512GB Natural,Honor Honor 90 Pro Natural 512GB,1
Oppo Oppo A38 16GB+128GB,Смартфон Oppo Oppo Find X7 Ultra 128GB Natural,0
Vivo Vivo V29 12GB/64GB Deep Purple,Vivo Vivo V29,1
Smartfon Galaxy A55 5G 64GB/3GB Midnight,Galaxy A55 5G 512GB - Black,0
смартфон honor x9d sunrise,смартфон samsung galaxy a13 4 64gb голубой,0
Poco M5 64GB (White),Xiaomi Poco F5 16GB/64GB White,0
Apple iPhone 15 Pro 8GB/1TB Purple,Apple iPhone 15 Pro,1
Smartfon Vivo V27 Pro 1TB/12GB Silver,Vivo V27 Pro 1TB (Silver),1
смартфон honor x5b plus 4 128 ocean blue,смартфон honor x9b 5g 8 256gb emerald green,0
Xiaomi 12 64GB (Blue),Smartfon Vivo Vivo V30e 128GB Green,0
Smartfon Apple iPhone 14 Pro 512GB Green,Смартфон Apple iPhone 14 Pro 64GB Graphite,0
redmi note 15 sandy purple 8 256gb,redmi 256gb 15 sandy purple 8 note,1
смартфон honor x7b 6 256 flowing silver,смартфон honor 200 12 512gb coral pink,0
Realme 12 Pro 1TB (Graphite),Smartfon Honor Honor X7a 128GB Silver,0
Redmi Redmi Note 12 Pro 16GB/1TB Gold,Redmi Redmi Note 12 Pro 512GB Coral,0
Smartfon iPhone 15 512GB/16GB Gold,Apple iPhone 12 Pro Max 16GB+512GB,0
Smartfon Infinix Note 40 Pro 256GB/12GB Blue,Smartfon Infinix Note 40 Pro 256GB/12GB Blue,1
iPhone 14 Plus 512GB - Titanium,Apple iPhone 14 Plus 512GB Titanium,1
Vivo Vivo V29 Pro,Redmi Redmi Note 11 Pro Graphite 64GB,0
Xiaomi 13T Pro 1TB (Graphite),Xiaomi Xiaomi 11T Pro 4GB/1TB Graphite,0
Apple iPhone 15 Pro Max 64GB Black,Смартфон Samsung Galaxy A05s 256GB Blue,0
смартфон infinix smart 10 plus 4 128gb iris blue,смартфон infinix smart plus 4 128gb iris blue,1
xiaomi redmi note 14s 8 128gb midnight b,смартфон honor x7a plus 6 128gb titanium silver,0
смартфон camon 30 8 256 basaltic dark,смартфон camon 30 256 basaltic dark,1
Realme 9 Pro+ 64GB (Green),Vivo V27 128GB Starlight,0
смартфон xiaomi redmi 6a 3 32gb black,honor magic 8 pro 5g доставка проверка при получении,0
Realme 9 Pro+ 256GB (Coral),Realme GT Neo 5 SE 256GB Coral,0
Smartfon Oppo A78 128GB/3GB Silver,Smartfon Oppo Oppo Find X7 128GB Silver,0
Smartfon Realme Realme 9 Pro+ 128GB White,Realme Realme 9 Pro+,0
redmi note 15 pro titanium color 12 512gb,redmi note 14 lime green 6 128gb,0
Redmi Note 11 Pro 128GB (Midnight),Redmi Note 11 Pro 128GB - Midnight,1
смартфон samsung galaxy a7 sm a750 4 64gb black,смартфон samsung galaxy a7 sm a750 4 64gb,1
Honor 90 Lite 256GB - Silver,Smartfon Honor Honor 200 Pro 256GB Silver,0
xiaomi redmi note 14 pro 5g 8 256gb frost blue,xiaomi redmi 8 14 pro 5g note 256gb frost blue,1
Смартфон Tecno Tecno Pova 6 1TB Cream,Tecno Tecno Pova 6 Cream 1TB,1
Smartfon Oppo Oppo Find X6 Pro 512GB Blue,Смартфон Oppo Oppo Reno 10 Pro 512GB Blue,0
смартфон honor 70 8 128gb global emerald green,honor x8c 8 256gb marrs green,0
Samsung Galaxy A34 512GB White,Samsung Galaxy A34 512GB White,1
Xiaomi Xiaomi 12 12GB/128GB Blue,Poco X5 128GB Blue,0
Redmi Note 13 4G 128GB - Titanium,Redmi Redmi Note 12 16GB+128GB,0
redmi not 14 pro,redmi 15 8 256gb sandy purple,0
Smartfon Apple iPhone 13 mini 1TB Deep Purple,iPhone SE 3 1TB Deep Purple,0
Samsung Galaxy Z Fold 4 3GB/128GB Lavender,Samsung Galaxy M34 5G 128GB Lavender,0
Galaxy S23 256GB Coral,Vivo Vivo V27 4GB+128GB,0
Smartfon Samsung Galaxy M14 128GB Gold,Samsung Galaxy M14 8GB/128GB Gold,1
Infinix Infinix Smart 8 Pro Blue 512GB,Infinix Smart 8 Pro 512GB (Blue),1
samsung galaxy a26 6 128gb mentol smartfoni sovg aga borofone type c 20w zaryadlash qurilmasi,смартфон samsung galaxy a17 light,0
Smartfon Realme C55 256GB/16GB Purple,Realme Realme C55 Purple 256GB,1
Vivo Y22s 256GB - Green,Vivo Y22s 512GB - White,0
Honor Magic6 Pro 1TB Cream,Honor Honor Magic6 Pro 8GB+1TB,1
Smartfon Honor X7b 64GB/12GB Graphite,Honor Honor 90,0
Vivo Y22s 64GB Deep Purple,Vivo V29 Pro 64GB Deep Purple,0
смартфон xiaomi poco x8 pro max 12 512gb blue,смартфон apple iphone 16 plus 512gb sim esim black,0
Vivo X100 64GB White,Vivo Vivo X100 Pro,0
redmi 17 4g deep blue 4 256gb,redmi note 15 pro 5g glacier blue 8 256gb,0
Redmi A3 64GB - Green,Vivo Vivo X90 Pro 1TB Deep Purple,0
Redmi 13 512GB - Black,Смартфон Redmi Redmi 13 512GB Black,1
Smartfon Oppo Oppo Reno 10 Pro 1TB Coral,Oppo Oppo Reno 12 Coral 1TB,0
Smartfon Realme 12 Pro+ 512GB/12GB Lavender,Realme Realme GT Neo 5 SE Lavender 512GB,0
Smartfon Oppo Find X7 128GB/6GB Midnight,Oppo Find X7 64GB (Graphite),0
samsung galaxy s26 12 256gb violet,samsung galaxy s26 violet 256gb 12,1
Oppo Oppo Reno 11 Pro,Honor 90 Lite 256GB (Natural),0
Honor X8b 256GB (Black),Honor Honor X8b 6GB+256GB,1
honor x6c black 6 256gb,смартфон honor x8d 8 256gb velvet black,0
Honor 90 Pro 128GB Gold,Honor 90 Pro 128GB (Gold),1
Apple iPhone 14 Pro,Apple iPhone 14 Pro 12GB+128GB,1
redmi not 11 satiladi,redmi note 11r ajoyib telefon avaylab ishlatilgan,0
Oppo Reno 10 512GB (Blue),Apple iPhone 11 6GB+256GB,0
смартфон xiaomi pocophone f1 6 128gb black,samsung a32 128 xotira,0
смартфон apple iphone 17 air 12 256gb e sim,iphone apple смартфон 17 air 12 256gb e sim,1
Realme GT 5 Pro 512GB (Graphite),Infinix Infinix Hot 30 Play Midnight 128GB,0
Honor Honor X7b 4GB/64GB Blue,Honor Honor Magic6 Pro,0
Vivo Vivo V30 Pro 16GB+256GB,Smartfon Vivo Vivo X100 Pro 256GB Graphite,0
Xiaomi Xiaomi 12T Pro Starlight 128GB,Xiaomi Poco X6 Pro Starlight 128GB,0
20мм 0 5 флянцевые профили eolvent,смартфон oppo a18 4 128 glowing black,0
Samsung Galaxy A05 6GB/256GB Lavender,Vivo Y200 1TB (Blue),0
смартфон samsung galaxy a12 2 32gb black,poco c85 green 6 128gb,0
Smartfon Oppo Reno 12 512GB/8GB Deep Purple,Oppo Oppo Reno 12 8GB/512GB Deep Purple,1
Honor 90 Lite 256GB (Purple),Honor 90 Lite 256GB (Purple),1
Redmi 12 128GB (Natural),Smartfon Infinix Zero 30 5G 1TB/8GB Graphite,0
Infinix Infinix Note 30 Pro 1TB Coral,Infinix Note 30 Pro 64GB - Purple,0
Redmi Redmi A2+ Starlight 256GB,Redmi A2+ 256GB Starlight,1
смартфон infinix smart 10 4 64gb blue,смартфон samsung galaxy a15 4 128gb yellow,0
телефон novey 111 black,111 novey телефон black,1
Redmi Redmi 12C 8GB/512GB Green,Redmi 12C 128GB (Midnight),0
Oppo Oppo Reno 10 Starlight 256GB,Tecno Pova 6 64GB - Silver,0
Honor 200 Pro 64GB (Black),Apple iPhone 12 8GB+256GB,0
Смартфон Samsung Galaxy A35 5G 512GB Silver,Galaxy A35 5G 512GB (Silver),1
Infinix Infinix Hot 30 Play 1TB Graphite,Infinix Hot 30 Play 1TB - Graphite,1
Xiaomi Poco M5s 12GB+128GB,Vivo Vivo Y22s 12GB/256GB Purple,0
Apple iPhone 13 Pro Max 512GB Midnight,Apple iPhone 13 Pro Max 64GB Purple,0
apple iphone 16 pro max esim 256gb desert titanium smartfoni 1 esim,samsung galaxy s24 8 128gb gray 100gb of internet 3 months of tv com for free,0
Smartfon Vivo Vivo Y36 512GB Cream,Vivo V29 512GB Cream,0
Apple iPhone 15 Plus 8GB+512GB,iPhone 15 Plus 512GB - Lavender,1
Смартфон Apple iPhone 13 Pro Max 64GB Cream,Apple iPhone 13 Pro Max 1TB Graphite,0
Vivo Vivo V30e 128GB Graphite,Vivo V27 128GB (Graphite),0
смартфон apple iphone se 2020 128gb red,смартфон samsung galaxy m12 3 32gb,0
смартфон xiaomi 15t 12 512gb gray,смартфон apple iphone 14 pro 256gb e sim золотистый,0
Apple iPhone 15 Pro Max Cream 128GB,Apple iPhone 15 Pro Max 8GB+64GB,0
Redmi Redmi Note 13 4G 128GB Silver,Redmi Redmi Note 13 4G 12GB/128GB Silver,1
смартфон tecno spark 10 pro 8 128gb pearl white,смартфон samsung galaxy a36 5g 12 256gb awesome white,0
Smartfon Samsung Galaxy Z Flip 5 128GB Cream,Смартфон Xiaomi Poco M5 256GB Titanium,0
Смартфон Tecno Tecno Spark 20 Pro 512GB Graphite,Tecno Tecno Spark 20 Pro+ 512GB Graphite,0
Smartfon Xiaomi 13T 128GB/12GB Purple,Xiaomi Xiaomi 13T 128GB Purple,1
Smartfon Apple iPhone 15 Pro 256GB Green,Smartfon iPhone 15 Pro 256GB/6GB Green,1
надстоечный водонагреватель с краном marco mt4,смартфон vivo y33s 4 128gb mirror black,0
honor 600 pro 12 512 black,смартфон honor x7c 8 256 forest green,0
Smartfon Samsung Galaxy S22 Ultra 256GB Natural,Смартфон Samsung Galaxy S22 Ultra 256GB Natural,0
Redmi Note 11S 64GB - Lavender,Redmi Redmi Note 11S 4GB+64GB,1
Smartfon Honor 100 256GB/8GB Blue,Honor 100 256GB - Blue,1
Honor X9b 512GB (Natural),Honor X9b 512GB (Natural),1
Infinix Infinix Note 40 Pro 12GB/128GB Titanium,Смартфон Infinix Infinix Note 40 Pro 256GB Cream,0
Honor Honor X7a 8GB/64GB Midnight,Honor Honor X7a,1
Smartfon Honor Honor 100 Pro 256GB Natural,Apple iPhone 12 3GB/128GB Blue,0
Infinix Zero 30 1TB - Titanium,Oppo Oppo Reno 10 3GB/512GB Silver,0
iphone 16 promax 256gb black akk 88 kelwamiz,iphone 256gb promax 16 black akk 88 kelwamiz,1
honor x7c 8 256gb midnight black,смартфон honor x9d 5g 12 256gb graphite,0
Honor Honor 90 Lite 16GB/512GB Purple,Smartfon Honor Honor 90 Lite 512GB Purple,0
redmi note 14 5g cdma gsm 8 128gb,смартфон iphone 12 pro 128gb blue,0
смартфон apple iphone 17 pro max 256gb cosmic orange mfyn4af a,смартфон pro iphone 17 apple max 256gb cosmic orange mfyn4af a,1
Redmi Redmi 13,Redmi Redmi 13 1TB Midnight,1
Apple iPhone 14 Pro Max 4GB/64GB Cream,iPhone SE 3 64GB Cream,0
Смартфон Realme Realme C55 64GB Coral,Смартфон Realme Realme C55 64GB Coral,1
Redmi Note 12 Pro 128GB (Purple),Redmi Redmi Note 12 Pro,1
смартфон samsung s25 ultra 12 256gb blue,смартфон samsung s25 12 256gb blue,1
honor x9d 5g gold 8 256gb,honor x6c 6 128gb ocean cyan,0
смартфон xiaomi redmi 15c 8 256 moonlight blue,смартфон xiaomi redmi note 11 4 64g mix,0
Honor Honor 90 Pro,Honor Honor 90 Pro 4GB/256GB Deep Purple,1
смартфон xiaomi poco m8 5g 8 512gb silver,смартфон xiaomi poco m8 5g 8 512gb,1
Redmi Note 13 256GB (Graphite),Redmi Redmi Note 13 512GB Green,0
смартфон honor x5c 4 64gb ocean cyan голубой,смартфон honor 70 8 256gb global blue,0
Realme Realme 12+ Natural 1TB,Realme Realme 12+ 3GB+128GB,0
Honor Honor X9a Graphite 256GB,Smartfon Honor Honor X9a 256GB Graphite,1
Smartfon Poco F5 128GB/6GB Silver,Poco F5 128GB (Silver),1
Tecno Pova 5 Pro 1TB Blue,Tecno Pova 5 Pro 1TB Blue,1
Smartfon Galaxy A54 5G 1TB/3GB Purple,Samsung Galaxy A54 5G Natural 256GB,0
Realme Realme C33 128GB Purple,Realme Realme C33 1TB Gold,0
honor x9d 12 256gb midnight black,смартфон honor x7d 6 128 mateor silver,0
смартфоны samsung galaxy a53 sm a536 6 128g blue,смартфоны sm galaxy a53 samsung a536 6 128g blue,1
смартфон xiaomi redmi 12 4 128gb global черный,global xiaomi redmi 12 4 128gb смартфон черный,1
ajib i10 4 64 silver,honor x8c midnight black 8 128gb,0
iphone 17 pro max 256gb silver,oppo a6s 8 256gb ice white,0
Smartfon Tecno Tecno Phantom X2 Pro 1TB Coral,Redmi Note 12 Pro+ 128GB (Starlight),0
Galaxy Z Fold 4 128GB Purple,Samsung Galaxy Z Fold 4 Green 64GB,0
Vivo Y200 Pro 1TB (Cream),Vivo Vivo V30e 16GB/1TB Cream,0
смартфон apple iphone 17 256gb black af a 1 sim,смартфон infinix zero 30 5g 21 256gb fantasy purple,0
Smartfon Vivo Y200 512GB/4GB White,Vivo Vivo Y200 4GB+512GB,1
xiaomi 17t pro 12gb 512gb black smartfoni,смартфон xiaomi redmi note 13 pro 5g 12 512gb dual nano sim midnight black,0
Realme Realme C53 6GB/256GB Green,Xiaomi Poco F5 Pro White 64GB,0
Honor 90 128GB (Lavender),Honor Honor 90 64GB Green,0
телефон nokia 225 4g dual sim black,телефон nokia 225 4g dual black sim,1
Infinix Note 40 64GB Silver,Infinix Note 40 64GB - Silver,1
Redmi Redmi Note 12 Pro Natural 512GB,Smartfon Honor Honor X9a 128GB Purple,0
Realme C65 128GB - White,Smartfon Realme Realme C65 128GB White,1
смартфоны xiaomi redmi note 11 pro 4g 6 128g starblue,смартфоны xiaomi note 11 pro 4g 6 128g starblue,1
Смартфон Infinix Infinix Note 30 Pro 512GB Deep Purple,Смартфон Vivo Vivo V29 256GB Titanium,0
Smartfon Oppo Reno 10 Pro+ 64GB/16GB Deep Purple,Смартфон Oppo Oppo Reno 10 Pro+ 64GB Deep Purple,1
смартфон xiaomi poco m8 pro 5g 8 256 гб green,смартфон 5g poco m8 pro xiaomi 8 256 гб green,1
смартфон honor x9c 8 256 titanium black,honor x5c 4 64 midnight black,0
Smartfon Vivo V30 512GB/12GB Black,Vivo Vivo V30,0
redmi 11pro bor 8 128,смартфон xiaomi poco m8 5g 8 256gb green,0
Smartfon Vivo Y200 1TB/3GB Blue,Infinix Infinix Zero 30,0
Oppo Oppo Reno 10 Pro+ 6GB+64GB,Oppo Reno 10 Pro+ 256GB White,0
Samsung Galaxy Z Fold 5,Galaxy Z Fold 5 128GB - White,1
Tecno Tecno Camon 20 Pro 12GB+1TB,Смартфон Tecno Tecno Camon 20 Pro 64GB Purple,0
Smartfon Poco M5 128GB/16GB Lavender,Smartfon Tecno Camon 30 512GB/16GB Cream,0
Smartfon Oppo A78 64GB/8GB Deep Purple,Smartfon Oppo Oppo A78 128GB Natural,0
Infinix Hot 40 128GB - Silver,Tecno Camon 30 Pro 1TB (Starlight),0
смартфон huawei p60 pro 8 256gb черный,смартфон p60 huawei pro 8 256gb черный,1
Vivo V30 64GB - Black,Смартфон Vivo Vivo V30 64GB Black,1
смартфон xiaomi redmi note 11 4 64g mix,honor x7d 6 128gb velvet black smartfoni oq sim karta sovg a 3 oyga 100gb,0
Honor 80 Pro 512GB (Natural),Smartfon Honor Honor 80 Pro 512GB Natural,1
Oppo Oppo A38 16GB/256GB White,Oppo A38 256GB - White,1
Realme Realme GT 5 Pro 1TB Purple,Realme Realme Note 50 1TB Purple,0
Honor Honor 90 Pro 4GB+512GB,Honor 90 Pro 128GB - Deep Purple,0
смартфон samsung galaxy a36 5g 12 256gb awesome white,samsung galaxy a36 5g 12 256gb awesome white,1
Смартфон Honor Honor X7b 64GB Silver,Honor Honor X7b 16GB/64GB Silver,0
смартфон xiaomi redmi note 12s 8 256gb global голубой,oppo a40m cph2669 starlight white 256gb,0
Apple iPhone SE 3 8GB+1TB,Смартфон Redmi Redmi K70 Pro 64GB Silver,0
Honor Honor X7b Green 256GB,Honor Honor X9a,0
redmi 15c 8 256 blue,redmi 17 4g oak green 4 128gb,0
honor x5c plus 4 128gb smartfoni midnight black,honor x5c plus midnight 128gb smartfoni 4 black,1
Oppo Oppo A38,Oppo Oppo A38 Natural 512GB,0
Vivo Vivo V27 Pro,Vivo Vivo X100 Pro 8GB/128GB Deep Purple,0
смартфон infinix hot 40 16 128gb palm blue,смартфон infinix 40 16 128gb palm blue,1
Oppo Oppo Reno 11 3GB+512GB,Oppo Reno 11 256GB (Starlight),0
смартфон honor x9d 8 256 гб черный,смартфон honor 200 pro 16 512gb moonlight white,0
Смартфон Oppo Oppo Reno 12 64GB Cream,Oppo Oppo Reno 12 128GB Green,0
Смартфон Infinix Infinix Hot 40 1TB Coral,Smartfon Infinix Infinix Hot 40 1TB Coral,1
Smartfon Oppo Oppo Reno 12 512GB Purple,Oppo Oppo Reno 12 Purple 512GB,1
смартфон apple iphone 11 128gb green,смартфон apple iphone 11 128gb,1
Redmi Note 11 Pro 256GB White,Redmi Redmi Note 11 Pro White 256GB,1
redmi note 14 ocean blue 6 128gb,redmi 15c 6 128gb moonlight blue,0
Galaxy A55 5G 128GB - Graphite,Samsung Galaxy A25 128GB Graphite,0
Redmi Note 12 Pro 128GB (Deep Purple),Infinix Infinix Note 40 Pro 12GB/64GB Gold,0
Смартфон Tecno Tecno Spark 10 64GB Lavender,Smartfon Tecno Tecno Spark 10 64GB Lavender,1
Infinix Hot 30 Play 512GB Coral,Infinix Infinix Hot 30 Play Silver 1TB,0
Infinix Hot 30 Play 512GB - White,Samsung Galaxy Z Flip 5 128GB Purple,0
Infinix Zero 30 128GB (White),Infinix Infinix Hot 40 White 128GB,0
Smartfon Infinix Infinix Hot 30 Play 1TB Black,Infinix Infinix Hot 30 Play White 128GB,0
смартфон iphone 13 pro 128gb silver dual,honor 600 lite 8 256 velvet grey,0
Realme Realme 11,Smartfon Realme Realme 9 Pro+ 256GB Cream,0
redmi note 17 new 2026 super skidkagarantiya dastavka,смартфон apple iphone 14 pro 1tb dual 1 sim золотистый,0
Galaxy S23+ 128GB Blue,Samsung Galaxy S24+ 4GB+128GB,0
Redmi Note 12 Pro 128GB (Gold),Smartfon Redmi Note 12 Pro 128GB/16GB Gold,1
Vivo Vivo X90 Pro,Vivo Vivo X90 Pro,1
Apple iPhone 12 Pro Max Coral 512GB,Smartfon Apple iPhone 12 Pro Max 512GB Coral,1
Smartfon Tecno Tecno Camon 30 64GB Lavender,Redmi Redmi Note 12 Pro Titanium 1TB,0
Tecno Tecno Pova 6 12GB/512GB Natural,Smartfon Tecno Pova 6 512GB/12GB Natural,1
Realme 12+ 128GB (Deep Purple),iPhone 13 Pro 256GB - Cream,0
смартфон samsung galaxy a37 128gb dark green,смартфон samsung galaxy 128gb a37 dark green,1
Infinix Note 40 512GB (Graphite),Infinix Infinix Note 40,1
беспроводные наушники xiaomi buds 5 graphite black,graphite наушники xiaomi buds 5 беспроводные black,1
Smartfon Honor Honor 90 Pro 256GB Silver,Samsung Galaxy S24 Ultra 12GB+1TB,0
Honor Honor 100,Honor Honor 100,1
Apple iPhone 12 Pro Max Starlight 256GB,iPhone 12 Pro Max 256GB (Starlight),1
смартфон honor x8a 6 128 silver,honor x9d 5g gold 8 256gb,0
Smartfon Vivo V27 Pro 1TB/12GB Coral,Redmi Redmi K70 Pro 128GB White,0
Tecno Phantom X2 Pro 64GB - Silver,Tecno Tecno Phantom X2 Pro 12GB+64GB,1
смартфон xiaomi redmi note 15 pro 5g 8 256 гб purple,смартфон xiaomi redmi note pro 5g 8 256 гб purple,1
ajib i10 smartfoni 4 64 silver,ajib i10 smartfoni 64 silver,1
Oppo Oppo A79 5G 4GB/512GB White,Smartfon Oppo A79 5G 512GB/4GB White,1
iPhone 13 512GB Deep Purple,Apple iPhone 15 8GB+512GB,0
смартфон xiaomi redmi note 13 8 256gb ocean sunset,xiaomi 17 t pro 12 512,0
Смартфон Oppo Oppo Reno 11 Pro 256GB Graphite,Oppo Reno 11 Pro 256GB (Graphite),1
Smartfon Samsung Galaxy S23 512GB Lavender,Smartfon Galaxy S23 512GB/8GB Lavender,1
Apple iPhone 13 mini 16GB/256GB Black,Smartfon Apple iPhone 13 mini 256GB Black,1
Xiaomi Xiaomi 11 Ultra,Xiaomi 11 Ultra 128GB - White,0
Honor Honor 100 Pro Lavender 128GB,Honor 100 Pro 512GB (Graphite),0
Смартфон Xiaomi Xiaomi 12 512GB White,Xiaomi 12 512GB (White),1
Smartfon Xiaomi Xiaomi 14 1TB Green,Xiaomi 14 1TB - Green,1
smartfon honor x9c 8 256 jade cyan,honor x9c 8 256 jade cyan,1
Smartfon Redmi Redmi Note 12 Pro+ 512GB Midnight,Vivo Vivo X90 Pro 1TB Green,0
Honor Honor 200 16GB+256GB,Honor Honor 200 256GB Deep Purple,1
Vivo Vivo V30e Black 128GB,Vivo V30e 128GB - Black,1
xiaomi redmi note 15 pro 4g 12 512gb smartfoni black,xiaomi redmi note 15 pro 12 512gb smartfoni black,1
Realme Realme GT Neo 5 SE 6GB/1TB Coral,Realme Realme 12 Pro+ 6GB/1TB Coral,0
Realme Realme GT Neo 5 SE,Realme Realme GT Neo 5 SE 128GB Graphite,1
Realme GT Neo 5 SE 1TB - Black,Smartfon Realme C67 1TB/3GB Black,0
apple iphone 17 8 256gb white,apple iphone 8 256gb white,1
Oppo Oppo Reno 10 Pro+,Oppo Oppo Reno 10 Pro+ 128GB Starlight,1
Smartfon Xiaomi Xiaomi 12T Pro 1TB Titanium,Xiaomi Xiaomi 12T Pro 4GB+256GB,0
Redmi Redmi 12C Lavender 64GB,Smartfon Redmi Redmi Note 13 4G 64GB Lavender,0
Apple iPhone 12 Pro 16GB/512GB Silver,Смартфон Apple iPhone 12 Pro 512GB Silver,1
Vivo V29 Pro 128GB (Coral),Oppo Oppo A38,0
Смартфон Xiaomi Xiaomi 13 Pro 64GB Midnight,Xiaomi 13 Pro 64GB Midnight,1
Infinix Infinix Hot 40 Pro 64GB Purple,Infinix Infinix Hot 40 Pro 8GB+64GB,1
Smartfon Realme Realme 12+ 256GB Green,Realme Realme 12+ 6GB/256GB Green,1
Tecno Tecno Pova 6 Pro Deep Purple 128GB,Tecno Tecno Spark 20 Pro+ Deep Purple 128GB,0
Honor X8a 64GB - Lavender,Смартфон Honor Honor X8a 1TB White,0
motorola moto g86 power 5g golden cypress 8 512gb,смартфон samsung galaxy s21 ultra 5g 16 512gb black,0
Smartfon Vivo X100 512GB/16GB Midnight,Смартфон Vivo Vivo Y36 512GB Midnight,0
Infinix Infinix Note 40,Смартфон Infinix Infinix Note 40 512GB Gold,1
Oppo Oppo A79 5G,Смартфон Oppo Oppo A79 5G 512GB Gold,1
Oppo Oppo Find X6 Pro 4GB+256GB,Oppo Oppo Find X6 Pro 128GB Blue,0
Tecno Pova 5 Pro 1TB (Lavender),Smartfon Tecno Tecno Pova 5 Pro 1TB Lavender,1
Smartfon Xiaomi Poco F5 Pro 1TB White,Poco F5 Pro 256GB - Gold,0
Xiaomi Poco M5s 16GB/128GB Cream,Смартфон Xiaomi Poco M5s 128GB Cream,1
Infinix Infinix Zero 30 5G,Infinix Zero 30 5G 128GB - Gold,1
Realme Realme GT 5 8GB+64GB,Smartfon Realme Realme GT 5 64GB Natural,1
Tecno Camon 20 Pro 128GB - Coral,Smartfon Oppo Find X6 Pro 1TB/4GB Titanium,0
Galaxy Z Fold 4 64GB - Deep Purple,Smartfon Galaxy Z Fold 4 256GB/4GB Gold,0
smartfon honor x8d 8 256gb light blue,смартфон honor x6c 6 128gb dual sim ocean blue,0
Samsung Galaxy A14 Lavender 256GB,Samsung Galaxy A14,1
Infinix Infinix Zero 30 5G,Смартфон Xiaomi Poco F5 64GB Cream,0
смартфон spark go 2 km4 128 4 veil white,смартфон spark go 2 128 4 veil white,1
Redmi A2+ 64GB White,Redmi Redmi A2+ 128GB Silver,0
Smartfon Redmi Redmi 13 128GB Green,Redmi Note 12 128GB (Green),0
Смартфон Tecno Tecno Camon 20 Pro 512GB Deep Purple,Smartfon Tecno Phantom X2 Pro 512GB/8GB Deep Purple,0
Smartfon Tecno Tecno Spark 20 Pro+ 1TB Starlight,Tecno Tecno Camon 30 3GB+1TB,0
Vivo Vivo X100 Pro Green 64GB,Smartfon Realme 12+ 128GB/6GB White,0
Redmi Redmi 12C 12GB+128GB,Redmi 12C 128GB Green,1
Smartfon Tecno Camon 30 1TB/3GB Purple,Tecno Tecno Camon 30 1TB Purple,1
iPhone 12 Pro 1TB - Lavender,iPhone 12 Pro 128GB - Purple,0
Vivo V30e 128GB - White,Smartfon Infinix Note 30 Pro 512GB/16GB Cream,0
смартфон samsung galaxy a71 black,смартфон apple iphone 16 pro 512gb sim esim natural titanium,0
Apple iPhone 15 Plus Graphite 64GB,Apple iPhone 15 Plus 3GB+1TB,0
Smartfon Xiaomi Poco M5 128GB Midnight,Xiaomi Poco M5 128GB Midnight,1
samsung galaxy s25 ultra 12 256gb titanium gray,samsung s25 ultra 12 256gb titanium gray,1
Smartfon Honor 80 Pro 64GB/12GB Coral,Smartfon Honor Honor 80 Pro 64GB Coral,1
Smartfon Xiaomi Xiaomi 11T Pro 256GB Cream,Smartfon Xiaomi 11T Pro 1TB/4GB Natural,0
Realme 11 Pro 1TB (Natural),Realme Realme 11 Pro 16GB/1TB Natural,1
Infinix Smart 8 Pro 1TB Starlight,Infinix Smart 8 Plus 1TB - Starlight,0
Redmi Redmi 12C Titanium 256GB,Redmi 12C 512GB - Purple,0
смартфон samsung galaxy s25 12 256gb silver shadow,смартфон samsung galaxy s25 12 shadow silver 256gb,1
Samsung Galaxy A05 128GB Lavender,Galaxy A05 1TB - Starlight,0
Infinix Infinix Zero 30 5G,Infinix Zero 30 5G 256GB - Purple,1
Realme 9 Pro+ 512GB - Coral,Honor Honor X8a,0
Xiaomi Poco M6 Pro 4GB/64GB Starlight,Infinix Infinix Smart 8 Plus 4GB/512GB Cream,0
Xiaomi Xiaomi 12T Pro Midnight 256GB,Tecno Tecno Phantom V Fold 16GB+1TB,0
redmi 14c midnight black 6 128gb,redmi note 15 black 6 128gb,0
Xiaomi 12X 256GB - Starlight,Xiaomi Xiaomi 12X,1
vivo y11d 4 256gb platinum,смартфон samsung galaxy a04 3 32gb green,0
смартфон honor x5 2 32gb orange,honor x9d 5g 12 256gb qizil smartfoni bestseller,0
смартфон samsung galaxy s21 fe 128gb graphite,смартфон galaxy s21 fe 128gb graphite,1
Smartfon Oppo Oppo A78 512GB Cream,Oppo A78 512GB Cream,1
Galaxy A55 5G 128GB - Titanium,Galaxy A55 5G 1TB Green,0
Tecno Pova 6 Pro 128GB (Silver),Smartfon Tecno Tecno Spark 10 128GB Silver,0
смартфон honor 200 8 256 black,смартфон tecno camon 20 pro 8 256 predawn black,0
Смартфон Xiaomi Poco F5 64GB Cream,Xiaomi Poco F5 Starlight 256GB,0
Infinix Infinix Note 30 256GB Gold,Infinix Note 30 128GB (Cream),0
Смартфон Honor Honor 90 Lite 512GB Purple,Honor Honor 90 Lite Purple 512GB,1
Realme Realme 12 Deep Purple 512GB,Tecno Pova 6 Pro 64GB Titanium,0
xiaomi 15 black 12 512gb,xiaomi 15 12 black 512gb,1
Samsung Galaxy M34 5G 512GB Purple,Samsung Galaxy M34 5G 3GB/256GB Titanium,0
Samsung Galaxy A05 Titanium 256GB,Galaxy A05 128GB - Silver,0
Xiaomi Xiaomi 13 Ultra 12GB+128GB,Samsung Galaxy A55 5G 12GB+256GB,0
Redmi Redmi Note 11 4GB+128GB,Oppo A38 256GB Green,0
xiaomi redmi note 15 smartfoni 6 128gb black,xiaomi redmi note 15 smartfoni 128gb black,1
Redmi Redmi Note 12 Pro 1TB Blue,Smartfon Redmi Redmi Note 12 Pro 256GB Graphite,0
Xiaomi Xiaomi 11T Pro Natural 256GB,Xiaomi Xiaomi 11T Pro 4GB/64GB Purple,0
Vivo Vivo Y22s 128GB Green,Infinix Infinix Note 30 Pro Titanium 256GB,0
смартфон google pixel 6a 6gb 128gb chalk,смартфон google 6gb 6a pixel 128gb chalk,1
смартфон realme 15 5g 12 256 suit titanium,suit realme 15 5g 12 256 смартфон titanium,1
Smartfon Oppo Find X6 Pro 1TB/16GB Natural,Redmi Redmi Note 12 Pro+ Coral 512GB,0
Infinix Smart 8 Pro 1TB - Green,Infinix Smart 8 Pro 1TB Green,1
redmi 12c ocean blue 3 64,redmi 11pro bor 8 128,0
Smartfon Realme Realme C55 128GB Gold,Smartfon Realme Realme Note 50 128GB Gold,0
Apple iPhone 12 256GB Graphite,Смартфон Apple iPhone 12 1TB Midnight,0
Galaxy M34 5G 128GB (Silver),Samsung Galaxy M34 5G 6GB/1TB Midnight,0
смартфон honor x7d 6 128 mateor silver,смартфон honor x9d 5g 12 256gb graphite,0
Redmi Redmi Note 12 Pro 3GB/256GB Silver,Redmi Note 12 Pro 128GB (Green),0
Vivo V30 Pro 256GB Green,Vivo Vivo V30 Pro Green 256GB,1
смартфон xiaomi redmi note 11 6 128gb blue,iphone 12 pro 128 gb holati rasimdak,0
Smartfon Xiaomi Poco X5 256GB Silver,Xiaomi Poco X5 12GB+256GB,1
Tecno Tecno Spark 20 Pro+ 1TB Titanium,Tecno Tecno Spark 20 Pro+,0
Redmi Redmi A3 1TB Natural,Redmi Redmi Note 12 Pro,0
Smartfon Infinix Infinix Note 30 128GB Deep Purple,Smartfon Infinix Infinix Note 30 128GB Deep Purple,1
Smartfon Vivo Vivo V29 Pro 128GB Blue,Vivo Vivo V29 Pro Blue 128GB,1
Vivo Vivo V27 8GB+256GB,Vivo Vivo V27 8GB/256GB Natural,1
Smartfon Redmi 13 256GB/6GB Coral,Redmi 13 128GB - Gold,0
Смартфон Tecno Tecno Spark 20 Pro 512GB Cream,Smartfon Tecno Camon 30 512GB/8GB Cream,0
Xiaomi Xiaomi 14T Pro,Tecno Pova 6 Pro 64GB - Cream,0
iphone 15 pro 256gb,смартфон xiaomi redmi note 14 pro 4g 8 128gb midnight black,0
Смартфон Xiaomi Poco F5 64GB Green,Smartfon Xiaomi Poco F5 64GB Green,1
Honor Honor 200 Pro 1TB Silver,Honor Honor 200 Pro 1TB Silver,1
Vivo Vivo V27 Purple 64GB,Vivo Vivo V27,1
Vivo Vivo X100 8GB/256GB Silver,Samsung Galaxy S23,0
Xiaomi Xiaomi 13T Pro 16GB/128GB Silver,Xiaomi Xiaomi 13T Pro 256GB Graphite,0
Infinix Zero 20 1TB (Black),Infinix Zero 20 1TB - Black,1
смартфон xiaomi redmi note 6 pro 4 64gb mix,смартфон 6 redmi note xiaomi pro 4 64gb mix,1
смартфон samsung galaxy z flip4 8 256gb gray,samsung смартфон galaxy z flip4 8 256gb gray,1
Infinix Infinix Zero 30,Infinix Infinix Zero 30 8GB+512GB,1
смартфон honor 200 lite 16 256gb cyan lake,смартфон honor 90 lite 8 256 silver,0
Vivo Y100 64GB - Titanium,Vivo Vivo Y100 3GB/64GB Titanium,1
xiaomi 17t blue 12 256gb,xiaomi blue 12 256gb,1
Honor Honor 90 Lite Green 512GB,Honor Honor 90 Lite 512GB Green,1
Smartfon iPhone 15 1TB/4GB Purple,Apple iPhone 15,1
Infinix Smart 8 Plus 256GB Blue,Infinix Smart 8 Plus 256GB Blue,1
Смартфон Oppo Oppo Find X7 128GB Coral,Oppo Oppo Find X7 12GB/128GB Coral,1
Redmi Note 12 Pro 512GB Coral,Redmi Redmi Note 12 Pro,1
Smartfon Xiaomi Poco X5 Pro 512GB Black,Poco X5 Pro 512GB (Black),1
Infinix Infinix Note 40 16GB+64GB,Infinix Infinix Note 40 64GB Graphite,1
Смартфон Realme Realme GT 5 Pro 512GB Cream,Realme Realme 11 Pro 6GB+512GB,0
redmi note 15 8 256 black,redmi note 14 full ideal holatda,0
Infinix Smart 8 64GB - Gold,Smartfon Infinix Smart 8 64GB/6GB Gold,0
Xiaomi Poco X6 Pro,Smartfon Poco X6 Pro 1TB/3GB Deep Purple,1
смартфон xiaomi redmi note 14 pro 4g 12 512gb aurora purple,смартфон xiaomi redmi note 14 pro 4g 12 512gb purple,1
смартфон oppo a6 8 128 aurora gold,смартфон oppo 8 a6 128 aurora gold,1
Galaxy S24 Ultra 1TB Black,Smartfon Samsung Galaxy S24 Ultra 128GB White,0
Смартфон Redmi Redmi Note 11 256GB White,Redmi Note 11 256GB - White,1
Poco M5s 1TB Lavender,Smartfon Xiaomi Xiaomi 13 Ultra 1TB Lavender,0
Vivo Vivo V30 Green 64GB,Vivo Vivo Y200 Pro 8GB/64GB Green,0
Smartfon Xiaomi 13 Ultra 64GB/12GB Gold,Xiaomi Poco X6 Gold 64GB,0
Tecno Tecno Spark 10,Vivo Vivo V27 Pro 256GB Black,0
Infinix Note 40 Pro 128GB Gold,Tecno Pova 6 Pro 64GB (Midnight),0
Смартфон Oppo Oppo Reno 10 Pro+ 512GB Deep Purple,Oppo Reno 10 Pro+ 512GB Deep Purple,1
Smartfon Tecno Camon 30 Pro 256GB/3GB White,Tecno Camon 30 Pro 256GB (White),1
смартфон iphone 13 mini 128gb pink,телефон novey a30r black,0
Infinix Infinix Zero 20 64GB Green,Vivo Vivo V30 3GB/256GB Deep Purple,0
Vivo Vivo Y200 Pro 12GB/1TB Cream,Smartfon Vivo Vivo Y200 Pro 1TB Cream,1
Samsung Galaxy M34 5G,Samsung Galaxy M34 5G,1
Oppo Oppo Reno 12 Pro 128GB Natural,Oppo Reno 12 Pro 128GB - Natural,1
Xiaomi Xiaomi 12T Pro 512GB Green,Smartfon Honor Magic6 Pro 128GB/16GB Cream,0
Smartfon Infinix Infinix Smart 8 Plus 128GB Graphite,Infinix Smart 8 Plus 128GB (Graphite),1
Redmi 12C 64GB (Cream),Oppo Reno 10 256GB Black,0
Infinix Zero 30 5G 1TB (Lavender),Infinix Infinix Zero 30 5G Black 256GB,0
смартфон xiaomi mi8 lite 4 64gb,смартфон xiaomi lite 4 64gb,1
redmi 17 4g black 8 256gb,redmi a7 pro mist blue 4 128gb,0
Samsung Galaxy Z Flip 5 512GB Graphite,Samsung Galaxy Z Flip 5,1
Smartfon Realme 11 Pro+ 256GB/4GB Natural,Tecno Phantom V Fold 128GB Lavender,0
Samsung Galaxy Z Flip 5 64GB White,Vivo Vivo V29 Pro 256GB Deep Purple,0
Смартфон Infinix Infinix Zero 30 5G 64GB Natural,Infinix Note 40 Pro 64GB Natural,0
Honor X7a 512GB - Green,Смартфон Honor Honor 90 Lite 512GB Green,0
honor x8b midnight black 8 256gb,honor x8b midnight black 8,1
Смартфон Tecno Tecno Pova 5 64GB Graphite,Tecno Pova 5 64GB Graphite,1
Oppo Oppo A38,Infinix Infinix Zero 30 1TB Cream,0
Vivo V30e 512GB Purple,Vivo V30e 512GB Purple,1
xiaomi redmi note 15 4g 6 128gb smartfoni black,очки виртуальной реальности vr shinecon g04ea,0
Vivo Vivo V29 Pro 12GB+512GB,Vivo V27 Pro 512GB Midnight,0
цемент akkermann 575 бесплатная доставка,цемент бесплатная 575 akkermann доставка,1
Honor Honor X9b 512GB Black,Apple iPhone 12 3GB+1TB,0
Oppo Oppo Find X7 Ultra 64GB Cream,Smartfon Oppo Find X7 Ultra 64GB/3GB Cream,1
смартфон xiaomi redmi 15c 8 256 гб черный,смартфон гб redmi 15c 8 256 xiaomi черный,1
honor x5c 4 64 midnight black,honor x9d 8 256gb reddish,0
Vivo X90 Pro 512GB (Cream),Xiaomi 14T 64GB - Starlight,0
Infinix Infinix Note 40 Pro 16GB+1TB,Oppo Oppo Reno 11,0
Redmi Note 13 4G 128GB (Purple),Redmi Redmi Note 13 4G 128GB Purple,1
Infinix Infinix Hot 40 512GB Graphite,Redmi Redmi Note 13 Pro Midnight 256GB,0
смартфон huawei nova 10 pro 8 128gb shining black,смартфон huawei nova 10 pro 8 shining black,1
Realme 12 512GB (Natural),Смартфон Realme Realme C67 512GB Natural,0
смартфон iphone 13 pro max 1tb sierra blue,смартфон iphone 13 pro max sierra 1tb blue,1
смартфон honor 200 16 512gb emerald green,смартфон 200 16 512gb emerald green,1
Honor Honor Magic5 Pro Blue 256GB,Honor Honor Magic5 Pro 16GB+256GB,1
Xiaomi 13T 256GB Starlight,Xiaomi 13T 256GB - Starlight,1
Tecno Camon 30 256GB (Starlight),Смартфон Tecno Tecno Camon 30 256GB Starlight,1
honor x5b plus 4 128 flowing blue,honor x5b plus flowing 128 4 blue,1
Vivo Vivo V30e 512GB Starlight,Vivo V30e 512GB - Starlight,1
Smartfon Tecno Spark 20 Pro+ 1TB/12GB Blue,Tecno Spark 20 Pro+ 128GB Gold,0
Apple iPhone 15 Pro Max 8GB/512GB Green,Apple iPhone 15 Pro Max Black 128GB,0
Smartfon Samsung Galaxy A34 1TB Black,Samsung Galaxy A34 512GB Lavender,0
Realme Realme 12+ 12GB+128GB,Realme Realme 12+ 512GB Purple,0
Xiaomi Poco M6 Pro 3GB+256GB,Xiaomi Poco F5,0
Vivo Vivo X100 128GB Titanium,Smartfon Vivo Vivo X100 128GB Titanium,1
Redmi Redmi Note 13 Coral 512GB,Smartfon Redmi Redmi Note 13 256GB Deep Purple,0
Smartfon Xiaomi 12 Pro 1TB/6GB Midnight,Xiaomi Xiaomi 12 Pro 256GB Purple,0
Smartfon Galaxy S23+ 1TB/3GB Graphite,Galaxy S23+ 64GB - Starlight,0
Samsung Galaxy S23 Ultra Graphite 64GB,Samsung Galaxy S23 Ultra Graphite 64GB,1
Samsung Galaxy A05 Gold 128GB,Smartfon Samsung Galaxy A05 1TB Purple,0
Смартфон Honor Honor 200 64GB Natural,Smartfon Honor 100 64GB/8GB Natural,0
Infinix Infinix Note 40 Pro 16GB+128GB,Infinix Infinix Hot 30 Play 16GB+128GB,0
Honor Magic5 Lite 64GB (Starlight),Смартфон Honor Honor Magic5 Lite 64GB Starlight,1
Redmi A3 256GB - Midnight,Redmi A3 64GB - Natural,0
Smartfon Xiaomi 12X 512GB/4GB Black,Xiaomi 13 Ultra 512GB Black,0
Vivo Vivo V30e,Smartfon Vivo V30e 128GB/6GB Cream,0
Realme Realme 11 Pro,Realme Realme 11 Pro,1
Samsung Galaxy S21 FE,Samsung Galaxy S21 FE 3GB+512GB,1
Oppo Find X7 1TB (Deep Purple),Oppo Find X7 1TB - Deep Purple,1
Tecno Tecno Spark 20 Pro,Tecno Spark 20 Pro 128GB (Natural),0
Redmi Redmi A3 6GB+1TB,Smartfon Redmi A3 1TB/6GB Midnight,1
Xiaomi Xiaomi 11T 8GB+1TB,Xiaomi Poco X6,0
Tecno Tecno Pova 6 Pro 4GB/1TB Titanium,Tecno Tecno Pova 6 Pro 1TB Titanium,1
Oppo Oppo A58 64GB Purple,Samsung Galaxy M34 5G 1TB Natural,0
Smartfon Tecno Spark 20 128GB/3GB White,Smartfon Tecno Tecno Spark 20 128GB White,1
смартфон oppo a6 8 128 aurora gold,honor x5c 4 64gb midnight black,0
samsung galaxy a56 5g 8 256 awesome olive smartfoni,256 galaxy a56 5g 8 samsung awesome olive smartfoni,1
смартфон honor 90 5g 12 512gb midnight black,смартфон honor 200 16 512gb black,0
Realme Realme 12 Pro 64GB Natural,Realme Realme 12 Pro White 512GB,0
смартфон xiaomi poco c71 4 128gb black,смартфон xiaomi c71 4 128gb black,1
Oppo Oppo A38 4GB/1TB Coral,Vivo V30 Pro 128GB - Gold,0
Смартфон Redmi Redmi Note 12 64GB Cream,Redmi Redmi Note 12 Cream 64GB,1
смартфон apple iphone 17 pro max 256gb e sim,электронная книга pocketbook 634k3 verse pro color stormy sea,0
смартфон xiaomi redmi note 15 6 128 гб glacier blue,смартфон xiaomi redmi note 15 6 128 гб blue glacier,1
Redmi Redmi A3 Titanium 1TB,Redmi A3 512GB (Lavender),0
oppo a5 pro cph2711 256 гб mocha brown,oppo гб pro cph2711 256 a5 mocha brown,1
Xiaomi Xiaomi 14T Pro 8GB/512GB Gold,Xiaomi Xiaomi 14T Pro,0
Tecno Tecno Camon 30 Pro 3GB+1TB,Tecno Tecno Camon 30 Pro 3GB/1TB White,1
смартфон huawei p60 pro 12 512gb dual nano sim черный,смартфон nano p60 pro 12 512gb dual huawei sim черный,1
Tecno Tecno Camon 30 Pro,iPhone 13 Pro Max 1TB White,0
смартфон honor x7d 8 256 velvet black,honor x8d 8 256gb smartfoni black,0
смартфон vivo y31 4 128gb black,vivo y28 8 128gb agate green,0
Xiaomi 14 Pro 64GB (Midnight),Apple iPhone 12 Pro Max 1TB Gold,0
huawei pura 70 white 12 256gb,huawei pura 70 white 12,1
Infinix Smart 8 Pro 512GB Lavender,Infinix Smart 8 Pro 512GB - Lavender,1
беспроводное зарядное устройство borofone bq19 3in1 15w black,беспроводное зарядное устройство borofone bq19 3in1 black,1
смартфон tecno spark 6 go 2 32 aqua blue,смартфон tecno spark 6 2 32 aqua blue,1
Vivo Vivo Y200 12GB/256GB Black,Vivo Y200 256GB (Black),1
Smartfon Infinix Note 40 512GB/4GB Deep Purple,Infinix Note 40 64GB White,0
Смартфон Realme Realme 12 Pro+ 64GB Black,Realme Realme 12 Pro+,0
Galaxy S22 512GB Graphite,Galaxy S22 512GB - Graphite,1
Smartfon Vivo Vivo V29 64GB Coral,Tecno Tecno Camon 30 Pro 128GB Titanium,0
Honor Honor X9b Purple 128GB,Smartfon Honor X9b 128GB/6GB Purple,1
Honor 90 128GB (Black),Honor Honor 90 6GB+128GB,1
смартфон xiaomi 17t pro 12 256gb black,black xiaomi 17t pro 12 256gb смартфон,1
Oppo Oppo Reno 10 Pro 16GB+128GB,Smartfon Oppo Oppo Reno 10 Pro 128GB White,1
honor 600 pro 12 512 black,смартфон honor x6a 6 128gb dual nano sim синий,0
смартфон samsung galaxy s24 fe 8 128gb sim esim green,samsung galaxy s24 fe 8 128gb sim esim green,1
Redmi Note 11 Pro 128GB Deep Purple,Smartfon Redmi Note 11 Pro 512GB/4GB Blue,0
honor 400 lite velvet grey 8 256gb,смартфон honor x8с 6 128gb midnight black,0
Смартфон Samsung Galaxy S22 Ultra 64GB Lavender,Galaxy S22 Ultra 64GB Lavender,1
Smartfon Honor Honor 100 1TB Starlight,Smartfon Infinix Smart 8 128GB/12GB Green,0
Tecno Tecno Spark 20 Blue 64GB,Tecno Spark 20 64GB - Blue,1
Oppo Oppo Find X7 Titanium 512GB,Oppo Oppo Find X7,1
Смартфон Oppo Oppo Find X7 1TB Deep Purple,Oppo Find X7 1TB (Deep Purple),1
Vivo Vivo X100 Pro,Smartfon Vivo Y200 128GB/12GB Gold,0
Xiaomi Xiaomi 13T 3GB/64GB Black,Xiaomi Xiaomi 13T Blue 1TB,0
Honor 90 Lite 1TB (Starlight),Vivo Vivo Y100,0
смартфон iphone 13 mini 128gb starlight,13 iphone смартфон mini 128gb starlight,1
Redmi Note 13 Pro+ 1TB - Gold,Smartfon Redmi Note 13 Pro+ 1TB/12GB Gold,1
Смартфон Realme Realme 9 Pro+ 64GB Deep Purple,Realme Realme 9 Pro+ 6GB+128GB,0
Vivo V29 512GB - Black,Vivo Vivo V29 12GB/512GB Black,1
redmi note 14 8 128 midnight black,redmi note 15 8 256 black,0
смартфон samsung galaxy s23 ultra 12 256gb green,смартфон galaxy s23 ultra 12 256gb green,1
Смартфон Realme Realme GT Neo 5 SE 128GB Titanium,Realme Realme GT Neo 5 SE 12GB/128GB Titanium,1
Смартфон Redmi Redmi Note 12 Pro+ 256GB Black,Smartfon Redmi Redmi Note 12 Pro+ 256GB Black,1
Смартфон Infinix Infinix Note 40 Pro 1TB Gold,Vivo V29 Pro 128GB White,0
Смартфон Tecno Tecno Phantom X2 Pro 512GB Graphite,Tecno Tecno Spark 10 Graphite 512GB,0
Realme Note 50 128GB - Silver,Realme Note 50 128GB Silver,1
Apple iPhone 14 Pro 3GB/64GB Purple,Apple iPhone 14 Pro,1
redmi 15c mint green 4 256gb,redmi note 14s midnight black 8 128gb,0
Смартфон Redmi Redmi Note 13 Pro 1TB Deep Purple,Redmi Redmi Note 13 Pro 4GB/1TB Deep Purple,1
Smartfon Redmi Note 13 4G 1TB/8GB Titanium,Smartfon Redmi Note 13 4G 1TB/8GB Titanium,1
iPhone 15 Pro Max 256GB (Green),Apple iPhone 15 Pro Max Green 256GB,1
Tecno Phantom V Fold 512GB Lavender,Tecno Tecno Phantom V Fold Lavender 512GB,1
Honor 80 Pro 256GB Starlight,Honor 100 Pro 256GB - Starlight,0
смартфон iphone 13 pro 256gb gold dual,смартфон iphone 13 256gb gold dual,1
smartfon honor x9d 12 256gb reddish brown,honor smartfon x9d 12 256gb reddish brown,1
смартфон honor x7d 6 128 mateor silver,honor 600 lite 8 256gb velvet grey час,0
Xiaomi Xiaomi 12X,Xiaomi Xiaomi 12X 1TB Coral,0
redmi not 12 srochno sotiladi,redmi note 15 доставка 8 256gb 6 128gb,0
Samsung Galaxy Z Flip 4,Smartfon Galaxy Z Flip 4 128GB/3GB Lavender,1
Realme Realme C67,Realme Realme C67 Black 1TB,1
Apple iPhone 14 Pro Max 4GB/1TB Deep Purple,iPhone 14 Pro Max 1TB - Deep Purple,1
Honor X8b 1TB - Black,Смартфон Honor Honor X8b 1TB Black,1
Oppo Oppo Reno 12,Oppo Reno 12 64GB (Deep Purple),0
Smartfon Honor 90 Lite 128GB/12GB Green,Honor Honor 90 Lite 12GB/128GB Green,1
Apple iPhone 12 Pro Max 12GB+64GB,iPhone 12 Pro Max 64GB Silver,1
redmi note 14 pro 5g 8 256 frost blue,redmi 15c 8 256gb moonlight blue,0
Smartfon Tecno Tecno Camon 30 128GB Blue,Tecno Tecno Camon 30,0
Infinix Infinix Note 30,Smartfon Infinix Infinix Note 30 256GB Green,1
Oppo Oppo A78 4GB/512GB Black,Smartfon Oppo Reno 12 512GB/4GB Black,0
Smartfon Samsung Galaxy A14 128GB Deep Purple,Смартфон Samsung Galaxy A14 256GB Coral,0
Vivo Vivo Y200 3GB/256GB Starlight,Vivo Vivo Y200 3GB+256GB,1
Oppo Oppo Reno 11 White 512GB,Oppo Oppo Reno 11 512GB White,1
Smartfon Oppo Reno 11 Pro 64GB/3GB Midnight,Smartfon Oppo Oppo Reno 11 Pro 64GB Midnight,1
honor 600 8 256 black,смартфон honor 400 lite 5g 8gb 256gb velvet grey,0
Realme Realme 12 Pro+ 1TB Lavender,Smartfon Tecno Pova 5 512GB/3GB Starlight,0
Realme GT Neo 5 SE 128GB (Silver),Smartfon Realme GT Neo 5 SE 512GB/3GB Natural,0
Xiaomi Poco F5 Pro Blue 512GB,Xiaomi Poco F5 Pro Coral 128GB,0
Honor X9b 64GB Natural,Смартфон Honor Honor X9b 256GB Deep Purple,0
Xiaomi Xiaomi 12X,Smartfon Xiaomi Poco X6 Pro 64GB Cream,0
Tecno Tecno Camon 30,Redmi Note 12 Pro+ 1TB (Natural),0
смартфон apple iphone 17e 256gb sim esim white,honor 400 12 256gb midnight black,0
honor magic v3 falcon black 12 512gb,honor 50 lite 128 6 pamet yahshi,0
Samsung Galaxy A35 5G 12GB/1TB Coral,Samsung Galaxy A35 5G 12GB/1TB Coral,1
продам срочно свой redmi note 15 pro 5g,продам redmi note 15 pro plus 5g 12 512 brown,0
smartfon honor x8d 8 128gb velvet black,honor 400 5g 256gb,0
Honor Honor X7a 1TB Deep Purple,Смартфон Honor Honor 100 Pro 1TB Deep Purple,0
Honor X9b 128GB Lavender,Smartfon Honor X9b 128GB/3GB Lavender,1
Honor Honor X9b 12GB+64GB,Honor X9b 64GB (White),1
Smartfon Oppo Oppo A17 128GB Blue,Oppo Oppo A17 8GB/128GB Blue,1
Apple iPhone 15 Plus 6GB/512GB Starlight,Смартфон Honor Honor 200 Pro 256GB Lavender,0
Смартфон Samsung Galaxy M14 512GB White,Samsung Galaxy M14 6GB/512GB White,1
Realme Realme C65,Realme C65 128GB - Gold,0
redmi 10 рабочие,redmi 10,1
смартфон camon 30 5g 8 256 uyuni salt white,смартфон camon 30 8 256 uyuni salt white,1
Смартфон Oppo Oppo Find X7 1TB Graphite,Smartfon Xiaomi Xiaomi 13 Pro 512GB Natural,0
Smartfon Oppo Reno 10 Pro+ 512GB/4GB Midnight,Smartfon Oppo Reno 10 Pro+ 1TB/4GB Black,0
Redmi 12 512GB Black,Smartfon Redmi Redmi 12 256GB Purple,0
Redmi Note 12 128GB - Titanium,Redmi Note 12 128GB (Titanium),1
samsung galaxy a16,samsung a16,1
Vivo V30 Pro 256GB Lavender,Смартфон Realme Realme C55 128GB Starlight,0
Oppo Oppo Reno 10,Smartfon Oppo Oppo Reno 10 128GB Starlight,1
Realme 12 Pro+ 1TB (Purple),Realme 12 Pro+ 128GB - Silver,0
смартфон xiaomi poco x6 5g 12 256gb black,honor x9d 8 256gb reddish,0
iPhone 11 Pro 512GB (White),Смартфон Apple iPhone 15 Plus 512GB White,0
Infinix Infinix Smart 8 Pro 8GB+64GB,Tecno Tecno Spark 20 Pro+ 256GB Natural,0
смартфон apple iphone 17 256gb white mg6k4zd a,смартфон google pixel 6а 6 128gb светло серый,0
Honor 200 512GB - Titanium,Tecno Tecno Camon 30 Pro 128GB Deep Purple,0
Tecno Spark 20 Pro+ 1TB - Graphite,Tecno Tecno Pova 6 6GB/1TB Graphite,0
Смартфон Redmi Redmi A2+ 256GB Blue,Смартфон Redmi Redmi A2+ 256GB Blue,1
redmi note 9 pro,redmi note 11 4 64gb срочна сотилади,0
Oppo Oppo Find X7 12GB+128GB,Oppo Oppo Find X7 12GB+128GB,1
Xiaomi Xiaomi 12 Pro Black 256GB,Xiaomi 12 Pro 256GB (Black),1
Redmi Redmi Note 13 8GB/512GB Coral,Smartfon Redmi Redmi Note 13 512GB Coral,1
смартфон honor 200 16 256gb emerald green,смартфон infinix hot 40 pro 8 256gb starfall green,0
смартфон google pixel 10 pro 16 128gb moonstone,смартфон pixel 10 pro 16 128gb moonstone,1
смартфон realme note 70,смартфон honor x5c plus 4 128 ocean cyan,0
смартфон oppo reno14f 5g 8 256 opal blue,смартфон oppo reno14f 5g 8 256 opal,1
смартфон samsung galaxy s21 8 128gb phantom black,смартфон samsung galaxy s21 8 phantom black,1
смартфон samsung galaxy s24 fe 8 256gb dual esim green,смартфон samsung 256gb s24 fe 8 galaxy dual esim green,1
Galaxy M34 5G 256GB (Natural),Смартфон Samsung Galaxy M34 5G 256GB Natural,1
Vivo Vivo Y36,Infinix Infinix Note 30 1TB Lavender,0
Smartfon Honor 90 Pro 64GB/8GB Black,Infinix Infinix Smart 8 Plus Silver 512GB,0
Realme Realme 12 Pro+,Realme 12 Pro+ 256GB Midnight,1
apple iphone 14 256gb dual sim синий,apple iphone 256gb dual sim синий,1
Honor Honor Magic6 Pro 3GB/64GB Starlight,Smartfon Honor Honor Magic6 Pro 64GB Starlight,1
Смартфон Oppo Oppo Reno 12 64GB Black,Oppo Oppo Reno 12 12GB/64GB Black,1
Infinix Infinix Smart 8 Plus White 512GB,Infinix Infinix Smart 8 White 512GB,0
redmi 15 yangi 2026 y 05 04,redmi note 14 8 128 midnight black,0
Смартфон Xiaomi Poco X5 1TB Blue,Xiaomi Poco X5 128GB Natural,0
Smartfon Vivo V29 Pro 128GB/16GB Silver,Oppo Reno 10 512GB - Black,0
Смартфон Oppo Oppo Find X7 Ultra 512GB Purple,Oppo Find X7 Ultra 512GB (Purple),1
Oppo Oppo Reno 11 Pro,Oppo Oppo Reno 11 Pro,1
redmi note 14 midnight black 8 256gb,redmi note 15 pro 5g titanium color 8 512gb,0
Oppo Oppo Reno 12 64GB Lavender,Смартфон Oppo Oppo Reno 12 64GB Lavender,1
смартфон samsung a04s 4 128gb green,смартфон samsung a04s 4 green,1
Smartfon Xiaomi Xiaomi 12X 512GB Deep Purple,Xiaomi Poco M5 512GB Deep Purple,0
Смартфон Realme Realme 11 Pro 64GB White,Realme Realme C67 White 64GB,0
Vivo Vivo Y36 Black 128GB,Vivo Vivo Y200 Pro 128GB Black,0
Oppo Oppo A58,Oppo Oppo A58 Silver 1TB,0
Tecno Spark 10 1TB (Natural),Tecno Tecno Spark 10 1TB Natural,0
смартфон samsung galaxy a15 5g 8 256gb light blue,смартфон samsung galaxy a15 5g 8 256gb blue,1
Redmi Note 12 Pro 64GB - Deep Purple,Redmi Redmi 12 64GB Deep Purple,0
Infinix Infinix Smart 8 6GB/128GB Midnight,Infinix Smart 8 128GB (Midnight),1
смартфон samsung galaxy z fold5 12 1tb dual nano sim esim кремовый,смартфон iphone 12 128gb purple dual,0
Oppo Oppo Reno 10 Pro+ Green 256GB,Realme Note 50 64GB - Purple,0
Vivo Y36 128GB Titanium,Tecno Pova 6 1TB Lavender,0
xiaomi 17t pro deep violet 12 1tb,xiaomi 17t pro 12 violet deep 1tb,1
Realme Realme 12+,Smartfon Realme 12+ 1TB/4GB White,1
телефон novey s77 gray,телефон novey s77,1
Oppo Oppo A78 Blue 1TB,Oppo A78 1TB - Blue,1
Smartfon Samsung Galaxy Z Fold 5 1TB Starlight,Samsung Galaxy Z Fold 5 3GB/1TB Starlight,1
iPhone 12 Pro 512GB Cream,Apple iPhone 12 Pro 12GB/64GB Blue,0
Galaxy A35 5G 256GB (Silver),Samsung Galaxy A35 5G 4GB/256GB Silver,1
Vivo Y35 512GB Graphite,Smartfon Vivo Vivo Y35 64GB Midnight,0
Смартфон Tecno Tecno Camon 30 256GB Green,Смартфон Tecno Tecno Camon 30 256GB Green,1
смартфон honor 200 pro 12 256gb moonlight white,смартфон honor 200 256gb 12 pro moonlight white,1
Tecno Camon 20 Pro 128GB Graphite,Смартфон Vivo Vivo X100 Pro 64GB Lavender,0
смартфон samsung galaxy a15 5g 8 256gb yellow,смартфон samsung galaxy a15 8 256gb yellow,1
Smartfon Honor 200 256GB/12GB Titanium,Honor 200 256GB Titanium,1
Смартфон Tecno Tecno Camon 30 Pro 64GB Midnight,Smartfon Tecno Camon 30 Pro 64GB/16GB Midnight,1
смартфон honor 400 12 512gb desert gold,смартфон samsung galaxy a15 4 128gb blue,0
Realme Realme C65 128GB Black,Realme Realme C65 128GB Black,1
Vivo Vivo V30e 1TB Green,iPhone 11 Pro Max 256GB - Blue,0
Vivo V30 Pro 512GB - Graphite,Vivo Vivo V30 Pro Graphite 512GB,1
Vivo Vivo Y22s 512GB Lavender,Смартфон Vivo Vivo Y22s 512GB Lavender,1
Xiaomi 14 64GB (Blue),Xiaomi Xiaomi 14 White 256GB,0
смартфон honor x7c 8 256 forest green,смартфон samsung sm a155f a15 256gb black,0
смартфон tecno spark 10 4 128gb meta blue,смартфон 128gb spark 10 4 tecno meta blue,1
Smartfon Apple iPhone 13 128GB Cream,iPhone 13 128GB Cream,1
Xiaomi Poco X6,Xiaomi Poco X6 Graphite 64GB,1
смартфон honor x9 6 128gb silver,honor x7d desert gold 8 256gb,0
Honor Honor X9a 4GB+64GB,Oppo Oppo A38 4GB+1TB,0
redmi note 15 night black 8 256gb,redmi note 13telfon sotiladi,0
Galaxy A25 256GB - Blue,Apple iPhone 12 4GB/128GB Black,0
Realme Realme GT 5 Pro 128GB Lavender,Realme Realme GT 5 Pro Lavender 128GB,1
Apple iPhone 14 Pro 256GB Coral,Apple iPhone 14 Pro 4GB/256GB Coral,1
смартфон honor x7a plus 6 128gb midnight black,смартфон honor x7b 6 256 midnight black,0
smartfon samsung galaxy a17 6 128gb light blue sovg aga oq sim kartasi 3 oyga 100gb,smartfon 3 galaxy a17 6 128gb light blue sovg aga oq sim kartasi samsung oyga 100gb,1
Smartfon Infinix Infinix Smart 8 Plus 512GB Silver,Infinix Infinix Smart 8 Plus,1
iPhone 15 Pro Max 512GB (White),iPhone 15 Pro Max 512GB - White,1
Smartfon Samsung Galaxy M14 256GB Titanium,Смартфон Infinix Infinix Note 40 Pro 64GB Graphite,0
Smartfon Oppo Reno 12 256GB/16GB Silver,Oppo Reno 12 256GB (Silver),1
смартфон xiaomi redmi note 13 pro 8 256gb midnight black,респираторная маска 3м 7502 оригинал защита от пыли газа и химических веществ,0
Redmi Note 11 Pro 64GB Gold,Vivo V29 Pro 256GB Natural,0
Redmi 13 1TB - Natural,Redmi 13 1TB (Natural),1
Smartfon Redmi Note 12 512GB/12GB Black,Redmi A2+ 512GB Black,0
Смартфон Honor Honor Magic6 Pro 256GB Starlight,Honor Honor Magic6 Pro,1
Tecno Pop 8 512GB (Natural),Smartfon Realme C65 64GB/4GB Black,0
Smartfon Oppo Oppo Reno 12 Pro 128GB Titanium,Smartfon Infinix Zero 30 1TB/6GB Natural,0
Honor 100 64GB (White),Vivo Vivo Y100,0
Oppo Oppo A78 64GB Graphite,Oppo Oppo A78 16GB/64GB Graphite,1
смартфон samsung galaxy a34 5g 8 128gb black,смартфон samsung galaxy a34 8 128gb black,1
Smartfon Honor Honor 90 Lite 1TB Coral,Tecno Tecno Camon 20 Pro 8GB/512GB Midnight,0
смартфон oppo a55 4 64gb rainbow blue,смартфон infinix gt 30 pro 5g 16 256gb silver,0
Honor Honor 200 256GB Cream,Смартфон Honor Honor 200 256GB Cream,1
Vivo Vivo V30 8GB/64GB Deep Purple,Vivo Vivo Y22s Deep Purple 64GB,0
Realme Realme C65 Gold 512GB,Smartfon Realme Realme C65 512GB Gold,1
Xiaomi 13T 1TB - Graphite,Smartfon Xiaomi Poco X6 Pro 1TB Graphite,0
Смартфон Oppo Oppo Reno 11 64GB Graphite,Oppo Find X7 64GB - Graphite,0
Smartfon iPhone 11 Pro 1TB/3GB Gold,Apple iPhone 15 Pro 3GB/1TB Gold,0
Honor Honor X9b 8GB/512GB Coral,Smartfon Honor Honor X7b 512GB Coral,0
Realme 11 512GB Midnight,Oppo Oppo Reno 11 Starlight 128GB,0
смартфон apple iphone 15 pro max 256gb black titanium,смартфон apple iphone 15 max 256gb black titanium,1
samsung s25 plus 12 256g sotiladi,samsung s25 plus 12 256g,1
Vivo Vivo V29 Pro Green 64GB,Vivo Vivo V29 Pro 8GB+1TB,0
смартфон samsung galaxy s25 ultra 12 512gb titan gray,смартфон samsung galaxy s25 12 512gb titan gray,1
Honor Honor X9a Gold 512GB,Honor X9a 512GB - Gold,1
redmi 15c 6 128gb midnight black,прода тся телефон redmi note 13 pro,0
Smartfon Realme Realme C53 256GB Gold,Galaxy A05s 128GB Silver,0
Samsung Galaxy A35 5G 4GB/512GB White,Smartfon Galaxy S24+ 512GB/4GB White,0
Apple iPhone 13 Pro Max 6GB/512GB Coral,Apple iPhone 13 Pro Max 6GB+512GB,1
Galaxy M34 5G 64GB (Blue),Samsung Galaxy M34 5G 6GB+64GB,1
Smartfon Realme Realme C65 256GB Starlight,Realme Realme C65 Starlight 256GB,1
huawei nova y61 midnight black 4 128gb,huawei nova y61 midnight 128gb 4 black,1
Redmi Redmi Note 13 128GB Deep Purple,Redmi Redmi Note 13 4GB/512GB Graphite,0
iPhone 12 mini 256GB Black,Apple iPhone 12 mini 12GB/256GB Black,1
смартфон samsung galaxy s24 fe 8 256gb dual esim blue,смартфон realme note 50 4 128 sky blue,0
Realme 11 Pro 512GB (Blue),Tecno Tecno Spark 20 Pro+ 4GB+1TB,0
honor x9d sunrise gold 8 256gb,смартфон iphone 12 pro 128gb blue dual,0
Realme Realme GT 5 4GB+64GB,Smartfon Realme GT 5 64GB/4GB Gold,1
Samsung Galaxy A54 5G 12GB+512GB,Galaxy A54 5G 1TB Silver,0
смартфон xiaomi poco m6 pro 12 512gb global dual nano sim purple,12 xiaomi poco m6 pro смартфон 512gb global dual nano sim purple,1
Galaxy S22 Ultra 128GB White,Smartfon Galaxy S22 Ultra 128GB/3GB White,1
смартфон tecno spark 40 slim cool,смартфон tecno spark 40 cool,1
Galaxy A25 64GB (Graphite),Смартфон Samsung Galaxy A25 64GB Graphite,1
Смартфон Tecno Tecno Pova 6 64GB Graphite,Tecno Pova 6 64GB (Graphite),1
Infinix Infinix Note 30 Pro 12GB+256GB,Infinix Infinix Note 30 Pro 256GB Coral,1
Tecno Tecno Spark 20,Tecno Tecno Spark 20 3GB+512GB,1
Tecno Tecno Pop 8,Tecno Tecno Spark 20 Deep Purple 128GB,0
Смартфон Xiaomi Xiaomi 13T 128GB Black,Xiaomi 13T 128GB - Black,1
Honor Honor 90 Lite Starlight 512GB,Smartfon Honor 90 Lite 512GB/4GB Starlight,1
Tecno Spark 20 1TB - Midnight,Tecno Tecno Spark 20 Midnight 1TB,1
Redmi Redmi 13 128GB Cream,Смартфон Vivo Vivo Y22s 512GB Gold,0
смартфон iphone 12 mini 128gb black,смартфон iphone 12 mini black,1
Tecno Tecno Spark 20 Pro+ 12GB+512GB,Tecno Tecno Spark 20 Pro+ 512GB Cream,1
смартфон xiaomi mi 11 lite 8 128gb 4g black global version,смартфон infinix smart 10 plus 4 128 гб черный,0
Смартфон Redmi Redmi 12C 1TB Green,Redmi Redmi 12C,1
Oppo Oppo Reno 12 Pro 1TB Natural,Oppo Oppo Reno 12 Pro 12GB+1TB,1
Redmi Redmi Note 11 128GB Green,Infinix Hot 40 Pro 256GB (Purple),0
iPhone 14 Plus 256GB White,Apple iPhone 13 Pro Max 256GB White,0
Smartfon Redmi Redmi Note 11S 256GB Coral,Redmi Note 11S 256GB Coral,1
Смартфон Redmi Redmi Note 12 256GB Deep Purple,Smartfon Redmi Note 12 512GB/4GB Titanium,0
Oppo Oppo Find X6 Pro 256GB Coral,Смартфон Oppo Oppo Find X6 Pro 64GB Lavender,0
redmi a7 pro 4 128 black,redmi note 15 6 128 purple,0
смартфон realme c53 128gb 6gb nfc champion gold,смартфон realme c53 128gb 6gb gold champion nfc,1
Apple iPhone 14 Pro 12GB/64GB Natural,Smartfon Apple iPhone 14 Pro 128GB Cream,0
iPhone 15 Pro Max 512GB - Silver,iPhone 15 Pro Max 512GB (Silver),1
honor x8d 8 256 velvet black,смартфон honor x7b 6 256 emerland green,0
Oppo Reno 11 Pro 128GB (Coral),Oppo Oppo Reno 11 Pro Coral 128GB,1
Infinix Infinix Note 40 512GB Starlight,Smartfon Infinix Infinix Note 40 512GB Starlight,1
Oppo A17 128GB Gold,Oppo Oppo A17 4GB/128GB Gold,1
смартфон vivo v30 12 256 black,vivo смартфон v30 12 256 black,1
Realme Realme 11 Titanium 64GB,Realme Realme 11,1
смартфон iphone 12 pro max 128gb blue dual,смартфон apple iphone 16 pro max 256gb dual esim white titanium,0
Vivo Y200 1TB Starlight,Vivo Y36 1TB - Starlight,0
xiaomi 17t violet 12 256gb,xiaomi 17t 12 violet 256gb,1
Infinix Smart 8 Pro 64GB Black,Smartfon Infinix Infinix Smart 8 Pro 1TB White,0
honor x9d 5g 8 256gb sunrise gold 365gb internet 3 oy bepul tv com sovg a,honor magic v3 falcon black 12 512gb,0
Vivo Vivo V30 Pro 6GB/512GB Blue,Vivo Vivo V30 Pro 512GB Blue,1
Apple iPhone 11 512GB Titanium,Apple iPhone 11,0
Samsung Galaxy S23 Ultra 512GB Black,Redmi Redmi Note 11 Pro 12GB+1TB,0
смартфон samsung galaxy a14 4 128gb black,смартфон xiaomi redmi 12c 3 64gb blue,0
смартфон huawei nova y90 4 128gb emerald green,смартфон huawei nova 4 128gb emerald green,1
Realme C67 256GB (Cream),Realme C67 256GB - Cream,1
Oppo Oppo Reno 12 Pro 1TB Natural,Smartfon Oppo Oppo Reno 12 Pro 1TB Natural,1
смартфон apple iphone 17 pro max 512 гб nanosim esim cosmic orange,смартфон apple iphone 17 гб max 512 pro nanosim esim cosmic orange,1
xiaomi redmi 15c blue 6 128gb,смартфон xiaomi poco c71 4 128gb blue,0
Honor 100 Pro 128GB (Black),Honor X8a 128GB - Black,0
Honor X7a 64GB (Midnight),Honor Honor Magic5 Lite 12GB+64GB,0
Redmi Redmi Note 11S 8GB+1TB,Redmi A3 1TB (Starlight),0
Smartfon iPhone 13 Pro 64GB/12GB Gold,Xiaomi Xiaomi 13,0
redmi note 14 midnight black 8 256gb,redmi 14 midnight black 8 256gb,1
redmi 13 6 128 midnight black,redmi 15 midnight black 8 256gb,0
Apple iPhone 12 Pro Max 16GB/256GB Green,Apple iPhone 12 Pro Max,1
redmi note 14 pro 5g midnight black 12 512gb,note 14 pro 5g midnight black 12 512gb,1
Samsung Galaxy S23 Ultra 256GB Silver,Smartfon Samsung Galaxy S23 Ultra 128GB Gold,0
Oppo Reno 10 512GB (Gold),Realme Realme 12 Pro+ Purple 256GB,0
беспроводное зарядное устройство baseus literary youth suwy d0s,беспроводное youth устройство baseus literary зарядное suwy d0s,1
смартфон realme 10 4g 8 128gb rush black,смартфон realme 10 4g 8 128gb black,1
Смартфон Samsung Galaxy Z Fold 5 512GB Titanium,Galaxy Z Fold 5 1TB Purple,0
Apple iPhone SE 3 Natural 256GB,Apple iPhone SE 3 64GB Purple,0
Smartfon Infinix Note 40 128GB/16GB White,Smartfon Infinix Infinix Smart 8 Plus 128GB White,0
Xiaomi Poco X5 3GB/256GB Black,Xiaomi Poco X5 3GB/256GB Black,1
смартфон spark go 2 km4 64 4 veil white,km4 spark go 2 смартфон 64 4 veil white,1
зарядное устройство xiaomi mi smart band 4 charging cable,зарядное устройство mi smart band 4 charging cable,1
Xiaomi Poco F5 Pro 12GB+512GB,Smartfon Poco F5 Pro 128GB/12GB Deep Purple,0
Galaxy S23 128GB (Silver),Samsung Galaxy S23 12GB/128GB Silver,1
смартфон honor 200 16 512gb moonlight white,смартфон honor x8d 8 256 blue,0
Tecno Tecno Spark 20 Pro Graphite 256GB,Tecno Tecno Spark 20 Pro 4GB/256GB Graphite,1
Realme C67 512GB - Silver,Realme Realme 9 Pro+ Silver 512GB,0
iPhone 13 Pro 1TB (White),Apple iPhone 13 Pro,1
Vivo Vivo V29 6GB+64GB,Vivo Vivo V29 6GB+64GB,1
Xiaomi Xiaomi 12,Smartfon Xiaomi Xiaomi 12 64GB Green,1
смартфон honor x9d 12 256gb midnight black,смартфон honor x9d midnight 256gb 12 black,1
Smartfon Infinix Infinix Zero 30 5G 128GB Purple,Смартфон Infinix Infinix Zero 30 5G 128GB Purple,1
Tecno Tecno Phantom X2 Pro,Xiaomi Xiaomi 11T 4GB+1TB,0
realme 15 5g 12 256gb pink,телефон novey a60 dark red,0
Smartfon Redmi Redmi K70 Pro 256GB White,Smartfon Xiaomi Xiaomi 14T 128GB Gold,0
телефон nokia 210 dual sim red,смартфон xiaomi redmi note 15 pro 12 512gb white,0
смартфон oppo reno 12f 8 256 matte grey,смартфон reno 12f 8 256 matte grey,1
Смартфон Infinix Infinix Note 40 Pro 512GB Titanium,Смартфон Infinix Infinix Note 40 Pro 512GB Titanium,1
Vivo V27 1TB (Deep Purple),Vivo V30 1TB (Deep Purple),0
Xiaomi 12 64GB (White),Xiaomi Xiaomi 12 White 64GB,1
Oppo Oppo Reno 12 Pro 16GB/64GB Deep Purple,Oppo Oppo Find X6 Pro,0
Smartfon Vivo V29 Pro 128GB/16GB Black,Смартфон Vivo Vivo V29 Pro 128GB Black,1
Vivo Vivo Y35 512GB Titanium,Poco M5 256GB - White,0
Oppo Find X7 64GB Silver,Oppo Find X7 64GB - Silver,1
Samsung Galaxy Z Flip 5 12GB/256GB Silver,Smartfon Redmi Note 13 128GB/12GB Gold,0
смартфон xiaomi poco x8 pro 8 512gb green,смартфон tecno spark go 2024 3 64gb gravity black,0
Infinix Note 30 128GB Starlight,Infinix Infinix Note 30 8GB/256GB Blue,0
Смартфон Redmi Redmi Note 11 Pro 128GB White,Redmi Redmi Note 11 Pro 16GB+128GB,1
samsung galaxy a25 5g,samsung 5g a25 galaxy,1
Smartfon Vivo V29 256GB/6GB Lavender,Infinix Hot 40 Pro 128GB White,0
Smartfon Samsung Galaxy A05 1TB Starlight,Realme Note 50 256GB - Graphite,0
Honor Honor X9b 6GB/1TB Lavender,Smartfon Honor Honor X8a 1TB Lavender,0
Xiaomi Xiaomi 13 Ultra,Xiaomi 13 Ultra 256GB - Black,1
смартфон oppo reno 8t 8 128gb cosmic black,смартфон oppo reno black 8 128gb cosmic 8t,1
Смартфон Realme Realme C65 64GB Purple,Realme Realme C65 8GB/64GB Purple,1
Infinix Zero 30 5G 1TB Graphite,Смартфон Infinix Infinix Zero 30 5G 1TB Graphite,1
Oppo Oppo Reno 10 Pro+ Lavender 64GB,Redmi Redmi K60,0
Vivo Y100 128GB (Titanium),Vivo Vivo Y100,1
смартфон xiaomi redmi note 11 4 64gb graphite gray,redmi note 15 purple 8 128gb,0
смартфон poco c71 3 64gb black,смартфон poco black 3 64gb c71,1
Smartfon Oppo Oppo Reno 10 Pro+ 128GB Midnight,Oppo Oppo Reno 10 Pro+ Titanium 64GB,0
смартфон apple iphone air 256gb cloud white,смартфон xiaomi 14t 12 512gb titan gray,0
Samsung Galaxy A55 5G 8GB+512GB,Galaxy S23 512GB Lavender,0
Apple iPhone 15 Pro Max 8GB+256GB,iPhone 15 Pro Max 256GB Lavender,1
Redmi Redmi A3 64GB Midnight,Redmi K60 64GB - Midnight,0
беспроводные наушники defender freemotion b535,беспроводные defender freemotion b535,1
infinix hot 60 pro sleek black 8 256gb,infinix hot 60 sleek pro black 8 256gb,1
Smartfon Vivo Y100 128GB/8GB Coral,Smartfon Vivo Y100 128GB/8GB Coral,1
Oppo Oppo Reno 12 4GB+256GB,Oppo Oppo Reno 12 Gold 256GB,1
Vivo V30 64GB (Purple),Vivo Vivo V30 64GB Purple,1
смартфон google pixel 7a 8 128gb snow,google смартфон pixel 7a 8 128gb snow,1
Smartfon Tecno Pova 6 512GB/6GB White,Smartfon Tecno Tecno Pova 6 512GB White,1
Smartfon Oppo Oppo Reno 11 Pro 64GB Green,Oppo Oppo Reno 11 Pro 8GB+64GB,1
Realme Realme 12 Pro+ 8GB/1TB Graphite,Oppo Oppo Reno 10 8GB/128GB Lavender,0
iphone 17 pro max 256 1 sim silver,iphone 17 pro max 256 1 sim,1
Смартфон Tecno Tecno Camon 20 Pro 512GB Starlight,Tecno Camon 20 Pro 512GB Starlight,1
Tecno Pova 5 1TB - Natural,Tecno Tecno Pova 5 Black 64GB,0
Samsung Galaxy F14 5G 512GB Starlight,Samsung Galaxy F14 5G 4GB+512GB,1
Smartfon Vivo Vivo X90 Pro 64GB Cream,Vivo Vivo X90 Pro 6GB/512GB Starlight,0
Смартфон Oppo Oppo Reno 12 Pro 64GB Silver,Oppo Oppo Reno 12 Pro,1
Oppo Oppo A58 12GB/128GB Gold,Oppo Oppo A78,0
Apple iPhone 12 Pro 8GB+1TB,Vivo Vivo X90 Pro 64GB Purple,0
Smartfon Realme Realme 11 128GB Titanium,Smartfon Realme Realme 12 Pro 128GB Titanium,0
Tecno Spark 20 Pro+ 1TB - Graphite,Смартфон Tecno Tecno Spark 20 Pro+ 64GB Deep Purple,0
смартфон apple iphone 16 pro max 512gb dual esim desert titanium,смартфон iphone apple 16 pro max 512gb dual esim desert titanium,1
Redmi Note 13 128GB Purple,Smartfon Redmi Redmi 13C 128GB Purple,0
Realme GT 5 128GB Deep Purple,Realme Realme GT 5 Graphite 64GB,0
redmi note 11 pro 5g 6 128,redmi 11 pro 5g 6 128,1
смартфон samsung galaxy a35 5g 8 256gb purple,смартфон samsung galaxy a35 5g 8 256gb,1
Oppo Oppo A78 3GB/128GB Coral,Infinix Infinix Smart 8,0
Samsung Galaxy S24 256GB Lavender,Smartfon Samsung Galaxy S24 256GB Lavender,1
смартфон xiaomi 15 12 256gb dual nano sim silver,смартфон realme 12 4g 8 256gb green,0
Xiaomi 12X 1TB - Blue,Smartfon Xiaomi 12X 1TB/16GB Blue,1
Apple iPhone 12 Pro 4GB/256GB Lavender,Apple iPhone 12 Pro 256GB Lavender,1
Infinix Infinix Hot 40 Pro 12GB/64GB Starlight,Infinix Infinix Hot 40 Pro,0
смартфон realme c25y 4 128gb gray,смартфон realme c25y 4 gray,1
Infinix Infinix Hot 30 Play 16GB/64GB Green,Infinix Hot 30 Play 64GB Green,1
Smartfon Oppo Find X7 Ultra 128GB/8GB Blue,Oppo Oppo Find X7 Ultra 128GB Blue,1
iPhone 12 mini 128GB - Midnight,iPhone 12 mini 128GB Midnight,1
Tecno Tecno Pop 8 3GB+512GB,Tecno Tecno Pop 8,1
Infinix Infinix Note 40 Pro 6GB/64GB Deep Purple,Infinix Infinix Note 40 Pro,0
pixel 9 128 сотилади холати зор,зор 9 128 сотилади холати pixel,1
Apple iPhone 14 Pro Titanium 128GB,Smartfon iPhone 12 mini 128GB/3GB Titanium,0
redmi note 15 6 128gb glacier blue,redmi 14c midnight black 4 128gb,0
telefon sotiladiredmi redmi note 11,redmi note 15 pro 4g оптом и штук,0
redmi note 17 4g 2026 new super skidka garantiya dastavka,redmi note 14s midnight black 8 128gb,0
Apple iPhone SE 3,iPhone SE 3 64GB Purple,1
redmi 9c 32 2gb dac full,redmi 12 128gb,0
redmi 15c 4 128 blue,xiaomi redmi note 14s 8 256gb midnight black,0
Oppo Reno 10 Pro+ 64GB - White,Oppo Oppo Reno 10 Pro+ 8GB/64GB White,1
redmi note 11 128tali yangi hali narxini kelishamiz,redmi not 14 pro,0
Xiaomi Poco M5 256GB Natural,Xiaomi 13 Pro 256GB (Natural),0
Smartfon Realme C53 256GB/3GB White,iPhone 11 Pro Max 512GB (Coral),0
Смартфон Tecno Tecno Spark 10 512GB Silver,Tecno Tecno Spark 10 16GB+1TB,0
смартфон tecno spark 5 air 2 32gb misty grey,беспроводные наушники ugreen hitune t3 pro anc,0
Realme Realme 11 Pro+ 512GB Midnight,Realme Realme 11 Pro+ 8GB+128GB,0
Xiaomi 12 512GB - Graphite,Smartfon Xiaomi Xiaomi 12 512GB Graphite,1
Redmi Redmi Note 13 Pro+ 1TB Titanium,Redmi Redmi Note 13 Pro+,0
Honor Honor 200 Pro 8GB+1TB,Galaxy F14 5G 256GB - Purple,0
Xiaomi 12X 512GB - Natural,Smartfon Xiaomi 12X 64GB/3GB Deep Purple,0
Infinix Zero 30 5G 64GB Lavender,Смартфон Infinix Infinix Zero 30 5G 64GB Lavender,1
Realme Realme 12+ Natural 64GB,Realme Realme C55 Natural 64GB,0
Poco M6 Pro 128GB - Black,Xiaomi Poco M6 Pro,1
Смартфон Samsung Galaxy S23+ 256GB Green,Samsung Galaxy S23+ 4GB+64GB,0
Oppo Find X7 64GB - Natural,Oppo Oppo Find X7 6GB/64GB Natural,1
смартфон xiaomi redmi a7 pro 128 гб оранжевый закат,смартфон xiaomi закат a7 pro 128 гб оранжевый redmi,1
Smartfon Redmi Redmi K70 Pro 64GB White,Galaxy S23+ 512GB - Midnight,0
Galaxy S24 Ultra 512GB - Gold,Samsung Galaxy S24 Ultra 512GB Gold,1
смартфон samsung galaxy a26 5g a266 6 128gb black light green white,смартфон samsung galaxy a26 5g a266 6 128gb black light green,1
Смартфон Honor Honor Magic5 Pro 512GB Cream,Honor Honor Magic5 Pro 12GB/512GB Cream,1
Смартфон Tecno Tecno Phantom V Fold 256GB Coral,Tecno Pova 6 Pro 256GB Coral,0
samsung galaxy a26 5g black 6 128gb,смартфон samsung galaxy a52 8 256gb white,0
смартфон xiaomi redmi note 15 8 256gb black,смартфон 256gb redmi note 15 8 xiaomi black,1
Apple iPhone 15 Pro Max 1TB Blue,Apple iPhone 12 mini 8GB+1TB,0
Galaxy Z Flip 4 512GB - Coral,Galaxy Z Flip 4 64GB - Cream,0
Smartfon iPhone 11 Pro 1TB/3GB Gold,Apple iPhone 11 Pro 1TB Gold,1
Tecno Tecno Pop 8 8GB+64GB,Tecno Tecno Pop 8 Cream 512GB,0
Tecno Tecno Phantom X2 Pro 3GB+1TB,Смартфон Tecno Tecno Phantom X2 Pro 64GB Starlight,0
Xiaomi Xiaomi 14T Pro 3GB+1TB,Smartfon Xiaomi Xiaomi 14T Pro 1TB Blue,1
смартфон honor x9b 5g 8 256gb emerald green,honor x5d plus tidal blue 4 128gb,0
смартфон xiaomi redmi note 15 pro 12 512 гб titanium color,смартфон redmi note 15 pro 12 512 гб titanium color,1
Smartfon Vivo Vivo V29 128GB Graphite,Infinix Infinix Hot 40 Pro 12GB/512GB Gold,0
Realme Realme Note 50 8GB+128GB,Infinix Infinix Zero 20 8GB+1TB,0
Samsung Galaxy S24 4GB/64GB Black,Смартфон Samsung Galaxy S24 64GB Black,1
Honor Honor X7a 512GB Deep Purple,Honor Honor X7a 512GB Deep Purple,1
redmi 13s xolatiga garantya,redmi xolatiga 13s garantya,1
Samsung Galaxy F14 5G 256GB Graphite,Xiaomi Xiaomi 14T 128GB Blue,0
samsung galaxy s25 ultra titanium grey 12 512gb,samsung galaxy s25 grey titanium ultra 12 512gb,1
Smartfon Tecno Tecno Pova 5 Pro 1TB Natural,Tecno Tecno Pova 5 Pro 16GB+1TB,1
samsung galaxy a17,galaxy a17,1
Realme C67 128GB White,Realme C67 128GB (White),1
Oppo Oppo Find X7 6GB/512GB White,Смартфон Oppo Oppo Find X7 256GB Coral,0
смартфон xiaomi 12 lite eea 8 256gb black,xiaomi redmi 15 8 256gb binafsharang 100gb internet 3 oy bepul tv com sovg a,0
смартфон xiaomi 12t pro 8 256gb silver,смартфон xiaomi 12t 8 pro 256gb silver,1
Smartfon Honor X8a 512GB/4GB Gold,Honor Honor X8a 4GB/512GB Gold,1
Smartfon iPhone 15 Plus 512GB/16GB Silver,iPhone 15 Plus 512GB - Silver,1
Infinix Hot 40 Pro 1TB Green,Infinix Infinix Hot 40 Pro 16GB/1TB Green,1
Смартфон Vivo Vivo V29 1TB Starlight,Vivo Vivo V29 Starlight 1TB,1
смартфон honor 600 lite 8 256gb velvet black,смартфон oppo a52 4 64gb twilight black,0
Realme 11 512GB Silver,Realme 12 512GB (Silver),0
смартфон samsung galaxy s23 8 128gb cream,cream samsung galaxy s23 8 128gb смартфон,1
Redmi Note 12 Pro 256GB Deep Purple,Redmi Redmi Note 12 Pro 3GB/512GB Coral,0
Смартфон Xiaomi Xiaomi 14 Ultra 1TB Cream,Galaxy S24 64GB (Gold),0
smartfon note 15 6 128gb blue,smartfon 15 note 6 128gb blue,1
Smartfon Apple iPhone 14 Pro Max 128GB White,Apple iPhone 14 Pro Max,1
samsung galaxy s24 8 256gb grey 100gb of internet 3 months of tv com for free,samsung galaxy s24 free 256gb grey 100gb of internet 3 months of tv com for 8,1
смартфон infinix hot 40 pro 8 256gb starfall green,смартфон 8 hot 40 pro infinix 256gb starfall green,1
Oppo Find X7 512GB (Deep Purple),Oppo Oppo Reno 10 3GB/512GB Deep Purple,0
Redmi Redmi A2+ 16GB/128GB Cream,Redmi Redmi A2+ Cream 128GB,1
Oppo Reno 11 Pro 128GB Titanium,Oppo Find X6 Pro 128GB Titanium,0
Smartfon Poco M6 Pro 512GB/12GB Coral,Poco M6 Pro 512GB Coral,1
Apple iPhone 12 mini,iPhone 12 mini 128GB - Lavender,0
Vivo Y200 Pro 64GB (Purple),Vivo Vivo Y200 Pro 8GB/64GB Purple,1
смартфон honor 400 pro 12 512gb lunar grey,honor x7d gold 6 128gb,0
Смартфон Xiaomi Xiaomi 14T Pro 128GB Cream,Smartfon Xiaomi Xiaomi 14T Pro 128GB Cream,1
smartfon honor 600 8 256gb black,256gb honor 600 8 smartfon black,1
Oppo Oppo Reno 11 512GB White,Oppo Oppo Reno 11 White 512GB,1
Apple iPhone 15 Natural 256GB,Смартфон Apple iPhone 15 256GB Natural,1
Smartfon Honor Honor 90 Lite 512GB Titanium,Samsung Galaxy S23 Ultra,0
Смартфон Tecno Tecno Pova 5 64GB Blue,Смартфон Tecno Tecno Pova 5 64GB Blue,1
Oppo Find X7 256GB - Purple,Oppo Find X7 256GB - Purple,1
Смартфон Redmi Redmi K60 256GB Gold,Tecno Spark 10 1TB (Starlight),0
Redmi Redmi A2+ 1TB Gold,Redmi Redmi A2+ 3GB/1TB Gold,1
Smartfon Apple iPhone 14 512GB Graphite,iPhone 11 Pro 512GB Graphite,0
смартфон honor x9c 5g 8 256gb dual sim jade cyan,смартфон honor 90 lite 8 256gb dual nano sim ч рный,0
Smartfon Realme Realme 12 Pro+ 512GB Purple,Realme Realme 12 Pro+,1
Samsung Galaxy S23 FE 12GB/64GB Green,Galaxy S22 Ultra 64GB Green,0
xiaomi redmi note 14 pro 5g black 12 512gb,smartfon honor 600 lite 8 256gb velvet gray,0
Oppo Oppo Reno 10 Pro 3GB+512GB,Oppo Reno 10 Pro 128GB (Black),0
смартфон xiaomi 15 ultra 16 1tb dual esim silver chrome,смартфон apple iphone 16 pro max 256gb black titanium,0
Smartfon Oppo Reno 12 1TB/3GB Silver,Smartfon Oppo Find X7 Ultra 1TB/3GB Silver,0
Realme GT Neo 5 SE 128GB (White),Realme GT Neo 5 SE 128GB - White,1
Redmi Redmi Note 11 Pro Starlight 128GB,Redmi Redmi Note 11 Pro 128GB Starlight,1
Samsung Galaxy S23 FE 12GB+1TB,Galaxy S23 FE 64GB Deep Purple,0
Smartfon Apple iPhone 12 Pro 64GB Titanium,iPhone 12 Pro 512GB (Black),0
Samsung Galaxy S23+ 128GB Graphite,Смартфон Realme Realme GT Neo 5 SE 64GB Cream,0
Realme Realme 12 Pro+,Realme 12 Pro+ 1TB (White),1
Smartfon Redmi Note 12 Pro+ 512GB/8GB Starlight,Redmi Redmi 13 8GB+512GB,0
Tecno Tecno Spark 10 4GB/1TB Lavender,Infinix Infinix Zero 30 5G 4GB+128GB,0
iPhone 11 256GB - Purple,Vivo Vivo V30 Titanium 1TB,0
Смартфон Honor Honor 90 Lite 1TB Cream,Honor Honor 90 Lite 12GB+1TB,1
Smartfon Vivo V27 256GB/12GB Cream,Vivo V27 256GB Cream,1
смартфон iphone 11 pro 256gb gray,iphone 11 pro 256gb gray,1
Infinix Note 30 Pro 128GB (White),Infinix Note 30 Pro 64GB (Black),0
Smartfon Vivo Vivo V27 Pro 512GB Midnight,Vivo Vivo V27 Pro 6GB+128GB,0
смартфон honor 200 16 256gb emerald green,смартфон honor x7b 6 256 emerland green,0
Redmi Redmi 12C 16GB+128GB,Redmi 12C 128GB (Gold),1
Samsung Galaxy S23+ 6GB/256GB Black,Smartfon Realme Realme 11 Pro+ 512GB Titanium,0
смартфон realme c71 green 6 128gb,смартфон google pixel 7 pro 12 128gb black,0
Vivo Vivo V29 256GB Black,Vivo V29 64GB (Coral),0
смартфон iphone 12 pro max 512gb graphite dual,смартфон iphone 12 pro 512gb graphite dual,1
Honor Honor X8a 12GB+1TB,Honor X8a 512GB (Gold),0
Smartfon Realme 12 Pro+ 64GB/3GB Deep Purple,Realme Note 50 64GB Deep Purple,0
Xiaomi 12 Pro 512GB - Cream,Xiaomi 12 Pro 1TB (Silver),0
смартфон honor x7a 4 128gb midnight black,honor 600 8 512 orange,0
Vivo Vivo V29 White 64GB,Smartfon Vivo V29 64GB/16GB White,1
прода тся samsung z flip 5 в отличном состоянии,смартфон spark go 2 km4 64 4 ink black,0
Smartfon Redmi Note 13 512GB/12GB Cream,Смартфон Redmi Redmi Note 13 512GB Cream,1
Смартфон Xiaomi Xiaomi 11 Ultra 64GB Cream,Smartfon Xiaomi Xiaomi 12 64GB Cream,0
honor x5b plus 4 128 flowing blue,honor x6c 6 128gb qora smartfoni,0
Honor X8a 1TB Starlight,Honor Honor X8a 16GB+1TB,1
Vivo X90 Pro 128GB (Blue),Vivo Vivo X90 Pro 8GB+128GB,1
Poco X6 512GB - Cream,Xiaomi Poco X6 12GB/512GB Cream,1
Realme Realme 11 Pro+ 256GB Purple,Realme 11 Pro+ 1TB - Cream,0
Smartfon Galaxy A14 128GB/6GB Cream,Galaxy A14 128GB - Cream,1
смартфон xiaomi redmi note 13 pro 8 512gb ч рный,смартфон samsung galaxy s26 ultra 16 1tb dual esim white,0
Smartfon Honor Honor Magic6 Pro 1TB Gold,Smartfon Honor Magic6 Pro 1TB/12GB Gold,1
oppo a5 8 256gb mist white,oppo a5 8 256gb mist,1
Smartfon Oppo Reno 11 Pro 128GB/16GB Purple,Oppo Oppo Reno 11 Pro 128GB Purple,1
смартфон honor x9c 5g 12 256gb dual sim jade cyan,смартфон honor x9c 5g 12 dual sim jade cyan,1
Samsung Galaxy S23 FE Starlight 512GB,Samsung Galaxy S23 FE Starlight 512GB,1
honor x9d 5g 12 256gb sunrise gold 365gb internet 3 oy bepul tv com sovg a,honor x9d 5g 12 256gb sunrise gold 365gb internet 3 oy tv com sovg a,1
смартфон vivo y1s 2 32gb black,смартфон vivo y1s 2 black,1
Smartfon Galaxy S24 64GB/3GB Black,Honor 90 Pro 128GB Graphite,0
Смартфон Apple iPhone 13 mini 256GB Natural,iPhone 15 256GB - Natural,0
Smartfon Apple iPhone 12 mini 128GB Purple,Apple iPhone 12 mini,1
Redmi Redmi Note 13 4G 3GB/128GB Graphite,Redmi Redmi Note 13 4G 3GB+128GB,1
Смартфон Infinix Infinix Hot 40 512GB Titanium,Infinix Hot 40 64GB Blue,0
смартфон xiaomi redmi note 15 pro 12 256gb titanium color,смартфон apple iphone se 2022 64g red,0
Samsung Galaxy A34 12GB/128GB Blue,Samsung Galaxy M34 5G 12GB/128GB Blue,0
Smartfon Samsung Galaxy S23 256GB Silver,Apple iPhone 15 Plus 512GB Graphite,0
iphone air 256gb sky blue,iphone air 256gb blue sky,1
Realme Realme 12 Pro+,Realme Realme 12 12GB+128GB,0
Smartfon Xiaomi 14T 1TB/12GB Blue,Xiaomi Xiaomi 14T 64GB Silver,0
galaxy a37 8 256 dark green sm a376edggsoz,a37 galaxy 8 256 dark green sm a376edggsoz,1
Oppo Oppo Reno 11,Redmi Redmi K70 Pro,0
iPhone 13 Pro Max 512GB Midnight,Apple iPhone 13 Pro Max 512GB Midnight,1
Realme Realme 9 Pro+ Cream 64GB,Realme 11 Pro+ 64GB Cream,0
Honor Honor 90 Lite 4GB+1TB,Honor 90 Lite 1TB - White,1
Redmi Redmi Note 11S 512GB Lavender,Smartfon Redmi Note 11S 512GB/3GB Lavender,1
Smartfon Apple iPhone 12 Pro 64GB Green,Infinix Infinix Hot 40 Pro Graphite 512GB,0
Apple iPhone 15 Pro 4GB+512GB,Apple iPhone 15 Pro Max,0
Redmi Redmi K70 Pro 4GB/64GB Blue,Redmi K70 Pro 64GB (Blue),1
Smartfon Honor Honor 90 Lite 256GB Black,Honor Honor 90 Lite 16GB/256GB Black,1
Samsung Galaxy A35 5G 1TB Deep Purple,Smartfon Samsung Galaxy S23 1TB Deep Purple,0
Xiaomi 12T Pro 512GB - Graphite,Xiaomi Xiaomi 12T Pro 256GB Black,0
Smartfon Xiaomi 11T Pro 64GB/12GB Titanium,Redmi Note 11 1TB (Gold),0
Honor 200 128GB (Starlight),Honor Honor 200 3GB+128GB,1
iPhone 11 Pro 1TB (Silver),Apple iPhone 11 Pro,1
Смартфон Oppo Oppo Find X7 128GB Coral,Oppo Oppo Find X7,1
Redmi Redmi A3 12GB+128GB,Redmi A3 128GB (Blue),1
Xiaomi 12 Pro 128GB (Natural),Smartfon Xiaomi Xiaomi 12 Pro 256GB Starlight,0
huawei p60 pro 8 256gb black 100gb of internet 3 months of tv com for free,huawei p60 pro 8 256gb black 100gb internet 3 months of tv com for free,1
Oppo Reno 10 Pro+ 1TB - Blue,Smartfon Oppo Oppo A38 1TB Blue,0
Smartfon Xiaomi Xiaomi 13T Pro 512GB Midnight,Смартфон Xiaomi Xiaomi 13T Pro 512GB Midnight,1
Redmi Redmi K60 Graphite 1TB,Redmi Redmi K60,0
смартфон apple iphone 17 pro max 256gb silver mfym4zd a,смартфон iphone 13 pro max 256gb green,0
honor x8c 6 128 midnight black,honor 200 pro 5g 12 512gb black,0
Oppo Oppo Find X7 Ultra 8GB+64GB,Smartfon Oppo Oppo Find X7 Ultra 64GB Deep Purple,1
Samsung Galaxy S22 Ultra,Galaxy S22 Ultra 1TB Lavender,0
Смартфон Vivo Vivo Y200 Pro 128GB Titanium,Vivo Vivo Y22s 128GB Titanium,0
redmi note 11 128gb,смартфон redmi note 15 pro 8 256gb black,0
Tecno Pova 6 64GB (Purple),Infinix Infinix Note 40 White 1TB,0
беспроводные наушники belkin soundform play black,redmi note 17 black 8 256gb рюкзак в подарок,0
смартфон samsung galaxy a72 8 256gb blue,смартфон xiaomi mix flip 12 512gb global version purple,0
Vivo Vivo Y200 Pro 512GB Green,Смартфон Vivo Vivo Y35 512GB Green,0
Xiaomi Xiaomi 11T Gold 512GB,Xiaomi Xiaomi 11T 3GB+512GB,1
smartfon honor 600 lite 8 256gb desert gold,honor 400 lite 5g 8 256gb mars green smartfoni oq sim kartasi 100gb 3 oyga sovg aga,0
Galaxy S23 256GB Graphite,Smartfon Galaxy S23 256GB/6GB Graphite,1
redmi 14c midnight black 6 128gb,redmi note 12 pro 8 128,0
Poco F5 Pro 64GB (Natural),Poco F5 Pro 128GB - Silver,0
iPhone SE 3 1TB (Coral),Apple iPhone SE 3 4GB+1TB,1
Honor Honor X9b 3GB+256GB,Honor Honor X9b,1
telefon sotiladiredmi redmi note 11,redmi 13 8 128 midnight black,0
смартфон xiaomi redmi a7 pro 4 128gb orange,смартфон apple iphone 14 pro max 256gb 1 sim космический черный,0
Smartfon Infinix Infinix Note 30 64GB Purple,Infinix Infinix Note 30 Purple 64GB,1
Smartfon Oppo Find X7 Ultra 64GB/16GB Cream,Oppo Reno 12 64GB - Cream,0
Vivo X100 Pro 1TB (Black),Honor Honor X9a 64GB Coral,0
Smartfon Infinix Infinix Note 40 1TB Graphite,Infinix Infinix Note 30 Pro 6GB+1TB,0
Смартфон Infinix Infinix Hot 40 Pro 128GB White,Smartfon Infinix Infinix Hot 40 Pro 128GB White,1
Redmi Redmi Note 11 Pro Blue 256GB,Redmi Redmi Note 11 Pro,1
Smartfon Samsung Galaxy A05 1TB Natural,Honor 90 512GB Titanium,0
Смартфон Samsung Galaxy S24 Ultra 128GB Starlight,Apple iPhone 12 1TB Midnight,0
Смартфон Realme Realme 12 128GB Titanium,Smartfon Realme Realme 12 128GB Titanium,1
iPhone 12 Pro Max 128GB (Natural),Apple iPhone 14 128GB Natural,0
Honor Honor X7a,Smartfon Honor Honor Magic5 Pro 256GB Gold,0
Infinix Infinix Hot 40 64GB Cream,Infinix Infinix Hot 40 Silver 512GB,0
Vivo V27 Pro 1TB (Blue),Vivo Vivo V27 Pro 3GB+1TB,1
Galaxy S21 FE 64GB (Starlight),Xiaomi 11T Pro 128GB Coral,0
Poco X6 Pro 64GB Green,Redmi Redmi Note 13 4G 6GB+512GB,0
смартфон samsung galaxy s24 12 512gb dual nano sim black,redmi note 15 8 256 black,0
смартфон honor x7d 6 128gb velvet black,honor x9d 8 256 midnight black,0
Infinix Infinix Hot 40 Pro,Infinix Note 40 Pro 128GB (Deep Purple),0
redmi 15 6 128gb sandy purple,redmi a5 3 64 lake green,0
Smartfon iPhone 14 Plus 128GB/4GB Gold,Smartfon iPhone 14 Plus 128GB/4GB Gold,1
Samsung Galaxy A55 5G,Samsung Galaxy A55 5G 128GB Gold,1
Vivo V29 256GB - Gold,Смартфон Vivo Vivo V29 256GB Gold,1
xiaomi redmi note 15 pro 4g black 8 256gb,256gb redmi note 15 pro 4g black 8 xiaomi,1
Vivo Vivo Y100 Black 1TB,Smartfon Infinix Infinix Zero 30 128GB Silver,0
Smartfon Galaxy S23 Ultra 128GB/16GB White,Galaxy S23 Ultra 64GB (Titanium),0
смартфон samsung galaxy a07 4 128gb black,смартфон samsung galaxy a07 128gb black,1
Xiaomi 13T 128GB - Midnight,Xiaomi Xiaomi 13T,0
Poco M5 64GB Deep Purple,Smartfon Xiaomi Poco M5 64GB Deep Purple,1
смартфон vivo y03 4 128 space black,смартфон y03 4 128 space black,1
Honor Honor X9a,Honor X8a 512GB - Gold,0
Honor Honor X7b Midnight 256GB,Honor X7b 1TB (Titanium),0
nothing phone 2 12 512gb black 100gb of internet 3 months of tv com for free,nothing phone 2 12 512gb black 100gb of internet 3 months of com for free,1
Galaxy S23 Ultra 64GB Purple,Galaxy S23 Ultra 128GB Silver,0
Vivo V29 Pro 256GB Natural,Vivo Vivo V29 Pro 256GB Natural,1
Tecno Pova 6 128GB Green,Tecno Tecno Pova 6,1
Smartfon Galaxy S23 128GB/4GB Blue,Samsung Galaxy S23 4GB/128GB Blue,1
Smartfon Galaxy Z Flip 5 1TB/4GB White,Galaxy Z Flip 5 1TB White,1
Vivo Vivo Y35 16GB/1TB Natural,Vivo V30e 1TB Natural,0
Vivo Vivo V29 Starlight 256GB,iPhone 11 Pro Max 1TB Black,0
смартфон xiaomi 14t 12 512gb titan gray,смартфон iphone 14 pro max 512gb space black,0
Смартфон Redmi Redmi Note 11S 256GB White,Redmi Redmi Note 11S Purple 128GB,0
Smartfon Xiaomi 13 Pro 512GB/3GB Blue,Smartfon Xiaomi Xiaomi 13 Pro 512GB Blue,1
смартфон apple iphone 14 pro 256gb e sim серебристый,смартфон apple 256gb 14 pro iphone e sim серебристый,1
Vivo Vivo V30 Pro 12GB+64GB,Vivo Vivo V30 Pro 12GB/64GB Coral,1
смартфон xiaomi redmi note 14s 8 256gb ocean blue,xiaomi 14t 12 256gb titan черный 100gb of internet 3 months of tv com for free,0
смартфон honor x7b 8 128gb deep black,smartfon honor x7d 6 128gb gold,0
Infinix Note 40 256GB Lavender,Smartfon Infinix Infinix Note 40 256GB Lavender,0
Vivo Vivo X100 1TB Lavender,Vivo X100 1TB (Lavender),1
Samsung Galaxy F14 5G Cream 1TB,Samsung Galaxy M34 5G Cream 1TB,0
Smartfon Vivo X90 Pro 1TB/4GB Black,Vivo Vivo X90 Pro 4GB/1TB Black,1
Apple iPhone SE 3 Deep Purple 128GB,Смартфон Apple iPhone 14 Pro Max 128GB Deep Purple,0
honor win 5g 12 512gb white 365gb internet 3 oy bepul tv com sovg a,honor x7e sunrise orange 6 256gb в подарок honor choice earbuds x8,0
honor 400 pro lunar grey 12 512gb,смартфон honor x8d 8 128gb corduroy black,0
redmi note 14 midnight black 8 128gb,смартфон xiaomi 15 12 256gb nano sim esim silver,0
Redmi Redmi Note 11,Redmi Note 11S 1TB (Midnight),0
Vivo Vivo Y200 Pro,Honor 90 Pro 512GB Deep Purple,0
Xiaomi Xiaomi 13 Pro 12GB+512GB,Xiaomi Xiaomi 13 Pro 512GB Blue,1
Apple iPhone 15 Pro Max 6GB/1TB Cream,Apple iPhone 13 Pro 1TB Cream,0
Realme Realme 11 Pro+ 3GB/64GB Cream,Smartfon Realme Realme 11 Pro+ 64GB Cream,1
Smartfon Tecno Pova 6 Pro 128GB/6GB Silver,Tecno Tecno Pova 6 Pro Silver 128GB,1
Honor Honor 200 Pro 6GB/128GB Titanium,Смартфон Honor Honor 200 Pro 128GB Titanium,1
Redmi Note 13 4G 64GB (Purple),Smartfon Redmi Note 13 4G 64GB/6GB Purple,1
Vivo Vivo V30e 8GB/1TB Graphite,Vivo V30e 256GB (Cream),0
зарядное устройство ugreen nexode pro 45w dual usb c gan fast charger eu,смартфон honor x5 plus 4 64gb midnight black,0
смартфон honor x9a 5g 8 128gb black,honor x7c moonlight white 8 256gb,0
Infinix Zero 30 5G 64GB (Natural),Смартфон Infinix Infinix Zero 30 5G 64GB Natural,1
Oppo Reno 10 512GB Green,Oppo Reno 10 512GB (Green),1
Смартфон Samsung Galaxy A14 512GB Purple,Smartfon Galaxy A14 512GB/16GB Purple,1
смартфон samsung galaxy s26 ultra 16 1tb nano sim esim black,смартфон samsung ultra s26 galaxy 16 1tb nano sim esim black,1
Samsung Galaxy Z Flip 4 4GB+256GB,Smartfon Galaxy S24+ 256GB/4GB Blue,0
iPhone 11 Pro 64GB Starlight,Apple iPhone 14 Pro Max 64GB Starlight,0
Infinix Infinix Zero 30 12GB/512GB Black,Smartfon Infinix Zero 30 512GB/12GB Black,1
redmi note 14 6 128gb mist purple,redmi note 15 sandy purple 8 128gb,0
samsung galaxy a73 5g,honor x9d sotiladi,0
смартфон infinix zero 30 4g 16 256gb pearly white,infinix zero 30 4g 16 256gb pearly white,1
Redmi Redmi K70 Pro 16GB+1TB,Redmi Redmi Note 11 1TB Titanium,0
redmi note 14 midnight black 8 256gb,смартфон apple iphone se 2022 128gb starlight,0
Vivo Vivo V27 1TB Natural,Vivo Vivo V27 1TB Natural,1
Tecno Tecno Spark 20 8GB/256GB Deep Purple,Realme Realme 12 Pro+ Graphite 1TB,0
Tecno Camon 30 64GB - Silver,Смартфон Tecno Tecno Camon 30 64GB Silver,1
Tecno Tecno Phantom V Fold,Tecno Phantom V Fold 512GB Coral,1
redmi note 12 pro 8 128,redmi note 14 8 256 lime green,0
Infinix Hot 40 Pro 128GB (White),Infinix Hot 40 Pro 128GB White,1
Vivo Vivo V30 Pro Deep Purple 128GB,Смартфон Vivo Vivo V30 Pro 128GB Deep Purple,1
Vivo Vivo X100 White 512GB,Vivo V27 512GB White,0
Smartfon Tecno Tecno Phantom V Fold 128GB White,Tecno Tecno Spark 20 White 128GB,0
Smartfon Apple iPhone 12 256GB Gold,Redmi Note 12 Pro+ 1TB Cream,0
Smartfon Vivo Vivo Y200 Pro 512GB Silver,Vivo Y100 512GB Silver,0
poco x8 pro black 12 512gb,pro x8 poco black 12 512gb,1
смартфон apple iphone se 2020 64gb white,смартфон iphone se 2020 64gb white,1
Смартфон Realme Realme GT Neo 5 SE 512GB Coral,Xiaomi 14 Pro 128GB Purple,0
Realme C55 256GB Midnight,Realme Realme 9 Pro+ 256GB Midnight,0
смартфон samsung galaxy a72 8 256gb blue,смартфон realme c30s 4 64gb stripe blue,0
Galaxy A55 5G 64GB - Coral,Galaxy A55 5G 64GB (Coral),1
Infinix Infinix Smart 8 Pro,Infinix Infinix Smart 8 Pro 6GB/64GB Coral,0
Tecno Spark 20 Pro+ 256GB Silver,Tecno Spark 20 Pro+ 64GB Starlight,0
iPhone 14 Pro 512GB - Green,Samsung Galaxy A25 8GB/1TB Blue,0
apple iphone 16 pro max 1tb desert titanium 100gb of internet 3 months of tv com for free,смартфон vivo v29 5g 12 512gb dual nano sim красный бархат,0
Realme GT 5 64GB (Midnight),Realme Realme GT 5 4GB+64GB,1
смартфоны xiaomi redmi note 11s 8 128g graphite gray,128g xiaomi redmi note 11s 8 смартфоны graphite gray,1
galaxy s25 fe 8 128 black,galaxy s25 fe 8 128,1
Xiaomi Poco X5 256GB Lavender,Poco X5 256GB Lavender,1
Infinix Infinix Smart 8 Pro,Смартфон Infinix Infinix Zero 30 1TB Coral,0
Smartfon Apple iPhone 11 Pro 64GB Blue,Smartfon iPhone 11 Pro 64GB/12GB Blue,1
Smartfon Poco X6 512GB/16GB Lavender,Poco X6 512GB Lavender,1
iPhone 15 Plus 64GB (Gold),iPhone 15 Plus 64GB Gold,1
Smartfon Tecno Pova 5 64GB/12GB Green,Tecno Pova 5 64GB (Green),1
смартфон xiaomi mi8 pro 8 128gb black,xiaomi redmi note 14s 8 256gb ocean blue,0
Apple iPhone 11 4GB+1TB,Smartfon Honor Honor 100 Pro 128GB Midnight,0
Realme Realme 9 Pro+ 16GB+256GB,Realme Realme 9 Pro+ 256GB Cream,1
Infinix Infinix Note 40 64GB Titanium,Infinix Note 30 Pro 64GB - Titanium,0
Smartfon Redmi K60 512GB/12GB Green,Redmi Redmi Note 11 Green 512GB,0
интерактивная панель galaxyhub 65,новый apple iphone 16 pro max 16 pro 16 plus 16 apple watch 10 и airpods 4 уже в ташкенте подарки первым покупателям,0
Redmi Redmi 12C 16GB/64GB Deep Purple,Смартфон Redmi Redmi A3 64GB Deep Purple,0
беспроводной петличный микрофон green lion usb c gnwirtycbk,смартфон samsung galaxy a06 4 128gb black,0
Oppo Oppo Reno 11 1TB Blue,Oppo Reno 11 1TB Blue,1
Смартфон Xiaomi Xiaomi 14T Pro 64GB White,Xiaomi Xiaomi 14T Pro Purple 128GB,0
смартфон honor x5b plus 4 128 ocean blue,смартфон xiaomi redmi 12c 4 128gb gray,0
Realme Realme C53,Realme Realme C53 8GB/64GB Cream,1
Xiaomi Xiaomi 13 Ultra 3GB/256GB Titanium,Xiaomi Xiaomi 13 Ultra 3GB+256GB,1
Galaxy F14 5G 64GB - Midnight,Smartfon Realme Realme 11 Pro+ 128GB Purple,0
Smartfon iPhone 14 Pro 1TB/6GB Starlight,Смартфон Apple iPhone 14 Pro 1TB Starlight,1
смартфон realme c71 6 128 white,смартфон realme c71 128 white,1
Poco X6 Pro 256GB (Deep Purple),Смартфон Xiaomi Poco X6 Pro 256GB Deep Purple,1
samsung a31 64 4gb dac full,samsung a31 64 4gb dac,1
Oppo Oppo A79 5G 256GB Natural,Oppo Oppo Reno 12,0
Smartfon Tecno Tecno Phantom V Fold 1TB Silver,Tecno Phantom V Fold 1TB - Silver,1
смартфон iphone 12 128gb purple,смартфон iphone 12 purple,1
Oppo Oppo Reno 10 512GB Silver,Smartfon Oppo Find X7 512GB/6GB Silver,0
Tecno Tecno Spark 10 6GB+512GB,Smartfon Tecno Tecno Phantom X2 Pro 512GB Lavender,0
Xiaomi 14 128GB Coral,Xiaomi Xiaomi 14 6GB+128GB,1
смартфон samsung galaxy s8 sm g955 4 64gb black,смартфон samsung galaxy sm s8 g955 4 64gb black,1
Smartfon Tecno Tecno Camon 30 256GB Deep Purple,Tecno Tecno Camon 30 256GB Deep Purple,1
Apple iPhone 13 mini 8GB/256GB Cream,Smartfon Apple iPhone 13 mini 256GB Cream,1
Smartfon Tecno Spark 20 Pro 256GB/12GB Purple,Vivo Vivo Y36,0
смартфон redmi note 15 pro 12 512gb black,telefon sotiladiredmi redmi note 11,0
смартфон samsung a04s 4 128gb black,смартфон samsung a04s 4 128gb,1
redmi 15c 4 128 midnight black,redmi a5 lake green 4 128gb,0
смартфон apple iphone 16 plus 256gb dual esim black,смартфон apple iphone 16 256gb dual esim black,1
Tecno Tecno Camon 30 3GB+256GB,Tecno Tecno Camon 30 3GB/512GB Deep Purple,0
Смартфон Realme Realme C53 256GB Silver,Смартфон Xiaomi Xiaomi 12 Pro 1TB Titanium,0
Honor Honor X9b 256GB Titanium,Honor Honor X9b,0
смартфон xiaomi 15 12 256gb dual nano sim black,смартфон xiaomi 15 256gb dual nano sim black,1
Honor Honor X7b 4GB+512GB,Honor X7b 512GB Blue,1
Smartfon Honor 200 64GB/12GB Black,Смартфон Honor Honor 200 64GB Black,1
смартфон xiaomi redmi note 13 8gb 128gb,смартфон xiaomi redmi 13 8gb 128gb,1
Smartfon iPhone 15 Plus 1TB/6GB Green,Apple iPhone 15 Plus 6GB+512GB,0
honor x9b 5g midnight black 8 256gb,смартфон honor x7a 4 128 ocean blue,0
Infinix Infinix Note 40 64GB Gold,Infinix Infinix Smart 8 8GB+64GB,0
xiaomi 17t violet 12 512gb,xiaomi violet 17t 12 512gb,1
iphone 14 pro 128,14 pro 128,1
Smartfon Honor X8b 512GB/4GB White,Redmi Redmi K70 Pro Starlight 64GB,0
Smartfon Infinix Infinix Zero 30 5G 64GB Gold,Smartfon Realme C53 512GB/6GB Lavender,0
Honor Honor X9b Deep Purple 256GB,Honor X9b 256GB (Deep Purple),1
смартфон oppo a52 4 64gb twilight black,oppo a6 pro 8 256 lunar titanium,0
Tecno Tecno Spark 20 Silver 512GB,Tecno Tecno Spark 20 512GB Silver,1
Smartfon Infinix Infinix Zero 30 5G 128GB Blue,Infinix Infinix Zero 30 5G 12GB/128GB Blue,1
Смартфон Realme Realme C55 64GB Starlight,Honor Honor 90 4GB+128GB,0
Redmi Note 11 1TB (Green),Redmi Note 11 1TB - Green,1
Smartfon Redmi Redmi Note 11 256GB Cream,Redmi Redmi Note 13 Pro+ 4GB/256GB Cream,0
Realme Realme 12+,Smartfon Realme Realme 11 1TB Cream,0
Tecno Tecno Pova 5 Pro 256GB Green,Smartfon Tecno Tecno Pova 5 Pro 256GB Green,1
xiaomi redmi note 15 pro 8 256gb titanium color,xiaomi redmi note 15 8 256gb titanium color,1
Apple iPhone 11 Pro Max 8GB/512GB Graphite,Apple iPhone 11 Pro Max Graphite 512GB,1
Tecno Tecno Pop 8 16GB/128GB Titanium,Tecno Pop 8 128GB - Titanium,1
Smartfon Poco F5 Pro 64GB/12GB Cream,Smartfon Xiaomi Poco F5 Pro 256GB Coral,0
Xiaomi Poco X5 Pro 1TB Graphite,Oppo Oppo Reno 11 Pro,0
ajib i10 4 64 silver,беспроводные наушники ttec airbeat move black,0
Xiaomi 14 Ultra 1TB - Coral,Vivo X90 Pro 128GB (Lavender),0
samsung s21 dual,s21 samsung dual,1
Samsung Galaxy S23 FE 12GB/256GB Cream,Xiaomi Xiaomi 13 Ultra 12GB/128GB Blue,0
Smartfon Oppo Reno 11 Pro 64GB/3GB Titanium,Oppo Find X7 Ultra 64GB (Titanium),0
Galaxy A35 5G 128GB - Green,Samsung Galaxy A35 5G 128GB Green,1
Honor 90 1TB - White,Honor Honor 90 1TB White,1
Vivo Vivo V30 Pro 6GB/128GB Silver,Vivo Vivo Y100 6GB+128GB,0
Smartfon Tecno Phantom X2 Pro 64GB/4GB Coral,Honor Honor 200 Pro 512GB Titanium,0
Oppo Oppo Reno 10 Pro 16GB/128GB Silver,Смартфон Oppo Oppo Reno 10 Pro 128GB Silver,0
Vivo Vivo Y22s 8GB+64GB,Apple iPhone 11 8GB+512GB,0
iPhone 13 Pro Max 1TB (Gold),iPhone 13 Pro Max 1TB Gold,1
Realme Realme 12 Pro Silver 128GB,Honor Honor 200 Pro Blue 64GB,0
xiaomi redmi note 14 pro 5g 8 256gb midnight black,xiaomi note 14 pro 5g 8 256gb midnight black,1
смартфон honor x7b 8 128gb deep black,honor x8c 6 128gb,0
Samsung Galaxy Z Flip 5 3GB+1TB,Galaxy Z Flip 5 1TB - Titanium,1
смартфон xiaomi 15t 12 512gb rose gold,512gb xiaomi 15t 12 смартфон rose gold,1
Samsung Galaxy A05s 6GB/256GB Silver,Smartfon Samsung Galaxy A05s 256GB Silver,1
iphone 17 pro max mini android yangi dastafka,беспроводные наушники xiaomi buds 5 ceramic white,0
Realme Realme C53 Midnight 128GB,Redmi Note 12 64GB (Titanium),0
Smartfon iPhone 11 Pro 64GB/4GB Titanium,Oppo A17 128GB Graphite,0
Apple iPhone 15 Plus 6GB+256GB,Смартфон Apple iPhone 15 Plus 256GB Green,1
oppo reno15 5g 12 512gb twilight blue,oppo reno15 twilight 12 512gb 5g blue,1
Смартфон Infinix Infinix Note 30 128GB Blue,Xiaomi 11 Ultra 64GB Natural,0
Smartfon Redmi Note 13 1TB/16GB Silver,Redmi Redmi A2+ 16GB+1TB,0
Samsung Galaxy M14,Smartfon Samsung Galaxy M14 1TB Titanium,1
смартфон apple iphone 17 pro max 1 тб nanosim esim cosmic orange,смартфон apple iphone 17 pro max 1 тб nanosim esim orange,1
Смартфон Samsung Galaxy F14 5G 64GB Gold,Samsung Galaxy F14 5G 64GB Gold,1
Smartfon Samsung Galaxy S24+ 1TB Blue,Galaxy S24+ 1TB Blue,1
Infinix Hot 30 Play 1TB - Graphite,Infinix Hot 30 Play 1TB (Graphite),1
смартфон iphone 13 512gb blue,galaxy a26 6 128 light green,0
Smartfon Realme 12+ 256GB/12GB Titanium,Smartfon Realme 12+ 256GB/12GB Titanium,1
Xiaomi Poco M5 6GB+128GB,Смартфон Xiaomi Xiaomi 13 Ultra 128GB Starlight,0
huawei nova 12s black 8 256gb,huawei 12s black 8 256gb,1
Apple iPhone 13 mini 6GB+512GB,Apple iPhone 13 mini,1
Samsung Galaxy S21 FE 12GB/256GB Coral,Galaxy S21 FE 256GB (Coral),1
Smartfon Realme C65 1TB/12GB Titanium,Realme C65 1TB Titanium,1
realme c3 sotiladi,realme sotiladi,1
Infinix Zero 20 512GB (Coral),Honor Magic5 Lite 1TB - Starlight,0
Смартфон Infinix Infinix Smart 8 64GB Midnight,Infinix Smart 8 64GB (Midnight),1
Смартфон Infinix Infinix Note 40 1TB Cream,Smartfon Infinix Infinix Note 40 1TB Cream,1
Oppo Reno 10 Pro+ 256GB (Silver),Oppo Oppo A78,0
iphone 12 128gb,iphone 128gb,1
Smartfon Realme Realme Note 50 64GB Coral,Smartfon Realme Note 50 64GB/12GB Coral,1
Смартфон Redmi Redmi A3 64GB Titanium,Redmi A3 1TB Midnight,0
Samsung Galaxy S23 FE Lavender 1TB,Smartfon Samsung Galaxy S23 FE 1TB Lavender,1
Смартфон Samsung Galaxy F14 5G 128GB Titanium,Samsung Galaxy F14 5G Coral 256GB,0
Vivo Vivo V30e 16GB/64GB Coral,Vivo Vivo V30e Coral 64GB,1
Vivo V30e 128GB - Coral,Vivo Vivo V30e Coral 128GB,1
Redmi Redmi A3,Smartfon Redmi Redmi A3 256GB Coral,1
Smartfon Apple iPhone 15 Pro Max 512GB Midnight,Apple iPhone 15 Pro Max,1
Samsung Galaxy S24+ 64GB Blue,Smartfon Samsung Galaxy S24+ 256GB Lavender,0
Galaxy S21 FE 128GB - Green,Samsung Galaxy S24 128GB Green,0
смартфон honor x7d 8 256 desert gold,honor 600 pro 12 512 golden white,0
redmi note 15 pro glacier blue 12 256gb,redmi a5 4 128 lake green,0
redmi 17 4g oak green 8 256gb,redmi 15c twilight orange 8 256gb,0
смартфон infinix note 50 8 256 titanium grey,grey infinix note 50 8 256 titanium смартфон,1
Samsung Galaxy S23 Ultra 6GB+64GB,Smartfon Samsung Galaxy Z Flip 5 64GB Graphite,0
Tecno Spark 20 Pro 256GB (Lavender),Tecno Tecno Spark 20 Pro Coral 64GB,0
Samsung Galaxy M34 5G Titanium 512GB,Смартфон Samsung Galaxy M34 5G 512GB Titanium,1
Honor 200 64GB Black,Honor Honor 200 64GB Black,1
Smartfon Honor Honor 90 1TB Titanium,Honor X9a 1TB (Titanium),0
Oppo Oppo A38 4GB/64GB Black,Poco M6 Pro 1TB Starlight,0
Realme 9 Pro+ 128GB (Purple),Realme Realme 9 Pro+,1
Tecno Tecno Pova 5 Pro 8GB+512GB,Tecno Pova 5 Pro 512GB Green,1
смартфон xiaomi 17t pro 12 256gb deep blue,256gb xiaomi 17t pro 12 смартфон deep blue,1
Honor Honor 80 Pro,Honor Honor 80 Pro 16GB+256GB,1
Xiaomi Xiaomi 13T 6GB/256GB Graphite,iPhone 11 Pro 1TB - Cream,0
Smartfon Apple iPhone 15 Pro Max 64GB Silver,Apple iPhone 15 Pro Max Silver 64GB,1
Смартфон Realme Realme GT 5 Pro 64GB Gold,Realme GT 5 Pro 64GB - Gold,1
кабель go des gd uc530m microusb,ajib i15 blue 4 64gb,0
Tecno Phantom X2 Pro 256GB (Titanium),Xiaomi Poco M6 Pro 12GB+1TB,0
Smartfon Vivo Vivo V30e 256GB Blue,Vivo Vivo V30e 6GB+256GB,1
Infinix Infinix Hot 30 Play 3GB+512GB,Infinix Infinix Hot 30 Play Blue 512GB,1
Smartfon Honor X9b 512GB/3GB Blue,Tecno Tecno Phantom X2 Pro Green 256GB,0
Vivo Y200 Pro 128GB - Purple,Vivo Vivo Y200 Pro 12GB/1TB Black,0
Смартфон Honor Honor 90 Lite 512GB Deep Purple,Smartfon Honor Honor X7a 512GB Deep Purple,0
смартфон apple iphone 16 plus 256gb dual esim ultramarine,смартфон apple iphone esim plus 256gb dual 16 ultramarine,1
Infinix Infinix Hot 40 Coral 512GB,Infinix Infinix Hot 40 4GB+512GB,1
Samsung Galaxy S24+ 4GB+512GB,Smartfon Galaxy S24+ 1TB/4GB Natural,0
Redmi Note 12 Pro+ 64GB - Blue,Smartfon Redmi Redmi Note 12 Pro+ 64GB Blue,1
Infinix Note 40 64GB (Deep Purple),Apple iPhone 14 Pro Max 8GB/128GB Natural,0
redmi a7 pro black 4 64gb,смартфон redmi a5 4 128 ocean blue,0
Redmi Redmi Note 13 4G 3GB+256GB,Redmi Note 13 4G 512GB (Lavender),0
Tecno Pova 5 Pro 512GB White,Smartfon Tecno Tecno Pova 5 Pro 512GB White,0
Vivo V30 Pro 256GB Deep Purple,Galaxy S22 Ultra 512GB (Natural),0
Vivo Vivo Y22s,Oppo Reno 10 Pro+ 128GB - Coral,0
смартфон infinix note 30 8 256gb sunset gold,смартфон infinix 30 note 8 256gb sunset gold,1
Samsung Galaxy A54 5G White 64GB,Smartfon Samsung Galaxy A54 5G 64GB White,1
Smartfon Honor Honor X8b 128GB Green,Apple iPhone 15 Pro,0
смартфон vivo y36 8 256gb black,смартфон vivo black 8 256gb y36,1
смартфон spark 40c km4k 128 4 veil white,motorola moto g35 5g midnight black 8 256gb,0
Smartfon Vivo Y35 512GB/4GB Green,Vivo Vivo Y35 4GB+512GB,1
Oppo Oppo Reno 12 Pro 3GB/64GB Natural,Smartfon Oppo Reno 12 Pro 512GB/3GB Graphite,0
Vivo V29 256GB - Green,Vivo Vivo V29 3GB/256GB Green,1
Poco X5 Pro 128GB (Titanium),Poco X5 Pro 128GB (Titanium),1
Смартфон Oppo Oppo Find X7 256GB Black,Oppo Oppo Find X7 Ultra,0
iPhone 14 Pro Max 128GB (Cream),Apple iPhone 14 Pro Max 16GB+64GB,0
смартфон oppo a53 4 128gb black,смартфон honor x7d 6 128 mateor silver,0
Xiaomi Xiaomi 13 Pro 4GB+128GB,Xiaomi Xiaomi 13 Pro Natural 256GB,0
Infinix Infinix Note 30,Infinix Infinix Note 30,1
Honor Honor X8b,Honor X8b 1TB (Coral),0
смартфон vivo y03 4 64 space black,телефон novey x22 black,0
honor 400 pro 12 512gb 5g velvet black smartfoni sifatli honor ryukzaki sovg aga,honor ryukzaki pro 12 512gb 5g velvet black smartfoni sifatli honor 400 sovg aga,1
смартфон samsung galaxy note 9 8 512gb black,смартфон google pixel 7 pro 12gb 256gb hazel,0
samsung galaxy a57 8 128gb dark blue smartfoni,смартфон xiaomi redmi note 13 pro 8 256gb lavender purple,0
смартфон xiaomi poco m8 5g 8 256gb black,смартфон poco m8 5g 8 256gb black,1
Honor Honor Magic5 Lite Gold 256GB,Honor Honor Magic5 Lite 8GB+256GB,1
iPhone 14 Pro 64GB Natural,Smartfon Apple iPhone 14 Pro 128GB Titanium,0
Redmi Redmi Note 13 Pro Titanium 256GB,Redmi Redmi Note 13 Pro 256GB Titanium,1
смартфон honor 600 lite 5g 8 256 гб золотистый,смартфон honor 70 8 128gb midnight black,0
Realme Realme GT 5,Smartfon Realme GT 5 1TB/12GB Cream,1
oppo a54 kafolat bilan,oppo a54 bilan,1
Samsung Galaxy A35 5G Black 1TB,Samsung Galaxy A35 5G Black 1TB,1
Смартфон Oppo Oppo Find X7 256GB Lavender,Oppo Find X7 256GB Lavender,1
Xiaomi Xiaomi 13 Silver 64GB,Infinix Infinix Note 30 Pro Blue 1TB,0
новый apple iphone 17 pro max 256 512 1tb телефон,новый apple iphone 17 256 max pro 512 1tb телефон,1
Realme Realme 12+ 1TB Graphite,Realme GT 5 Pro 1TB (Graphite),0
pixel 7a 128gb yangi,samsung galaxy a17 6 128gb gray,0
Oppo Reno 10 Pro 512GB (Cream),Oppo Oppo Reno 10 Pro 4GB/512GB Cream,1
Realme C55 1TB - Titanium,Realme Realme C65 12GB+1TB,0
Honor 80 Pro 64GB - Black,Honor 80 Pro 64GB (Black),1
Смартфон Tecno Tecno Pova 5 512GB Graphite,Smartfon Tecno Tecno Pova 5 512GB Graphite,1
Realme Realme 12+ 16GB+64GB,Realme 12+ 64GB Cream,1
Vivo Vivo Y36 8GB/64GB Midnight,Смартфон Vivo Vivo Y36 64GB Midnight,1
Смартфон Samsung Galaxy A34 1TB White,Infinix Infinix Hot 40 Pro Green 512GB,0
Realme 12 Pro+ 1TB - Black,Realme 12 Pro+ 1TB Black,1
Smartfon Infinix Smart 8 Plus 1TB/4GB Purple,Infinix Smart 8 Plus 1TB Purple,1
redmi note 12 s sotiladi,redmi 17 4g lotus purple 4 128gb,0
Smartfon Oppo Oppo Reno 12 256GB Titanium,Smartfon Oppo Reno 12 1TB/6GB Black,0
honor x7c moonlight white 8 512gb,смартфон honor x9b 5g 8 256gb midnight black,0
Vivo V27 Pro 512GB Purple,Vivo Vivo V27 Pro,0
Realme Realme C33 White 128GB,Realme 11 Pro 128GB (White),0
Tecno Spark 20 Pro+ 128GB - Black,Tecno Tecno Spark 20 Pro+ 16GB/128GB Black,1
Xiaomi Xiaomi 14,Xiaomi 14 128GB Midnight,1
Tecno Tecno Camon 20 Pro 128GB Lavender,Смартфон Tecno Tecno Camon 20 Pro 128GB Lavender,1
Смартфон Tecno Tecno Spark 10 256GB White,Tecno Spark 10 256GB (White),1
Vivo V27 1TB (Midnight),Vivo Vivo V27,1
Oppo Oppo Reno 10 Pro 512GB Coral,Oppo Reno 10 Pro 512GB (Coral),1
Smartfon Tecno Tecno Pova 5 512GB Purple,Apple iPhone 14,0
Realme Realme 11 Pro 6GB/64GB Graphite,Realme 11 Pro 64GB Graphite,1
Tecno Spark 20 256GB - Coral,Smartfon Samsung Galaxy S23 FE 64GB Silver,0
Infinix Infinix Hot 30 Play Starlight 256GB,Infinix Note 30 256GB - Starlight,0
honor x9d 8 256gb midnight black,honor x9d 8 256gb midnight,1
Poco X6 1TB (Natural),Xiaomi Poco X6 3GB/1TB Natural,1
смартфон honor x8b 8 512gb green,honor x6c green 6 128gb,0
Honor Honor 200 12GB+128GB,Honor Magic5 Pro 128GB (Graphite),0
Vivo Vivo Y22s 4GB+64GB,Smartfon Vivo Y22s 64GB/4GB Lavender,1
Infinix Hot 40 Pro 64GB - Purple,Infinix Infinix Hot 40 Pro 256GB Deep Purple,0
Oppo A38 512GB - Starlight,Oppo Oppo A38 12GB+1TB,0
Vivo Y35 512GB (White),Vivo Y35 512GB (White),1
Honor Honor X9a White 1TB,Honor Honor X9a 1TB White,1
redmi a7 pro 4 128 black,redmi note 15 8 256gb glacier blue,0
смартфон iphone xs 256gb gold,iphone xs 256gb gold,1
iphone 17 pro доставка проверка при получении,смартфон apple iphone 17 pro 256 гб esim deep blue,0
xiaomi redmi 15 8 256gb binafsharang 100gb internet 3 oy bepul tv com sovg a,xiaomi redmi 15 8 binafsharang 100gb internet 3 oy bepul tv com sovg a,1
смартфон apple iphone 11 64gb white,iphone apple смартфон 11 64gb white,1
Smartfon Realme Realme C55 128GB Cream,Realme C55 128GB (Cream),1
huawei nova 12s 8 256gb blue,huawei nova 12s 8 blue,1
Tecno Tecno Pova 5 Pro 64GB Black,Tecno Pova 5 Pro 64GB Black,1
Smartfon Apple iPhone 12 Pro Max 1TB Midnight,Смартфон Vivo Vivo Y200 Pro 256GB Blue,0
Apple iPhone 11 4GB+512GB,Apple iPhone 11 4GB+512GB,1
смартфон xiaomi redmi note 13 8 256 mint green,смартфон redmi note 13 8 256 mint green,1
Tecno Tecno Pova 6 3GB+256GB,Tecno Pova 6 256GB (Purple),1
Tecno Tecno Pova 6,Tecno Tecno Pova 6 1TB Cream,1
Tecno Pop 8 64GB - Cream,Smartfon Tecno Pop 8 64GB/3GB Cream,1
redmi 17 4g black 4 128gb,redmi 17 4g black 4,1
Vivo Vivo Y22s 16GB+512GB,Vivo Vivo V27 Pro,0
Apple iPhone 15 Plus Graphite 256GB,Xiaomi Poco X5 Pro,0
Oppo Oppo Reno 10 1TB Natural,Oppo Oppo Reno 10,1
Redmi Redmi K60 16GB+256GB,Смартфон Redmi Redmi K60 256GB Gold,1
Infinix Infinix Zero 20 512GB Gold,Honor Honor Magic5 Lite 3GB/1TB Deep Purple,0
Tecno Tecno Phantom V Fold 256GB Graphite,Tecno Tecno Phantom V Fold,1
Honor Honor X7b Graphite 256GB,Smartfon Infinix Note 30 128GB/3GB Starlight,0
iPhone 12 128GB White,Apple iPhone 12 3GB+128GB,1
смартфон infinix note 50 8 256 shadow black,смартфон infinix note shadow 8 256 50 black,1
смартфон samsung galaxy s23 fe 8 128gb бежевый,samsung galaxy z flip 7 12 512gb black 365gb internet 3 oy bepul tv com sovg a,0
смартфон novey force g20 6 128gb pearly white,смартфон novey g20 6 128gb pearly white,1
motorola moto g77 shaded spruce 8 256gb,смартфон iphone 11 pro 64gb gray,0
Realme Realme 12 256GB Lavender,Realme Realme 12,1
nova y72s 8 128 blue,nova 8 y72s 128 blue,1
redmi 15c 6 128gb,redmi note 15 forest green 8 256gb,0
Tecno Camon 30 512GB Natural,Tecno Camon 30 512GB (Natural),1
Apple iPhone 15 Pro Max 64GB Midnight,Apple iPhone 15 Pro Max,0
Смартфон Honor Honor X9a 1TB Silver,Смартфон Honor Honor Magic6 Pro 1TB Silver,0
смартфон vivo v27 5g 12 256 гб dual nano sim волшебный синий,смартфон iphone 11 128gb red,0
беспроводное зарядное устройство belkin 25w qi2 2 in 1 foldable charger black,беспроводное зарядное устройство belkin qi2 2 in 1 foldable charger black,1
Xiaomi Xiaomi 11T 4GB/256GB Cream,Смартфон Honor Honor 90 64GB Silver,0
смартфон samsung galaxy s26 ultra 12 256gb dual esim white,смартфон samsung galaxy s26 ultra 12 256gb white esim dual,1
Realme Realme C33,Realme Realme C33,1
Vivo Vivo Y200 Pro,Redmi Redmi Note 11 12GB+64GB,0
Oppo Oppo Find X7 Ultra,Realme 11 Pro 256GB Midnight,0
Realme 12 512GB Lavender,Realme 12 512GB (Lavender),1
Smartfon Tecno Spark 20 Pro 1TB/8GB Titanium,Смартфон Tecno Tecno Phantom X2 Pro 1TB Titanium,0
Samsung Galaxy S21 FE 4GB/64GB Deep Purple,Vivo V29 Pro 512GB (Cream),0
Infinix Infinix Note 30 Pro 12GB/128GB Titanium,Smartfon Infinix Zero 30 5G 128GB/12GB Titanium,0
Xiaomi Xiaomi 13 Ultra 6GB+512GB,Xiaomi Xiaomi 13 Ultra 6GB+512GB,1
Realme Realme C33 3GB+64GB,Realme Realme C33 Purple 64GB,1
redmi 15c moonlight blue 6 128gb,redmi note 14,0
Oppo A78 128GB Green,Oppo A78 64GB (Midnight),0
Tecno Pova 5 Pro 128GB Lavender,Vivo Vivo X90 Pro Black 64GB,0
Honor Honor Magic6 Pro 12GB/1TB Titanium,Smartfon Honor Magic6 Pro 1TB/12GB Titanium,1
Oppo A17 128GB (Coral),Oppo Oppo A17 Coral 128GB,1
Galaxy F14 5G 1TB Silver,Galaxy F14 5G 1TB Silver,1
Samsung Galaxy S24 Ultra Gold 128GB,Galaxy S24 Ultra 128GB Gold,1
телефон nokia 225 4g dual sim полярная ночь,телефон nokia sim 4g dual 225 полярная ночь,1
Honor Honor Magic5 Pro 6GB+64GB,Honor Honor X8b 6GB/64GB Graphite,0
Smartfon Oppo Oppo Reno 10 Pro 512GB Starlight,Smartfon Oppo Reno 10 Pro 512GB/3GB Starlight,1
apple iphone 17 black 256gb sim esim,xiaomi 15 ultra,0
iPhone 13 64GB (Deep Purple),Смартфон Apple iPhone 13 64GB Deep Purple,1
Galaxy S23 FE 256GB - White,Samsung Galaxy S23 FE 8GB+256GB,1
смартфон huawei nova y91 8 128gb global 2 nano sim ч рный,смартфон samsung galaxy a17 8 256гб серый,0
Oppo Oppo A78,Oppo A78 256GB (Titanium),0
Oppo Oppo A78 6GB/1TB Black,Oppo Oppo A78,1
samsung a26 new 128gb 256 5g,samsung a26 new 256 128gb 5g,1
Infinix Infinix Smart 8 Pro 1TB Lavender,Infinix Infinix Hot 40 Lavender 1TB,0
Смартфон Oppo Oppo A79 5G 128GB Purple,Смартфон Oppo Oppo A79 5G 128GB Purple,1
Vivo Y100 128GB (Starlight),Vivo Y100 64GB Cream,0
Смартфон Honor Honor Magic6 Pro 128GB Graphite,Honor Honor Magic6 Pro Purple 64GB,0
Apple iPhone 15 Deep Purple 1TB,iPhone 15 64GB Lavender,0
Smartfon Tecno Tecno Camon 30 512GB Graphite,Tecno Tecno Camon 30 Graphite 512GB,1
Smartfon Tecno Pova 6 512GB/12GB Natural,Tecno Tecno Pova 6 Natural 512GB,1
honor x5c 4 64gb smartfoni black,смартфон honor 200 pro 16 512gb pink,0
Apple iPhone 14 Pro Max 16GB+128GB,Apple iPhone 14 Pro Max 128GB Black,1
Tecno Phantom X2 Pro 1TB (White),Tecno Tecno Phantom X2 Pro White 1TB,1
oppo reno13 f 8 512gb graphite grey,смартфон samsung galaxy a54 5g 8 256gb лавандовый,0
Vivo Vivo Y200 128GB Lavender,Vivo Y200 128GB - Lavender,1
смартфон samsung galaxy z flip6 12 256gb nano sim esim мятный,смартфон samsung galaxy z 12 256gb nano sim esim мятный,1
смартфон samsung galaxy a15 5g 8 128gb light blue,смартфон samsung galaxy z fold 7 12 512gb silver,0
Xiaomi Xiaomi 12 1TB Cream,Xiaomi Xiaomi 12 8GB+1TB,1
Smartfon Honor Honor X9b 64GB Silver,Honor X9b 64GB Silver,1
oppo reno 8t 5g 8 256gb sunrise gold,смартфон xiaomi 17t pro 12 256gb deep blue,0
Smartfon Infinix Zero 20 256GB/3GB Gold,Smartfon Infinix Infinix Zero 20 128GB Blue,0
apple iphone 17 lavender 256gb sim esim,apple iphone lavender 256gb sim esim,1
Smartfon Redmi Redmi K60 128GB Cream,Redmi Redmi K60,0
смартфон honor x8c 8 128gb green,смартфон honor 8 128gb green,1
смартфон honor x8b 8 512gb titanium silver,смартфон honor x8b 8 titanium silver,1
Tecno Spark 10 256GB (Blue),Redmi Redmi Note 12 Pro+ Graphite 512GB,0
Smartfon Galaxy A35 5G 128GB/4GB Silver,Samsung Galaxy A35 5G Silver 128GB,1
смартфон samsung galaxy s22 ultra 12 256gb черный фантом,смартфон samsung galaxy s22 12 ultra 256gb черный фантом,1
Infinix Infinix Note 30 Pro,Infinix Infinix Note 30 Pro 4GB/256GB White,1
Смартфон Xiaomi Xiaomi 11 Ultra 64GB White,Realme Realme Note 50 8GB/128GB Starlight,0
Smartfon Tecno Spark 20 512GB/6GB Silver,Tecno Tecno Spark 20 6GB/64GB White,0
Realme GT 5 Pro 64GB Lavender,Realme GT 5 Pro 64GB (Lavender),1
смартфон honor x7c 6 128 moonlight white,смартфон honor x5c plus 4 128 гб ocean cyan,0
Infinix Infinix Note 40 Pro 3GB+256GB,Infinix Infinix Note 40 3GB+256GB,0
смартфон apple iphone xr 128gb blue,смартфон iphone xr 128gb blue,1
Honor X9b 256GB Gold,Смартфон Honor Honor X9b 128GB Purple,0
Смартфон Apple iPhone 12 Pro 512GB Black,Apple iPhone 12 Pro 4GB/512GB Black,1
Galaxy Z Flip 4 256GB (Blue),Smartfon Redmi K60 64GB/6GB Starlight,0
Redmi Note 13 4G 128GB - Green,Смартфон Redmi Redmi Note 13 4G 128GB Green,1
Infinix Infinix Smart 8 12GB+64GB,Infinix Smart 8 1TB (Starlight),0
Vivo Vivo Y200 Pro,Vivo Y200 Pro 256GB (Coral),1
смартфон samsung galaxy a27,смартфон a27 galaxy samsung,1
smartfon xiaomi redmi a5 4 128gb midnight black,xiaomi poco c75 8 256gb global version black 100gb of internet 3 months of tv com for free,0
huawei nova 14 pro 12 512gb white,pro nova 14 huawei 12 512gb white,1
Смартфон Xiaomi Poco M5 512GB Green,Xiaomi Poco M5 512GB Green,1
Tecno Tecno Pova 5 64GB Midnight,Tecno Tecno Pova 5 4GB+64GB,1
smartfon redmi note 14 pro 5g 12 512gb frost blue,smartfon redmi note 14 12 5g pro 512gb frost blue,1
Tecno Tecno Pova 5 16GB/128GB Midnight,Tecno Pova 5 Pro 128GB (Midnight),0
redmi 12 t sotiladi,redmi note 15 pro glacier blue 12 512gb,0
Xiaomi 11 Ultra 128GB - Deep Purple,Smartfon Xiaomi 11 Ultra 1TB/12GB Lavender,0
Smartfon Galaxy S24 256GB/3GB Natural,Смартфон Vivo Vivo V27 Pro 1TB Purple,0
Oppo A78 1TB - Gold,Oppo Oppo A78,1
iphone 17 pro silver 12 256gb,iphone 17 pro silver 256gb 12,1
Smartfon Realme 11 Pro+ 512GB/3GB Midnight,Realme 11 Pro+ 512GB (Midnight),1
Realme Realme 12 6GB/256GB Deep Purple,Realme Realme 12,1
Smartfon Samsung Galaxy Z Fold 4 64GB Titanium,Samsung Galaxy Z Fold 4,1
смартфон huawei nova 9se 8 128gb полуночный черный,черный huawei nova 9se 8 128gb полуночный смартфон,1
Смартфон Xiaomi Poco M6 Pro 512GB White,Xiaomi Poco M6 Pro 3GB+512GB,1
Smartfon Oppo Oppo Find X7 Ultra 64GB Cream,Смартфон Oppo Oppo Find X7 Ultra 64GB Cream,1
Oppo Oppo Find X6 Pro Graphite 64GB,Oppo Oppo Find X6 Pro,1
Realme Realme 11 4GB/512GB White,Realme Realme 11 4GB/128GB Blue,0
Smartfon Realme Realme 12 Pro 128GB Starlight,Realme 12 Pro 256GB (Purple),0
Oppo Reno 11 256GB (Natural),Vivo Y35 1TB (Deep Purple),0
Apple iPhone 11 Pro 6GB+256GB,Apple iPhone 11 Pro White 64GB,0
Apple iPhone SE 3,Apple iPhone 15 Pro Max Gold 128GB,0
Xiaomi Xiaomi 14 Ultra 512GB Natural,Poco X6 512GB - Natural,0
Realme Realme C53 6GB+64GB,Realme C53 64GB - Silver,1
Смартфон Apple iPhone 15 Pro Max 256GB Titanium,Galaxy S24+ 1TB - Green,0
смартфон apple iphone 16 pro 512gb dual esim white titanium,смартфон apple iphone 16 pro 512gb esim dual white titanium,1
iphone 13pro max,смартфон vivo v27 5g 8 256 гб dual nano sim струящийся золотой,0
Smartfon Honor 90 1TB/16GB Green,Xiaomi Poco X5 128GB Purple,0
Redmi Redmi Note 12 12GB+64GB,Redmi Redmi Note 12 12GB+64GB,1
Смартфон Samsung Galaxy A15 512GB Lavender,Galaxy A15 128GB - Titanium,0
Apple iPhone 15 Pro Max 16GB+128GB,iPhone 15 Pro Max 64GB - Black,0
Samsung Galaxy A05 8GB+64GB,Samsung Galaxy A05 8GB+64GB,1
redmi 15 8 256gb sandy purple,смартфон redmi a5 4 128gb green,0
Смартфон Xiaomi Poco X6 128GB White,Смартфон Xiaomi Poco X6 128GB White,1
Redmi Redmi K60 64GB White,Redmi K60 64GB - White,1
Smartfon Oppo Oppo A79 5G 1TB Titanium,Smartfon Tecno Phantom V Fold 512GB/3GB Graphite,0
Smartfon Xiaomi Xiaomi 12X 128GB Graphite,Smartfon Honor Honor X9b 1TB Titanium,0
Smartfon Oppo Reno 10 Pro 1TB/4GB Coral,Oppo Oppo Reno 10 Pro 4GB+1TB,1
смартфон tecno spark 40 pro plus nebula,смартфон tecno spark 40 pro plus,1
Honor Honor X9b 128GB Lavender,Honor Honor X9b 256GB Deep Purple,0
iPhone 15 128GB - Silver,Smartfon Apple iPhone 15 256GB Deep Purple,0
xiaomi 15t черный 12 256gb,12 15t черный xiaomi 256gb,1
Tecno Spark 20 Pro 512GB - Starlight,Tecno Tecno Spark 20 Pro 512GB Starlight,1
Vivo Vivo V27 12GB/512GB Purple,Vivo Vivo V27 12GB/512GB Purple,1
Oppo Oppo A58 4GB/512GB Coral,Smartfon Oppo A58 512GB/4GB Coral,1
Smartfon Oppo A79 5G 64GB/6GB Green,Oppo A79 5G 128GB Coral,0
Realme Realme 12,Смартфон Realme Realme 12 256GB Natural,1
Honor Honor 100 Pro 512GB Starlight,Honor 100 Pro 512GB (Starlight),1
смартфон xiaomi poco c81 pro 4 128gb gold,redmi a7 pro black 4 64gb,0
redmi note 9 holati yaxshi,redmi note 15 6 128 forest green,0
Vivo V29 Pro 64GB - Graphite,Смартфон Vivo Vivo V29 Pro 64GB Graphite,1
Realme Realme 12 Pro 4GB+128GB,iPhone 15 Plus 1TB (Cream),0
Smartfon Poco M5s 1TB/4GB Gold,Xiaomi Poco M5s,0
кабель ugreen usb 3 0 a male to type c male cable nickel plating 1m black,кабель ugreen usb 3 0 male to type c male cable nickel plating 1m black,1
Apple iPhone 14 Pro Max Silver 256GB,iPhone 14 Pro Max 256GB Silver,1
Tecno Phantom X2 Pro 256GB Titanium,Smartfon Tecno Phantom X2 Pro 512GB/6GB Black,0
apple iphone air 12 256gb cloud white,смартфон samsung galaxy z fold 7 black 12 256,0
Vivo V30 Pro 1TB - Black,Смартфон Vivo Vivo V27 Pro 1TB Black,0
Samsung Galaxy S24 Cream 64GB,Samsung Galaxy S24 1TB Starlight,0
телефон novey senat gsm черный,samsung galaxy a57 8 256 гб navy,0
Infinix Infinix Note 40 Pro 8GB+128GB,Смартфон Infinix Infinix Smart 8 Pro 128GB Starlight,0
Smartfon Honor 100 256GB/3GB Purple,Honor X9b 256GB Purple,0
Redmi Redmi 13C 64GB Green,Смартфон Redmi Redmi 13C 512GB Starlight,0
Smartfon Redmi Note 13 Pro+ 512GB/8GB Midnight,Смартфон Vivo Vivo X90 Pro 256GB Coral,0
galaxy a36 8 256gb white,телефон novey x77 gray,0
Xiaomi 13T 256GB Midnight,Smartfon Xiaomi 14 Pro 256GB/6GB Midnight,0
Realme Realme C55 128GB Midnight,Realme C55 128GB (Midnight),1
samsung galaxy s26 cobalt violet 12 256gb,samsung galaxy s26 cobalt violet 256gb,1
nasiya iphone 16 variant рассрочка в кредит,беспроводные наушники ldnio t02 white,0
Realme Realme C33,Realme Realme C33 4GB/256GB Titanium,0
Smartfon Oppo Find X6 Pro 128GB/6GB Coral,Oppo Oppo Find X6 Pro 6GB/128GB Coral,1
iPhone 12 128GB - Starlight,Apple iPhone 12,1
Redmi Redmi Note 13 256GB Deep Purple,Samsung Galaxy S24 Ultra 8GB/64GB Green,0
Oppo Oppo A79 5G,Смартфон Oppo Oppo Reno 11 512GB Deep Purple,0
iphone 16 pink,смартфон honor x6a 6 128 black,0
Vivo V30 Pro 512GB - Blue,Vivo V30 Pro 512GB Blue,1
Xiaomi Poco M6 Pro,Smartfon Poco M6 Pro 64GB/16GB Coral,1
ноутбук lenovo ideapad 1 15igl7 82v700dgue cloud grey,apple iphone 14 plus 256gb e sim темная ночь,0
смартфон vivo y21 4 64gb metallic blue,y21 vivo смартфон 4 64gb metallic blue,1
redmi note 15 pro 8 256 titanium,redmi note 15 night black 8 256gb,0
смартфон iphone 11 pro 256gb dual green,смартфон iphone pro 11 256gb dual green,1
смартфон iphone 12 pro max 128gb black,смартфон iphone 12 max 128gb black,1
Realme Realme C55 16GB/64GB Coral,Realme Realme C55 Coral 64GB,1
iPhone 13 Pro Max 1TB - Blue,Smartfon Apple iPhone 13 Pro Max 256GB Coral,0
Smartfon Oppo Oppo A78 1TB Starlight,Oppo Oppo A78 3GB/1TB Starlight,1
Samsung Galaxy F14 5G Cream 64GB,Samsung Galaxy A14 6GB+64GB,0
Honor Honor 100 Pro Coral 512GB,Honor Honor 100 Pro Coral 512GB,1
Redmi Redmi Note 13 4G 1TB Midnight,Redmi Note 13 4G 1TB Midnight,1
Smartfon Apple iPhone 13 64GB Titanium,Apple iPhone 13,1
смартфон samsung galaxy a57 256gb gray,samsung galaxy a57 256gb gray,1
Galaxy M34 5G 512GB (Natural),Tecno Spark 20 Pro+ 128GB - Coral,0
Vivo Vivo V27 4GB/64GB Deep Purple,Vivo Vivo V27 Deep Purple 64GB,1
Смартфон Vivo Vivo X90 Pro 512GB Purple,Vivo X90 Pro 512GB (Purple),1
redmi not 8pro sotiladi xolati yaxshi,xolati not 8pro sotiladi redmi yaxshi,1
смартфон xiaomi redmi note 14 pro plus 5g 12 512gb purple,телефон novey b300 черный,0
Smartfon Infinix Infinix Hot 40 Pro 64GB Coral,Infinix Infinix Hot 40 Pro 4GB/128GB Titanium,0
xiaomi redmi note 15 8 256gb glacier blue,xiaomi redmi 256gb 15 8 note glacier blue,1
Infinix Infinix Hot 30 Play 64GB Purple,Infinix Infinix Hot 30 Play 3GB/64GB Purple,1
Samsung Galaxy S22 Ultra 12GB/128GB Black,Smartfon Galaxy S23 Ultra 128GB/12GB Black,0
Tecno Tecno Phantom V Fold 256GB Cream,Смартфон Tecno Tecno Phantom V Fold 1TB Coral,0
Smartfon Redmi Note 13 Pro+ 128GB/6GB Lavender,Redmi Redmi Note 13 Pro+ 6GB/1TB Graphite,0
Honor Honor X7b 512GB White,Смартфон Honor Honor X7b 512GB White,1
redmi 14c midnight black 8 256gb,redmi note 15 purple 8 256gb,0
Samsung Galaxy A25,Samsung Galaxy A25 16GB/1TB Green,1
Vivo Vivo V30e 12GB/1TB White,Vivo V30e 128GB (Gold),0
Tecno Tecno Pova 6 Pro 6GB/64GB Cream,Смартфон Tecno Tecno Pova 5 64GB Cream,0
Infinix Infinix Smart 8 Black 128GB,Infinix Infinix Smart 8 6GB/128GB Black,1
Smartfon Realme 12 Pro+ 512GB/3GB Lavender,Smartfon Realme Realme 12 Pro+ 512GB Lavender,1
redmi note 12 pro,redmi note 15 pro 5g 8 256gb titanium color,0
iPhone 11 Pro 128GB Purple,Infinix Infinix Zero 30 5G 256GB Titanium,0
Redmi Redmi Note 13 Pro+ 3GB/512GB White,Vivo Vivo V27 3GB+128GB,0
redmi note 13 pro puls 5g,redmi note 11 pro 5g 6 128,0
Samsung Galaxy S23 Ultra 8GB+128GB,Samsung Galaxy S23 Ultra 8GB+128GB,1
honor 400 lite velvet grey 8 256gb,velvet 400 lite honor grey 8 256gb,1
Smartfon Tecno Spark 20 Pro+ 1TB/3GB Lavender,Tecno Camon 20 Pro 1TB Lavender,0
Realme Realme C67 256GB Gold,Infinix Infinix Hot 40 Pro 16GB/512GB Blue,0
Tecno Phantom X2 Pro 512GB (Blue),Smartfon Tecno Tecno Phantom X2 Pro 512GB Blue,1
Honor Honor X7b 512GB Black,Xiaomi Xiaomi 11 Ultra 12GB/64GB Graphite,0
Смартфон Apple iPhone 11 Pro 256GB Silver,iPhone 11 Pro 256GB Silver,1
смартфон samsung galaxy s26 ultra 16 1tb dual sim black,смартфон huawei nova y90 4 128gb midnight black,0
смартфон samsung galaxy a54 5g 8 128gb лавандовый,samsung galaxy a54 5g 8 128gb лавандовый,1
Galaxy S23 Ultra 128GB - Deep Purple,Galaxy S23 Ultra 128GB (Deep Purple),1
Redmi Redmi 12 Deep Purple 128GB,Oppo Reno 10 Pro+ 1TB (Coral),0
Infinix Infinix Zero 30,Vivo Vivo V30 12GB+128GB,0
Tecno Pova 6 128GB Midnight,Tecno Tecno Spark 20 Pro 128GB Midnight,0
honor x8c,honor x8c black,1
Смартфон Realme Realme 11 Pro+ 256GB Coral,Realme Realme 11 Pro+ 4GB/256GB Coral,1
Xiaomi Xiaomi 12,Xiaomi Xiaomi 12 3GB+512GB,1
смартфон apple iphone 14 pro 1tb dual 1 sim серебристый,смартфон apple iphone pro 14 1tb dual 1 sim серебристый,1
Smartfon Xiaomi Xiaomi 12X 64GB Graphite,Xiaomi 12 64GB Graphite,0
Смартфон Redmi Redmi Note 12 512GB Green,Redmi Redmi A3 512GB Green,0
Oppo Oppo A58,Tecno Spark 20 128GB - Starlight,0
Smartfon Oppo Reno 12 Pro 128GB/3GB Natural,Oppo Reno 12 Pro 128GB (Natural),1
iPhone SE 3 64GB Natural,Смартфон Apple iPhone SE 3 64GB Natural,1
Smartfon Tecno Pova 6 Pro 64GB/6GB Graphite,Tecno Tecno Pova 6 Pro Graphite 64GB,1
Smartfon Samsung Galaxy A05 1TB Black,Tecno Pop 8 128GB Midnight,0
смартфон samsung galaxy a33 5g 6 128gb blue,смартфон samsung galaxy a33 5g 6 blue,1
Смартфон Infinix Infinix Smart 8 Pro 1TB Blue,Infinix Infinix Smart 8 Pro 6GB+1TB,1
iPhone 15 Pro 64GB - Coral,Smartfon iPhone 15 Pro 64GB/4GB Coral,1
iPhone 15 Plus 256GB - Natural,Smartfon Apple iPhone 15 Plus 256GB Natural,1
xiaomi poco x7 8 256gb global version black 100gb of internet 3 months of tv com for free,смартфон samsung galaxy s24 ultra 12 512gb nano sim esim yellow titan,0
Смартфон Samsung Galaxy A55 5G 256GB Blue,Smartfon Samsung Galaxy S24 Ultra 256GB Blue,0
Smartfon Redmi 12C 128GB/12GB Midnight,Redmi 12C 256GB Purple,0
Redmi Redmi Note 12 Pro 256GB Deep Purple,Smartfon Redmi Note 13 Pro 256GB/8GB Deep Purple,0
Infinix Infinix Note 40,Smartfon Infinix Infinix Note 40 64GB Purple,1
Смартфон Honor Honor 80 Pro 1TB Graphite,Honor Honor 80 Pro,1
смартфон honor x6 4 64gb midnight black увлажнитель воздуха misty can,honor x7c moonlight white 8 256gb,0
Smartfon Xiaomi Poco M5 1TB Natural,Смартфон Xiaomi Poco M5 1TB Natural,1
Смартфон Xiaomi Xiaomi 13T Pro 64GB Silver,Xiaomi Xiaomi 13T Pro 6GB/64GB Silver,1
смартфон xiaomi 14 5g 12 256gb green,смартфон xiaomi 12 5g 14 256gb green,1
Honor Honor 80 Pro Blue 128GB,Honor Honor 100 Pro,0
Oppo Oppo Find X7,Oppo Find X7 128GB (Gold),1
Redmi Note 12 Pro 256GB (Gold),Redmi 12C 256GB - Gold,0
redmi note 14 pro ocean blue 12 256gb,redmi note 15 pro 5g,0
Smartfon Infinix Note 40 64GB/12GB Blue,Infinix Infinix Note 40 Blue 64GB,1
redmi not 11 6 128,redmi 17 4g black 4 128gb,0
Realme Realme 11 Pro,Realme Realme 11 Pro,0
Samsung Galaxy M14 128GB Midnight,Galaxy M14 64GB - Titanium,0
redmi note 13 midnight black 6 128gb,redmi 15c 4 128 blue,0
honor x7d 6 128 velvet black,honor x7d 6 128 black,1
Smartfon Infinix Note 30 1TB/3GB Gold,Smartfon Infinix Infinix Note 30 1TB Gold,1
смартфон honor 600 lite 5g 8 256 гб velvet black,honor x8c 8 128gb marrs green,0
honor win 5g 12 512gb white 365gb internet 3 oy bepul tv com sovg a,xiaomi redmi note 14 pro 5g 12 512gb global version blue 100gb of internet 3 months of tv com for free,0
honor 200 pro black 12 512gb,honor 12 pro black 200 512gb,1
Realme Realme C67 Silver 512GB,Realme Realme C67 16GB/512GB Silver,1
Vivo Vivo Y100 4GB/64GB Midnight,Vivo Vivo Y100 64GB Midnight,1
Tecno Tecno Pop 8 64GB Green,Honor Honor 200 Natural 1TB,0
Смартфон Samsung Galaxy A34 64GB Blue,Samsung Galaxy S22 6GB+64GB,0
Realme Realme C65 256GB Midnight,Realme C65 256GB - Midnight,1
Vivo Y200 512GB Titanium,Vivo Y200 512GB Titanium,1
redmi 15 yangi 2026 y 05 04,redmi 17 4g lotus purple 4 128gb,0
Smartfon Tecno Tecno Pova 6 Pro 128GB Purple,Tecno Pova 6 Pro 1TB Midnight,0
redmi note 15 pro glacier blue 8 256gb,redmi 15c 4 128 blue,0
Smartfon Realme Note 50 256GB/3GB Purple,Смартфон Realme Realme 12+ 256GB Purple,0
смартфон samsung galaxy s26 ultra 12 512gb dual sim black,смартфон samsung galaxy s26 12 512gb dual sim black,1
iPhone 14 Plus 256GB Deep Purple,Smartfon Apple iPhone 14 Plus 256GB Deep Purple,1
Smartfon Oppo Oppo A78 256GB Natural,Oppo Oppo A78 8GB/64GB Starlight,0
Samsung Galaxy A14 12GB/256GB Silver,Xiaomi Xiaomi 13 Pro 1TB Midnight,0
Galaxy S23 256GB - White,Honor X8b 1TB Natural,0
Infinix Infinix Zero 30 5G 3GB/1TB Coral,Infinix Infinix Zero 30 5G 1TB Coral,1
смартфон honor x8b 8 256gb emerald green,смартфон honor 600 lite 5g 8 256gb black,0
Smartfon Vivo V30 Pro 64GB/3GB Midnight,Vivo Vivo V30 Pro 64GB Midnight,1
Apple iPhone SE 3 4GB/64GB Graphite,Tecno Tecno Pova 5 Pro Lavender 128GB,0
Smartfon Vivo Vivo V30e 256GB Silver,Smartfon Vivo Vivo V30e 256GB Silver,1
Oppo Reno 10 Pro 128GB Cream,Oppo Oppo Reno 10 Pro 3GB/1TB Black,0
Smartfon Tecno Pova 5 Pro 1TB/8GB Titanium,Tecno Tecno Pova 5 Pro Titanium 1TB,1
смартфон samsung galaxy a17 5g 6 128gb black,смартфон 6 galaxy a17 5g samsung 128gb black,1
Tecno Camon 30 Pro 64GB (Starlight),Tecno Tecno Spark 10 64GB Starlight,0
смартфон honor x7c 6 128gb midnight black moonlight white,honor x9d midnight black 8 256gb,0
Смартфон Apple iPhone 15 Plus 1TB Purple,Smartfon Apple iPhone 13 mini 1TB Purple,0
Realme Realme 12 Pro,Realme Realme 12 Pro Graphite 1TB,1
Vivo X100 128GB Titanium,Xiaomi Poco X6 Pro,0
Smartfon Redmi Redmi 13 1TB Starlight,Redmi Note 13 Pro 1TB Starlight,0
Poco M5s 128GB - Graphite,Smartfon Poco M5s 128GB/16GB Graphite,1
Oppo Reno 12 1TB (Coral),Oppo Find X7 Ultra 1TB Coral,0
Apple iPhone 13 8GB/1TB Natural,Smartfon iPhone 13 1TB/8GB Natural,1
Xiaomi 12 128GB - Purple,Infinix Infinix Smart 8 Pro,0
iPhone 13 mini 64GB (Natural),iPhone 13 mini 512GB Coral,0
iPhone 15 512GB (Silver),iPhone 15 128GB Starlight,0
Samsung Galaxy S24 Ultra,Redmi Note 12 Pro+ 512GB (Gold),0
Смартфон Redmi Redmi K60 256GB Silver,Smartfon Redmi K60 256GB/3GB Silver,1
Smartfon Redmi Redmi Note 13 128GB Purple,Redmi K60 128GB (Purple),0
honor x5c plus,honor 600 orange 8 256gb,0
samsung galaxy a16 light green 6 128gb,samsung galaxy a16 light green 6,1
Galaxy A05s 512GB - Purple,Samsung Galaxy A05s 512GB Purple,1
Smartfon Oppo Oppo A58 1TB Blue,Oppo Oppo A58,1
Infinix Infinix Note 30 Pro White 256GB,Infinix Infinix Note 30 Pro,1
Honor Honor X7a Lavender 64GB,Honor Honor X9a 12GB+64GB,0
Infinix Infinix Zero 30 5G,Infinix Zero 30 5G 64GB - Green,1
Smartfon Realme Note 50 512GB/16GB Blue,Realme Realme Note 50 16GB+256GB,0
смартфон xiaomi 15 ultra 16 512gb dual esim silver chrome,huawei nova y73 8 256gb black,0
Infinix Zero 20 64GB - Gold,Infinix Infinix Zero 20 12GB/64GB Gold,1
смартфон honor x9b 5g 12 256gb moroccan orange,смартфон honor x6b 12 256gb midnight black,0
Смартфон Samsung Galaxy S24 Ultra 64GB White,Smartfon Galaxy S24 Ultra 1TB/12GB Starlight,0
Galaxy A15 256GB (Green),Samsung Galaxy A15,1
Smartfon Apple iPhone 14 Pro 1TB Purple,Apple iPhone 14 Pro 1TB Purple,1
Oppo Oppo Reno 10 Pro 4GB/256GB Silver,Smartfon Oppo Reno 10 Pro 256GB/4GB Silver,1
Honor Honor 80 Pro 1TB Lavender,Honor 80 Pro 1TB - Lavender,1
Tecno Tecno Pop 8 512GB Purple,Tecno Tecno Pop 8 1TB Graphite,0
Смартфон Xiaomi Xiaomi 14T 1TB White,Xiaomi 14T 1TB (White),1
Redmi 13C 1TB - Cream,Смартфон Redmi Redmi 13C 64GB Titanium,0
Apple iPhone 14 Plus Green 256GB,Smartfon iPhone 14 Plus 256GB/12GB Green,1
смартфон samsung galaxy a14 4 128gb red,смартфон samsung galaxy a14 128gb red,1
Poco M5s 512GB (Green),Смартфон Xiaomi Poco M5s 512GB Green,1
Xiaomi 12 128GB - Lavender,Smartfon Xiaomi Xiaomi 12 128GB Lavender,1
Xiaomi Xiaomi 13T,Xiaomi 13T 64GB White,1
huawei nova 14 12 256gb black,oppo reno12 pro 5g cph2629 space brown,0
redmi 15c midnight black 8 256gb,redmi note 14 5g cdma gsm 8 128gb,0
смартфон google pixel 6a 6gb 128gb sage,смартфон google pixel 6a 6gb sage 128gb,1
redmi a7 pro 4 128 mist blue,смартфон xiaomi redmi note 13 8gb 128gb,0
Galaxy A35 5G 64GB - Silver,Galaxy A35 5G 64GB (Silver),1
Oppo Oppo Find X6 Pro 12GB/1TB Black,Smartfon Oppo Oppo Find X6 Pro 1TB Black,1
Смартфон Infinix Infinix Zero 30 5G 256GB Midnight,Infinix Infinix Zero 30 5G 512GB Deep Purple,0
смартфон xiaomi 12 lite eea 8 256gb black,смартфон xiaomi 12 lite 8 256gb black,1
Realme 11 512GB Lavender,Смартфон Realme Realme 11 512GB Lavender,1
camon 50 8 256gb malachite green yashil,camon 8 256gb malachite green yashil,1
Смартфон Honor Honor 200 512GB Deep Purple,Honor Honor 200 512GB Deep Purple,1
Smartfon Realme 12 512GB/3GB Midnight,Смартфон Realme Realme 12 512GB Midnight,1
Honor Honor 100 Pro 8GB/128GB Midnight,Honor Honor 100 Pro 8GB+128GB,1
смартфон samsung galaxy z flip 7 red 256 гб,смартфон samsung galaxy z flip 7 red гб 256,1
смартфон xiaomi redmi note 13 8 256 ice blue,note xiaomi redmi смартфон 13 8 256 ice blue,1
samsung galaxy a26 8 256gb black 100gb of internet 3 months of tv com for free,samsung galaxy a26 8 256gb black 100gb of internet 3 months of com for free,1
Infinix Infinix Note 40 6GB+128GB,Infinix Infinix Smart 8 6GB/128GB Starlight,0
Infinix Note 40 Pro 1TB Purple,Смартфон Infinix Infinix Zero 30 5G 1TB Purple,0
apple iphone 16 128gb white 100gb of internet 3 months of tv com for free,смартфон oppo reno 15 8 512gb twilight blue,0
смартфон iphone 11 pro max 512gb gray,oppo a5 pro xolati zor,0
Xiaomi Xiaomi 13T 64GB Cream,Xiaomi 13T 64GB - Cream,1
Smartfon Honor Honor X8b 64GB Midnight,Honor Honor X8b 8GB/64GB Midnight,1
смартфон tecno camon 19 pro 8 128gb eco black,смартфон iphone 8 plus 256gb gold,0
Infinix Infinix Note 40 Purple 256GB,Smartfon Infinix Infinix Note 40 256GB Purple,1
Xiaomi Xiaomi 13T Pro 1TB Green,Xiaomi 13T Pro 1TB - Green,1
Смартфон Infinix Infinix Hot 30 Play 64GB Cream,Infinix Hot 30 Play 64GB Cream,1
Tecno Tecno Spark 20,Tecno Tecno Pop 8 Natural 512GB,0
смартфон samsung galaxy s21 fe 8 256gb violet,смартфон violet galaxy s21 fe 8 256gb samsung,1
Xiaomi Xiaomi 14 Ultra,Xiaomi Xiaomi 14 Ultra 4GB/64GB Midnight,1
Vivo Vivo X90 Pro 12GB+512GB,Vivo Vivo X90 Pro,0
Smartfon iPhone 12 Pro 256GB/16GB Midnight,Tecno Tecno Pova 5 Pro Green 64GB,0
Смартфон Realme Realme 12+ 1TB Midnight,Realme Realme 12+,1
Смартфон Vivo Vivo V29 Pro 256GB Blue,Smartfon Vivo V29 Pro 256GB/16GB Blue,1
Oppo Reno 10 256GB Gold,Смартфон Oppo Oppo Reno 11 256GB Gold,0
Honor Magic6 Pro 512GB - Green,Honor Honor Magic6 Pro,1
Смартфон Samsung Galaxy Z Flip 4 256GB Lavender,Apple iPhone 15 Pro Max 64GB White,0
Infinix Infinix Hot 40 Silver 256GB,Infinix Infinix Hot 40 Silver 256GB,1
Smartfon Samsung Galaxy S23+ 256GB Blue,Samsung Galaxy S23+,1
Apple iPhone 12 Pro 6GB/1TB Green,Apple iPhone 13 Pro Max 6GB/1TB Green,0
iPhone 11 256GB - Blue,Redmi Note 13 Pro 512GB Gold,0
Samsung Galaxy S23 Cream 1TB,Samsung Galaxy S23 8GB+512GB,0
Honor Honor X9a 12GB/1TB Gold,Honor X9a 1TB Gold,1
Vivo X100 128GB Lavender,Smartfon Vivo X100 512GB/16GB Cream,0
смартфон infinix note 30 8 256gb obsidian black,смартфон samsung galaxy s25 12 256gb silver shadow,0
телефон nokia 230 dual sim black,230 nokia телефон dual sim black,1
смартфон vivo v70 12 256 gray,honor x9d 5g 8 256gb midnight black 365gb internet 3 oy bepul tv com sovg a,0
samsung galaxy a17 4 128gb gray smartfoni sovg aga quvvatlagich va oq sim kartasi 100gb,смартфон iphone x 256gb silver,0
смартфон samsung galaxy a24 8 128gb silver,смартфон samsung galaxy a36 5g 8 256gb black,0
Tecno Pova 5 Pro 256GB (Blue),Smartfon Tecno Pova 5 Pro 64GB/4GB Lavender,0
Galaxy F14 5G 1TB Black,Galaxy F14 5G 64GB Deep Purple,0
Realme Realme GT 5 64GB Starlight,Smartfon Realme Realme GT 5 64GB Starlight,1
смартфон samsung galaxy s24 12 256gb dual esim gray,смартфон galaxy samsung s24 12 256gb dual esim gray,1
смартфон honor 200 12 512 black,смартфон 12 200 honor 512 black,1
Смартфон Redmi Redmi Note 13 4G 256GB Natural,Smartfon Redmi Note 13 4G 256GB/16GB Natural,1
Smartfon iPhone 15 512GB/6GB Starlight,Infinix Infinix Hot 30 Play Purple 256GB,0
Samsung Galaxy A34 8GB/512GB Gold,iPhone 12 256GB - Deep Purple,0
Tecno Pova 5 Pro 512GB (Cream),Smartfon Tecno Tecno Pova 5 Pro 128GB Coral,0
Smartfon Samsung Galaxy A05 1TB Green,Smartfon Galaxy A05 1TB/3GB Green,1
Samsung Galaxy S22 Ultra 256GB Blue,Galaxy S22 Ultra 256GB - Blue,1
Realme Realme 11,Realme 11 512GB Purple,1
беспроводные наушники hyperx cirro buds pro black,беспроводные наушники hyperx buds pro black,1
Galaxy A25 256GB Starlight,Samsung Galaxy M34 5G 6GB+256GB,0
Vivo Vivo V29 Pro 3GB/64GB Black,Vivo Vivo V29 Pro 128GB Purple,0
Vivo Vivo V29 Pro 1TB Silver,Redmi A2+ 64GB Purple,0
Smartfon Galaxy Z Fold 4 1TB/16GB Titanium,Smartfon Galaxy A35 5G 1TB/16GB Titanium,0
Smartfon Realme Realme 11 Pro+ 64GB Deep Purple,Realme Realme 11 Pro+ Midnight 1TB,0
Infinix Hot 40 Pro 1TB - Deep Purple,Infinix Infinix Hot 40 Pro,0
Vivo V29 Pro 512GB Cream,Смартфон Vivo Vivo V30 512GB Cream,0
Vivo Vivo Y22s 3GB/128GB Gold,Vivo Vivo Y22s 3GB/128GB Gold,1
Redmi Note 13 512GB (Titanium),Смартфон Redmi Redmi Note 13 512GB Titanium,1
Смартфон Samsung Galaxy S23 Ultra 512GB Coral,Samsung Galaxy S23 Ultra 512GB Coral,1
ключ для снятия лотка sim,ключ лотка снятия для sim,1
смартфон honor 70 8 256gb global emerald green,honor win 5g 12 512gb white 365gb internet 3 oy bepul tv com sovg a,0
Galaxy S22 512GB White,Xiaomi Poco X6 Pro 1TB Gold,0
смартфон oppo reno 11f 5g 8 256 palm green,смартфон oppo reno 11f green 8 256 palm 5g,1
смартфон samsung galaxy a35 5g 8 256gb blue,a35 samsung galaxy смартфон 5g 8 256gb blue,1
Xiaomi Poco X6,Smartfon Poco X6 256GB/4GB Cream,0
Samsung Galaxy A55 5G 512GB Graphite,Galaxy A55 5G 512GB (Graphite),1
Vivo Vivo V29 Pro,Vivo Vivo V29 Pro 512GB Coral,1
смартфон xiaomi redmi 14c 5g 8 256gb sage green,смартфон xiaomi redmi 14c 5g 8 sage 256gb green,1
samsung a57 5g доставка проверка при получении,xiaomi redmi note 15 pro 8 256gb titanium color,0
Oppo Oppo Reno 10 Pro 16GB/64GB Graphite,Oppo Reno 10 Pro 64GB - Graphite,1
смартфон apple iphone 12 pro max 256 гб graphite,смартфон honor 200 8 256gb moonlight белый,0
Tecno Tecno Phantom V Fold White 128GB,Tecno Tecno Phantom V Fold 256GB Midnight,0
смартфон iphone xr 64gb white,смартфон iphone xr 64gb,1
xiaomi 17t blue 12 256gb,смартфон xiaomi 17 ultra 512 гб starlit green,0
Смартфон Samsung Galaxy S23+ 512GB White,Samsung Galaxy S23+ 8GB/512GB White,1
Smartfon Realme 12 128GB/3GB Natural,Tecno Camon 20 Pro 256GB (Graphite),0
Смартфон Infinix Infinix Hot 40 Pro 128GB Green,Smartfon Infinix Hot 40 Pro 128GB/16GB Green,1
Samsung Galaxy A14 12GB+512GB,Samsung Galaxy A14 12GB/512GB Gold,1
Xiaomi Poco F5 Pro 1TB Starlight,Smartfon Poco F5 Pro 1TB/6GB Starlight,1
Realme Realme C53 8GB+128GB,Realme C53 128GB Lavender,1
смартфон apple iphone air 256gb sky blue,смартфон apple air 256gb sky blue,1
smartfon honor x7d 6 128gb gold,смартфон infinix hot 30i 4 128gb white,0
смартфон apple iphone 17 pro 1tb orange sim,смартфон xiaomi redmi 15 6 128gb titan gray,0
Smartfon Realme GT Neo 5 SE 256GB/3GB Coral,Smartfon Realme Realme 9 Pro+ 256GB Coral,0
Смартфон Honor Honor 80 Pro 1TB Silver,Honor Honor 80 Pro 8GB/1TB Silver,1
Tecno Pova 5 128GB - Purple,Honor Honor 90 Lite 1TB Titanium,0
samsung a37 5g 8 256gb,кабель recrsi ca 099 type c type c,0
Vivo V27 Pro 512GB (Blue),Vivo Vivo V27 Pro 4GB/512GB Blue,1
Tecno Camon 20 Pro 1TB - Titanium,Smartfon Tecno Tecno Camon 20 Pro 1TB Titanium,1
Xiaomi Xiaomi 13 Pro,Xiaomi 13 Pro 512GB - Titanium,1
Smartfon Tecno Tecno Spark 20 Pro+ 1TB Silver,Tecno Tecno Spark 20 Pro+ 3GB/1TB Silver,1
Honor Magic5 Pro 1TB (Green),Smartfon Honor Honor Magic5 Pro 1TB Green,1
Vivo Vivo Y35 512GB Gold,Vivo Y35 512GB (Gold),1
Galaxy S24 Ultra 512GB Cream,Smartfon Samsung Galaxy S24 Ultra 1TB Silver,0
honor x7d 6 128gb velvet black smartfoni oq sim karta sovg a 3 oyga 100gb,honor x5b 4 64 ocean blue,0
Vivo Vivo V27 Pro 1TB Midnight,Vivo Vivo V27 Pro 4GB/1TB Midnight,1
Smartfon Poco M6 Pro 256GB/16GB Cream,Poco M6 Pro 256GB (Cream),1
смартфон google pixel 7a 8 128gb sea,смартфон google pixel sea 8 128gb 7a,1
Smartfon Infinix Note 30 64GB/4GB Deep Purple,Смартфон Infinix Infinix Note 30 64GB Deep Purple,0
смартфон apple iphone 16 pro max 512gb natural titanium,honor x7e sunrise orange 6 256gb в подарок honor choice earbuds x8,0
Apple iPhone 12 Pro Max Titanium 64GB,Apple iPhone 12 Pro Max 64GB Titanium,1
смартфон honor 200 lite 16 256gb cyan lake,honor 200 lite 16 256gb cyan lake,1
Infinix Smart 8 256GB Green,Infinix Infinix Smart 8 6GB/256GB Green,1
смартфон iphone 13 mini 256gb pink,смартфон apple iphone 16 pro max 1tb dual esim natural titanium,0
смартфон apple iphone 13 pro 512gb графитовый,смартфон apple iphone 512gb pro 13 графитовый,1
Infinix Infinix Note 40 Pro 1TB Starlight,Infinix Infinix Note 40 Pro 8GB+1TB,1
apple iphone air 12 256gb sky blue,air iphone apple 12 256gb sky blue,1
Realme Realme Note 50 64GB Green,Realme Note 50 64GB Green,1
Infinix Infinix Hot 40,Смартфон Infinix Infinix Hot 40 64GB Deep Purple,1
Смартфон Infinix Infinix Smart 8 Plus 64GB Black,Smartfon Infinix Smart 8 Plus 64GB/6GB Black,1
Samsung Galaxy A34 64GB Silver,Galaxy A34 64GB (Silver),1
смартфон honor x6b 6 256gb midnight black forest green,смартфон honor x7a plus 6 128 midnight black,0
смартфон honor x8d 8 128gb midnight black,смартфон 8 x8d honor 128gb midnight black,1
samsung z flip 6,z samsung flip 6,1
Tecno Camon 20 Pro 128GB - Purple,Oppo Reno 10 Pro+ 512GB - Lavender,0
Galaxy S24+ 64GB Coral,Samsung Galaxy M14 12GB+64GB,0
Smartfon Redmi Redmi Note 11 64GB Coral,Смартфон Redmi Redmi Note 11 256GB Lavender,0
Samsung Galaxy A54 5G 64GB Natural,iPhone 11 Pro Max 512GB - Silver,0
iPhone 13 128GB - Natural,Apple iPhone 13 128GB Natural,1
смартфон apple iphone 12 pro max 256 гб graphite,смартфон iphone 12 pro max 256 гб graphite,1
Realme GT Neo 5 SE 64GB - Graphite,Realme GT Neo 5 SE 64GB Graphite,0
телефон novey m365 синий,смартфон apple iphone 14 pro 512gb 1 sim фиолетовый,0
Oppo Oppo Find X7,Oppo Oppo Find X7,0
смартфон samsung galaxy a17 128gb light blue,samsung смартфон galaxy a17 128gb light blue,1
смартфон honor x8d 8 128gb corduroy black,смартфон honor 8 128gb corduroy black,1
powerbank ugreen 10000mah magsafe foldable kickstand,powerbank kickstand 10000mah magsafe foldable ugreen,1
Xiaomi 13 Ultra 512GB - Cream,Смартфон Xiaomi Xiaomi 14 Pro 512GB Cream,0
Oppo Oppo Reno 12 12GB+256GB,Oppo Oppo Reno 12 12GB/128GB Titanium,0
смартфон samsung galaxy a14 4 128gb black,смартфон samsung galaxy a14 128gb black,1
смартфон huawei nova y73 8gb 256gb black,смартфон huawei nova y73 8gb black,1
Infinix Infinix Note 40 12GB+128GB,Infinix Infinix Zero 30 128GB Silver,0
смартфон honor x9d 12 256 midnight black в ташкенте,смартфон honor x7a 6 128gb midnight black,0
Tecno Tecno Pop 8 8GB/256GB Black,Tecno Pop 8 256GB - Black,1
Vivo Vivo V29 Blue 512GB,Vivo Vivo V29,1
смартфон vivo y29 8 128 white,huawei nova 14 pro 12 512gb black,0
Honor Honor Magic5 Pro Starlight 64GB,Honor Magic5 Pro 64GB Starlight,1
Tecno Camon 30 Pro 1TB Midnight,Tecno Camon 30 Pro 1TB (Midnight),1
смартфон infinix smart 9 4 128 mint green,смартфон apple iphone 11 64gb purple,0
Oppo Reno 12 128GB Starlight,Oppo Oppo Reno 12 4GB/1TB Black,0
Smartfon Apple iPhone 12 Pro 128GB Green,iPhone 12 Pro 128GB (Green),1
Xiaomi Poco X5,Смартфон Xiaomi Poco X5 64GB Deep Purple,1
Honor 200 512GB Deep Purple,Honor 200 512GB Deep Purple,1
Infinix Note 40 Pro 512GB - Lavender,Infinix Infinix Note 40 Pro Coral 64GB,0
Galaxy Z Flip 4 512GB - Deep Purple,Samsung Galaxy Z Flip 4,1
Смартфон Oppo Oppo Find X7 1TB Natural,Oppo Find X7 1TB - Natural,1
Oppo Find X6 Pro 64GB - Blue,Smartfon Oppo Find X6 Pro 64GB/6GB Blue,1
redmi note 15 pro 12 512 mocha brown,redmi 13 8 128 ocean blue,0
Infinix Infinix Note 30 16GB+1TB,Smartfon Infinix Infinix Note 30 1TB Titanium,1
honor x9d 5g 12 256gb gold oltin rang smartfoni,honor x9d 5g 12 256gb gold oltin rang,1
Infinix Infinix Note 30 Pro Silver 64GB,Infinix Infinix Note 30 Pro 64GB Silver,1
смартфон xiaomi redmi note 14 8 256gb blue,смартфон xiaomi redmi note 14 8 blue,1
Smartfon Infinix Infinix Smart 8 Plus 1TB Starlight,Infinix Smart 8 Plus 1TB - Starlight,1
Smartfon Vivo X90 Pro 256GB/4GB Cream,Vivo Vivo X90 Pro 256GB Cream,1
Смартфон Vivo Vivo V30 128GB Gold,Смартфон Vivo Vivo V30 256GB Green,0
Galaxy A05 128GB - Silver,Samsung Galaxy A05 8GB+128GB,1
Poco F5 1TB (Titanium),Honor Honor 90 Lite Silver 512GB,0
Smartfon Oppo Reno 11 Pro 64GB/3GB Midnight,Oppo Oppo Reno 11 Pro Blue 1TB,0
Redmi Note 13 Pro 1TB Natural,Redmi Note 13 Pro 256GB Coral,0
Infinix Smart 8 Pro 512GB (Silver),Смартфон Infinix Infinix Smart 8 Pro 512GB Silver,1
смартфон honor 200 8 256gb emerald green,смартфон honor 200 256gb emerald green,1
смартфон oppo a5 8 256 aurora green,смартфон oppo 8 256 aurora green,1
Apple iPhone 12 mini 16GB/512GB Lavender,Apple iPhone 12 mini,1
Realme Realme 11 Pro+ 1TB Natural,Смартфон Realme Realme 11 Pro+ 1TB Natural,1
Смартфон Vivo Vivo Y36 128GB Midnight,Vivo Vivo Y36,0
Realme Realme C55 Black 64GB,Smartfon Realme Realme Note 50 64GB Black,0
Tecno Tecno Spark 20 Pro+,Smartfon Tecno Spark 20 Pro+ 1TB/6GB Green,1
Vivo Vivo V30 Pro Natural 256GB,Vivo Vivo V30 Pro 12GB/256GB Natural,1
Redmi Redmi 12 512GB Black,Redmi Redmi 12 8GB+512GB,1
Infinix Infinix Zero 30 6GB/128GB Purple,Smartfon Infinix Smart 8 128GB/6GB Purple,0
iPhone 12 mini 512GB Titanium,Apple iPhone 14 Pro Max 12GB+512GB,0
Smartfon Vivo V27 64GB/16GB Graphite,Smartfon Vivo Vivo V27 256GB White,0
Vivo Vivo V27 Pro 6GB/128GB Silver,Redmi 12 1TB Black,0
redmi 8 4 64gb 2021 yil,redmi note 15 8 256 black,0
Infinix Infinix Zero 30 5G,Infinix Zero 30 5G 64GB (Titanium),1
oppo a6 8 128 aurora gold,oppo a6 8 aurora gold,1
Redmi 13 256GB (Black),Smartfon Redmi 13 256GB/8GB Black,1
Realme Realme C55 4GB+256GB,Смартфон Realme Realme C55 256GB Starlight,1
смартфон samsung galaxy s26 ultra 5g violet 256 гб,256 samsung galaxy s26 ultra 5g violet смартфон гб,1
Poco M5 512GB Green,Xiaomi Poco M5 4GB+512GB,1
Tecno Tecno Pova 6,Tecno Pova 6 256GB (Midnight),1
Vivo Vivo Y200 Deep Purple 128GB,Vivo Vivo Y200,1
Redmi 13 128GB Deep Purple,Redmi Redmi 13 Deep Purple 128GB,1
Realme Realme 12 4GB+128GB,Смартфон Oppo Oppo Reno 11 Pro 64GB Purple,0
redmi note 15 pro 5g 8 256 black,redmi 15c mint green 4 256gb,0
смартфон xiaomi redmi a5 4 128gb sandy gold,xiaomi 17t 12 256gb violet,0
Redmi Redmi Note 13 Pro+ 1TB Purple,Redmi Redmi Note 13 Pro+ 256GB Starlight,0
redmi note 14 8 256gb mist purple,redmi not 12 ideal,0
redmi note 14,redmi 15 6 128 8 128 8 256,0
смартфон samsung galaxy j3 sm j330f 2 16gb,смартфон samsung j3 sm j330f 2 16gb,1
Vivo Vivo V30e 12GB/64GB Cream,Vivo V30e 64GB Cream,1
Smartfon Oppo Oppo Reno 10 1TB Deep Purple,Oppo Oppo Reno 10 16GB+128GB,0
Galaxy S22 1TB (Coral),Смартфон Samsung Galaxy S22 1TB Coral,1
смартфон apple iphone 16 128gb sim esim ultramarine,redmi 15c 4 128gb moonlight blue,0
Tecno Tecno Phantom X2 Pro 12GB+256GB,Tecno Tecno Phantom X2 Pro 12GB/256GB Lavender,1
Oppo Oppo A78 4GB/512GB Natural,Oppo A78 512GB - Natural,1
Xiaomi 14 1TB Graphite,Xiaomi Xiaomi 14 8GB+1TB,1
Oppo Oppo A58 1TB Starlight,Infinix Note 40 512GB - Purple,0
Smartfon Apple iPhone 13 512GB Silver,Apple iPhone 13,1
Vivo Y200 Pro 1TB (White),Infinix Infinix Note 30 8GB+64GB,0
samsung galaxy a36 5g 8 256gb lavender,8 galaxy a36 5g samsung 256gb lavender,1
смартфон samsung galaxy s25 5g s931 12 128gb silver shadow,smartfon samsung galaxy a17 6 128gb black,0
1302 смартфон samsung galaxy a14 4 64gb silver,1302 смартфон galaxy samsung a14 4 64gb silver,1
Smartfon Vivo Vivo Y35 128GB Midnight,Vivo Vivo Y35 4GB+128GB,1
Смартфон Infinix Infinix Hot 40 128GB Cream,Infinix Hot 40 128GB (Cream),1
Poco X6 128GB (Green),Smartfon Poco X6 512GB/6GB Silver,0
Smartfon Tecno Phantom V Fold 1TB/8GB Silver,Apple iPhone 14,0
Realme Realme 11 3GB/128GB Starlight,Infinix Infinix Note 40 Pro,0
Honor 100 512GB Blue,Honor Honor 100,0
смартфон xiaomi redmi 14c 5g 4 256gb midnight black,смартфон xiaomi poco x6 pro 12 256gb white,0
Infinix Zero 30 5G 1TB Green,Infinix Smart 8 Plus 1TB Green,0
Tecno Spark 20 Pro+ 1TB - Natural,Tecno Tecno Pop 8,0
Galaxy S22 Ultra 128GB Natural,Samsung Galaxy S22 Ultra,1
смартфон xiaomi poco c71 4 128gb blue,c71 xiaomi poco смартфон 4 128gb blue,1
Oppo Oppo Reno 10 Pro 4GB/512GB Lavender,Smartfon Samsung Galaxy A14 64GB Coral,0
Redmi 13 64GB Black,Смартфон Samsung Galaxy A25 256GB Natural,0
iPhone 13 Pro Max 256GB (Natural),Apple iPhone 13 Pro Max,1
samsung galaxy s25 fe 8 256gb navy,смартфон xiaomi redmi note 15 pro 12 256gb sandy purple,0
redmi 12 128gb,128gb 12 redmi,1
Realme 12 Pro+ 128GB Black,Smartfon Realme 9 Pro+ 128GB/6GB Black,0
Oppo Oppo A79 5G Gold 64GB,Oppo A79 5G 64GB (Gold),1
Redmi Redmi Note 13 3GB+512GB,Smartfon Redmi Redmi 12 512GB Purple,0
Oppo Find X6 Pro 64GB - Graphite,Smartfon Oppo Find X6 Pro 512GB/6GB Purple,0
Redmi Redmi Note 12 8GB/64GB Cream,Redmi Redmi Note 12 8GB+64GB,1
смартфон realme c53 6 128 rmx3760 mighty black,redmi note 15 night black 8 256gb,0
Infinix Zero 20 64GB (Starlight),Vivo X100 Pro 256GB - Cream,0
Smartfon Honor Honor Magic6 Pro 512GB Gold,Smartfon Honor Honor 90 Lite 512GB Gold,0
redmi note 15 pro plus 5g доставка проверка при получении,redmi note 14 ocean blue 8 128gb,0
плиты аэродромные дорожные тротуарные в ташкенте,плиты в дорожные тротуарные аэродромные ташкенте,1
Infinix Infinix Note 40 Pro 6GB+512GB,Infinix Infinix Note 40 Pro Midnight 512GB,1
iPhone 13 mini 128GB White,iPhone 13 mini 256GB (Black),0
Tecno Pova 6 64GB - Natural,Tecno Tecno Pova 6 3GB+64GB,1
honor x6b 4 128 forest green,смартфон honor x8c 8 256gb green,0
Xiaomi Xiaomi 12 Pro,Smartfon Xiaomi 12 Pro 512GB/16GB Graphite,0
Realme Realme 11 Pro+ Graphite 64GB,Realme 11 Pro+ 64GB (Graphite),1
Redmi Redmi Note 12 Titanium 128GB,Redmi Redmi Note 12 4GB+128GB,1
Смартфон Redmi Redmi 13C 64GB Black,Smartfon Redmi Redmi 13C 256GB Gold,0
Смартфон Honor Honor 200 Pro 64GB Blue,Smartfon Honor 200 Pro 64GB/6GB Blue,1
смартфон honor 90 5g 8 256 midnight black,смартфон honor x9d 12 512gb gold,0
смартфон samsung galaxy a37 5g 8 256gb lilac,смартфон infinix hot 40 8 128gb horizon gold,0
Oppo Reno 12 Pro 256GB Gold,Smartfon Oppo Oppo Reno 12 Pro 128GB Purple,0
smartfon redmi a5 3 64gb ocean blue,redmi note 15 black 8 128gb,0
Tecno Tecno Camon 30 Pro,Tecno Camon 30 Pro 1TB (Green),1
смартфон xiaomi redmi note 14 pro 4g 8 128gb midnight black,смартфон xiaomi 128gb note 14 pro 4g 8 redmi midnight black,1
Smartfon Redmi Redmi Note 13 256GB Lavender,Смартфон Honor Honor 100 Pro 1TB Gold,0
смартфон xiaomi redmi note 12s 8 256 green,смартфон xiaomi redmi 12s 8 256 green,1
Xiaomi Xiaomi 12X Titanium 256GB,Samsung Galaxy S23+,0
Смартфон Redmi Redmi K60 64GB Midnight,Смартфон Redmi Redmi K60 64GB Midnight,1
Realme 11 128GB White,Realme Realme C55,0
redmi note 13 pro 5g moonlight white 8 256gb,pro note 13 redmi 5g moonlight white 8 256gb,1
Tecno Pop 8 128GB Purple,Smartfon Tecno Spark 20 Pro+ 128GB/3GB Purple,0
Vivo V30 Pro 1TB - Natural,Smartfon Vivo Vivo V30 Pro 1TB Natural,1
Смартфон Vivo Vivo V27 Pro 512GB Silver,Смартфон Infinix Infinix Zero 20 256GB Deep Purple,0
Redmi Note 11 Pro 128GB (Black),Honor Magic5 Lite 256GB - Silver,0
Смартфон Infinix Infinix Hot 30 Play 256GB Gold,Infinix Hot 30 Play 256GB - Gold,1
Realme 11 Pro 512GB Titanium,Смартфон Realme Realme 11 Pro 512GB Titanium,1
Tecno Tecno Camon 30 12GB+512GB,Смартфон Tecno Tecno Camon 30 512GB White,1
смартфон samsung galaxy s26 ultra 12 256gb dual sim black,смартфон samsung galaxy ultra 12 256gb dual sim black,1
Redmi Redmi Note 13 Pro Natural 256GB,Smartfon Redmi Note 13 Pro 256GB/3GB Natural,1
oppo reno 8t 5g 8 256gb sunrise gold,oppo reno 8t 5g 8 sunrise 256gb gold,1
oppo a5 pro xolati zor,телефон novey t300 tank black gold,0
Tecno Spark 20 Pro+ 1TB - Gold,Tecno Spark 20 Pro+ 1TB - Gold,1
Redmi Redmi 12C,Redmi Redmi A2+ 4GB/1TB Midnight,0
Smartfon Infinix Note 40 256GB/3GB Blue,Infinix Infinix Smart 8 Pro 256GB Blue,0
Infinix Infinix Note 40 Pro 512GB Green,Infinix Infinix Note 40 Pro,0
Xiaomi 11 Ultra 1TB Silver,Xiaomi Xiaomi 11 Ultra,0
Oppo Oppo Reno 10 64GB Black,Oppo Oppo Reno 10,1
redmi note 15 black 6 128gb,смартфон redmi 15 6 128gb titan gray,0
Realme Realme Note 50,Realme Note 50 256GB Graphite,1
Vivo Vivo X100 Pro Lavender 1TB,Tecno Tecno Camon 30 64GB Deep Purple,0
Vivo Vivo V29 Pro Gold 1TB,Vivo V29 Pro 1TB (Gold),1
honor 400 12 256gb 5g midnight black smartfoni honor ryukzagi sovg aga,honor 400 12 256gb 5g midnight black smartfoni honor sovg aga,1
Infinix Infinix Note 40 Pro Graphite 128GB,Смартфон Infinix Infinix Note 40 Pro 128GB Graphite,1
Redmi A2+ 256GB - Graphite,Vivo Y100 64GB - Blue,0
Oppo Reno 10 Pro 256GB Silver,Oppo Oppo Reno 10 Pro 256GB Silver,1
redmi note 13 ice blue 6 128gb,redmi 12 128gb,0
Смартфон Realme Realme GT 5 512GB Lavender,Realme Realme GT 5 6GB+512GB,1
Смартфон Vivo Vivo Y100 1TB Green,Vivo Vivo Y100 4GB/64GB Graphite,0
смартфон tecno spark 10 4 128gb black,смартфон redmi note 15 pro 12 512gb black,0
Xiaomi Xiaomi 11T 12GB/1TB Blue,Xiaomi Xiaomi 11T 12GB+256GB,0
Smartfon Tecno Tecno Phantom V Fold 512GB Coral,Tecno Tecno Phantom V Fold 512GB Coral,1
Apple iPhone 13 Natural 512GB,Redmi Redmi Note 13 Pro+ 1TB Lavender,0
Honor Honor X9b 12GB+512GB,Смартфон Honor Honor X9b 256GB Natural,0
Redmi Note 11 Pro 1TB Blue,Redmi Note 11 Pro 128GB (Coral),0
Infinix Zero 20 256GB (Purple),Smartfon Redmi Note 12 Pro 1TB/16GB Black,0
Смартфон Samsung Galaxy S23 Ultra 1TB Natural,Samsung Galaxy S23 Ultra 16GB/1TB Natural,1
Tecno Tecno Pop 8 Midnight 1TB,Смартфон Tecno Tecno Pop 8 1TB Midnight,1
смартфон samsung sm s928b s24 ultra 256gb titanium violet,смартфон samsung sm s928b s24 256gb ultra titanium violet,1
Oppo Oppo Reno 12 Pro 6GB+512GB,Oppo Oppo Reno 12 Pro 512GB Deep Purple,1
Vivo Y200 Pro 512GB Coral,Infinix Smart 8 Pro 64GB (Green),0
Смартфон Samsung Galaxy A35 5G 256GB Coral,Galaxy A35 5G 64GB - White,0
смартфон honor x9d 12 256 midnight black,смартфон honor x8d 8 256gb corduroy black,0
смартфон xiaomi redmi note 13 6 128 mint green,смартфон xiaomi note 13 6 128 mint green,1
iPhone 11 Pro 1TB - Blue,Смартфон Apple iPhone 11 Pro 128GB Graphite,0
смартфон xiaomi redmi note 13 5g 6 128gb graphite black,xiaomi redmi note 13 5g 6 128gb graphite black,1
Xiaomi Xiaomi 12 Pro 512GB Blue,Xiaomi 12 Pro 128GB Black,0
Smartfon Honor X8a 256GB/12GB Lavender,Смартфон Honor Honor X8a 256GB Lavender,1
Realme Realme 12+,Смартфон Infinix Infinix Hot 30 Play 256GB Silver,0
iPhone 13 Pro Max 64GB - Silver,iPhone 13 Pro Max 64GB - Silver,1
Oppo Oppo Reno 12 Pro 16GB+128GB,Смартфон Oppo Oppo Reno 12 Pro 512GB Titanium,0
Oppo A58 256GB (Blue),Oppo A58 256GB (Blue),1
смартфон honor 600 lite 5g 8 256gb desert gold,смартфон honor x7b 6 256 flowing silver,0
Smartfon Realme C65 64GB/3GB Purple,Realme Note 50 64GB Purple,0
Honor Honor 90 Pro 12GB+1TB,Honor Honor 90 Pro White 1TB,1
Samsung Galaxy A05,Smartfon Galaxy A05 1TB/3GB Silver,1
Poco M6 Pro 1TB (Purple),Poco M6 Pro 1TB - Purple,1
Samsung Galaxy A34 128GB White,Smartfon Samsung Galaxy A34 64GB Green,0
Redmi Redmi Note 13 4G,Redmi Note 13 4G 256GB - White,1
смартфон xiaomi redmi note 13 pro 5g 8 256gb dual nano sim aurora purple,смартфон xiaomi redmi 13 pro 5g 8 256gb dual nano sim aurora purple,1
плита 2 х конфорочная с ж шкафом пэт 0 34шв,х 2 плита конфорочная с ж шкафом пэт 0 34шв,1
honor x9d sotiladi,x9d sotiladi,1
honor 600 lite velvet black 8 256gb,смартфон honor 70 8 128gb global crystal silver,0
Redmi K60 1TB Blue,Redmi Redmi K60 12GB/1TB Blue,1
смартфон vivo v23e 8 128gb blue,смартфон spark go 2 km4 128 3 titanium grey,0
Apple iPhone 13 Pro 512GB Starlight,Samsung Galaxy S22,0
Apple iPhone 13 mini,iPhone 13 mini 128GB - Graphite,1
смартфон apple iphone 16 pro 512gb dual esim natural titanium,смартфон apple iphone 16 pro 512gb dual natural titanium,1
смартфон xiaomi poco m6 pro 12gb 512gb,12gb xiaomi poco m6 pro смартфон 512gb,1
Galaxy A05s 128GB - Coral,Galaxy Z Fold 4 128GB Coral,0
Apple iPhone 14 Pro Max,Смартфон Apple iPhone 13 mini 1TB White,0
Realme Realme 12 Pro+ Midnight 64GB,Realme Realme 12 Pro+,1
redmi note 17 new 2026 super skidkagarantiya dastavka,redmi note 12 4g,0
телефон novey mobile z1 gray gsm cdm,телефон cdm mobile z1 gray gsm novey,1
Redmi Note 12 Pro+ 256GB Natural,Смартфон Xiaomi Xiaomi 12 Pro 64GB Cream,0
Infinix Infinix Smart 8 Plus 8GB+64GB,Smartfon Infinix Infinix Zero 20 64GB Gold,0
Tecno Tecno Spark 10 256GB Coral,Смартфон Tecno Tecno Pova 5 256GB Coral,0
Vivo X100 Pro 512GB (Graphite),Smartfon Vivo Vivo X100 Pro 512GB Graphite,1
Apple iPhone 14 Pro Max Green 1TB,Smartfon iPhone 14 Pro Max 1TB/16GB Green,1
Vivo Vivo V29 Pro Graphite 1TB,Smartfon Vivo Vivo V29 Pro 64GB Natural,0
iPhone 15 Pro 256GB (Blue),iPhone 14 256GB (Blue),0
Infinix Infinix Zero 20 256GB Silver,Apple iPhone 14 Plus 4GB+512GB,0
redmi 15c 4 128 midnight black,redmi 15c 4 128gb midnight black,0
oppo find x8s 12 256,redmi note 15 pro 5g mocha brown 12 512gb,0
iphone 14 pro dual sim ideal 128gb,смартфон xiaomi mix flip 12 512gb global version black,0
samsung galaxy s26 black 12 512gb,12 galaxy s26 black samsung 512gb,1
Oppo Oppo Reno 12 Pro 512GB Midnight,Oppo Oppo Reno 12 Pro 256GB Titanium,0
Smartfon Redmi Note 13 Pro+ 1TB/8GB White,Redmi Redmi Note 13 Pro+,1
redmi note 17 black 8 256gb рюкзак в подарок,redmi a3 midnight black 3 64gb,0
Honor 80 Pro 128GB - Black,Smartfon Honor 80 Pro 128GB/12GB Black,1
Infinix Infinix Note 40 256GB Deep Purple,Infinix Infinix Note 40 256GB Deep Purple,1
смартфон samsung galaxy a52 8 128gb violet,iphone 17 pro 256,0
honor x6c,samsung galaxy a06 black 4 128gb,0
Honor Honor 100,Xiaomi Xiaomi 12X,0
honor x9d midnight black 8 256gb,honor 90 lite 8 256,0
Oppo Oppo A58 8GB/256GB Graphite,Smartfon Oppo Oppo A58 256GB Graphite,1
смартфон tecno spark 40 pro moon,redmi note 14 midnight black 8 128gb,0
Realme Realme Note 50 Starlight 128GB,Smartfon Realme 11 Pro+ 128GB/12GB Starlight,0
Smartfon Xiaomi 12 Pro 256GB/12GB Silver,Xiaomi Xiaomi 12 Pro,0
redmi 15c 8 256gb mint green,redmi note 15 forest green 8 256gb,0
смартфон samsung galaxy m12 4 64gb blue,смартфон apple iphone 15 plus 256gb black,0
Smartfon Infinix Infinix Smart 8 64GB Silver,Smartfon Infinix Infinix Smart 8 256GB Titanium,0
Infinix Smart 8 64GB - Coral,Infinix Smart 8 64GB - Coral,1
Oppo Find X7 256GB Green,Oppo Find X7 512GB Cream,0
Redmi Redmi Note 12 Pro 4GB/1TB Lavender,Redmi Redmi Note 12 Pro 4GB+1TB,1
iPhone 12 64GB - Lavender,Xiaomi Xiaomi 14 Pro,0
Tecno Pova 5 128GB (White),Tecno Pova 5 512GB - Coral,0
Honor Honor 200 Pro,Honor Honor 200 Pro Black 256GB,0
Redmi Note 12 Pro 512GB - Natural,Смартфон Redmi Redmi Note 12 Pro 512GB Natural,1
Vivo Y200 1TB - Silver,Smartfon Vivo Vivo V27 Pro 1TB Silver,0
Galaxy M34 5G 256GB - Lavender,Samsung Galaxy M34 5G 3GB+256GB,1
Vivo X100 256GB (Coral),Vivo X100 256GB - Coral,1
Samsung Galaxy A25 512GB Silver,Tecno Tecno Spark 20 3GB+256GB,0
Realme Note 50 512GB (Cream),Smartfon Tecno Spark 10 1TB/8GB Graphite,0
Oppo Oppo A79 5G 6GB+256GB,Oppo A79 5G 256GB (Silver),1
смартфон xiaomi 15 12 256gb nano sim esim black,смартфон xiaomi redmi note 14 pro 4g 12 256gb ocean blue,0
Honor 90 512GB (White),Honor Honor 90 6GB+512GB,1
смартфон xiaomi redmi note 14 pro plus 5g 8 256gb purple,смартфон samsung galaxy s21 5g 8 256gb gray,0
смартфон honor x7d 8 256 velvet black,honor x7d 8 256 velvet black,1
Смартфон Infinix Infinix Zero 30 128GB Lavender,Infinix Infinix Zero 30 128GB Lavender,1
Redmi Redmi Note 13 4G 4GB+64GB,Redmi Note 13 4G 64GB Green,1
Honor Honor X7b,Smartfon Honor Honor X7b 128GB Silver,1
Vivo Vivo Y200 Pro 6GB/512GB Deep Purple,Tecno Tecno Camon 30 Pro,0
Honor Honor 90 Pro 1TB Cream,Смартфон Honor Honor 90 Pro 1TB Cream,1
Infinix Note 30 Pro 1TB (Deep Purple),Infinix Infinix Smart 8 Pro 4GB+1TB,0
смартфон apple iphone 17 pro 256gb silver,apple смартфон iphone 17 pro 256gb silver,1
Honor Honor 80 Pro 6GB+512GB,Honor Honor 80 Pro Coral 1TB,0
Vivo Y35 128GB (Purple),Смартфон Vivo Vivo Y35 128GB Purple,1
apple iphone 16 pro max 256gb 1 sim 1 esim desert titanium smartfoni,apple iphone smartfoni pro max 256gb 1 sim 1 esim desert titanium 16,1
Smartfon Oppo A78 512GB/6GB Titanium,Oppo Oppo A78 6GB+512GB,1
Oppo Oppo Find X6 Pro 6GB/512GB Graphite,Smartfon Oppo Find X6 Pro 256GB/6GB Green,0
Смартфон Honor Honor 80 Pro 1TB Midnight,Honor Honor 80 Pro 1TB Midnight,1
смартфон xiaomi redmi note 14 pro 4g 8 256gb midnight black,смартфон xiaomi redmi note 14 pro 4g midnight 256gb 8 black,1
Smartfon Realme 9 Pro+ 1TB/8GB Titanium,Realme Realme 9 Pro+ 8GB+1TB,1
honor choice t10 black 3 32gb,honor 3 t10 black choice 32gb,1
смартфон tecno spark 7 4 128gb magnet black,смартфон tecno spark 7 4 128gb black,1
смартфон iphone 13 pro max 512gb gold dual,смартфон iphone pro max 512gb gold dual,1
Tecno Tecno Pova 6 Pro 8GB/256GB Titanium,Tecno Tecno Pova 6 Pro Coral 512GB,0
Redmi Redmi Note 12 Pro+,Redmi Redmi Note 11 12GB/256GB Gold,0
Honor 100 Pro 128GB Natural,Honor 100 Pro 128GB (Natural),1
Vivo Vivo V27 8GB/512GB Natural,Smartfon Vivo V27 512GB/8GB Natural,1
Redmi Redmi K70 Pro 1TB Titanium,Tecno Tecno Spark 20 Blue 256GB,0
Smartfon Oppo Oppo Reno 10 Pro 256GB White,Oppo Reno 10 Pro 64GB (Black),0
Xiaomi Xiaomi 13 Ultra 6GB+512GB,Smartfon Tecno Pova 5 Pro 1TB/6GB Silver,0
Vivo Vivo V27 4GB/128GB White,Vivo Vivo V27 128GB White,1
смартфон xiaomi redmi note 13 pro 5g 8 256gb nano sim esim midnight black,портативная солнечная панель 2e ec 200 200w,0
Redmi Note 12 Pro 64GB - Natural,Smartfon Redmi Note 11 Pro 64GB/4GB Natural,0
Galaxy A25 128GB - Graphite,Samsung Galaxy A25 12GB+64GB,0
redmi not 11 satiladi,redmi note 14 8 256,0
Smartfon Oppo Reno 11 Pro 256GB/16GB Black,Smartfon Oppo Reno 11 Pro 256GB/16GB Black,1
смартфон xiaomi a2 lite 32gb black,смартфон xiaomi a2 lite 32gb,1
Oppo Oppo A17 16GB+64GB,iPhone 15 Pro 128GB Midnight,0
redmi a5 4 128 lake green,motorola moto g75 blue 8 256gb,0
Smartfon Infinix Zero 20 64GB/16GB Blue,Tecno Phantom V Fold 256GB (Deep Purple),0
Tecno Tecno Phantom V Fold 3GB/128GB Natural,Tecno Tecno Phantom V Fold,0
Apple iPhone 14 Pro Max 3GB/512GB Lavender,Смартфон Apple iPhone 14 Pro Max 512GB Lavender,1
Smartfon Realme C65 64GB/8GB Midnight,Smartfon Realme C65 256GB/8GB Starlight,0
Redmi Redmi Note 13 4G,Redmi Note 13 4G 1TB - Starlight,1
oppo reno12 f cph2687 512 гб matte grey,oppo reno12 f 512 гб matte grey,1
смартфон honor x7a plus 6 128gb titanium silver,смартфон honor 200 lite 8 256 green,0
samsung s10 8 128,смартфон xiaomi redmi 13c 6 128gb синий,0
Vivo Y36 128GB - Blue,Vivo Vivo Y36 16GB+128GB,1
Infinix Infinix Smart 8 Pro Deep Purple 256GB,Infinix Smart 8 Pro 256GB - Deep Purple,1
Vivo Y200 128GB Black,Honor 90 Pro 1TB (Midnight),0
смартфон infinix smart 8 plus 4 64gb shiny gold,смартфон infinix smart 64gb plus 4 8 shiny gold,1
honor 400 pro 12 512gb 5g lunar grey smartfoni honor ryukzaki sovg aga,смартфон honor h200 12 512gb black moonlight white,0
Smartfon Poco X5 512GB/4GB Purple,Xiaomi Xiaomi 12X 4GB+512GB,0
Infinix Infinix Smart 8 Plus 6GB+64GB,Infinix Infinix Note 30 Pro,0
Infinix Infinix Hot 40 Green 512GB,Infinix Infinix Hot 40 16GB+1TB,0
Oppo A79 5G 64GB - Cream,Oppo A79 5G 256GB - Titanium,0
honor x7d 8 256gb desert gold smartfoni oq sim karta sovg a 3 oyga 100gb,honor x7d 8 256gb desert gold smartfoni oyga sim karta sovg a 3 oq 100gb,1
Honor X7a 256GB - Deep Purple,Honor X7a 256GB Deep Purple,1
Galaxy M14 128GB - Cream,Galaxy M14 128GB - Cream,1
redmi 14c dreamy purple 6 128gb,redmi note 15 pro 4g оптом и штук,0
Infinix Note 40 256GB (Natural),Infinix Infinix Note 40 12GB+256GB,1
Honor Honor X9b 64GB White,Honor Honor X9b 64GB White,1
Vivo Vivo Y200 Pro,Vivo Vivo Y200 Black 512GB,0
смартфон zte blade a56 4 128gb black,смартфон zte blade a56 128gb black,1
Realme Realme GT Neo 5 SE 512GB Purple,Realme GT Neo 5 SE 512GB (Purple),1
смартфон xiaomi redmi note 15 pro mocha,смартфон oppo reno15 5g 12 512 aurora white,0
Smartfon Redmi Redmi K60 64GB Natural,Samsung Galaxy A54 5G Green 512GB,0
Infinix Infinix Note 30 Purple 128GB,Infinix Infinix Note 30 4GB/128GB Purple,1
smartfon honor x9d 12 256gb reddish brown,смартфон xiaomi redmi a3 4gb 128gb,0
Oppo Oppo Find X6 Pro 16GB+512GB,Smartfon Oppo Oppo Find X6 Pro 512GB Deep Purple,1
Tecno Tecno Spark 20 Pro+ 6GB/512GB Midnight,Tecno Tecno Spark 20 Pro+ Starlight 1TB,0
sotiladi redmi not 12 s,redmi note 11 128tali yangi hali narxini kelishamiz,0
galaxy s25 ultra 12 256 titanium gray,redmi 15c 6 128gb mint green,0
Xiaomi Poco F5 Pro 4GB/1TB Green,Смартфон Xiaomi Xiaomi 11 Ultra 1TB Green,0
смартфон oppo a3 6 128 starlight white,смартфон samsung galaxy a37 5g 8 128gb awesome graygreen,0
Vivo Vivo V30 Pro Gold 1TB,Vivo Vivo V30 Pro,1
Vivo Vivo V27 Green 512GB,Vivo V27 512GB - Green,1
honor 400 gold 12 256gb,смартфон honor h200 8 256gb moonlight white black,0
Honor 90 256GB Gold,Honor Honor Magic5 Pro Gold 256GB,0
iphone xs max 512,смартфон infinix smart 10 4 128gb sleek black,0
Смартфон Tecno Tecno Camon 20 Pro 128GB White,Tecno Camon 20 Pro 128GB White,1
Смартфон Infinix Infinix Note 40 Pro 1TB White,Infinix Infinix Note 40 Pro 6GB/1TB White,1
смартфон samsung galaxy a06 6 128gb black,смартфон galaxy a06 6 128gb black,1
смартфон iphone 12 mini 64gb black,смартфон apple iphone 13 pro max 128gb графитовый,0
смартфон tecno spark 10 pro 8 128gb,смартфон samsung galaxy a35 5g 8 128gb purple,0
смартфон realme c53 128gb 6gb nfc mighty black,redmi note 9 pro,0
Infinix Infinix Smart 8 3GB/256GB Starlight,Infinix Smart 8 256GB - Starlight,1
redmi note 12 pro plus 5g 8gb 256gb polar white,redmi note 12 plus 5g 8gb 256gb polar white,1
смартфон apple iphone 16 pro 256gb sim esim white titanium,смартфон apple iphone 16 256gb sim esim white titanium,1
Apple iPhone 11 Pro,Smartfon iPhone 11 Pro 64GB/16GB Green,0
Tecno Camon 20 Pro 1TB - Titanium,Tecno Tecno Camon 20 Pro 1TB Titanium,1
смартфон xiaomi poco x6 5g 12 512gb black,смартфон poco x6 5g 12 512gb black,1
Xiaomi Xiaomi 11T Pro 3GB/256GB Purple,Xiaomi Xiaomi 11T Pro 3GB/256GB Purple,1
Tecno Tecno Pop 8,Vivo Vivo Y35 256GB White,0
Vivo V29 Pro 1TB (Starlight),Vivo Vivo Y35 4GB+1TB,0
iphone 17 pro max blue nasiya variant рассрочка в кредит,iphone 17 max blue nasiya variant рассрочка в кредит,1
Smartfon Redmi Note 13 Pro 512GB/16GB Silver,Redmi Redmi Note 13 Pro 16GB/512GB Silver,1
смартфон honor x8d 8 256gb grey,8 honor x8d смартфон 256gb grey,1
iPhone 11 1TB (Cream),Xiaomi Xiaomi 13 Ultra Deep Purple 256GB,0
Redmi Redmi Note 12 Pro+,Redmi Redmi Note 12 Pro+ 16GB/128GB Graphite,0
Realme 11 1TB (Midnight),Realme 11 128GB - Blue,0
Смартфон Honor Honor 90 128GB Natural,Smartfon Honor Honor 90 1TB Graphite,0
Redmi Redmi Note 12 Pro+,Smartfon Xiaomi Poco X6 Pro 512GB Silver,0
Honor X8b 64GB - Coral,Honor Honor X8b 4GB+64GB,1
Smartfon Vivo V30e 64GB/12GB Silver,Vivo V27 Pro 64GB (Silver),0
Infinix Infinix Smart 8 Plus 3GB/64GB Graphite,Redmi Redmi 12 3GB/1TB Green,0
Vivo Vivo Y100,Oppo Oppo A58 8GB/512GB Lavender,0
Infinix Infinix Zero 20 4GB/1TB Lavender,Infinix Zero 20 1TB - Lavender,1
Apple iPhone 14 8GB/256GB Black,Apple iPhone 14 8GB/256GB Black,1
Realme 12+ 512GB Midnight,Infinix Infinix Note 30 Pro 4GB/256GB Natural,0
Oppo Oppo Reno 11,Oppo Reno 11 256GB Cream,1
Vivo V30 Pro 128GB Natural,Vivo Vivo V30 Pro 3GB+128GB,1
смартфон apple iphone 14 pro max 512gb e sim золотистый,смартфон samsung galaxy a26 8 256gb black,0
смартфон honor 200 8 256 white,iphone 17 pro max доставка проверка при получении,0
Apple iPhone 14 Pro Max 16GB+1TB,Honor 100 512GB - Black,0
наушники panasonic rp tcm105e p,наушники p rp tcm105e panasonic,1
Vivo Vivo Y100 4GB+256GB,Vivo Y100 256GB (Silver),1
Redmi Redmi Note 13 Starlight 256GB,Honor 200 64GB Midnight,0
Smartfon Redmi Redmi 12C 1TB Lavender,Смартфон Redmi Redmi 12C 1TB Lavender,1
Oppo Oppo A79 5G 512GB White,Oppo Oppo A79 5G 512GB White,1
Smartfon Vivo Y100 128GB/12GB Lavender,Oppo Reno 12 Pro 512GB Starlight,0
Realme Realme GT Neo 5 SE 3GB/512GB Graphite,Realme GT Neo 5 SE 64GB - Titanium,0
смартфон honor x9d 8 256 гб золотистый,смартфон honor 200 8 256gb moonlight white,0
Tecno Tecno Camon 30 Pro 512GB Green,Tecno Tecno Camon 30 Pro 16GB+512GB,1
smartfon honor magic 8 pro 12 512gb oltin rang,смартфон honor x9d 12 512gb burgundy,0
смартфон apple iphone 17 256gb mist blue hx a 1 sim,смартфон honor x5 plus 4 64gb midnight black,0
Apple iPhone 12 Pro Max Gold 64GB,Apple iPhone 12 Pro Max,1
смартфон apple iphone 17 pro max 256 гб nanosim esim silver,xiaomi 15t сотилади,0
Smartfon Tecno Camon 30 Pro 512GB/12GB Lavender,Tecno Tecno Phantom X2 Pro 512GB Lavender,0
redmi note 15 pro titanium color 8 256gb,redmi note 15 forest green 6 128gb,0
Smartfon Infinix Zero 20 1TB/4GB Blue,Infinix Infinix Zero 20 1TB Blue,1
apple iphone 16 pro max 512gb white titanium,apple iphone 16 pro max 512gb titanium,1
Oppo Oppo Reno 11 512GB Gold,Oppo Reno 11 512GB (Gold),1
Oppo Reno 11 Pro 64GB (Midnight),Realme 11 128GB - Cream,0
Infinix Hot 40 256GB - Midnight,Infinix Infinix Hot 40 Green 64GB,0
iPhone 13 Pro 512GB (Titanium),Smartfon iPhone 13 Pro 512GB/6GB Titanium,1
Смартфон Realme Realme GT 5 512GB Silver,Tecno Tecno Pova 5 Pro White 128GB,0
Honor Honor 90 Lite Coral 128GB,Honor Honor 90 Lite 6GB+128GB,1
Apple iPhone 12 3GB+1TB,Vivo Vivo Y200 Graphite 64GB,0
Redmi Redmi Note 12 Pro+ 64GB Purple,Redmi Note 12 Pro+ 256GB - Black,0
Smartfon Oppo A58 128GB/6GB Midnight,Oppo A58 128GB (Midnight),1
Honor X9b 64GB (Black),Honor Honor X9a,0
смартфон vivo y33s 4 64gb midday dream,meizu mblu 21 blue 4 128gb,0
Xiaomi Poco X5 8GB/256GB Green,Poco X5 1TB - White,0
Oppo Oppo A58 16GB+128GB,Smartfon Oppo Oppo A58 128GB Green,1
Смартфон Xiaomi Poco F5 Pro 512GB Titanium,Honor Honor X7a 4GB+1TB,0
Smartfon Galaxy A05 128GB/6GB Titanium,Tecno Camon 30 256GB Graphite,0
Смартфон Realme Realme 11 Pro+ 512GB White,Realme Realme 11 Pro+ 512GB White,1
Apple iPhone 11 Pro 4GB/512GB Titanium,Apple iPhone 11 Pro 4GB/512GB Titanium,1
Realme GT 5 Pro 1TB - Black,Smartfon Realme Realme GT 5 Pro 128GB Starlight,0
Honor Honor 90 Pro Starlight 256GB,Honor Honor 90 Pro Graphite 512GB,0
Smartfon iPhone 14 Pro 1TB/3GB Green,Apple iPhone 14 Pro 3GB+1TB,1
honor x6c 6 128gb ocean cyan,honor 6 128gb ocean cyan,1
смартфон xiaomi redmi note 12 pro 4g 8 256gb dual nano sim голубой,xiaomi redmi note 12 pro 4g 8 256gb dual nano sim голубой,1
электронная книга pocketbook 743g inkpad 4 stardust silver,электронная книга pocketbook 743g inkpad stardust silver,1
Infinix Infinix Hot 30 Play 256GB Midnight,Smartfon Infinix Note 30 Pro 256GB/3GB Midnight,0
Realme Realme 11 Pro 3GB/512GB Starlight,Realme Realme 11 Pro 512GB Starlight,1
Smartfon Infinix Smart 8 Plus 256GB/16GB White,Infinix Smart 8 Plus 512GB Titanium,0
Смартфон Apple iPhone 12 Pro Max 128GB Midnight,Apple iPhone 12 Pro Max Midnight 128GB,1
смартфон xiaomi redmi note 13 pro 5g 12 512gb black,смартфон xiaomi redmi note 12 pro 5g 13 512gb black,1
смартфон vivo v50 12 256 black,смартфон vivo v50 256 black,1
Apple iPhone 13 8GB+512GB,Smartfon iPhone 15 Pro Max 512GB/8GB Purple,0
Смартфон Realme Realme Note 50 256GB Midnight,Realme Realme Note 50 3GB+256GB,1
Infinix Hot 40 512GB - Midnight,Infinix Infinix Hot 40 Midnight 512GB,1
Redmi Redmi K70 Pro 256GB Purple,Redmi Redmi K70 Pro Cream 64GB,0
iPhone 15 Pro Max 64GB - Black,iPhone 15 Pro Max 128GB (Starlight),0
apple iphone 17 pro 12 256gb silver,смартфон apple iphone 16 pro max 1tb dual esim desert titanium,0
Vivo Vivo X100 Pro 4GB/512GB Coral,Vivo V29 Pro 512GB - Coral,0
Redmi Redmi Note 12 Pro 16GB/256GB Titanium,Redmi Note 12 Pro 256GB - Titanium,1
xiaomi 14t 12 256gb titan black,телефон novey senat gsm серый,0
Apple iPhone 13 mini 3GB+64GB,iPhone 15 64GB (Deep Purple),0
Infinix Infinix Note 30 16GB+512GB,Infinix Note 30 512GB (Deep Purple),0
Smartfon Oppo Reno 10 Pro 1TB/16GB Silver,Smartfon Oppo Oppo Reno 10 Pro 1TB Silver,1
Realme 12 Pro+ 128GB (Purple),Realme Realme C67 6GB+128GB,0
Samsung Galaxy A25 256GB Titanium,Samsung Galaxy A25 256GB Titanium,1
redmi 12c ocean blue 3 64,redmi 12 8 256gb,0
Xiaomi Poco X6 Pro 12GB/512GB Black,Xiaomi Poco X6 Pro 12GB+128GB,0
Oppo Oppo A17 Gold 256GB,Oppo A17 256GB Gold,1
iphone 17 pro max 1 ga 1,iphone 17 pro max 1 ga 1,1
Smartfon Xiaomi 13T Pro 1TB/12GB Coral,Xiaomi Xiaomi 11 Ultra,0
смартфон infinix zero 30 4g 8 256gb sunset gold,смартфон zero 30 4g 8 256gb sunset gold,1
Honor 200 512GB Cream,Honor Honor 200 12GB/64GB Natural,0
Smartfon Realme Realme C33 128GB Titanium,Realme Realme C33 8GB+128GB,1
Honor X8b 1TB - Starlight,Realme Realme GT 5 Pro,0
Xiaomi Poco M6 Pro 4GB/1TB Green,Xiaomi Poco M6 Pro Gold 64GB,0
Xiaomi Xiaomi 13 Pro,Xiaomi 14 Ultra 128GB - Black,0
смартфон honor x7d 6 128gb meteor silver,honor x6a 4 128gb sky silver,0
iPhone 14 Plus 256GB Blue,Oppo Oppo Find X7 6GB+64GB,0
Smartfon Honor Magic5 Pro 128GB/16GB Midnight,Honor Magic5 Pro 128GB (Midnight),1
Samsung Galaxy S22,Samsung Galaxy S22 16GB+128GB,1
смартфон xiaomi redmi note 4 3 32gb white,смартфон apple iphone 14 pro 128gb 1 sim серебристый,0
iPhone 13 Pro 256GB (Purple),Smartfon Oppo Oppo Find X6 Pro 1TB Silver,0
Redmi K60 512GB Silver,Redmi K60 512GB (Silver),1
смартфон apple iphone 17 pro max 256 гб esim silver,смартфон apple iphone 17 256 max pro гб esim silver,1
Smartfon Honor X9a 128GB/16GB White,Smartfon Honor X9a 128GB/16GB White,1
Vivo V30 Pro 1TB - Deep Purple,Vivo V30 Pro 1TB (Deep Purple),1
Infinix Infinix Smart 8 Lavender 1TB,Smartfon Infinix Infinix Zero 30 5G 1TB Lavender,0
poco x7 green 12 512gb,x7 poco green 12 512gb,1
смартфон samsung galaxy s22 8 128gb white,смартфон samsung galaxy s22 8 white,1
Vivo Vivo V30 Pro 4GB/512GB Lavender,Smartfon Vivo Vivo V30 Pro 512GB Lavender,1
Smartfon Infinix Infinix Zero 20 128GB Lavender,Infinix Infinix Hot 40 128GB Lavender,0
смартфон apple iphone 16 128gb,apple iphone 16 128gb,1
Honor X8a 1TB (Silver),Honor X8a 1TB Silver,1
Smartfon Tecno Pova 6 64GB/8GB Starlight,Smartfon Tecno Pova 6 64GB/8GB Starlight,1
Tecno Tecno Camon 20 Pro Midnight 256GB,Tecno Camon 20 Pro 64GB - White,0
Vivo Vivo X90 Pro Midnight 512GB,Смартфон Vivo Vivo X90 Pro 512GB Midnight,1
смартфон infinix note 60 pro 12 256gb solar orange,смартфон honor x6a 4 128gb dual nano sim черный,0
Oppo Oppo Find X6 Pro 16GB+256GB,Oppo Oppo Find X6 Pro White 512GB,0
Redmi Note 13 1TB Black,Redmi Redmi Note 13 1TB Black,1
Smartfon Realme GT Neo 5 SE 128GB/12GB Starlight,Realme GT Neo 5 SE 128GB (Starlight),1
Infinix Infinix Note 30,Smartfon Infinix Note 30 64GB/16GB Green,1
смартфон oppo reno 15 8 256gb aurora white,смартфон oppo reno 15 8 256gb white,1
honor x8c 8 256gb moonlight white,256gb x8c 8 honor moonlight white,1
Xiaomi 13T Pro 64GB Blue,Smartfon Xiaomi 13T Pro 64GB/8GB Blue,1
Smartfon Honor X9b 64GB/16GB White,Honor Honor X9b 16GB/64GB White,1
смартфон samsung galaxy z fold 7 12 256gb silver,смартфон samsung galaxy z fold 7 256gb silver,1
novey pro k10 titanium 6 128gb,novey k10 titanium 6 128gb,1
Redmi Note 13 1TB White,Redmi Redmi Note 13 1TB White,1
Realme GT Neo 5 SE 512GB (Purple),Realme Realme GT Neo 5 SE,1
беспроводные наушники xiaomi buds 5 ceramic white,смартфон iphone 12 mini 128gb green,0
Oppo Oppo A38 16GB/512GB Coral,Smartfon Oppo Oppo A38 512GB Coral,1
Smartfon Galaxy M14 128GB/16GB Cream,Galaxy M14 128GB Cream,1
Realme 12+ 256GB - Starlight,Smartfon Realme Realme 12+ 512GB White,0
Xiaomi Xiaomi 14 Pro 4GB/64GB Starlight,Realme Realme GT 5 Pro 256GB Lavender,0
Smartfon Realme Realme C53 512GB Lavender,Smartfon Realme 12 512GB/3GB Lavender,0
зарядное устройство ugreen nexode pro 160w 4 port gan fast charger set eu,смартфон infinix smart 10 3 64gb sleek black,0
Samsung Galaxy S23,Samsung Galaxy S23 Cream 1TB,1
Honor Honor X8a Blue 256GB,Honor X8a 256GB - Blue,1
Realme GT Neo 5 SE 128GB (Deep Purple),Realme Realme GT Neo 5 SE,1
redmi 15c midnight black 4 128gb,redmi 15c midnight black 4,1
смартфон vivo y31 4 64gb blue,смартфон vivo y31 64gb blue,1
Realme 12 Pro 256GB Blue,Realme Realme 12 Pro Starlight 512GB,0
Realme Realme Note 50 Natural 256GB,Redmi Redmi 12 4GB+512GB,0
redmi not 9 pro sotaman,redmi note 15,0
oppo a5i 4 128 nebula red,oppo 4 128 nebula red,1
Xiaomi Xiaomi 12X 4GB+128GB,iPhone 13 mini 512GB - Silver,0
Realme C53 256GB Titanium,Oppo Find X7 512GB - Natural,0
смартфон realme 6i 3 64gb white milk,смартфон realme 6i 3 white milk,1
Infinix Zero 30 512GB Gold,Smartfon Samsung Galaxy S22 128GB White,0
Vivo Vivo V30e Gold 128GB,Vivo Vivo V30e 128GB Gold,1
Redmi Note 11 Pro 256GB - Titanium,Redmi Redmi Note 11 Pro 8GB/256GB Titanium,1
Oppo Oppo Reno 10 8GB+64GB,Oppo Reno 10 64GB (Gold),1
honor x7d 6 128gb silver,смартфон honor x7b 8 256gb deep black,0
Apple iPhone 11 Pro 16GB/64GB Titanium,Samsung Galaxy Z Fold 4,0
Tecno Phantom V Fold 1TB - Natural,Tecno Tecno Phantom V Fold 16GB/1TB Natural,1
Smartfon Infinix Hot 30 Play 512GB/3GB Green,Smartfon Infinix Note 40 Pro 512GB/3GB Green,0
Redmi Redmi Note 13 Pro,Redmi Note 13 Pro 128GB - Green,0
Apple iPhone 14 Plus 4GB/256GB Gold,Smartfon Apple iPhone 14 Plus 256GB Gold,1
poco c81 pro black 4 64gb,poco c81 pro black 64gb 4,1
Honor Honor 100 3GB+256GB,Galaxy A34 1TB - Lavender,0
Tecno Tecno Spark 10 4GB+512GB,Tecno Tecno Spark 10 4GB/512GB Purple,1
смартфон redmi 15 6 128gb midnight black,redmi 15 6 128gb midnight black,1
Samsung Galaxy Z Fold 4,Samsung Galaxy Z Fold 4 128GB Gold,1
iPhone 13 1TB - Titanium,Apple iPhone 13 512GB Lavender,0
Xiaomi Poco F5 Pro 512GB Cream,Poco F5 Pro 1TB - Blue,0
Xiaomi Xiaomi 14 Pro 256GB White,Smartfon Xiaomi 14 Pro 256GB/4GB White,1
Smartfon Infinix Smart 8 256GB/8GB Titanium,Infinix Infinix Zero 30 5G 8GB/256GB Titanium,0
Tecno Pova 5 512GB - Deep Purple,Smartfon Tecno Tecno Pova 5 512GB Deep Purple,1
Apple iPhone 14 Pro Natural 1TB,iPhone 14 Pro 1TB Natural,0
Oppo Oppo A38 Midnight 128GB,Oppo A38 1TB White,0
Smartfon Tecno Tecno Phantom V Fold 256GB Titanium,Smartfon Tecno Phantom V Fold 64GB/4GB Graphite,0
redmi 9c 3 64 пол года пользования в идеальном состоянии,redmi note 14 midnight black 6 128gb,0
Honor Honor 90 6GB+128GB,Infinix Zero 30 1TB - Coral,0
xiaomi 15t rose gold 12 256gb,xiaomi 15t rose gold 12,1
Honor Honor 100 64GB White,Smartfon Honor 100 64GB/8GB White,1
смартфон redmi note 15 pro 12 256gb black,redmi note 15 pro titanium color 8 256gb,0
Oppo Reno 10 Pro 256GB Silver,Smartfon Realme 11 Pro 1TB/16GB Blue,0
Smartfon Realme Realme Note 50 256GB Black,Vivo Vivo Y35 12GB/512GB Titanium,0
Smartfon iPhone 13 Pro 128GB/4GB Midnight,Apple iPhone 13 Pro,1
Honor 80 Pro 256GB - Starlight,Смартфон Honor Honor 80 Pro 256GB Starlight,1
смартфон samsung galaxy a06 4 128gb light blue,смартфон samsung galaxy 4 a06 128gb light blue,1
Realme Realme C33,Смартфон Realme Realme C33 128GB Coral,1
Galaxy S24+ 64GB (Graphite),Samsung Galaxy S24+ 64GB Graphite,1
oppo a5 pro cph2711 256 гб olive green,oppo a5 cph2711 256 гб olive green,1
Смартфон Redmi Redmi Note 13 Pro+ 1TB Lavender,Redmi Note 13 Pro+ 1TB (Lavender),1
Honor X9b 64GB (Silver),Smartfon iPhone 13 512GB/12GB Deep Purple,0
Redmi K70 Pro 64GB (Deep Purple),Смартфон Redmi Redmi K70 Pro 64GB Deep Purple,1
Oppo Find X6 Pro 512GB (Cream),Oppo Oppo Find X6 Pro 512GB Cream,1
Samsung Galaxy A54 5G,Galaxy A54 5G 512GB Black,1
Redmi Redmi Note 12 Pro+ 16GB/512GB Midnight,Redmi Redmi Note 13 Pro+ Midnight 512GB,0
redmi note 14 8 256gb mist purple,redmi 10 рабочие,0
Redmi Redmi 12 16GB/512GB Coral,Redmi 12 128GB - Purple,0
iPhone 12 mini 1TB - Blue,Смартфон Apple iPhone 12 mini 1TB Blue,1
Smartfon Infinix Infinix Smart 8 Plus 64GB Deep Purple,Infinix Smart 8 Plus 64GB Deep Purple,1
apple iphone 17 pro max 12 256gb deep blue,apple iphone 17 pro max 12 deep blue,1
Oppo Oppo A78 3GB+1TB,Smartfon Oppo A78 1TB/3GB Silver,1
Honor Honor 100 Pro 16GB/256GB Green,Смартфон Honor Honor 100 Pro 256GB Green,1
Smartfon Tecno Tecno Pop 8 512GB Starlight,Tecno Tecno Pop 8,1
смартфон apple iphone 16 pro max 1tb sim esim white titanium,кабель baseus m01 yiven usb c 3 5mm 1 2m,0
смартфон samsung galaxy a04 3 32gb black,samsung galaxy a04 3 32gb black,1
Smartfon Xiaomi 12X 512GB/12GB Silver,Smartfon Xiaomi Xiaomi 12X 512GB Silver,1
Redmi Redmi 13 White 256GB,Redmi 13 256GB White,1
Vivo V29 Pro 512GB (Black),Vivo Vivo V29 Black 512GB,0
Смартфон Realme Realme 12 Pro 64GB Midnight,Realme Realme 12 Pro 64GB Midnight,1
Tecno Spark 10 64GB - Gold,Tecno Tecno Spark 10 1TB Coral,0
Realme Realme C65 12GB/64GB Cream,Realme Realme C65,1
Xiaomi Poco F5 16GB/512GB Black,Xiaomi Poco F5 Black 512GB,0
Smartfon Redmi A2+ 256GB/6GB Titanium,Redmi A2+ 256GB - Titanium,0
Redmi Redmi Note 11 Pro 8GB+128GB,Redmi Note 11 Pro 128GB - Black,1
смартфон spark go 2 km4 128 3 titanium grey,смартфон go 2 km4 128 3 titanium grey,1
honor x7d 8 256 meteor silver,honor 8 256 meteor silver,1
Samsung Galaxy Z Fold 5 16GB+512GB,Samsung Galaxy Z Fold 5 16GB/512GB Green,1
vivo y11d 4 256gb black,black y11d 4 256gb vivo,1
honor 400 8 256 meteor silver,honor 90 kafolati bor,0
iphone 5 black 32gb,iphone black 5 32gb,1
Realme Realme 12,Smartfon Realme 12 128GB/6GB Black,1
Смартфон Apple iPhone 13 1TB Starlight,Apple iPhone 13 Starlight 1TB,1
Samsung Galaxy Z Fold 5 12GB+512GB,Smartfon Redmi Redmi Note 13 4G 64GB Coral,0
смартфон apple iphone 17e 256gb black zd a 1 sim,смартфон apple iphone 17e 256gb black a 1 sim,1
смартфон honor x7a 4 128 ocean blue,honor choice t10 sliver 3 32gb,0
Xiaomi Xiaomi 13T Lavender 128GB,Smartfon Xiaomi 13T 64GB/8GB Coral,0
Infinix Zero 20 128GB - Midnight,Infinix Infinix Zero 20 12GB+128GB,1
Smartfon Realme 12 128GB/3GB Coral,Realme 12 128GB - Coral,1
Smartfon Oppo Oppo Reno 10 Pro 256GB Lavender,Smartfon Redmi 13C 1TB/4GB White,0
Infinix Note 30 128GB Silver,Infinix Infinix Note 30,0
Infinix Infinix Smart 8 Pro 12GB/512GB Graphite,Infinix Infinix Smart 8 Pro 512GB Graphite,1
Смартфон Honor Honor 90 Pro 256GB White,Realme 11 Pro 128GB - Titanium,0
Tecno Tecno Spark 20 Pro+ 3GB/64GB Deep Purple,Tecno Tecno Spark 20 Pro+ Deep Purple 64GB,1
смартфон apple iphone 14 pro max 1tb dual sim космический черный,смартфон космический iphone 14 pro max 1tb dual sim apple черный,1
смартфон realme c55 8 256 rainy night,xiaomi 17t 12 512gb violet,0
смартфон xiaomi redmi 10 4 128gb carbon gray 2022,смартфон xiaomi 4 10 redmi 128gb carbon gray 2022,1
смартфон xiaomi mi 5х 4 64gb gold,смартфон xiaomi mi 4 5х 64gb gold,1
Oppo Oppo Reno 11 Pro 3GB+1TB,Oppo Reno 11 Pro 1TB Gold,1
Смартфон Oppo Oppo Reno 12 Pro 256GB Silver,Oppo Reno 12 Pro 256GB Silver,1
Infinix Smart 8 512GB (Midnight),Смартфон Infinix Infinix Smart 8 512GB Midnight,1
Vivo V27 Pro 128GB (White),Galaxy S23+ 256GB Black,0
смартфон honor x6b 6 128gb forest green,смартфон honor x6b 6 128gb green forest,1
Смартфон Tecno Tecno Pova 6 Pro 128GB Green,Tecno Tecno Pop 8 Green 128GB,0
Смартфон Realme Realme 11 256GB Natural,Infinix Infinix Zero 30,0
Vivo Vivo V30e 8GB/1TB Deep Purple,Vivo V29 1TB (Deep Purple),0
Vivo Vivo Y200 Pro 3GB/64GB Gold,Vivo Y200 Pro 64GB - Gold,1
смартфон xiaomi redmi 13c 6 128gb синий,xiaomi redmi 15c green 4 256gb,0
Vivo Vivo V27 4GB+256GB,Smartfon Oppo Reno 11 Pro 512GB/4GB Purple,0
honor x9d 12 256gb midnight black,смартфон honor x9d 8 256gb burgundy,0
Realme Realme 9 Pro+ White 512GB,Realme Realme 9 Pro+,1
motorola edge 60 fusion amazonite 12 256gb,motorola edge 60 amazonite 12 256gb,1
Vivo Vivo V27 Pro,Vivo V27 Pro 256GB Green,0
honor x8d 8 128gb velvet black,honor x8d 8 velvet black,1
Smartfon Apple iPhone 11 Pro 256GB Starlight,Apple iPhone 11 Pro,0
Tecno Pova 5 256GB Green,Tecno Tecno Pova 5 3GB+256GB,1
смартфон tecno spark go 2 3 64 гб turquoise green,смартфон tecno spark go 2 3 64 гб green,1
Honor Honor X8b Black 64GB,Honor Honor X8b 3GB/64GB Black,1
смартфон iphone 12 pro max 256gb graphite dual,iphone смартфон 12 pro max 256gb graphite dual,1
Vivo Vivo V29 3GB+128GB,Realme Realme C53 1TB Coral,0
Smartfon Tecno Tecno Pova 5 64GB White,Tecno Pova 5 128GB Natural,0
беспроводные наушники xiaomi mi earbuds basic 2,смартфон infinix smart 9 4 128 metallic black,0
смартфон huawei nova 12i 8 128 green,смартфон 12i nova huawei 8 128 green,1
Smartfon Realme Realme Note 50 64GB Green,Realme Realme Note 50 64GB Green,1
xiaomi 14t titan blue 12 512gb,смартфон xiaomi redmi note 15 8 256gb purple,0
Vivo V30e 128GB Gold,Smartfon Vivo V30e 128GB/16GB Gold,1
Apple iPhone 15 Pro,Apple iPhone 15 Pro 16GB/1TB Green,1
Infinix Infinix Note 40 8GB+128GB,Infinix Infinix Note 40 256GB Silver,0
Tecno Tecno Pova 6,Tecno Tecno Phantom V Fold Purple 128GB,0
Tecno Spark 20 Pro+ 1TB - Black,Tecno Pova 6 1TB - Black,0
xiaomi 17t pro 12 512 deep blue ideal 53 sikl,смартфон xiaomi 13 lite 8 128gb blue,0
Galaxy Z Fold 5 256GB - Graphite,Smartfon Galaxy Z Fold 5 128GB/16GB Silver,0
зарядное устройство ugreen 20w mini pd fast charger,устройство ugreen 20w mini pd fast charger,1
Honor 200 Pro 256GB (Silver),Honor 200 Pro 256GB - Silver,1
Vivo V30 Pro 512GB (Blue),Vivo V30 Pro 512GB - Blue,1
Apple iPhone 15 Plus,Apple iPhone 12 Pro Green 256GB,0
смартфон infinix note edge 5g 8 256gb shadow black,infinix note edge 5g 8 256gb shadow black,1
Smartfon Infinix Infinix Smart 8 Plus 1TB Gold,Infinix Infinix Smart 8 Plus Gold 1TB,1
apple iphone 16 pro 128gb black titanium 100gb of internet 3 months of tv com for free,apple iphone 16 pro 128gb black titanium 100gb of com 3 months of tv internet for free,1
Realme Realme Note 50 8GB+1TB,Realme Realme Note 50,1
Honor X8b 512GB Titanium,Honor Honor X8b 16GB+256GB,0
Honor Honor 90 Lite Lavender 512GB,Smartfon Infinix Smart 8 Plus 256GB/4GB Deep Purple,0
Смартфон Infinix Infinix Hot 30 Play 128GB Starlight,Samsung Galaxy A34 16GB+512GB,0
Galaxy S22 Ultra 64GB - Natural,Samsung Galaxy S22 Ultra Natural 64GB,1
Xiaomi 11T Pro 256GB Titanium,Xiaomi 11T Pro 256GB - Titanium,1
honor x5c 4 64gb midnight black,смартфон honor 200 8 256 white,0
Smartfon iPhone 13 Pro 64GB/4GB Deep Purple,Смартфон Apple iPhone 13 Pro 256GB Starlight,0
vivo v50 lite 8 256gb green,apple iphone 11,0
iPhone 13 Pro Max 64GB - Silver,iPhone 13 Pro Max 64GB - Silver,1
Infinix Hot 40 Pro 64GB (Green),Смартфон Infinix Infinix Smart 8 64GB Green,0
redmi note 17 meteor purple 6 256gb рюкзак в подарок,redmi note 14 8 256 lime green,0
смартфон honor x8с 8 256gb midnight black,смартфон honor x8с 8 256gb black midnight,1
смартфон iphone 11 256gb white,смартфон iphone 11 white 256gb,1
Redmi Redmi A2+ 1TB Silver,Galaxy Z Fold 5 512GB Blue,0
Redmi Redmi Note 11 Gold 1TB,Redmi Redmi Note 11,0
смартфон apple iphone 16 pro max 1tb sim esim black titanium,sim apple iphone 16 pro max 1tb смартфон esim black titanium,1
Smartfon Tecno Pova 6 Pro 1TB/16GB Cream,Tecno Pova 5 1TB - Cream,0
Oppo Oppo Find X6 Pro 64GB Starlight,Oppo Oppo Find X6 Pro 3GB/128GB Gold,0
смартфон xiaomi 15t pro 12 256gb black,15t xiaomi смартфон pro 12 256gb black,1
Smartfon Vivo Vivo Y35 64GB Blue,Vivo Vivo Y35 4GB+256GB,0
Apple iPhone 15 Pro Max 6GB/1TB Silver,Smartfon Apple iPhone 15 Pro Max 1TB Silver,1
смартфон honor 200 8 256 black,honor x9d 5g gold 12 256gb,0
Tecno Tecno Spark 10 1TB Lavender,Smartfon Tecno Tecno Spark 10 256GB Graphite,0
Smartfon Vivo V30 Pro 512GB/4GB Cream,Smartfon Vivo Vivo V30 Pro 128GB Purple,0
смартфон honor x5 2 32gb orange,honor x7d desert gold 8 256gb,0
Oppo Oppo Find X7 Ultra 4GB/512GB Silver,Oppo Oppo Reno 11 Silver 512GB,0
смартфон oppo a57s 4 64gb sky blue,смартфон apple iphone 14 pro max 256gb 1 sim серебристый,0
Xiaomi Xiaomi 14,Smartfon Xiaomi 14 1TB/8GB Green,1
Honor Honor X9b 1TB Gold,Honor Honor X9b 16GB+128GB,0
смартфон honor x7a plus 6 128gb titanium silver,honor x8b 8 256gb titan kumush smartfoni,0
Смартфон Redmi Redmi Note 11S 64GB Graphite,Redmi Note 11S 64GB - Graphite,1
iphone 14 pro max 256gb 2sim 78 xolati ideal,смартфон iphone 12 pro 512gb black,0
Samsung Galaxy Z Fold 4 Graphite 1TB,Smartfon Xiaomi 14 Pro 256GB/3GB Deep Purple,0
Xiaomi Xiaomi 13 Ultra Coral 256GB,Xiaomi Xiaomi 13 Ultra 12GB+256GB,1
Realme Realme C55,Samsung Galaxy Z Flip 5 6GB+64GB,0
Xiaomi Poco M5s 4GB+128GB,Xiaomi Poco M5s 4GB/256GB Starlight,0
Samsung Galaxy S24 3GB+512GB,Smartfon Samsung Galaxy S24 512GB Midnight,1
Redmi Note 11 512GB - Silver,Redmi Redmi Note 11 6GB+128GB,0
Apple iPhone 11 6GB+256GB,Apple iPhone 11 64GB Gold,0
Apple iPhone 12,iPhone 12 64GB - Purple,1
Realme Realme GT 5 White 256GB,Smartfon Realme Realme C67 256GB White,0
Smartfon Vivo Vivo V27 Pro 64GB Titanium,Apple iPhone 11 Pro Max Black 512GB,0
Xiaomi 13T Pro 1TB Natural,Smartfon Xiaomi 13T Pro 512GB/6GB Deep Purple,0
Смартфон Realme Realme C53 256GB Purple,Realme Realme 11 Pro 256GB Purple,0
Realme Realme 12+ 12GB/64GB White,Realme 12+ 64GB White,1
смартфон iphone 13 128gb starlight,смартфон iphone starlight 128gb 13,1
Vivo X100 Pro 512GB Purple,Oppo Reno 10 Pro+ 1TB - Titanium,0
Infinix Hot 40 Pro 512GB - Black,Infinix Infinix Hot 40 Pro 512GB Black,1
samsung a37 доставка проверка при получении,samsung доставка a37 проверка при получении,1
smartfon samsung galaxy a17 6 128gb light blue,smartfon galaxy a17 6 128gb light blue,1
Vivo Vivo V29 Pro 1TB Purple,Vivo Vivo Y22s 4GB/1TB Purple,0
honor 600 lite 8 256gb velvet black ча,смартфон honor x8a 6 128gb black,0
Oppo Find X7 Ultra 512GB (Silver),Smartfon Xiaomi 13T 128GB/8GB Gold,0
Honor X7a 1TB (White),Infinix Infinix Note 30 Pro 12GB+256GB,0
Смартфон Infinix Infinix Zero 30 5G 512GB Purple,Infinix Zero 20 512GB Purple,0
смартфон oppo a58 8 128 black,oppo a3 cph2669,0
Galaxy A14 1TB - Gold,Смартфон Samsung Galaxy A14 1TB Gold,1
Realme Realme Note 50 6GB/128GB Gold,Realme Note 50 128GB Gold,1
Honor Honor X7b,Смартфон Samsung Galaxy A55 5G 1TB Blue,0
Oppo Oppo Find X7 128GB Lavender,Samsung Galaxy S24,0
Смартфон Samsung Galaxy A54 5G 64GB Graphite,Samsung Galaxy A54 5G 64GB Graphite,1
Infinix Infinix Note 40,Smartfon Infinix Infinix Note 40 512GB Purple,1
Apple iPhone 14 Pro 12GB+512GB,Smartfon Redmi Note 12 Pro 256GB/12GB Black,0
Smartfon Oppo Reno 10 Pro 1TB/6GB Green,Oppo Oppo Find X6 Pro 6GB/1TB Green,0
смартфон samsung galaxy a15 5g 6 128gb blue,смартфон galaxy a15 5g 6 128gb blue,1
смартфон vivo v29 5g 12 512gb dual nano sim благородный черный,nova y72 8 256 black,0
honor 600 pro black 12 512gb,смартфон apple iphone 7 32gb silver,0
смартфон honor x7b 8 128 midnight black,смартфон honor x6 4 64gb ocean blue,0
Apple iPhone 13 mini Green 128GB,Apple iPhone 13 mini 16GB/128GB Green,1
oppo reno12 pro 5g cph2629 space brown,oppo cph2629 pro 5g reno12 space brown,1
iphone 17 pro max deep blue 512gb,iphone max pro 17 deep blue 512gb,1
Vivo V27 Pro 256GB - Cream,Vivo Vivo V27 Pro,1
Infinix Infinix Hot 30 Play Gold 128GB,Infinix Infinix Hot 30 Play 128GB Gold,1
смартфон xiaomi redmi 12 8 256gb global серый,12 xiaomi redmi смартфон 8 256gb global серый,1
Vivo X90 Pro 1TB Starlight,Smartfon Vivo Vivo X90 Pro 1TB Starlight,1
Infinix Infinix Note 30,Смартфон Infinix Infinix Note 30 256GB Purple,1
Smartfon Realme 12 Pro 128GB/16GB Starlight,Realme Realme 12 Pro 16GB+128GB,1
iPhone 13 mini 512GB Black,iPhone 11 512GB - Black,0
Redmi A3 64GB Coral,Redmi Note 11 64GB (Coral),0
Realme 9 Pro+ 256GB Natural,Smartfon Realme 9 Pro+ 256GB/3GB Natural,1
Realme C67 64GB - Purple,Smartfon Realme Realme C67 64GB Purple,1
Xiaomi 14 1TB Graphite,Smartfon Xiaomi Xiaomi 14 1TB Graphite,1
смартфон samsung galaxy a54 5g 6 128gb лавандовый,смартфон samsung a54 5g 6 128gb лавандовый,1
Смартфон Xiaomi Poco M5 512GB Midnight,Xiaomi 12 512GB - Midnight,0
Smartfon Vivo Y35 128GB/3GB Coral,Vivo Vivo Y35 Coral 128GB,0
honor x7c forest green 8 256gb,honor x6a 4 128gb sky silver,0
Apple iPhone 15,Apple iPhone 15 256GB Titanium,1
Смартфон Infinix Infinix Smart 8 Plus 128GB Gold,Infinix Infinix Smart 8 Plus 6GB+128GB,1
Realme C33 128GB - Gold,Realme Realme C33 16GB/64GB Graphite,0
Honor Honor X8a 6GB+512GB,Infinix Smart 8 Plus 128GB Purple,0
Vivo Y100 512GB (Gold),Tecno Camon 20 Pro 128GB (Purple),0
Apple iPhone 11 Pro Max,Smartfon iPhone 11 Pro Max 512GB/16GB White,1
Смартфон Oppo Oppo A79 5G 1TB Midnight,Oppo A79 5G 1TB (Midnight),1
Infinix Infinix Hot 40 Pro 12GB+256GB,Smartfon Infinix Infinix Hot 40 Pro 256GB Purple,1
telefon sotiladiredmi redmi note 11,продам срочно свой redmi note 15 pro 5g,0
Galaxy S21 FE 1TB - Graphite,Samsung Galaxy S21 FE 16GB+512GB,0
Galaxy A15 64GB (Lavender),Smartfon Galaxy A15 64GB/12GB Lavender,1
Samsung Galaxy A14,Xiaomi Xiaomi 13 Pro 12GB+512GB,0
смартфон apple iphone 14 pro 128gb space black,смартфон iphone 14 pro 128gb space black,1
Infinix Infinix Note 40 Pro 12GB+128GB,Realme Realme Note 50 12GB/256GB Lavender,0
смартфон apple iphone 17 pro max 512gb deep blue mfyu4af a,смартфон apple iphone 17 512gb max pro deep blue mfyu4af a,1
Xiaomi Xiaomi 11T 16GB/64GB Purple,Xiaomi 11T 64GB - Purple,1
Infinix Smart 8 Plus 1TB (Graphite),Смартфон Infinix Infinix Smart 8 Plus 1TB Graphite,1
Infinix Note 30 Pro 1TB (Black),Infinix Infinix Zero 30 5G 4GB+1TB,0
Xiaomi Xiaomi 14T Pro 6GB+512GB,Xiaomi Xiaomi 14T Pro,1
Oppo Oppo Reno 10 Pro Titanium 128GB,Oppo Oppo Reno 10 Pro 3GB+128GB,1
Tecno Phantom X2 Pro 1TB (Deep Purple),Tecno Camon 20 Pro 1TB - Deep Purple,0
Infinix Note 40 64GB Blue,Смартфон Infinix Infinix Note 40 64GB Blue,1
Samsung Galaxy A05s 12GB/64GB Midnight,Смартфон Samsung Galaxy A05s 64GB Midnight,1
Xiaomi Xiaomi 12X,Xiaomi Xiaomi 12X 64GB Deep Purple,1
Tecno Spark 20 Pro+ 256GB Deep Purple,Smartfon Tecno Tecno Spark 20 Pro+ 1TB White,0
Redmi Redmi A2+ White 512GB,Redmi Redmi A2+ White 512GB,1
Vivo Y35 128GB (Titanium),Vivo Vivo Y35 256GB Graphite,0
Honor Honor X7b Green 128GB,Xiaomi Xiaomi 11 Ultra 16GB/256GB Blue,0
Infinix Hot 40 512GB Black,Smartfon Infinix Infinix Hot 40 512GB Black,1
Tecno Spark 20 128GB (Deep Purple),Smartfon Tecno Spark 20 128GB/12GB Deep Purple,1
Xiaomi Xiaomi 12X 512GB Midnight,Xiaomi Xiaomi 12X Midnight 512GB,1
apple iphone 16 pro 512gb natural titanium 100gb of internet 3 months of tv com for free,apple iphone 16 natural 512gb pro titanium 100gb of internet 3 months of tv com for free,1
tecno spark 30c 6 128gb orbit white 100gb of internet 3 months of tv com for free,tecno spark 30c orbit 128gb 6 white 100gb of internet 3 months of tv com for free,1
Smartfon Honor Honor X9b 512GB White,Honor Honor X9b White 512GB,1
Apple iPhone 12 mini 64GB Coral,Apple iPhone 12 mini Coral 64GB,1
Vivo Vivo V30 Pro 8GB+64GB,Smartfon Vivo V30 Pro 64GB/8GB Silver,1
Smartfon Vivo Vivo Y100 512GB Purple,Vivo Y100 512GB - Purple,1
смартфон samsung galaxy z fold5 12 1tb dual nano sim esim голубой,смартфон honor x7d 8 256gb meteor silver,0
Смартфон Infinix Infinix Smart 8 64GB Starlight,Smartfon Infinix Infinix Smart 8 64GB Starlight,1
Vivo Vivo X90 Pro Purple 128GB,Vivo Vivo X90 Pro Deep Purple 256GB,0
смартфон samsung galaxy z fold 7 12 256gb jet black,смартфон samsung galaxy z fold 7 12 256gb jet,1
Smartfon Redmi Redmi Note 12 Pro 1TB Gold,Redmi Redmi Note 12 Pro 12GB/1TB Gold,1
беспроводные наушники inkax t3a,беспроводные наушники t3a,1
Smartfon iPhone 12 Pro Max 256GB/16GB Silver,Smartfon iPhone 13 Pro 256GB/16GB Silver,0
Realme 12 512GB (Graphite),Realme Realme 12 512GB Graphite,1
Xiaomi Poco F5 6GB/1TB Natural,Poco F5 1TB (Natural),1
Realme Realme 11,Смартфон Realme Realme 11 256GB Deep Purple,1
Smartfon Honor 90 Pro 128GB/16GB Titanium,Smartfon Honor Honor 90 Pro 128GB Titanium,1
Смартфон Samsung Galaxy A35 5G 512GB Silver,Samsung Galaxy Z Fold 5 3GB+512GB,0
redmi note 9 holati yaxshi,redmi note 15 pro 5g black 8 256gb,0
Honor X7a 512GB Coral,Honor X7a 512GB (Coral),1
смартфон xiaomi redmi note 10 8 128gb green,смартфон note redmi xiaomi 10 8 128gb green,1
Oppo Reno 10 512GB (Graphite),Smartfon Oppo Reno 10 64GB/3GB Green,0
Apple iPhone 11 Pro Cream 1TB,Apple iPhone 15 Pro Max,0
Oppo Oppo A58 64GB Blue,Oppo Oppo A58 64GB Blue,1
Смартфон Redmi Redmi Note 12 Pro 64GB Cream,Redmi Note 12 Pro 64GB (Cream),1
Xiaomi Poco X5,Xiaomi Poco X5 4GB/64GB Gold,0
Samsung Galaxy M34 5G Blue 128GB,Galaxy M34 5G 128GB (Blue),1
Smartfon Infinix Infinix Hot 40 Pro 256GB Cream,Infinix Infinix Hot 40 Pro 4GB+256GB,1
Smartfon Honor 90 Pro 256GB/6GB Green,Honor Honor 90 Pro 256GB Green,1
Xiaomi 14T 512GB Deep Purple,Xiaomi 13 Pro 512GB Deep Purple,0
Redmi Redmi Note 13 Pro+,Infinix Infinix Note 30 8GB/1TB Graphite,0
Smartfon Tecno Pova 5 Pro 128GB/12GB Cream,Смартфон Tecno Tecno Pova 5 Pro 1TB Titanium,0
смартфон realme c55 6gb 128gb nfc sunshower,смартфон realme 6gb c55 128gb nfc sunshower,1
Samsung Galaxy S23 6GB+512GB,Galaxy S23 256GB (Graphite),0
смартфон iphone xs 512gb silver,смартфон xiaomi poco x8 pro 8 512 гб mint green,0
samsung galaxy a07 violet 6 128gb,galaxy a07 violet 6 128gb,1
смартфон honor 70 8 256gb global black,samsung galaxy s25 ultra,0
Redmi Redmi A2+ 64GB Cream,Redmi A2+ 64GB (Cream),0
Redmi Redmi 12C 4GB+128GB,Redmi 12C 128GB - Midnight,1
Smartfon Honor X7b 1TB/6GB Black,Honor Honor 90 6GB+1TB,0
Tecno Tecno Spark 20 3GB+64GB,Смартфон Tecno Tecno Spark 20 Pro 64GB Blue,0
Smartfon Realme 9 Pro+ 1TB/6GB Coral,Smartfon Realme 9 Pro+ 1TB/6GB Coral,1
Samsung Galaxy S23+,Smartfon Samsung Galaxy S23+ 128GB Silver,1
смартфон samsung galaxy s25 12 128gb,redmi a5 4 128 midnight black,0
смартфон samsung sm a536e a53 256gb white,смартфон a53 sm a536e samsung 256gb white,1
iPhone 15 Pro 64GB - Deep Purple,Smartfon Apple iPhone 15 Pro 64GB Deep Purple,1
Samsung Galaxy M14,Смартфон Samsung Galaxy A34 128GB White,0
Smartfon iPhone 15 Pro Max 1TB/12GB Natural,Apple iPhone 15 Pro Max Natural 1TB,1
Realme C33 128GB (Natural),Realme Realme C33,0
смартфон samsung galaxy s25 5g 12 512gb dual sim icy blue,samsung galaxy s25 5g 12 512gb dual sim icy blue,1
Honor Honor Magic6 Pro,Honor Magic6 Pro 64GB Silver,1
смартфон samsung sm g990b s21 fe 256gb graphite,samsung смартфон sm g990b s21 fe 256gb graphite,1
Smartfon Infinix Smart 8 Pro 256GB/3GB Lavender,Smartfon Infinix Smart 8 Pro 256GB/3GB Lavender,1
smartfon redmi a5 4 128gb sandy gold,smartfon honor 600 8 256gb orange,0
Smartfon Tecno Camon 30 Pro 64GB/3GB Starlight,Smartfon Tecno Tecno Camon 30 Pro 64GB Starlight,1
Infinix Smart 8 Plus 512GB Silver,Infinix Infinix Smart 8 Plus,1
Apple iPhone 15 Plus 4GB/512GB Purple,iPhone 15 Plus 512GB - Purple,1
смартфон samsung galaxy a56 5g 8 256gb,смартфон samsung galaxy a56 5g 256gb,1
Смартфон Realme Realme Note 50 128GB Coral,Realme Realme Note 50 Coral 128GB,1
Infinix Infinix Hot 40 Pro 3GB/512GB Black,Infinix Hot 40 Pro 512GB Black,1
Oppo Oppo A79 5G,Smartfon Oppo Oppo A79 5G 128GB Coral,1
Xiaomi Xiaomi 14T 64GB Starlight,Xiaomi 14T 64GB - Starlight,1
honor 400 8 256 midnight black,смартфон honor x6a 4 128gb dual nano sim черный,0
Poco F5 Pro 128GB (Natural),Xiaomi Poco F5 Pro 128GB Natural,1
xiaomi 17t 12 512gb black smartfoni,xiaomi black 12 512gb 17t smartfoni,1
Realme GT 5 1TB Deep Purple,Смартфон Realme Realme GT 5 1TB Deep Purple,1
iPhone 12 mini 512GB - Midnight,Smartfon Honor Honor X8a 128GB White,0
Realme 9 Pro+ 1TB (Graphite),Realme 9 Pro+ 1TB - Graphite,1
Samsung Galaxy M14,Galaxy M14 64GB (Purple),0
смартфон apple iphone 14 128 гб nanosim esim starlight,смартфон apple iphone 14 гб 128 nanosim esim starlight,1
смартфон samsung galaxy s24 12 256gb nano sim esim gray,honor 600 lite desert gold 8 256gb,0
Oppo Oppo Reno 10 8GB/128GB Coral,Смартфон Oppo Oppo Reno 10 128GB Coral,1
Redmi Redmi Note 13 Lavender 64GB,Smartfon Redmi Redmi Note 13 512GB Starlight,0
Oppo Oppo Find X7 Ultra 3GB+64GB,Oppo Oppo Reno 12 Pro 3GB+64GB,0
смартфон xiaomi redmi 9c 4 128gb purple,смартфон 128gb redmi 9c 4 xiaomi purple,1
Smartfon Apple iPhone 12 Pro 128GB Green,Apple iPhone 12 Pro Green 128GB,1
redmi 8 4 64gb 2021 yil,redmi note 12 pro plus 5g 8gb 256gb midnight black,0
смартфон oppo reno 14 5g 12 512 opal white,смартфон oppo reno 14 5g 512 opal white,1
Redmi 12C 256GB (Lavender),Smartfon Redmi 12C 256GB/12GB Lavender,1
Смартфон Vivo Vivo V27 Pro 256GB Natural,Vivo Vivo V27 Pro,1
Honor Honor 100 6GB/64GB Starlight,Honor Honor 100 6GB/64GB Starlight,1
Realme Realme GT 5 1TB Coral,Realme GT 5 1TB (Coral),1
xiaomi 14t pro blue 12 1tb,смартфон infinix hot 30i 4 64gb blue,0
Apple iPhone 14 256GB Coral,Apple iPhone 14 256GB Coral,1
Tecno Tecno Phantom X2 Pro Silver 64GB,Tecno Tecno Phantom X2 Pro,0
Honor 200 Pro 512GB (Silver),Honor Honor 200 Pro 512GB Silver,1
смартфон samsung galaxy a17,смартфон galaxy a17,1
Vivo Vivo Y22s 4GB+64GB,Vivo Y22s 64GB Silver,1
смартфон samsung galaxy s25 ultra 16 1024gb titan silver blue,blue samsung galaxy s25 ultra 16 1024gb titan silver смартфон,1
Honor X9a 64GB (Midnight),Honor Honor X9a 12GB+64GB,1
смартфон samsung galaxy s24 8 256gb nano sim esim black,смартфон samsung galaxy s24 8 256gb nano sim black,1
смартфон samsung galaxy a04 64gb copper,смартфон xiaomi redmi 9 3 32gb green,0
Redmi Note 11S 64GB (Deep Purple),Smartfon Redmi Redmi Note 11S 64GB Deep Purple,1
Oppo Oppo Find X7,Oppo Oppo Find X7 6GB/512GB Green,1
Vivo Vivo Y200 4GB+64GB,Smartfon Vivo Y200 64GB/4GB Titanium,1
apple iphone 17 pro max 12 256gb silver,apple iphone 14 plus 256gb dual 1 sim красная,0
Apple iPhone 13 128GB Lavender,Smartfon iPhone 13 1TB/8GB Blue,0
Xiaomi Xiaomi 11T Pro 4GB/64GB Deep Purple,Xiaomi Xiaomi 11T Pro 64GB Deep Purple,1
xiaomi 15 ultra white 16 512gb,xiaomi 512gb ultra white 16 15,1
Smartfon Galaxy S23+ 128GB/3GB Coral,Smartfon Samsung Galaxy S23+ 512GB Starlight,0
Realme GT Neo 5 SE 512GB (Titanium),Realme Realme GT Neo 5 SE 3GB+512GB,1
Oppo A79 5G 64GB - Midnight,Oppo A79 5G 64GB - Midnight,1
Vivo Vivo Y200,Smartfon Realme 12+ 256GB/12GB Black,0
Redmi Redmi 12 6GB/64GB Green,Redmi Redmi 12 Midnight 256GB,0
Smartfon iPhone 11 1TB/3GB Silver,Apple iPhone 11 Pro 1TB Silver,0
Redmi Redmi 12C,Redmi Redmi 12C,1
Smartfon Honor Honor 100 1TB Titanium,Tecno Tecno Camon 30 Pro 512GB Natural,0
автомобильное зарядное устройство remax rocket rcc217 2 4a,2 зарядное устройство remax rocket rcc217 автомобильное 4a,1
Смартфон Samsung Galaxy M14 128GB Green,Samsung Galaxy M14 Green 128GB,1
Vivo Y36 64GB - Silver,Vivo Y36 64GB (Silver),1
Смартфон Xiaomi Xiaomi 12T Pro 512GB Silver,Xiaomi 12T Pro 512GB - Silver,1
Honor Honor 80 Pro 6GB/64GB Blue,Smartfon Honor 80 Pro 64GB/6GB Blue,1
Infinix Infinix Hot 30 Play 8GB+64GB,Infinix Infinix Hot 30 Play 8GB/64GB Deep Purple,1
Xiaomi Poco M5 Coral 256GB,Poco M5 256GB Coral,1
Tecno Pova 6 Pro 512GB Silver,Tecno Tecno Spark 10 512GB Silver,0
Honor X8a 512GB - Deep Purple,Smartfon Honor Honor X8a 512GB Deep Purple,1
Smartfon Redmi Redmi 13C 64GB Starlight,Redmi Redmi 13C,1
Realme Realme GT Neo 5 SE 12GB+256GB,Apple iPhone 15 Pro 12GB/1TB White,0
Samsung Galaxy A55 5G 12GB+64GB,Smartfon Galaxy A55 5G 64GB/12GB Silver,1
Infinix Infinix Hot 40 Pro 64GB Coral,Infinix Infinix Hot 40 Pro 128GB White,0
Smartfon Vivo Y22s 1TB/4GB Blue,Vivo Vivo Y22s 4GB/1TB Blue,1
huawei nova 13 pro feather sand white 12 512gb,huawei 12 13 pro feather sand white nova 512gb,1
смартфон infinix zero 30 4g 8 256gb sunset gold,телефон novey a80r red,0
смартфон apple iphone 14 plus 512gb e sim красная,смартфон apple iphone 14 plus 512gb e sim,1
смартфон honor 90 12 512gb cn dual nano sim peacock blue,смартфон honor 400 8 256gb desert gold,0
Honor Honor 90 6GB/128GB Coral,Honor Honor X8b,0
Tecno Tecno Pova 6 1TB Coral,Tecno Pova 6 1TB - Coral,1
смартфон honor x6a 4 128gb dual nano sim черный,смартфон honor x6a nano 128gb dual 4 sim черный,1
Smartfon Vivo Vivo V30 64GB Black,Vivo Vivo V30 64GB Black,1
Apple iPhone 11 Pro Max 8GB+64GB,Apple iPhone 11 Pro Max 128GB Midnight,0
Infinix Infinix Hot 40 Pro Purple 256GB,Infinix Infinix Note 30 6GB/256GB Purple,0
Tecno Spark 20 Pro 1TB (Coral),Tecno Spark 20 Pro 1TB Coral,1
iPhone 12 Pro Max 1TB - Starlight,iPhone 12 Pro Max 1TB - Starlight,1
Oppo Oppo Reno 12,Oppo Reno 12 256GB Green,1
Redmi Redmi Note 13 Pro Lavender 128GB,Redmi Redmi Note 12 Pro 12GB+128GB,0
Samsung Galaxy S23 FE 256GB Graphite,Smartfon Oppo Reno 11 Pro 1TB/8GB Natural,0
Realme Realme GT Neo 5 SE 3GB/256GB Coral,Apple iPhone 15 Pro,0
Redmi Redmi A2+ 512GB Purple,Redmi A2+ 512GB (Purple),1
Smartfon Honor Honor 90 Lite 64GB Blue,Honor Honor 90 Lite 64GB Blue,1
Infinix Infinix Note 30 Pro 8GB/512GB Purple,Infinix Infinix Note 30 Pro,1
Oppo Oppo A38 64GB White,Oppo Oppo A38 16GB/256GB Midnight,0
Oppo Oppo A38,Oppo A38 1TB Blue,1
Vivo Vivo V30e 256GB Titanium,Vivo Vivo V30e 256GB Titanium,1
Xiaomi Poco X6 Pro 4GB/1TB Starlight,Smartfon Xiaomi Poco X5 1TB Starlight,0
продам срочно свой redmi note 15 pro 5g,redmi 17 4g oak green 8 256gb,0
смартфон iphone 14 512gb purple,смартфон iphone 14 512gb,1
Смартфон Tecno Tecno Camon 20 Pro 1TB Blue,Tecno Pop 8 1TB (Blue),0
Vivo Vivo X100 Pro,Vivo Vivo Y22s 128GB Midnight,0
Apple iPhone 12 mini 128GB Deep Purple,iPhone 12 mini 128GB - Deep Purple,1
Samsung Galaxy S22 Ultra,Samsung Galaxy S22 Ultra Midnight 1TB,0
Xiaomi Xiaomi 12 512GB Titanium,Смартфон Xiaomi Xiaomi 12 512GB Titanium,1
Samsung Galaxy M34 5G 512GB Green,Galaxy M34 5G 512GB - Green,1
Honor X9a 1TB (Cream),Xiaomi Poco X5 512GB Purple,0
Смартфон Vivo Vivo V29 128GB Titanium,Vivo Vivo Y36 128GB Titanium,0
Xiaomi 12T Pro 512GB (Cream),Smartfon Xiaomi Xiaomi 12T Pro 1TB Blue,0
smartfon redmi a5 3 64gb sandy gold,смартфон honor x8с 6 128gb midnight black,0
redmi 15 6 128gb midnight black,redmi 15 6 midnight 128gb black,1
Honor Honor X9b 1TB Midnight,Honor X9b 512GB (Blue),0
Realme C55 128GB Black,Redmi Note 11S 1TB White,0
смартфон zte nubia neo 3 5g 8 256gb gold,8 zte nubia neo 3 5g смартфон 256gb gold,1
Xiaomi Xiaomi 14 Ultra 256GB Purple,Xiaomi 13T 256GB - Purple,0
Смартфон Honor Honor X7b 1TB White,Smartfon Honor Honor X7b 1TB White,1
Smartfon iPhone 14 512GB/6GB Deep Purple,Infinix Hot 30 Play 128GB Lavender,0
Tecno Tecno Camon 30 Pro 128GB Natural,Tecno Tecno Camon 30 Pro 6GB+128GB,1
смартфон samsung galaxy a36 256gb white,смартфон galaxy a36 256gb white,1
Smartfon Vivo Vivo V27 Pro 128GB Purple,Smartfon Vivo V27 Pro 128GB/16GB Purple,1
Vivo Vivo V29 Pro Silver 256GB,Vivo V29 Pro 256GB Silver,1
Realme C55 128GB (Natural),Realme Realme C55 3GB/128GB Natural,0
Realme 12 Pro+ 128GB Midnight,Смартфон Realme Realme 12 Pro+ 128GB Midnight,1
Smartfon iPhone 14 Plus 64GB/16GB Natural,Apple iPhone 14 Plus 64GB Natural,1
Смартфон Infinix Infinix Note 30 Pro 1TB Cream,Infinix Infinix Note 30 Pro,0
Xiaomi 12 1TB Black,Смартфон Xiaomi Xiaomi 12 1TB Black,1
Смартфон Vivo Vivo Y200 64GB Silver,Redmi Note 11 512GB (Natural),0
samsung galaxy a33 5g,galaxy a33 5g,1
Smartfon Tecno Camon 30 Pro 1TB/3GB Green,Smartfon Tecno Camon 30 Pro 1TB/3GB Green,1
Samsung Galaxy A15,Samsung Galaxy A15 128GB Cream,1
смартфон iphone 14 128gb purple,purple iphone 14 128gb смартфон,1
Realme Realme C33 Purple 64GB,Tecno Phantom X2 Pro 512GB - Black,0
Redmi Redmi Note 12 Pro,Redmi Redmi Note 12 Pro Starlight 64GB,0
смартфон infinix hot 40i 4 128gb starlit black,смартфон xiaomi poco x8 pro 12 512gb white,0
Tecno Tecno Pova 5 Pro 128GB Starlight,Tecno Tecno Pova 5 Pro 16GB+128GB,1
смартфон honor x8d black 8 128gb,смартфон honor x7b 6 128gb deep black,0
Honor Honor 200 White 64GB,Honor 200 64GB White,1
Smartfon Tecno Phantom X2 Pro 1TB/8GB Silver,Smartfon Tecno Phantom X2 Pro 128GB/8GB Black,0
Oppo Oppo Reno 11 Pro 8GB+256GB,Oppo Reno 11 Pro 256GB - Blue,1
Xiaomi Xiaomi 14T 3GB/64GB Starlight,Xiaomi Xiaomi 14T Starlight 64GB,1
Smartfon Oppo Find X7 Ultra 1TB/6GB White,Oppo Find X7 Ultra 1TB - White,1
Смартфон Realme Realme C55 512GB Gold,Realme Realme Note 50 512GB Gold,0
Смартфон Honor Honor X7b 512GB Cream,Honor X7b 512GB (Cream),1
Oppo Oppo Reno 12 Midnight 64GB,Oppo Oppo Reno 11 Pro 8GB/64GB Midnight,0
Oppo Reno 10 128GB Titanium,Smartfon Oppo Reno 11 Pro 128GB/6GB Titanium,0
Smartfon Galaxy Z Flip 4 512GB/16GB Midnight,Samsung Galaxy Z Flip 4,1
redmi a7 pro mist blue 4 128gb,смартфон redmi a5 4 128 ocean blue,0
смартфон vivo v60,смартфон samsung a022 galaxy a02 2 32gb black,0
Redmi Redmi 13 Green 256GB,Redmi Redmi 13 64GB White,0
Smartfon Vivo Vivo V27 1TB Green,Vivo Vivo V27 8GB/1TB Green,1
Realme 11 Pro+ 64GB - Deep Purple,Smartfon Xiaomi Poco X5 512GB Purple,0
смартфон samsung galaxy s26 12 512gb dual esim white,смартфон samsung galaxy 512gb 12 s26 dual esim white,1
Tecno Pop 8 64GB Natural,Smartfon Tecno Tecno Pop 8 256GB Coral,0
redmi a5 4 128 midnight black,redmi note 14 8 128 lime green,0
Redmi Redmi Note 13 512GB Natural,Redmi Redmi Note 13,1
Honor Magic5 Pro 128GB (Cream),Honor Honor 200 Pro 128GB Cream,0
Xiaomi Poco X6,Xiaomi Poco X6 8GB/1TB Blue,0
Oppo Oppo Reno 10 Pro,Smartfon Oppo Reno 10 Pro 64GB/8GB Silver,1
беспроводные наушники ttec airbeat lite 2 white,беспроводные white ttec airbeat lite 2 наушники,1
Honor Honor Magic6 Pro 128GB Gold,Xiaomi Xiaomi 13T Pro 4GB+64GB,0
Redmi Redmi A3 3GB+128GB,Redmi A3 128GB Natural,1
redmi 15c 8 256 blue,redmi note 15 pro 5g 8 256 titanium,0
Xiaomi Xiaomi 14 Pro 1TB Purple,Xiaomi Xiaomi 14 Pro Purple 1TB,1
Xiaomi Poco M5s 3GB/64GB Graphite,Xiaomi Poco M5s,1
Realme Realme C33 1TB Cream,Realme Realme C33 1TB Cream,1
Oppo Oppo Find X7 12GB+256GB,Oppo Find X7 64GB (Cream),0
Oppo Find X6 Pro 1TB Graphite,Смартфон Oppo Oppo Find X6 Pro 1TB Graphite,1
Samsung Galaxy A54 5G 3GB+512GB,Smartfon Xiaomi Poco X6 Pro 256GB Black,0
Samsung Galaxy S22 Ultra 4GB/256GB Midnight,Samsung Galaxy S22 Ultra 1TB Purple,0
смартфон xiaomi redmi 14c 5g 8 256gb midnight black,смартфон xiaomi 17 pro max 16 512gb white,0
смартфон xiaomi redmi note 11s 6 128gb graphite gray,смартфон novey force f15 4 128gb space grey,0
Smartfon Tecno Tecno Spark 20 128GB Blue,Tecno Spark 20 64GB - Green,0
Honor Honor 200 4GB+1TB,Tecno Camon 30 256GB - Coral,0
Oppo Oppo A17 8GB/128GB Natural,Oppo Reno 12 Pro 128GB - Natural,0
Tecno Spark 10 512GB (Starlight),Smartfon Tecno Tecno Spark 10 512GB Starlight,1
Realme Realme C67 12GB+64GB,Realme 12 64GB (Graphite),0
Realme Realme 9 Pro+ 64GB Cream,Oppo Oppo A58 256GB Gold,0
Smartfon Vivo V27 Pro 256GB/8GB Midnight,Vivo Vivo V27 Pro 256GB Midnight,1
Redmi Redmi Note 13 Pro 256GB Black,Смартфон Tecno Tecno Spark 10 64GB Cream,0
Smartfon Samsung Galaxy F14 5G 128GB White,Galaxy F14 5G 128GB - White,1
spark go 1 4 64 startrail black,смартфон samsung galaxy a71 black,0
Honor 90 Lite 128GB - Blue,Honor Honor 90 Lite,0
Redmi Note 12 Pro 1TB (Purple),Redmi Note 12 Pro 1TB - Purple,1
Samsung Galaxy S24 Ultra,Smartfon Samsung Galaxy Z Flip 5 128GB Gold,0
Tecno Tecno Spark 10,Tecno Tecno Spark 10 64GB Black,0
Samsung Galaxy S21 FE 8GB/512GB Purple,Smartfon Honor Honor X7a 1TB Silver,0
Smartfon Redmi Redmi 13C 1TB Midnight,Redmi Redmi 13C 4GB+64GB,0
Infinix Infinix Zero 30 12GB+64GB,Infinix Infinix Zero 30 Cream 64GB,1
Realme Realme C65,Smartfon Realme Realme C65 64GB Black,0
Xiaomi 13T 64GB - Natural,Xiaomi 13T 512GB (Starlight),0
Smartfon Galaxy S24 Ultra 512GB/6GB Titanium,Smartfon Samsung Galaxy S24 Ultra 512GB Titanium,1
Galaxy Z Flip 4 128GB Deep Purple,Galaxy Z Flip 4 128GB (Deep Purple),1
honor 400 8 256gb 5g сosmic grey smartfoni honor ryukzaki sovg aga,honor 400 8 256gb 5g сosmic ryukzaki smartfoni honor grey sovg aga,1
смартфон oppo a54 4 128gb blue,смартфон a54 4 128gb blue,1
Redmi Redmi Note 12 Pro+ 1TB Deep Purple,Smartfon Redmi Note 12 Pro+ 512GB/8GB Silver,0
Oppo Find X6 Pro 1TB - Black,Oppo Oppo Find X6 Pro,0
Smartfon Galaxy Z Flip 5 64GB/12GB Purple,Samsung Galaxy Z Flip 5 64GB Purple,1
xiaomi redmi note 15 pro 5g 8 256gb smartfoni titanium,xiaomi titanium note 15 pro 5g 8 256gb smartfoni redmi,1
Apple iPhone 15 Plus,Apple iPhone 15 Plus 3GB/512GB Graphite,1
xiaomi 15t black 12 256gb,black 15t xiaomi 12 256gb,1
Infinix Infinix Smart 8 Midnight 1TB,Infinix Infinix Smart 8 6GB/64GB Purple,0
Tecno Tecno Pova 5 Pro 512GB Coral,Смартфон Tecno Tecno Pova 5 Pro 512GB Coral,1
Oppo Oppo Reno 11 Pro Titanium 512GB,Smartfon Apple iPhone 11 Pro 64GB Lavender,0
Smartfon Apple iPhone 13 Pro 512GB Blue,Apple iPhone 15 Blue 512GB,0
смартфон iphone 13 256gb pink,смартфон samsung a04s 4 128gb медный,0
Realme C55 256GB Graphite,Realme C55 256GB Graphite,1
honor 400 12 512gb 5g desert gold smartfoni honor ryukzagi sovg aga,honor x9d 8 256gb reddish,0
Oppo Find X6 Pro 256GB Cream,Oppo Oppo Find X6 Pro,0
Smartfon Infinix Zero 20 64GB/4GB Coral,Смартфон Infinix Infinix Smart 8 Pro 64GB Coral,0
смартфон apple iphone 14 pro 256gb e sim фиолетовый,смартфон pro iphone 14 apple 256gb e sim фиолетовый,1
Apple iPhone 11 Pro Max Black 512GB,Apple iPhone 11 Pro Max Black 512GB,1
Poco M5s 512GB (Cream),Smartfon Xiaomi Poco M5s 256GB Natural,0
honor 600 black 8 512gb,смартфон honor 400 lite 5g 12gb 256gb velvet grey,0
Honor Honor X9b Blue 1TB,Honor Honor X9b 8GB/1TB Blue,1
redmi 11pro bor 8 128,redmi 10 рабочие,0
смартфон honor 400 lite 5g 8gb 256gb velvet grey,смартфон honor 400 5g lite 8gb 256gb velvet grey,1
apple iphone 14 pro max 256gb 1 sim фиолетовый,смартфон iphone 13 pro 256gb sierra blue dual,0
realme c75 8 256gb black,смартфон zte nubia v80 max 4 128 гб stardust purple,0
смартфон xiaomi redmi 13 8 128gb pearl pink,смартфон xiaomi redmi pink 8 128gb pearl 13,1
Smartfon Realme GT 5 Pro 256GB/16GB Titanium,Realme Realme GT 5 Pro 128GB Black,0
Redmi Redmi 12C 3GB+512GB,Redmi Redmi Note 11,0
Tecno Spark 20 Pro+ 1TB - Lavender,Смартфон Tecno Tecno Spark 20 Pro+ 1TB Lavender,1
Смартфон Oppo Oppo Reno 11 256GB Purple,Oppo Oppo Reno 11 16GB/256GB Purple,1
Infinix Infinix Smart 8 Plus 64GB Deep Purple,Infinix Infinix Smart 8 Plus 6GB/64GB Deep Purple,1
Vivo Vivo X90 Pro 6GB+1TB,Vivo Vivo X90 Pro,1
apple iphone 16 pro max 512gb desert titanium 100gb of internet 3 months of tv com for free,apple titanium 16 pro max 512gb desert iphone 100gb of internet 3 months of tv com for free,1
Realme Realme GT Neo 5 SE 128GB Green,Smartfon Realme GT Neo 5 SE 128GB/6GB Green,1
плитка ruflex tab медный отлив гипкий черепица andulin мягкая кровля,плитка ruflex tab отлив медный гипкий черепица andulin мягкая кровля,1
Vivo X100 64GB Silver,Смартфон Oppo Oppo Find X6 Pro 1TB Titanium,0
redmi note 15 pro 12 512 black,redmi 13 c 8 256gb 2024 new model,0
redmi note 9 pro,redmi pro 9 note,1
Apple iPhone 14 Pro Max,iPhone 14 Pro Max 256GB Lavender,1
a5 pro 8 128 olive green,iphone 15 pro max,0
Smartfon Oppo Reno 11 512GB/8GB Silver,Oppo Oppo Reno 11 512GB Silver,1
Smartfon Redmi 12 512GB/8GB Lavender,Redmi 12 512GB Lavender,1
Tecno Tecno Pova 5 Pro,Tecno Tecno Pova 5 Pro,1
смартфон honor x8c 8 256gb green,смартфон 8 x8c honor 256gb green,1
Realme Realme 9 Pro+ 16GB+512GB,Tecno Tecno Spark 10 1TB Starlight,0
смартфон xiaomi poco x6 5g 12 512gb blue,смартфон xiaomi poco x6 5g 12 blue,1
Smartfon Redmi 13C 256GB/3GB Titanium,Redmi Note 11 256GB - Titanium,0
Smartfon Vivo Vivo Y200 Pro 256GB Coral,Oppo A78 512GB - Graphite,0
телефон novey t300 tank black gold,смартфон honor x7d 6 128 гб desert gold,0
Redmi Redmi 13C White 128GB,Smartfon Redmi Redmi 13C 128GB White,1
Honor X8b 1TB (Cream),Smartfon Honor 90 Lite 1TB/8GB Cream,0
Redmi Redmi A2+ 1TB Lavender,Смартфон Redmi Redmi A2+ 1TB Lavender,1
смартфон honor x8b 8 256gb midnight black,смартфон honor x8b black 256gb midnight 8,1
Galaxy A14 512GB - Midnight,Samsung Galaxy A14 3GB+512GB,1
Honor 200 512GB (Silver),Smartfon Honor 200 512GB/3GB Silver,1
телефон novey a80r gold,смартфон iphone 12 pro max 512gb silver dual,0
смартфон xiaomi redmi 15c 4 256gb midnight black,смартфон xiaomi redmi 15c 4 midnight black,1
Realme 12+ 128GB - Titanium,Realme Realme 12+ 128GB Titanium,1
Samsung Galaxy A05s 4GB/1TB Green,Samsung Galaxy A05s 1TB Green,1
Infinix Infinix Note 30 Pro 128GB White,Смартфон Infinix Infinix Note 30 Pro 128GB White,1
Smartfon Oppo A79 5G 128GB/16GB Coral,Oppo Oppo A79 5G 16GB/128GB Coral,1
Smartfon Realme GT 5 Pro 256GB/8GB Silver,Smartfon Realme GT 5 Pro 256GB/8GB Silver,0
Apple iPhone 15 Pro Max 256GB Black,Honor Honor 100 64GB Coral,0
iphone15 pro max,samsung galaxy s20 ultra,0
Smartfon Vivo Vivo Y35 1TB Natural,Vivo Vivo Y200 Pro Natural 1TB,0
Realme Realme C33 1TB Graphite,Smartfon Realme C33 1TB/6GB Graphite,1
Smartfon Redmi Redmi Note 13 Pro 64GB Deep Purple,Redmi Note 13 Pro 64GB Deep Purple,1
Смартфон Vivo Vivo X90 Pro 64GB Coral,Vivo Vivo X90 Pro 6GB/128GB Midnight,0
телефон novey x100 gray,телефон gray x100 novey,1
Realme Realme GT Neo 5 SE 3GB/512GB Cream,Realme GT Neo 5 SE 512GB - Cream,1
Smartfon Vivo Vivo Y200 Pro 256GB Lavender,Vivo Y200 Pro 256GB Lavender,1
Apple iPhone 12 Pro 256GB Midnight,Apple iPhone 14 Pro,0
Смартфон Tecno Tecno Spark 20 Pro+ 512GB Coral,Смартфон Tecno Tecno Spark 20 Pro+ 64GB Deep Purple,0
смартфон honor x8d 8 256gb velvet black,смартфон honor x7c 8 256 moonlight white,0
смартфон samsung galaxy s23 fe 8 128gb фиолетовый,смартфон apple iphone 14 plus 6 512gb сияющая звезда,0
honor x7c midnight black 6 128gb,honor x7d 6 128gb velvet black smartfoni oq sim karta sovg a 3 oyga 100gb,0
Infinix Infinix Smart 8 Pro Graphite 1TB,Infinix Hot 40 Pro 1TB - Graphite,0
Smartfon Apple iPhone SE 3 1TB Cream,Apple iPhone SE 3 Cream 1TB,1
redmi note 11 продам уступка есть,redmi note 14 ocean blue 8 128gb,0
Xiaomi Xiaomi 12T Pro 4GB/256GB Green,Смартфон Xiaomi Xiaomi 12T Pro 256GB Green,1
смартфон samsung galaxy s25 ultra 12 256gb titan silver blue,смартфон galaxy s25 ultra 12 256gb titan silver blue,1
Smartfon Vivo V30 256GB/12GB Titanium,Vivo V30 256GB (Titanium),0
Samsung Galaxy A25,Smartfon Samsung Galaxy Z Flip 4 256GB Graphite,0
Realme GT 5 64GB (Cream),Realme Realme 12,0
iPhone 12 Pro Max 256GB Deep Purple,Poco M6 Pro 128GB - Lavender,0
смартфон apple iphone 13 pro 1tb green,смартфон realme c53 6 128 rmx3760 gold,0
Redmi Redmi Note 11S,Redmi Note 11S 1TB - Coral,1
Xiaomi Xiaomi 12,Xiaomi 12 1TB Midnight,1
samsung galaxy a26 6 128gb white 100gb of internet 3 months of tv com for free,samsung galaxy a26 6 tv white 100gb of internet 3 months of 128gb com for free,1
Smartfon Realme Realme C67 1TB Gold,Realme C67 256GB Blue,0
смартфон apple iphone 16 pro max 512gb dual esim natural titanium,смартфон apple iphone 16 pro max 512gb dual esim titanium,1
Smartfon Realme Realme C67 128GB Silver,Realme Realme C67,1
Realme GT 5 64GB Natural,Realme GT 5 64GB Natural,1
Infinix Infinix Zero 30 8GB/256GB Graphite,Oppo Oppo Reno 10 Pro+ 8GB/64GB Deep Purple,0
Infinix Smart 8 Plus 256GB (Midnight),Honor X8a 1TB Purple,0
redmi not 10 s white,redmi not 9 pro sotaman,0
Vivo Y200 Pro 1TB (Gold),Vivo Vivo Y22s 6GB+1TB,0
Honor Honor X8a Black 64GB,Honor Honor X8a 8GB/128GB Green,0
Redmi Redmi Note 11 Starlight 256GB,Redmi Redmi Note 11 Starlight 256GB,1
Smartfon Redmi Redmi Note 11 Pro 1TB Green,Redmi Note 13 Pro 1TB - Green,0
Apple iPhone 14 Pro 16GB+1TB,Apple iPhone 12 16GB+1TB,0
Apple iPhone 13 mini 4GB+512GB,Apple iPhone 13 mini,1
Infinix Note 30 256GB Midnight,Vivo Y22s 1TB - Gold,0
Samsung Galaxy M34 5G 8GB+128GB,Samsung Galaxy M34 5G,1
Tecno Camon 30 Pro 256GB (Blue),Смартфон Tecno Tecno Camon 30 Pro 256GB Blue,1
смартфон samsung galaxy a14 6 128gb red,смартфон samsung a14 galaxy 6 128gb red,1
Vivo Vivo X100 8GB/128GB Coral,Vivo X100 128GB (Coral),1
Realme GT 5 Pro 512GB (Natural),Oppo Oppo Reno 11 Pro,0
Oppo Oppo Reno 11 Pro 3GB+512GB,Smartfon Oppo Find X7 512GB/3GB Graphite,0
Смартфон Samsung Galaxy S24 Ultra 512GB Blue,Smartfon Samsung Galaxy F14 5G 512GB Blue,0
Smartfon Redmi Note 11 Pro 128GB/12GB Lavender,Smartfon Redmi Redmi Note 11 Pro 128GB Lavender,1
Oppo Oppo Reno 11 Pro 16GB+256GB,Oppo Oppo Reno 11 Pro,1
Smartfon Vivo Vivo X100 Pro 64GB Natural,Smartfon Vivo X100 Pro 1TB/4GB Coral,0
Смартфон Tecno Tecno Camon 30 Pro 512GB Cream,Smartfon Tecno Camon 30 Pro 512GB/6GB Cream,1
Vivo V27 64GB White,Vivo Vivo V27 4GB/64GB White,1
redmi not 13 128gb aybi steklo ozigina chatnagan bilinmaydi naxt,redmi 10 2022 deyarli yangi,0
смартфон xiaomi redmi note 13 6 128 midnight black,смартфон xiaomi redmi note midnight 6 128 13 black,1
Realme 12+ 1TB - Starlight,Smartfon Realme 12+ 64GB/16GB Natural,0
Honor Honor X8b,Smartfon Honor Honor X8b 1TB Titanium,1
Vivo V29 Pro 256GB (Titanium),Vivo Vivo V29 Pro 3GB/256GB Titanium,1
Smartfon Infinix Infinix Note 30 Pro 1TB Natural,Infinix Infinix Note 30 Pro 16GB/512GB Coral,0
Samsung Galaxy S22 Ultra Purple 128GB,Galaxy S22 Ultra 1TB - Blue,0
samsung galaxy s26 12 512gb black,samsung galaxy 12 512gb black,1
Redmi Redmi Note 13 Pro+ 8GB+256GB,Redmi Redmi Note 12 Pro 256GB Titanium,0
Redmi Redmi Note 12 512GB Gold,Smartfon Redmi Redmi Note 12 512GB Gold,1
Redmi Redmi Note 13 Pro 4GB/64GB Coral,Smartfon Honor 90 1TB/4GB Silver,0
продам телефоны redmi note 13 две штуки,продам телефоны redmi note 13 штуки две,1
Honor Honor X9a,Honor X9a 512GB Titanium,1
Smartfon Samsung Galaxy S23 FE 256GB Gold,Smartfon Tecno Pova 5 Pro 1TB/8GB Natural,0
Realme C67 512GB - Titanium,Realme Realme C67 6GB/512GB Titanium,1
Смартфон Infinix Infinix Note 30 512GB Blue,Smartfon Infinix Note 30 512GB/6GB Blue,1
Смартфон Realme Realme 12+ 512GB Cream,Realme 12+ 512GB Cream,0
Redmi A3 256GB - Blue,Redmi A3 128GB (Coral),0
смартфон honor 200 lite 12 256gb black,беспроводные наушники ttec airbeat ultraslim black,0
смартфон samsung galaxy a06,смартфон samsung galaxy,1
oppo reno 12f 8 256gb matte grey,беспроводные наушники belkin soundform move black,0
Xiaomi 12 Pro 512GB (Titanium),Xiaomi Xiaomi 12 Pro 512GB Titanium,1
Infinix Infinix Zero 20 8GB/512GB Blue,Smartfon Infinix Zero 20 512GB/8GB Blue,1
Infinix Zero 20 128GB (Blue),Infinix Infinix Zero 20 6GB+128GB,1
Oppo Reno 10 256GB Graphite,Oppo Oppo Reno 10 256GB Graphite,1
Redmi Note 11 Pro 512GB (Deep Purple),Redmi Redmi Note 11 Pro 6GB+256GB,0
honor 600 orange 8 512gb,смартфон honor 600 lite 5g 8 256gb corduroy grey,0
Smartfon Tecno Tecno Pova 5 256GB Natural,Tecno Tecno Pova 5 Natural 256GB,1
Infinix Smart 8 256GB Starlight,Infinix Smart 8 256GB - Starlight,1
Honor X9b 128GB Coral,Honor Honor X9b 4GB+128GB,1
Realme Realme GT 5 Pro 256GB Lavender,Realme GT 5 Pro 1TB (Blue),0
Redmi 13C 64GB (Green),Redmi 13C 64GB (Green),1
смартфон realme c65 6 128 black,смартфон iphone 11 pro 512gb green,0
Xiaomi Poco F5 Pro 1TB Graphite,Xiaomi Poco F5 Pro 3GB/1TB Graphite,1
iPhone 12 mini 128GB (Purple),Смартфон Apple iPhone 11 128GB Purple,0
iPhone 12 mini 128GB - Blue,Smartfon Apple iPhone 12 mini 128GB Blue,1
Smartfon Honor Honor X7a 64GB Green,Smartfon Infinix Hot 40 Pro 512GB/8GB Titanium,0
Smartfon Apple iPhone 12 Pro 512GB Natural,Apple iPhone 12 Pro,1
Smartfon iPhone 13 mini 64GB/3GB Green,iPhone 13 mini 64GB (Green),1
Smartfon Realme C65 512GB/12GB Lavender,Смартфон Realme Realme C65 512GB Lavender,1
смартфон honor x6 4 64gb midnight black,смартфон honor x6 4 64gb black midnight,1
iPhone 12 Pro 256GB (Silver),Apple iPhone 12 Pro 4GB+256GB,1
Honor Honor Magic5 Pro White 512GB,Smartfon Honor 90 Lite 512GB/4GB White,0
redmi 15c midnight black 4 128gb,redmi 14c midnight black 8 256gb,0
Смартфон Apple iPhone 14 Plus 1TB Natural,iPhone 14 Plus 256GB - Graphite,0
продам xiaomi redmi note 12s,продам xiaomi redmi note,1
Xiaomi Poco X6 4GB/256GB Blue,Xiaomi Poco X6 4GB/256GB Blue,1
Realme Realme 11 Pro,Xiaomi Xiaomi 11T Pro 256GB Purple,0
Infinix Infinix Smart 8 Plus 4GB+128GB,Smartfon Infinix Infinix Smart 8 Plus 128GB Silver,1
Realme Realme GT 5 Pro 16GB+1TB,Realme GT 5 Pro 1TB - Black,1
Смартфон Xiaomi Xiaomi 13 Pro 1TB Starlight,Smartfon Xiaomi 13 Pro 1TB/6GB Starlight,1
Vivo X100 Pro 128GB - Cream,Smartfon Vivo Vivo X100 Pro 128GB Cream,1
iPhone 14 Pro 256GB Midnight,Smartfon Apple iPhone 14 Pro 256GB Midnight,1
Smartfon Tecno Tecno Camon 30 Pro 512GB Gold,Tecno Pova 6 Pro 512GB - Gold,0
смартфон realme c85 pro 8 256 purple,смартфон honor 200 pro 16 512gb ocean cyan,0
Infinix Infinix Smart 8 Pro 4GB+512GB,iPhone 15 Pro Max 64GB (Coral),0
Galaxy Z Flip 4 512GB (Blue),Galaxy Z Flip 4 512GB - Blue,1
Smartfon Realme Realme C33 256GB Blue,Realme Realme C33 Blue 256GB,1
Honor 100 128GB Purple,Realme GT 5 64GB Green,0
Honor 200 512GB Silver,Honor 200 128GB (Black),0
смартфон honor x6c 6 128 гб midnight black,honor x7e light blue 6 256gb в подарок honor choice earbuds x8,0
Смартфон Realme Realme 11 256GB Gold,Realme Realme 11,1
Redmi Redmi 13 Lavender 1TB,Redmi 13 1TB Lavender,1
iPhone 12 Pro 512GB Starlight,Infinix Infinix Smart 8 12GB+256GB,0
Smartfon Vivo Vivo Y36 64GB Titanium,Vivo Vivo Y36,1
apple iphone 17 pro max 256gb silver,смартфон honor x9 5g 8 256gb silver,0
Oppo Reno 12 128GB (Silver),Oppo Reno 12 64GB - Starlight,0
Redmi Redmi 13C 1TB Gold,Galaxy A34 512GB (Cream),0
Tecno Pova 6 Pro 128GB Blue,Smartfon Tecno Pova 6 Pro 128GB/16GB Blue,1
Realme Realme 12 Pro 6GB+512GB,Смартфон Realme Realme 12 Pro 512GB Lavender,1
Samsung Galaxy S22 16GB+512GB,Samsung Galaxy F14 5G 16GB/512GB Starlight,0
Smartfon Infinix Infinix Smart 8 Pro 256GB Midnight,Smartfon Infinix Smart 8 Pro 256GB/4GB Midnight,1
samsung galaxy a57 8 256 гб lillac,смартфон xiaomi redmi note 15 pro 5g 8 512gb titanium color,0
Tecno Tecno Pova 6 Pro 512GB Silver,Smartfon Tecno Tecno Pova 6 Pro 512GB Silver,1
Smartfon Apple iPhone 12 Pro Max 64GB Natural,Apple iPhone 14 Pro 8GB+64GB,0
Smartfon Redmi K60 1TB/8GB Black,Redmi Redmi K60 8GB+1TB,1
Vivo V27 Pro 256GB - Blue,Vivo Vivo V27 Pro 256GB Blue,1
смартфон apple iphone 16 plus 128gb sim esim white,смартфон sim iphone 16 plus 128gb apple esim white,1
Smartfon Realme GT 5 256GB/8GB White,Realme GT 5 256GB White,1
Infinix Note 40 Pro 128GB Lavender,Смартфон Infinix Infinix Zero 30 5G 128GB Lavender,0
honor x6c midnight black 6 256gb,смартфон xiaomi poco x8 pro max 12 512gb black,0
Galaxy S23 FE 256GB Cream,Smartfon Galaxy S23 FE 256GB/3GB Cream,1
Redmi Redmi K70 Pro,Redmi Redmi K70 Pro 4GB/512GB Gold,1
смартфон oppo a60 8 128 ripple blue,смартфон oppo a60 8 128 ripple,1
Apple iPhone 11 512GB Black,Apple iPhone 11,1
смартфон apple iphone 14 plus 6 512gb красный,apple iphone 14 plus 6 512gb красный,1
смартфон honor x8b 8 128gb titanium silver,titanium honor x8b 8 128gb смартфон silver,1
Tecno Phantom X2 Pro 128GB Natural,Smartfon Tecno Tecno Phantom X2 Pro 64GB Purple,0
Honor Honor X7a,Honor Honor X7a 8GB/512GB Silver,1
смартфон apple iphone 13 128 гб esim nano sim темная ночь,смартфон apple iphone 13 128 esim гб nano sim темная ночь,1
Apple iPhone 13 Pro Max 1TB Coral,Vivo Y35 256GB (Starlight),0
Tecno Spark 20 Pro 512GB - Coral,Tecno Tecno Spark 20 Pro 6GB+512GB,1
Vivo Y100 1TB Silver,Vivo Vivo Y100 3GB+1TB,1
Vivo Vivo Y22s 4GB/1TB Purple,Vivo Vivo Y22s 4GB+1TB,1
Infinix Smart 8 Pro 256GB - Cream,Infinix Infinix Hot 40 16GB/256GB Cream,0
Redmi Note 11S 64GB (Black),Smartfon Redmi Note 11S 64GB/12GB Black,1
Galaxy A25 64GB (Deep Purple),Samsung Galaxy S24+ 64GB Deep Purple,0
Vivo Y22s 256GB - Graphite,Vivo Y22s 256GB (Graphite),1
Honor Honor Magic5 Lite,Honor Magic5 Lite 64GB - Lavender,0
смартфон poco m8 pro 5g 12 512gb black,смартфон samsung galaxy a17 5g 4 128gb gray,0
Xiaomi Poco M5s Gold 64GB,Smartfon Poco M5s 1TB/6GB Titanium,0
Smartfon Redmi Note 11 1TB/12GB Coral,Смартфон Oppo Oppo Reno 12 128GB Silver,0
Apple iPhone 13 Pro 16GB/1TB Cream,Apple iPhone 13 Pro,1
Realme C67 64GB (Starlight),Redmi Note 11 Pro 512GB Gold,0
Смартфон Redmi Redmi Note 12 Pro 1TB Cream,Redmi Redmi Note 12 Pro Cream 1TB,1
Redmi Note 13 256GB - Green,Redmi Redmi Note 13,1
Vivo Vivo V30 Pro Coral 64GB,Realme C65 128GB - Starlight,0
xiaomi redmi note 15 smartfoni 6 128gb glacier blue,xiaomi redmi note 15 smartfoni 6 glacier blue,1
беспроводные наушники razer hammerhead,наушники razer hammerhead,1
Smartfon Oppo Oppo Reno 11 1TB Gold,Oppo Oppo Reno 11 12GB/1TB Gold,1
Смартфон Apple iPhone 12 1TB Blue,Apple iPhone 13 Blue 1TB,0
smartfon redmi note 14 pro 5g 8 256gb midnight black,honor x8d 8 256gb blue,0
смартфон infinix note 30 8 128gb sunset gold,смартфон infinix note 8 128gb sunset gold,1
Tecno Tecno Pova 6 16GB/512GB White,Tecno Pova 6 512GB (White),1
Apple iPhone 12 Pro,iPhone 12 Pro Max 128GB - Titanium,0
Samsung Galaxy M14 12GB+64GB,Tecno Tecno Spark 20 Pro 256GB Silver,0
Samsung Galaxy A05s,Samsung Galaxy A05s 256GB Black,0
Honor Honor 200 1TB Graphite,Redmi Note 13 64GB - Cream,0
iPhone 12 Pro Max 128GB - Natural,iPhone 13 128GB Natural,0
Smartfon Redmi Note 13 64GB/12GB Black,Smartfon Redmi Note 13 64GB/12GB Black,1
huawei nova 13 pro 12 512gb loden green,huawei 13 pro 12 512gb loden green,1
Smartfon Apple iPhone 15 1TB Blue,Apple iPhone 15 Pro 12GB+1TB,0
Vivo Vivo V29 Midnight 128GB,Vivo V29 128GB (Midnight),1
honor x7d silver 8 256gb,смартфон honor x9d 12 512gb gold,0
Xiaomi 12T Pro 1TB - Deep Purple,Vivo Y100 128GB (Silver),0
Smartfon Oppo Find X7 512GB/4GB Gold,Realme Realme 12,0
смартфон xiaomi redmi note 12r 6 128gb global black,смартфон xiaomi redmi note 6 128gb global black,1
Xiaomi Poco X5 16GB/1TB Lavender,Galaxy Z Flip 5 256GB White,0
Smartfon Vivo Vivo V29 Pro 64GB Green,Vivo V29 Pro 64GB (Green),1
Infinix Note 40 Pro 64GB Cream,Realme Realme GT 5 Pro 128GB Graphite,0
Redmi Redmi K60 256GB Starlight,Redmi Redmi Note 13 Pro+ 8GB+256GB,0
Honor Honor X8b 64GB Starlight,Honor Honor X8b 512GB Titanium,0
Realme Realme 12 Pro+,Realme GT 5 1TB - Titanium,0
motorola razr 60 lightest sky 8 256gb,motorola 256gb 60 lightest sky 8 razr,1
смартфон iphone xr 128gb blue,iphone смартфон xr 128gb blue,1
Смартфон Tecno Tecno Phantom V Fold 64GB Green,Tecno Tecno Phantom V Fold,1
смартфон samsung galaxy a03s 3 32gb black,смартфон samsung galaxy 3 32gb black,1
Infinix Hot 40 128GB - White,Smartfon Infinix Hot 40 128GB/16GB White,1
Vivo Vivo X100 Pro 16GB+512GB,Vivo X100 Pro 512GB - Deep Purple,1
Smartfon Samsung Galaxy A15 128GB White,Galaxy Z Flip 5 128GB - White,0
Oppo Oppo A58,Oppo A58 512GB - Starlight,1
Honor 90 1TB - Green,Honor Honor 90,1
Realme Realme 12+ 1TB White,Smartfon Realme 12+ 1TB/6GB White,1
Xiaomi Xiaomi 13T Pro 12GB/512GB Starlight,Xiaomi Xiaomi 12 Pro 512GB Starlight,0
Samsung Galaxy A15 White 64GB,Smartfon Samsung Galaxy M14 64GB White,0
смартфон redmi a5 4 128gb sandy gold,redmi note 8 pro,0
honor 400 lite 8 256gb velvet black,honor 400 8 lite 256gb velvet black,1
Смартфон Apple iPhone 13 Pro Max 1TB Green,Oppo Reno 12 Pro 256GB Blue,0
Oppo Oppo Reno 10 Pro Starlight 64GB,Samsung Galaxy A35 5G,0
Tecno Spark 10 512GB Blue,Smartfon Tecno Spark 10 512GB/4GB Blue,1
Apple iPhone 13 White 128GB,Apple iPhone 13 12GB+128GB,1
Xiaomi Xiaomi 14 Ultra Green 256GB,Xiaomi Xiaomi 14 Ultra 4GB+256GB,1
Honor Honor Magic5 Pro 4GB+256GB,Infinix Note 40 Pro 1TB (Cream),0
Tecno Pova 5 256GB Blue,Smartfon Tecno Tecno Pova 5 256GB Blue,1
Redmi Redmi Note 12 Pro Silver 128GB,Smartfon Redmi Redmi Note 12 Pro 128GB Silver,1
Oppo A78 256GB - Midnight,Oppo Reno 11 Pro 256GB Midnight,0
iPhone 12 256GB White,iPhone 12 256GB White,1
Smartfon Vivo Vivo Y200 Pro 512GB Black,Vivo Vivo Y200 Pro 512GB Black,1
беспроводные наушники edifier x3 white,white наушники edifier x3 беспроводные,1
Smartfon Vivo Y35 64GB/8GB Natural,Vivo Y35 64GB (Natural),1
Смартфон Samsung Galaxy S24 512GB Cream,Smartfon Samsung Galaxy S24 512GB Cream,1
Samsung Galaxy Z Fold 5 128GB Cream,Смартфон Samsung Galaxy Z Fold 5 128GB Cream,1
смартфон samsung galaxy s25 plus 5g 12 512gb dual sim icy blue,смартфон samsung galaxy blue plus 5g 12 512gb dual sim icy s25,1
Infinix Hot 30 Play 1TB - Green,Smartfon Infinix Infinix Hot 30 Play 1TB Green,1
Galaxy S24 Ultra 64GB - Gold,Samsung Galaxy S24 Ultra 16GB+64GB,1
redmi note13 8 512,смартфон redmi a5 4 128gb midnight black,0
honor x9d 5g 8 256gb black smartfoni,honor x9d 5g black 12 256gb,0
Xiaomi 13T Pro 512GB Green,Poco F5 512GB - Green,0
Vivo V30 Pro 512GB - Blue,Vivo Vivo V30 Pro 512GB Blue,1
Tecno Tecno Spark 20 16GB+128GB,Tecno Spark 20 128GB - Natural,1
Apple iPhone 12 mini,iPhone 12 mini 512GB (Graphite),1
Tecno Phantom X2 Pro 256GB (Starlight),Смартфон Apple iPhone 13 Pro 64GB Green,0
redmi not 9 4 ga 64 lik ideal holatda batarekasi 2 kun garantiya,iphone12 pro ideal,0
Redmi Redmi 12 3GB+256GB,Redmi Redmi 12 3GB+1TB,0
Realme Realme GT Neo 5 SE 12GB/64GB Midnight,Tecno Tecno Spark 20 Pro+ 256GB Gold,0
смартфон google pixel 7 pro 12gb 256gb obsidian,смартфон google 7 pro 12gb 256gb obsidian,1
Apple iPhone 14 16GB/64GB Graphite,iPhone 14 512GB (Starlight),0
Redmi Redmi Note 12 128GB Graphite,Smartfon Redmi Redmi Note 12 128GB Graphite,1
xiaomi 12lite sotiladi,смартфон xiaomi redmi note 15 8 128gb white,0
Tecno Tecno Spark 20 Coral 1TB,Tecno Tecno Spark 20 Pro+ 4GB+1TB,0
держатель для телефона deepcool i stand s3 for ipad,держатель для телефона deepcool i stand s3 for,1
Infinix Smart 8 Pro 1TB (Gold),Infinix Smart 8 Pro 256GB Silver,0
Honor 100 Pro 64GB Graphite,Smartfon Honor 100 Pro 64GB/3GB Graphite,1
Realme Realme 11,Realme 11 128GB - Midnight,1
Oppo A79 5G 1TB Titanium,Oppo Oppo A58 16GB+1TB,0
Smartfon Tecno Spark 20 Pro 256GB/16GB Natural,Tecno Spark 20 Pro 512GB - White,0
Smartfon Vivo X100 Pro 64GB/6GB Coral,Tecno Tecno Camon 30 6GB/512GB Natural,0
смартфон xiaomi redmi note 12 pro 4g 8 256gb dual nano sim серый,samsung galaxy a26 8 256gb oq smartfoni sovg aga borofone type c 20w zaryadlash qurilmasi,0
Oppo Oppo Reno 12 Pro 6GB/1TB White,Oppo Oppo Reno 12 Pro,1
Smartfon Oppo Oppo A58 128GB Silver,Oppo Oppo A58 6GB+128GB,1
смартфон honor x7c 8 256gb midnight black moonlight white forest green,8 honor x7c смартфон 256gb midnight black moonlight white forest green,1
Oppo Oppo Find X7,Smartfon Oppo Oppo Reno 10 Pro+ 256GB Gold,0
Smartfon Xiaomi Xiaomi 14 Pro 64GB Blue,Xiaomi 11T Pro 64GB (Blue),0
Смартфон Vivo Vivo V29 Pro 64GB Graphite,Смартфон Redmi Redmi Note 13 Pro 512GB Cream,0
смартфон huawei nova 10 se 6 128gb сияющий черный,смартфон apple iphone 15 pro max 1tb white titanium,0
Xiaomi Xiaomi 13T Pro 128GB Midnight,Xiaomi 13T Pro 128GB Midnight,1
redmi 15c 8 256gb midnight black,смартфон redmi 15 6 128gb titan gray,0
Oppo Reno 11 512GB - Deep Purple,Honor Honor X7a 128GB White,0
Oppo Find X7 512GB White,Смартфон Oppo Oppo Reno 12 512GB White,0
Realme 12 Pro+ 256GB - Graphite,Smartfon Realme Realme 12 Pro+ 256GB Graphite,1
Смартфон Honor Honor X7a 128GB Midnight,Honor Honor X7a Midnight 128GB,1
Oppo Oppo Reno 11,Oppo Reno 11 512GB (Graphite),1
Smartfon Tecno Tecno Pova 6 128GB Graphite,Tecno Tecno Pova 6 6GB/128GB Graphite,1
Realme GT 5 Pro 512GB Lavender,Smartfon Realme Realme GT 5 Pro 1TB Coral,0
Oppo Reno 10 Pro 1TB (Titanium),Oppo Oppo Find X6 Pro 4GB/1TB Titanium,0
redmi note 15 pro 12 512 mocha brown,redmi note 15 pro 12 512 mocha,1
Tecno Tecno Spark 20 Pro 4GB+1TB,Smartfon Tecno Spark 20 Pro+ 1TB/4GB Coral,0
Infinix Infinix Zero 30 12GB+512GB,Infinix Infinix Smart 8 Pro 12GB/512GB Cream,0
Смартфон Redmi Redmi 13C 1TB Deep Purple,Samsung Galaxy S23 16GB+512GB,0
Apple iPhone 11 12GB/128GB Purple,Smartfon iPhone 11 256GB/12GB Titanium,0
смартфон honor 90 12 512gb cn dual nano sim emerald green,смартфон honor x9d 12 512gb midnight black,0
смартфон honor x7b 8 128 emerald green,honor x7b 8 128 emerald green,1
смартфон samsung galaxy a54 5g 6 128gb black,смартфон galaxy samsung a54 5g 6 128gb black,1
Redmi Redmi Note 13 Pro+ 16GB+256GB,Redmi Redmi Note 13 Pro+ Midnight 256GB,1
Oppo Oppo Find X7 Natural 1TB,Oppo Oppo Reno 12 3GB+1TB,0
redmi note 14 midnight black 8 256gb,redmi note 15 pro 4g оптом и штук,0
Realme Realme 11 8GB/128GB White,Realme Realme C67 8GB+128GB,0
Xiaomi Xiaomi 12 16GB+512GB,Xiaomi 12 512GB Titanium,1
Realme 12 Pro 512GB - Coral,Realme 12 Pro 512GB - Coral,0
Galaxy S23 Ultra 1TB (Purple),Infinix Infinix Zero 30 5G,0
Realme Realme C55 128GB Deep Purple,Smartfon Realme Realme C55 128GB Deep Purple,1
Honor Honor Magic6 Pro 4GB/256GB Cream,Honor Magic6 Pro 64GB - White,0
Smartfon Tecno Tecno Spark 20 1TB Gold,Tecno Tecno Spark 20 1TB Gold,1
Смартфон Infinix Infinix Hot 40 512GB Natural,Infinix Infinix Hot 40 512GB Natural,1
порожки для пола dollken,порожки пола dollken,1
Smartfon Vivo Vivo V29 512GB Starlight,Vivo V29 512GB Starlight,1
Vivo Vivo X100 4GB+256GB,Vivo X100 Pro 256GB - Blue,0
Tecno Spark 10 512GB - Deep Purple,Смартфон Tecno Tecno Spark 10 512GB Deep Purple,1
Tecno Tecno Camon 20 Pro 6GB+512GB,Tecno Camon 20 Pro 512GB (White),1
Honor 90 Lite 1TB Titanium,Samsung Galaxy A54 5G 256GB Deep Purple,0
Smartfon Vivo X90 Pro 512GB/4GB Deep Purple,Vivo Vivo Y200,0
смартфон iphone 14 pro 512gb gold,смартфон iphone 512gb pro 14 gold,1
смартфон samsung galaxy s23 ultra 12 1tb cream,смартфон samsung s23 ultra 12 1tb cream,1
Infinix Infinix Smart 8 256GB Black,Infinix Zero 30 5G 256GB Black,0
смартфон apple iphone 14 pro 1tb dual 1 sim золотистый,14 apple iphone смартфон pro 1tb dual 1 sim золотистый,1
Honor 90 128GB Purple,Honor Honor 90,1
Samsung Galaxy Z Fold 5 Gold 256GB,Samsung Galaxy Z Fold 5 Gold 256GB,1
Vivo Y35 64GB - Purple,Vivo Y35 64GB (Purple),1
Xiaomi Xiaomi 13 Green 128GB,Xiaomi 13 128GB - Green,1
респираторная маска 3м 7502 оригинал защита от пыли газа и химических веществ,смартфон xiaomi redmi a5 4 128gb midnight black,0
Infinix Infinix Note 40 6GB+256GB,Infinix Note 40 64GB (Graphite),0
Realme GT 5 256GB Deep Purple,Realme GT 5 256GB - Deep Purple,1
смартфон honor 90 8 256gb cn dual nano sim peacock blue,смартфон honor 90 8 cn dual nano sim peacock blue,1
Samsung Galaxy Z Flip 4 12GB+512GB,Galaxy Z Flip 4 64GB (Midnight),0
Infinix Smart 8 Pro 128GB Black,Infinix Smart 8 Pro 128GB - Black,1
Realme Realme Note 50,Apple iPhone 11 Pro,0
смартфон honor x9d 5g 12 256 гб черный,redmi 13 8 128 ocean blue,0
Xiaomi 14 128GB Gold,Xiaomi Xiaomi 14 12GB/1TB Black,0
Tecno Pop 8 1TB - Lavender,Tecno Tecno Pop 8 6GB+128GB,0
Xiaomi Poco X5 1TB Cream,Poco X5 1TB - Cream,1
Oppo Oppo Reno 12 Pro 12GB/256GB Lavender,Oppo Oppo Reno 12 Pro 256GB Lavender,1
Infinix Infinix Zero 20 Cream 256GB,Infinix Infinix Zero 20,1
Smartfon Tecno Tecno Pova 6 Pro 1TB Blue,Смартфон Tecno Tecno Pova 6 Pro 64GB Black,0
Infinix Note 30 64GB Lavender,Infinix Infinix Note 30 Lavender 64GB,1
Smartfon Honor Honor Magic6 Pro 64GB Cream,Smartfon Honor Magic6 Pro 64GB/16GB Cream,1
Smartfon Honor 90 128GB/16GB Cream,Honor 90 128GB (Cream),1
Oppo A17 256GB Green,Oppo Oppo A17,1
Realme Realme Note 50,Smartfon Realme Realme Note 50 512GB Coral,0
Smartfon Infinix Hot 40 512GB/16GB Natural,Apple iPhone 12 mini,0
Smartfon Realme Realme 12 1TB Graphite,Realme Realme 12 1TB Graphite,1
Smartfon Honor 80 Pro 512GB/12GB Purple,Honor Honor 80 Pro Purple 512GB,1
Tecno Tecno Spark 20 Pro Graphite 512GB,Smartfon Tecno Spark 20 Pro 512GB/6GB Graphite,1
Realme Realme GT 5 128GB Graphite,Realme GT 5 128GB - Graphite,1
Смартфон Honor Honor Magic6 Pro 64GB Midnight,Redmi Redmi Note 11 Green 128GB,0
Oppo Find X7 1TB (Green),Oppo Oppo Find X7 12GB+1TB,0
Infinix Hot 40 Pro 64GB Silver,Infinix Hot 40 Pro 64GB (Silver),1
Galaxy S22 Ultra 64GB - Starlight,Galaxy S22 Ultra 64GB Starlight,1
redmi a5 midnight black 3 64gb,apple iphone 17 pro silver 1tb sim esim,0
Infinix Smart 8 Pro 512GB (Purple),Smartfon Infinix Smart 8 Pro 512GB/12GB Purple,1
Смартфон Apple iPhone 15 Pro 512GB Midnight,Apple iPhone 15 Pro,1
Infinix Infinix Smart 8 Pro 64GB Graphite,Infinix Infinix Smart 8 Pro 16GB+64GB,1
Oppo Oppo Find X7 Ultra,Oppo Oppo Find X7 Ultra 64GB Green,1
infinix smart 9 4 128gb mint green,infinix smart 9 4 128gb green,1
Infinix Zero 30 5G 512GB Gold,Infinix Infinix Zero 30 5G 512GB Gold,1
Vivo Vivo X100 1TB Midnight,Vivo Vivo X100,0
Smartfon Oppo Oppo Reno 10 Pro+ 64GB Purple,Oppo Oppo Reno 10 Pro+ 8GB/64GB Purple,1
Smartfon Honor X9b 64GB/6GB Titanium,iPhone 15 Plus 256GB (Purple),0
Smartfon Apple iPhone 14 Plus 64GB Blue,Smartfon Apple iPhone 14 Plus 64GB Blue,1
Apple iPhone 14 Pro 3GB/256GB Black,Apple iPhone 14 Pro,1
Tecno Camon 30 Pro 64GB - Black,Tecno Tecno Camon 30 Pro 3GB+64GB,1
Honor Honor 100 Pro White 512GB,Honor Honor 90 Lite White 512GB,0
Smartfon Apple iPhone 13 1TB Graphite,Apple iPhone 13 Graphite 1TB,1
Tecno Tecno Spark 20 8GB/128GB Graphite,Смартфон Oppo Oppo A38 512GB Gold,0
honor x6b 4 128 forest green,smartfon honor 600 lite 8 256gb velvet black ryukzak sovg aga,0
Apple iPhone 12 512GB Lavender,Apple iPhone 15 Plus 8GB+512GB,0
смартфон vivo y19s pro 6 256 silver,silver vivo y19s pro 6 256 смартфон,1
продам складной смартфон huawei mate x5 12 512 green,продам green смартфон huawei mate x5 12 512 складной,1
Honor Magic5 Pro 1TB - Coral,Smartfon Honor Honor X8b 1TB Coral,0
Xiaomi Xiaomi 14T Pro Blue 128GB,Xiaomi Xiaomi 14T Pro 6GB/64GB Green,0
смартфон samsung galaxy a35 5g 8 128gb lemon,samsung galaxy s25 5g 12 256gb icy blue icy blue 100gb internet 3 oy bepul tv com sovg a,0
Tecno Tecno Pop 8 1TB Blue,Tecno Tecno Pop 8 1TB Blue,1
Smartfon Infinix Infinix Hot 40 128GB Purple,Smartfon Infinix Hot 40 128GB/8GB Purple,1
redmi note 14 6 128gb lime green,redmi note 14 128gb lime green,1
Redmi Note 12 Pro+ 256GB (White),Smartfon Redmi Note 12 Pro+ 256GB/4GB White,1
Infinix Infinix Hot 30 Play Deep Purple 128GB,Infinix Infinix Note 30 4GB/128GB Deep Purple,0
Смартфон Redmi Redmi Note 12 Pro 64GB Coral,Redmi Redmi Note 12 Pro,1
Tecno Tecno Spark 10 Graphite 1TB,Tecno Tecno Camon 30 Pro Graphite 1TB,0
смартфон apple iphone 16 pro max 256gb black titanium,смартфон apple iphone 16 pro max 256gb titanium,1
смартфон samsung galaxy s24 12 512gb dual nano sim violet,смартфон samsung s24 12 512gb dual nano sim violet,1
смартфон honor x6 4 64gb titanium silver,смартфон honor 200 pro 12 512gb pink,0
Tecno Tecno Pova 6 Pro Gold 64GB,Smartfon Tecno Pova 6 Pro 512GB/16GB Lavender,0
Xiaomi Poco M6 Pro,Poco M6 Pro 1TB Lavender,0
смартфон honor 200 12 256gb moonlight white,honor 90 lite 8 256,0
Smartfon Tecno Tecno Camon 30 256GB Cream,Tecno Tecno Phantom V Fold 6GB+256GB,0
смартфон honor 400 5g 8 256gb midnight black,смартфон honor x7a 4 128 ocean blue,0
Honor Honor X8b 12GB/256GB Silver,Honor Honor X8b 256GB Silver,1
honor 600 pro 12 512 golden white,honor 600 golden 12 512 pro white,1
Smartfon Redmi A3 64GB/12GB Gold,Smartfon Redmi Redmi 12 64GB Gold,0
Smartfon Xiaomi 12T Pro 512GB/16GB Deep Purple,Xiaomi Xiaomi 12T Pro Gold 64GB,0
Xiaomi Poco M5s 12GB/1TB Blue,Oppo Oppo Reno 10 Pro 12GB/512GB Natural,0
смартфон vivo y04 4 128 green,iphone 15 pro max 512 sim e sim,0
Smartfon Vivo V27 Pro 512GB/6GB Coral,Vivo Vivo V27 Pro,1
Tecno Tecno Camon 20 Pro 4GB+512GB,Smartfon Tecno Camon 20 Pro 64GB/4GB Silver,0
Smartfon Tecno Tecno Pova 5 512GB Blue,Tecno Tecno Camon 20 Pro,0
Смартфон Vivo Vivo Y22s 256GB White,Vivo Vivo Y100 256GB White,0
Smartfon Honor 90 1TB/12GB Lavender,Smartfon Honor Honor 90 1TB Lavender,1
Realme Realme GT 5 Pro Purple 128GB,Smartfon Honor 100 Pro 1TB/3GB Natural,0
Vivo Vivo X100 12GB+1TB,Smartfon Vivo X100 1TB/12GB Cream,1
honor x9d 5g gold 12 256gb,honor x6c ocean cyan 6 256gb,0
Smartfon Redmi Note 13 Pro 1TB/3GB Green,Смартфон Redmi Redmi Note 13 Pro 1TB Green,1
смартфон honor x7a plus 6 128gb ocean blue,honor 400 pro 12 512gb 5g velvet black smartfoni sifatli honor ryukzaki sovg aga,0
Smartfon Tecno Camon 30 Pro 64GB/4GB Black,Galaxy A05 512GB (Deep Purple),0
Apple iPhone 13 mini 512GB Black,iPhone 13 mini 512GB Black,1
Smartfon Samsung Galaxy S21 FE 64GB Green,Samsung Galaxy S21 FE 16GB/64GB Green,1
samsung a57 5g доставка проверка при получении,samsung 5g доставка проверка при получении,1
зарядное устройство ugreen 38w usb c wall charger eu white,зарядное ugreen 38w usb c wall charger eu white,1
Oppo Oppo Find X7 3GB/256GB Cream,Oppo Find X7 256GB Cream,1
galaxy a37 8 128 gray sm a376ezadsoz,redmi note 15 purple 8 256gb,0
redmi 13 6 128 ocean blue,смартфон honor x6b 6 128gb forest green,0
Смартфон Apple iPhone 15 Pro 256GB Silver,Smartfon Apple iPhone 15 Pro 256GB Silver,1
vivo y29 8 256gb white,vivo white 8 256gb y29,1
Смартфон Samsung Galaxy A05 1TB Cream,Samsung Galaxy S23 FE 16GB+1TB,0
смартфон honor 200 12 256gb coral pink,смартфон honor 70 8 256gb global emerald green,0
redmi note 14 pro 5g midnight black 8 256gb,redmi note 8 pro,0
Infinix Infinix Zero 20,Infinix Zero 20 64GB - Starlight,1
Honor Honor X8a 128GB Cream,Honor Honor X8a 3GB+1TB,0
Honor X8b 512GB (Silver),Smartfon Honor 90 512GB/6GB Silver,0
смартфон apple iphone 16 256gb pink,смартфон apple iphone 16 256gb,1
смартфон samsung galaxy s25 ultra 16 1024gb titan grey,смартфон samsung s25 ultra 16 1024gb titan grey,1
Infinix Infinix Note 40 Pro 256GB Natural,Infinix Infinix Note 40 Pro 256GB Natural,1
Oppo Oppo Find X7 3GB+1TB,Oppo Find X7 1TB (Lavender),1
Galaxy S23 Ultra 128GB - Graphite,Galaxy S23 Ultra 128GB Graphite,1
смартфон iphone 12 256gb blue,xiaomi redmi note 15 pro 12 512gb black smartfoni,0
Smartfon Honor Honor X7b 1TB Gold,Honor X7b 1TB - Gold,1
Smartfon Honor 200 Pro 512GB/6GB Gold,Honor 200 Pro 512GB (Gold),1
смартфон apple iphone se 2020 64gb red,huawei mate x6 black 12 512gb,0
Realme Realme C55 256GB Natural,Vivo Vivo V30 6GB+1TB,0
Smartfon Honor Honor 100 Pro 64GB Silver,Honor Honor 100 Pro 64GB Silver,1
Смартфон Xiaomi Poco M5s 128GB Black,Xiaomi 13T 128GB (Black),0
Vivo X100 Pro 256GB Deep Purple,Vivo Vivo X100 Pro Deep Purple 256GB,1
смартфон honor x5 plus 4 64 green,смартфон xiaomi redmi note 13 5g 6 128gb arctic white,0
redmi note 15 pro plus 5g доставка проверка при получении,redmi a5 3 64 ocean blue,0
Honor Honor X9a Gold 1TB,Honor Honor X9a 4GB/128GB Lavender,0
Samsung Galaxy S24 Ultra 8GB+256GB,Galaxy S24 Ultra 256GB (Midnight),1
Honor 200 Pro 512GB - Gold,Honor Honor 100 Pro 4GB+512GB,0
Смартфон Tecno Tecno Spark 20 512GB Green,Smartfon Tecno Pova 6 512GB/6GB Green,0
Samsung Galaxy S23 Ultra,Smartfon Infinix Infinix Zero 20 128GB Green,0
смартфон xiaomi redmi 15 6 128 гб midnight black,смартфон xiaomi redmi note 15 pro 12 512gb night black,0
Honor Honor X7b 16GB/128GB Gold,Smartfon Honor Honor X7b 128GB Gold,1
Smartfon iPhone 14 Plus 64GB/3GB Green,Infinix Infinix Zero 30 256GB Gold,0
смартфон honor x5 2 32gb orange,смартфон samsung galaxy s26 ultra 16 1tb dual esim violet,0
Smartfon Galaxy Z Fold 4 1TB/12GB Deep Purple,Galaxy Z Fold 4 128GB - Natural,0
Infinix Infinix Smart 8 Pro 4GB+512GB,Smartfon Infinix Infinix Smart 8 Pro 128GB Blue,0
Tecno Tecno Camon 30 Pro 128GB Natural,Tecno Camon 30 Pro 128GB Natural,1
Smartfon Realme Realme 9 Pro+ 128GB Deep Purple,Realme Realme 9 Pro+,1
смартфон samsung galaxy a33 5g 6 128gb black,смартфон samsung galaxy a33 5g 6 black,1
телефон nokia 230 dual sim black,смартфон samsung galaxy s24 8 128gb dual esim yellow,0
iphone xs 1yilllll,iphone 1yilllll,1
Realme Realme GT 5,Smartfon Realme 12 512GB/16GB Cream,0
Smartfon iPhone 12 Pro Max 512GB/3GB Silver,Apple iPhone 12 Pro Max Natural 256GB,0
смартфон honor x8c 6 128gb midnight black,смартфон honor x6c 6 128 гб midnight black,0
Smartfon Realme GT 5 Pro 256GB/4GB White,Realme Realme GT 5 Pro Blue 128GB,0
Realme Note 50 1TB (Midnight),Smartfon Realme Note 50 1TB/16GB Midnight,1
Vivo V30 256GB (Purple),Vivo Vivo X90 Pro 8GB+256GB,0
honor 400 pro 12 512gb 5g lunar grey smartfoni honor ryukzaki sovg aga,смартфон xiaomi redmi note 15 pro 5g 12 512gb glacier blue,0
Смартфон Apple iPhone 15 Pro Max 512GB Midnight,Apple iPhone 15 Pro Max,1
Smartfon Realme C65 512GB/3GB Graphite,Infinix Note 30 Pro 1TB - Coral,0
Smartfon Galaxy S22 Ultra 64GB/16GB Cream,Smartfon Samsung Galaxy S22 Ultra 64GB Cream,1
Tecno Pop 8 256GB (Coral),Tecno Tecno Pop 8 Lavender 512GB,0
Смартфон Redmi Redmi Note 13 128GB Silver,Redmi Note 12 Pro 128GB (Silver),0
Xiaomi Xiaomi 13T 12GB/512GB Purple,Smartfon Xiaomi Xiaomi 13T 1TB Blue,0
Infinix Hot 40 Pro 512GB (Deep Purple),Smartfon Samsung Galaxy A55 5G 64GB Lavender,0
xiaomi redmi note 14 pro 5g 8 256gb global version blue 100gb of internet 3 months of tv com for free,смартфон xiaomi poco m8 pro 5g 8 256gb green,0
смартфон honor 600 lite 8 256gb velvet black,смартфон honor x9d 12 512gb burgundy,0
Smartfon Apple iPhone 14 Pro Max 512GB Gold,Smartfon iPhone 12 Pro Max 512GB/8GB Gold,0
redmi 17 4g oak green 4 128gb,продам redmi note 15 pro plus 5g 12 512 brown,0
Tecno Pova 5 Pro 512GB - Purple,Realme 12+ 1TB (Coral),0
Smartfon Poco X6 Pro 512GB/4GB Cream,Smartfon Apple iPhone 14 Pro 256GB Graphite,0
Honor 100 1TB Coral,Vivo V30 64GB Natural,0
Xiaomi Poco M6 Pro,Xiaomi 11T Pro 128GB - Starlight,0
honor x9d 5g 8 256,honor x8b 8 256gb titan kumush smartfoni,0
Redmi Redmi Note 13,Smartfon Redmi Note 13 512GB/8GB Lavender,1
смартфон honor 70 12 256gb global blue,смартфон honor 70 12 global blue,1
смартфон iphone 13 pro 128gb gold dual,смартфон iphone 13 pro 128gb gold,1
iPhone 12 256GB (Natural),Apple iPhone 12 Titanium 1TB,0
Honor X7a 1TB Graphite,Honor 100 1TB (Graphite),0
Tecno Tecno Pova 6 8GB/128GB Coral,Tecno Pova 6 128GB - Coral,1
Realme Realme 12 Pro+,Realme 12 Pro+ 64GB - Titanium,1
смартфон apple iphone 12 pro max 256 гб gold,смартфон xiaomi redmi 15 8 256gb midnight black,0
смартфон xiaomi mi a1 4 32gb black,смартфон xiaomi poco x8 pro 8 256gb green,0
Infinix Infinix Smart 8 Pro Graphite 128GB,Infinix Smart 8 Pro 128GB - Graphite,1
Smartfon Redmi Redmi 12C 256GB Coral,Smartfon Redmi Redmi 12C 256GB Coral,1
смартфон honor x6c 6 256 black,honor x6c 6 256 black,1
Tecno Tecno Camon 20 Pro 64GB Natural,Tecno Spark 20 Pro+ 64GB (Natural),0
Smartfon Galaxy Z Flip 5 64GB/4GB Purple,Samsung Galaxy Z Flip 5 64GB Purple,0
Vivo Y35 128GB (Blue),Vivo Vivo Y35 3GB/128GB Blue,1
Samsung Galaxy A54 5G Midnight 512GB,Galaxy Z Fold 5 512GB (Midnight),0
Vivo Vivo Y100 512GB Starlight,Vivo Y100 64GB - Coral,0
Смартфон Redmi Redmi Note 13 Pro 64GB Natural,Redmi Redmi 12 6GB+64GB,0
Apple iPhone 13 mini 512GB Green,iPhone 13 mini 512GB Green,1
Xiaomi Xiaomi 14 Pro Titanium 512GB,Xiaomi 14 Pro 256GB (Green),0
Smartfon Vivo Vivo Y22s 512GB Titanium,Vivo Y22s 64GB (Green),0
Realme C55 512GB (Midnight),Realme Realme C55 12GB/256GB White,0
Samsung Galaxy A15 12GB+512GB,Samsung Galaxy S21 FE 12GB/512GB Coral,0
Smartfon Infinix Infinix Hot 40 Pro 64GB Starlight,Tecno Camon 20 Pro 1TB - Coral,0
redmi a7 pro black 4 64gb,redmi note 11 128gb,0
смартфон realme c71 white 8 256gb,galaxy a37 8 128 gray sm a376ezadsoz,0
Vivo Vivo V30 Pro 64GB Gold,Smartfon Vivo V30 Pro 64GB/16GB Gold,1
Honor Honor 80 Pro,Honor Honor 80 Pro 4GB+128GB,1
смартфон infinix hot 60 pro 8 256gb black,смартфон infinix hot 60 8 256gb black,1
смартфон iphone 7 plus 32gb rose,смартфон iphone 7 32gb rose,1
смартфон apple iphone 16 512gb dual esim teal,смартфон apple iphone esim 512gb dual 16 teal,1
Смартфон Xiaomi Xiaomi 14 256GB Lavender,Xiaomi Xiaomi 14 Lavender 256GB,1
смартфон xiaomi mi9 se 6 64gb black,смартфон xiaomi mi9 se 64gb black,1
iPhone 12 Pro Max 256GB - Titanium,Apple iPhone 12 Pro Max 12GB+1TB,0
smartfon samsung galaxy a37 5g 8 256gb light violet,samsung galaxy a37 5g 8 256gb light violet,1
Smartfon Oppo Oppo Find X7 Ultra 512GB Silver,Oppo Find X7 Ultra 512GB - Silver,1
Honor Honor 100 White 64GB,Honor Honor 100 64GB White,1
Smartfon Vivo Y36 64GB/3GB Blue,Vivo Y36 1TB - Natural,0
Infinix Infinix Zero 30 12GB+64GB,Realme Realme 9 Pro+,0
Honor Honor 200 Pro Coral 256GB,Honor Honor 200 Pro 64GB Lavender,0
samsung galaxy s26 ultra 5g 12 512gb smartfoni qora sm s948bzkcsoz,смартфон camon 30 5g 8 256 basaltic dark,0
Redmi Redmi K60 Lavender 64GB,Redmi Redmi K60 6GB/64GB Lavender,1
Honor Magic5 Lite 128GB Green,Honor Magic5 Lite 128GB Green,1
redmi a7 pro 4 128 black,redmi 15 midnight black 8 256gb,0
смартфон realme c30s rmx3690 4 64gb stripe blue,смартфон stripe c30s rmx3690 4 64gb realme blue,1
Tecno Tecno Pova 6 16GB/1TB Graphite,Tecno Tecno Spark 10 Graphite 1TB,0
redmi note 15 forest green 6 128gb,redmi not 12 ideal,0
redmi note 15 sandy purple 8 128gb,redmi 15c midnight black 8 256gb,0
redmi not 8 128gb,redmi 15c mint green 4 256gb,0
redmi note 15 pro plus 5g доставка проверка при получении,redmi a5 3 64 lake green,0
Honor Honor 100 Pro 16GB/256GB Coral,Honor Honor 100 Pro Coral 256GB,1
honor magic8 pro 12 512gb sunrice gold,honor 400 8 256gb midnight black,0
Honor X8b 256GB Natural,Honor Honor X8b,1
Xiaomi Xiaomi 13T 64GB Blue,Honor Honor X7b,0
Realme Realme 11 Pro 3GB/512GB Starlight,Realme C67 512GB (Starlight),0
смартфон samsung galaxy s24 12 512gb nano sim esim violet,смартфон infinix smart 8 plus 4 64gb galaxy white,0
Smartfon Redmi Redmi Note 13 4G 1TB Silver,Смартфон Redmi Redmi Note 13 4G 1TB Silver,1
motorola moto g75 blue 8 256gb,motorola moto g75 8 256gb,1
honor x9d 8 256gb reddish,honor x8d 8 128gb velvet gray,0
Tecno Tecno Camon 30 16GB+128GB,Realme 12 Pro 512GB - Black,0
Smartfon Oppo Oppo A17 256GB Natural,Oppo Oppo A17 4GB+256GB,1
honor x9d 12 256 midnight black,honor 256 12 x9d midnight black,1
смартфон honor x5b 4 64gb ocean blue,смартфон honor x9b 5g 8 256gb moroccan orange,0
смартфон realme c25y 4 128gb gray,смартфон honor x9c smart 8 256 white,0
Vivo Y100 64GB - Titanium,Redmi Note 12 256GB (Graphite),0
Oppo Oppo Find X7 3GB/256GB Titanium,Infinix Infinix Note 40 3GB+512GB,0
Xiaomi Xiaomi 14T Pro Natural 256GB,Smartfon Xiaomi 14T Pro 256GB/8GB Natural,1
Samsung Galaxy Z Fold 4 3GB+1TB,Samsung Galaxy Z Fold 4 3GB+1TB,1
Infinix Zero 20 64GB Purple,Смартфон Infinix Infinix Zero 20 64GB Purple,1
Honor 100 Pro 128GB Deep Purple,Honor 100 Pro 128GB - Deep Purple,1
apple iphone 17 pro max silver 512gb sim esim,samsung galaxy s26 12 256gb violet,0
Honor X8b 64GB Green,Honor Honor X8b 64GB Green,1
Xiaomi Xiaomi 12X,Xiaomi Xiaomi 12X 1TB Midnight,0
Realme Realme GT Neo 5 SE,Tecno Tecno Spark 20 Pro 4GB+256GB,0
смартфон xiaomi redmi note 13 8gb 256gb,смартфон xiaomi 17 black 256 гб,0
samsung gallaxy s25 ultra,gallaxy s25 ultra,1
iPhone 14 Pro 128GB (Starlight),Apple iPhone 14 Pro,0
redmi note 14 8 256 midnight black,redmi note 13 pro 5g moonlight white 8 256gb,0
Galaxy A05s 1TB (Natural),Galaxy A05s 1TB Natural,1
Realme C65 1TB Silver,Smartfon Realme Realme C65 1TB Silver,1
смартфон tecno spark 10c 4 128gb black,смартфон xiaomi poco c85 6 128gb black,0
Vivo Vivo Y35 3GB+64GB,Vivo Vivo Y35 Graphite 64GB,1
Oppo Oppo A17 3GB/256GB Blue,Smartfon Oppo Oppo A17 1TB Starlight,0
Realme 12 Pro+ 1TB (Deep Purple),Smartfon Realme Realme 12 Pro+ 128GB Silver,0
Galaxy S22 256GB - Deep Purple,Galaxy S22 256GB (Deep Purple),1
Vivo X100 Pro 1TB - Coral,Vivo Vivo X100 Pro 1TB Coral,1
смартфон xiaomi redmi note 13 5g 8 256gb ocean teal,смартфон xiaomi redmi note 5g 13 8 256gb ocean teal,1
Smartfon Realme GT Neo 5 SE 64GB/6GB White,Realme GT Neo 5 SE 64GB (White),1
телефон novey b300 темно синий,redmi note 15 6 128gb glacier blue,0
Smartfon Honor X9a 128GB/16GB Green,iPhone 12 Pro 256GB (Lavender),0
Samsung Galaxy A15 1TB Blue,Samsung Galaxy A15 8GB+1TB,1
Смартфон Apple iPhone 14 Pro Max 1TB White,Smartfon Apple iPhone 14 Pro Max 1TB White,1
Vivo V30 64GB - Midnight,Vivo Vivo V30 256GB Green,0
Oppo Oppo Reno 10 Pro+,Smartfon Oppo Reno 10 Pro+ 1TB/3GB Midnight,1
Apple iPhone 14 Pro Max 16GB/1TB Midnight,Vivo V30e 64GB - White,0
Smartfon Xiaomi Xiaomi 11 Ultra 1TB Deep Purple,Xiaomi Poco M5s 16GB+1TB,0
смартфон honor x7a 4 128gb ocean blue,смартфон x7a 4 128gb ocean blue,1
Realme Realme 12 Pro White 64GB,Realme Realme 12 Pro White 64GB,1
redmi note 13telfon sotiladi,redmi a7 pro black 4 128gb,0
Samsung Galaxy S23 Ultra,Samsung Galaxy S23 Ultra Gold 512GB,1
Смартфон Honor Honor X7b 128GB Midnight,Смартфон Honor Honor 200 128GB Midnight,0
Honor Honor X9a 64GB Natural,Xiaomi Xiaomi 13,0
Xiaomi Poco X5 Natural 128GB,Poco X5 64GB Gold,0
Redmi Redmi Note 12 1TB Green,Смартфон Redmi Redmi Note 12 128GB Silver,0
смартфон honor x6a 6 128gb dual nano sim синий,смартфон honor x6a 6 128gb dual nano синий,1
смартфон honor 70 8 256gb global blue,смартфон honor 70 8 256gb blue,1
Smartfon Realme C53 1TB/16GB Gold,Realme C53 1TB Gold,1
Apple iPhone 12 Pro 512GB Blue,Apple iPhone 11 Pro 512GB Blue,0
Смартфон Honor Honor 90 Pro 128GB Cream,Honor Honor 90 Pro,1
Vivo V29 512GB Cream,Vivo Vivo Y200 Cream 512GB,0
Smartfon Tecno Tecno Phantom X2 Pro 1TB Silver,Redmi Note 11 64GB White,0
Смартфон Infinix Infinix Note 40 256GB Purple,Infinix Infinix Smart 8,0
Oppo Oppo A79 5G,Oppo A79 5G 256GB (Coral),1
Смартфон Infinix Infinix Hot 40 1TB Coral,Infinix Infinix Hot 40 Coral 1TB,1
Смартфон Infinix Infinix Hot 40 512GB Graphite,Смартфон Apple iPhone SE 3 256GB Green,0
Apple iPhone 11 64GB Midnight,Smartfon Honor Honor Magic5 Lite 512GB Starlight,0
Smartfon Realme 12 128GB/6GB Graphite,Realme 12 128GB - Graphite,1
Смартфон Redmi Redmi Note 13 Pro 128GB Titanium,Смартфон Apple iPhone 13 Pro 512GB Starlight,0
Tecno Tecno Spark 10 Titanium 1TB,Tecno Tecno Spark 10 12GB+1TB,1
телефон vivo y35,телефон y35,1
смартфон infinix hot 50 pro 8 256gb purple,смартфон xiaomi mi 5х 4 64gb gold,0
honor x9c smart 8 256gb midnight black,smartfon honor 600 8 256gb white,0
Realme C53 128GB (Silver),Tecno Tecno Pova 5 Pro 256GB Black,0
Realme C67 512GB Cream,Smartfon Realme C53 512GB/3GB Cream,0
смартфон honor x7d 6 128 гб desert gold,штатив jmary mt 75,0
Tecno Phantom V Fold 512GB Green,Tecno Pova 5 Pro 512GB Green,0
Redmi 12 512GB (Gold),Smartfon Galaxy S23+ 64GB/6GB Titanium,0
смартфон samsung galaxy a13 3 32gb black,смартфон samsung galaxy black 3 32gb a13,1
Смартфон Oppo Oppo Reno 10 1TB Cream,Oppo Oppo Reno 10,1
Realme Realme C33 64GB Deep Purple,Realme Realme C33 Deep Purple 64GB,1
realme note 70 4 128gb gold,realme note 4 70 128gb gold,1
Смартфон Oppo Oppo A79 5G 128GB Coral,Smartfon Oppo Oppo A79 5G 64GB Midnight,0
Vivo X100 Pro 1TB Titanium,Vivo Vivo V29 Pro,0
Vivo Vivo X100 512GB Green,Smartfon Vivo Vivo X100 512GB Green,1
Смартфон Honor Honor Magic5 Lite 1TB Natural,Honor Honor Magic5 Lite Natural 1TB,1
Smartfon Realme C53 256GB/3GB Natural,Infinix Infinix Hot 40 White 1TB,0
смартфон xiaomi redmi note 15 pro 8 256 blue,xiaomi redmi note 15 pro 5g 12 512gb glacier blue smartfoni,0
Smartfon Infinix Hot 30 Play 64GB/12GB Natural,Infinix Infinix Hot 30 Play,1
Смартфон Oppo Oppo A78 512GB Blue,Samsung Galaxy A25 Gold 128GB,0
Tecno Pova 5 128GB Cream,Tecno Pova 5 128GB (Cream),1
Смартфон Realme Realme C53 256GB Silver,Smartfon Realme 12 Pro 256GB/8GB Silver,0
смартфон apple iphone 15 128gb yellow,redmi 17 4g deep blue 8 256gb,0
Смартфон Redmi Redmi Note 13 Pro+ 1TB Deep Purple,Redmi Redmi Note 13 Pro+ Deep Purple 1TB,1
Oppo Oppo A38 8GB/128GB Graphite,Realme Realme C55 Natural 256GB,0
Vivo V29 Pro 512GB (White),Vivo Vivo Y200 Pro,0
Xiaomi Poco X6 6GB/512GB Graphite,Poco X6 512GB Graphite,1
iPhone 14 64GB Titanium,Смартфон Samsung Galaxy M14 128GB Purple,0
Oppo A58 64GB Graphite,Oppo Oppo A58 Graphite 64GB,1
Samsung Galaxy F14 5G 4GB+256GB,Смартфон Samsung Galaxy F14 5G 256GB Starlight,1
смартфон apple iphone 13 pro 1tb green,смартфон apple iphone 13 pro green,1
Galaxy M34 5G 128GB Coral,Galaxy M34 5G 128GB (Coral),1
Smartfon Honor Honor X7a 64GB Green,Honor Honor X7a 128GB Blue,0
Смартфон Honor Honor X9a 1TB Titanium,Honor Honor X9a Titanium 1TB,1
apple iphone 14 plus 256gb dual 1 sim фиолетовый,iphone apple 14 plus 256gb dual 1 sim фиолетовый,1
Redmi Redmi Note 11 Coral 128GB,Redmi Redmi Note 11 6GB+128GB,1
смартфон infinix gt 30 pro 12 256gb dark flare,смартфон infinix gt flare pro 12 256gb dark 30,1
Tecno Pop 8 64GB - Lavender,Tecno Tecno Pop 8 8GB+64GB,1
Infinix Infinix Zero 20,Infinix Zero 20 256GB Graphite,0
Honor Honor Magic5 Lite 16GB+256GB,Смартфон Honor Honor Magic5 Lite 256GB Green,1
Oppo Reno 12 256GB - Midnight,Oppo Reno 11 256GB - Midnight,0
Xiaomi 13T 256GB Natural,Smartfon Xiaomi Poco F5 256GB Natural,0
Honor Honor 100 Pro 8GB+128GB,Honor 100 Pro 128GB Coral,0
Smartfon Vivo V30 512GB/8GB Titanium,Vivo Vivo V29 Pro,0
Xiaomi 11 Ultra 1TB - Gold,Xiaomi 11 Ultra 1TB Gold,1
redmi note 14 midnight black 8 128gb,redmi a5 4 128 sandy gold,0
смартфон vivo v25 pro 12 256gb gold,смартфон xiaomi poco m6 pro 12 512gb global dual nano sim blue,0
Tecno Phantom X2 Pro 512GB (Black),Vivo Vivo Y200,0
Смартфон Tecno Tecno Spark 10 512GB Deep Purple,Smartfon Tecno Pova 5 Pro 512GB/3GB Deep Purple,0
Смартфон Vivo Vivo X90 Pro 64GB Lavender,Vivo X90 Pro 64GB - Lavender,1
зарядное устройство anker powerport mini 2 pack dual 12w white,устройство anker powerport mini 2 pack dual 12w white,1
Infinix Infinix Hot 30 Play 256GB Titanium,Redmi Redmi Note 12 Pro+ 4GB+128GB,0
Infinix Infinix Zero 20 Starlight 128GB,Infinix Infinix Zero 20 Starlight 128GB,1
смартфон honor x7d 6 128 velvet black,смартфон honor x7b 8 256gb shimmering silver,0
Apple iPhone 14 Plus 1TB Green,Smartfon Tecno Tecno Pova 6 256GB Silver,0
смартфон honor x8a 6 128gb black,смартфон huawei nova 12s 8 256 blue,0
Smartfon Infinix Smart 8 Pro 64GB/8GB Midnight,Infinix Smart 8 Pro 64GB - Midnight,1
смартфон realme gt 7 12 512 blue,смартфон realme 7 12 512 blue,1
смартфон vivo y04s,смартфон vivo,1
Смартфон Tecno Tecno Spark 20 Pro+ 128GB Cream,Смартфон Tecno Tecno Spark 20 Pro+ 128GB Cream,1
Oppo Oppo Reno 10 Pro 512GB Purple,Smartfon Galaxy S24+ 1TB/8GB Deep Purple,0
Smartfon Honor 90 Pro 128GB/12GB Black,Honor 90 Pro 128GB - Black,1
Smartfon Tecno Tecno Spark 10 64GB Green,Tecno Tecno Spark 10,1
Xiaomi Poco M5s 128GB Natural,Poco M5s 64GB Graphite,0
смартфон xiaomi poco x7 12 512gb green,смартфон xiaomi poco x7 12 green,1
Smartfon Tecno Tecno Pova 6 512GB White,Tecno Tecno Pova 6 4GB+512GB,1
Oppo Oppo Reno 11 Pro 512GB Gold,Oppo Oppo Reno 10 Pro+ 512GB Gold,0
беспроводные наушники ugreen hitune max5c hybrid anc black,беспроводные наушники black hitune max5c hybrid anc ugreen,1
honor 400 lite 8 256gb marrs green,honor 600 lite 8 256gb velvet grey,0
смартфон apple iphone 15 512gb black,продам oppo f27 pro plus 5g 8 128gb,0
Smartfon Xiaomi 14T Pro 1TB/3GB Deep Purple,Смартфон Xiaomi Xiaomi 14T Pro 128GB Silver,0
redmi not 8 hamma joyi ishlidi aybi yoq 128gb,redmi 12 128gb,0
смартфон xiaomi redmi 13 8 256gb sandy gold,смартфон xiaomi redmi 13 8 sandy gold,1
Realme 11 Pro+ 512GB Gold,Realme 11 Pro+ 512GB (Gold),1
Xiaomi Poco X5 Pro 3GB+1TB,Oppo A78 512GB Black,0
Apple iPhone 14 Pro Max 6GB/512GB Blue,Smartfon Apple iPhone 14 Pro Max 512GB Blue,1
Oppo Oppo Find X6 Pro Silver 1TB,Smartfon Infinix Hot 40 128GB/3GB Cream,0
Smartfon Galaxy A05 512GB/4GB Midnight,Samsung Galaxy A05 4GB/512GB Midnight,1
Honor 200 512GB - Midnight,Honor 90 Lite 512GB (Midnight),0
Honor Honor X7b,Smartfon Honor X9a 1TB/3GB Blue,0
Poco M5 512GB (Titanium),Xiaomi Poco M5 Titanium 512GB,1
Xiaomi 14T Pro 128GB - Green,Smartfon Xiaomi Xiaomi 14T Pro 128GB Green,1
Samsung Galaxy S23 256GB Black,Smartfon Samsung Galaxy A05 256GB Black,0
Xiaomi Poco M6 Pro 12GB/512GB Titanium,Xiaomi Poco M6 Pro,1
Смартфон Honor Honor X7b 1TB Green,Смартфон Honor Honor X7b 1TB Green,1
смартфон iphone se 2020 256gb white,смартфон iphone 2020 256gb white,1
Tecno Tecno Camon 30,Смартфон Tecno Tecno Camon 30 256GB Natural,1
Smartfon Realme Realme C53 1TB White,Смартфон Realme Realme C53 1TB White,1
Samsung Galaxy S23+ 6GB/1TB Graphite,Samsung Galaxy S23+ 6GB/1TB Graphite,1
samsung galaxy s25 ultra titanium silver blue 12 256gb,samsung s25 ultra titanium silver blue 12 256gb,1
новинка смартфон xiaomi 17 ultra 16 512gb eu черный,новинка смартфон xiaomi 17 ultra 16 512gb черный,1
Realme Realme 12 16GB/1TB Silver,Realme Realme 12,1
Vivo X100 Pro 128GB (Midnight),Vivo X100 Pro 128GB (Midnight),1
Smartfon Redmi 13 256GB/12GB Purple,Redmi Redmi 13C 12GB+256GB,0
iphone 13 128gb midnight,iphone 128gb midnight,1
фитнес браслет huawei honor band 6 sandstone grey,смартфон xiaomi redmi note 13 8gb 128gb,0
Smartfon Realme C53 1TB/8GB Graphite,Smartfon Realme C65 1TB/8GB Graphite,0
Смартфон Redmi Redmi Note 13 4G 1TB Titanium,Infinix Infinix Hot 40 Pro 256GB White,0
redmi note 15 8 256 purple,redmi 14c midnight black 4 128gb,0
Смартфон Xiaomi Poco X5 Pro 1TB Gold,Xiaomi Poco X5 Pro 1TB Gold,1
Oppo Oppo Reno 12 Pro,Смартфон Oppo Oppo Reno 12 Pro 512GB Deep Purple,0
Tecno Tecno Spark 10 3GB/128GB Purple,Tecno Spark 10 1TB (Black),0
Oppo Oppo Reno 10 Pro Blue 64GB,Oppo Reno 10 Pro 64GB (Blue),1
Infinix Zero 30 128GB Blue,Infinix Infinix Zero 30 Blue 128GB,1
смартфон samsung galaxy z fold 7 silver 12 512,смартфон samsung galaxy z fold 7 512 12 silver,1
смартфон xiaomi redmi note 13 pro 5g 8 256gb dual nano sim ocean teal,смартфон xiaomi redmi note 13 pro 5g 256gb dual nano sim ocean teal,1
Realme Realme 11 Pro 4GB/64GB Purple,Realme Realme 11 Pro 1TB Starlight,0
смартфон honor x5 plus 4 64 black,смартфон honor x7b 8 128gb deep black,0
Honor Honor X9a White 1TB,Honor Honor 90 Pro White 1TB,0
Honor 90 512GB (Cream),Honor 90 512GB - Cream,1
Apple iPhone 15 Pro Max 16GB/256GB Graphite,Smartfon iPhone 15 Pro Max 256GB/16GB Graphite,1
Redmi Redmi Note 12 Pro+ 3GB+128GB,Smartfon Redmi Note 12 Pro+ 512GB/3GB Coral,0
Honor Honor 90 4GB/128GB Cream,Honor 90 128GB - Cream,1
Smartfon Infinix Hot 30 Play 1TB/8GB White,Infinix Hot 30 Play 256GB (Titanium),0
Apple iPhone 12 mini 128GB Coral,Smartfon Apple iPhone 12 mini 128GB Coral,1
Xiaomi Poco X6 16GB+64GB,Smartfon Poco X6 64GB/16GB Gold,1
Honor Honor X8a 16GB+128GB,Infinix Infinix Hot 30 Play,0
Tecno Tecno Camon 20 Pro,Smartfon Tecno Tecno Camon 20 Pro 256GB Gold,1
смартфон honor x6c 6 256gb dual sim ocean blue,honor x7d black 6 128gb,0
apple iphone 14 512gb dual 1 sim темная ночь,smartfon redmi a5 3 64gb lake green,0
Realme Realme 11 Pro 6GB+256GB,Realme Realme 11 Pro 6GB+1TB,0
смартфон samsung samsung galaxy a35 5g 128gb black,смартфон samsung samsung galaxy a35 128gb black,1
Tecno Spark 10 256GB (Midnight),Tecno Tecno Spark 10 256GB Midnight,1
redmi note 14s midnight black 8 128gb,redmi note 17 sky teal 6 256gb рюкзак в подарок,0
Tecno Tecno Camon 30 Pro Titanium 256GB,Realme Realme 11 Pro Green 512GB,0
смартфон iphone 13 pro 1tb gold dual,samsung a37 5g 8 256gb,0
Honor Honor X7a 8GB/512GB Natural,Смартфон Honor Honor X7a 128GB Starlight,0
Vivo Vivo V30e 16GB/128GB Starlight,Vivo Vivo V30e Natural 1TB,0
redmi 13 6 128 midnight black,redmi 15c 4 128gb moonlight blue,0
novey alpha a10,novey a10,1
Oppo Oppo Reno 11 16GB/512GB Graphite,Oppo Oppo Reno 11 512GB Graphite,1
смартфон honor 200 lite 12 256gb starry blue,honor x6c 6 128gb midnight black,0
redmi 14c dreamy purple 6 128gb,redmi note 14 8 256 midnight black,0
Infinix Infinix Smart 8 Plus 4GB/512GB White,Infinix Infinix Smart 8 Plus White 512GB,1
Vivo Vivo V30 128GB White,Vivo Vivo V30 4GB+128GB,1
Smartfon Infinix Hot 40 Pro 256GB/3GB Natural,Смартфон Infinix Infinix Hot 40 Pro 256GB Natural,1
Smartfon Apple iPhone 12 Pro 128GB Lavender,iPhone 12 Pro 256GB Graphite,0
Tecno Tecno Pova 6 Pro,Смартфон Realme Realme 9 Pro+ 256GB Coral,0
смартфон apple iphone 16 512gb dual esim ultramarine,смартфон apple iphone 16 esim dual 512gb ultramarine,1
Smartfon Vivo Vivo Y36 1TB Gold,Smartfon Vivo Vivo Y36 64GB Coral,0
смартфон samsung galaxy s24 fe 8 256gb dual sim blue,iphone 16 pro max 256gb desert titanium smartfoni 2 sim,0
Смартфон Honor Honor X7a 512GB Cream,Smartfon Honor Honor X8a 512GB Cream,0
Vivo Y200 128GB - Titanium,Vivo Vivo V30 Pro 6GB+128GB,0
Apple iPhone SE 3 3GB+64GB,Smartfon iPhone SE 3 64GB/3GB Deep Purple,1
Apple iPhone 14 Plus Coral 512GB,Smartfon Apple iPhone 14 Plus 512GB Coral,1
Realme Realme Note 50 8GB+64GB,Смартфон Realme Realme Note 50 1TB Black,0
Honor X7b 128GB Midnight,Honor Honor X7b 3GB+256GB,0
Redmi Redmi 13 4GB/256GB Purple,Redmi Redmi 13 4GB/64GB Graphite,0
iPhone 13 512GB (Green),Apple iPhone 13 12GB/128GB Lavender,0
смартфон tecno spark 10 pro 8 128 black,black tecno spark 10 pro 8 128 смартфон,1
смартфон apple iphone air 512gb cloud white,apple iphone air 512gb cloud white,1
Tecno Tecno Camon 30 Pro 64GB Graphite,Smartfon Tecno Camon 30 Pro 512GB/4GB Coral,0
Oppo Oppo A58 64GB Cream,Oppo A58 64GB (Cream),1
redmi note 15 black 8 128gb,redmi a7 pro 4 128 mist blue,0
Infinix Hot 40 1TB (Blue),Infinix Hot 30 Play 1TB Blue,0
Oppo Oppo A38,Oppo Oppo Find X7 Ultra 3GB+64GB,0
смартфон xiaomi redmi note 15 pro 12 512gb glacier blue,смартфон xiaomi redmi note 15 pro 12 glacier blue,1
смартфон honor 400 lite 5g 8gb 256gb velvet black,смартфон honor x9 6 128gb синий,0
смартфон xiaomi 17 12 256gb black,xiaomi 17 12 256gb black,1
Vivo Vivo Y35 12GB/512GB Gold,Vivo Vivo Y35,0
смартфон xiaomi redmi note 15 pro 5g 8 512 гб titanium,смартфон xiaomi poco m6 pro 12 512gb global dual nano sim purple,0
Smartfon Tecno Spark 20 Pro+ 128GB/3GB Deep Purple,Tecno Spark 20 Pro+ 64GB (Blue),0
смартфон infinix hot 40 pro 16 256gb horizon gold,смартфон infinix gold 40 pro 16 256gb horizon hot,1
honor 400 pro 12 512gb lunar grey,honor 400 12 pro 512gb lunar grey,1
Samsung Galaxy S24 Ultra Titanium 512GB,Samsung Galaxy S24 Ultra Titanium 512GB,1
Infinix Note 30 Pro 256GB Blue,Smartfon Infinix Note 30 Pro 256GB/16GB Blue,1
Redmi 13 1TB Silver,Tecno Tecno Spark 20 4GB/512GB Green,0
Smartfon Redmi Redmi Note 12 128GB Midnight,Redmi Redmi Note 12 3GB/128GB Midnight,1
смартфон google pixel 8a 8 128 porcelain,смартфон infinix note 30 pro 8 256gb magic black,0
Vivo V29 Pro 512GB White,Oppo A58 128GB Cream,0
Smartfon Realme C55 64GB/6GB Blue,Smartfon Realme C55 64GB/6GB Blue,1
зарядное устройство xiaomi mi 20w type c,зарядное xiaomi устройство mi 20w type c,1
Смартфон Vivo Vivo Y36 256GB Natural,Vivo X100 Pro 256GB (Natural),0
Smartfon Honor X7b 512GB/16GB White,Smartfon Samsung Galaxy M14 128GB Titanium,0
смартфон iphone xs 64gb gold,смартфон xs iphone 64gb gold,1
Oppo Oppo A17 6GB/512GB Midnight,Smartfon Oppo Oppo A17 512GB Midnight,1
Realme C65 1TB - Graphite,Samsung Galaxy S22 Ultra Midnight 512GB,0
Vivo Vivo X90 Pro Green 512GB,Smartfon Vivo Vivo X90 Pro 512GB Green,1
iPhone 13 Pro 128GB - Lavender,Xiaomi Xiaomi 12T Pro,0
honor 400 12 512gb desert gold juicer 100gb internet 3 months of free tv com,смартфон honor 200 pro 16 512gb pink,0
Smartfon Redmi Redmi K70 Pro 256GB Natural,Tecno Tecno Spark 10 4GB/64GB Cream,0
redmi not 12 ideal,redmi note 15 pro 5g 8 256 black,0
Oppo A38 64GB - Midnight,Smartfon Oppo Oppo A38 64GB Midnight,1
Tecno Spark 10 128GB Cream,Смартфон Tecno Tecno Spark 10 128GB Cream,1
Smartfon Vivo V27 256GB/16GB Starlight,Vivo Vivo V27 256GB Starlight,1
samsung galaxy a07 6 128gb black,samsung galaxy black 6 128gb a07,1
Xiaomi 12X 64GB (Gold),Xiaomi Xiaomi 12X 64GB Gold,1
Apple iPhone 13 4GB/1TB Cream,Smartfon Apple iPhone 15 1TB Cream,0
Smartfon Samsung Galaxy S24 512GB Green,Смартфон Samsung Galaxy S24 512GB Green,1
смартфон realme 15t,электрическое умное сиденье для унитаза с боковой панелью,0
honor x7e midnight black 6 128gb в подарок honor choice earbuds x8,смартфон honor 70 8 128gb global emerald green,0
Oppo Oppo Find X6 Pro 12GB/128GB Gold,Smartfon Oppo Find X6 Pro 128GB/12GB Gold,1
Tecno Camon 20 Pro 512GB - White,Tecno Camon 20 Pro 512GB (White),1
Smartfon Honor 100 512GB/8GB Gold,Honor Honor 100 8GB/512GB Gold,1
Redmi Redmi 12C 12GB/512GB Purple,Смартфон Redmi Redmi 12C 512GB Purple,1
Tecno Pova 6 Pro 1TB - Natural,Tecno Tecno Pova 6 Pro Natural 1TB,1
Galaxy S23 512GB (Midnight),Galaxy S24 Ultra 512GB - Midnight,0
iphone 11 64gb ideal,11 64gb ideal,1
Honor 200 Pro 1TB (Black),Smartfon Honor 200 Pro 256GB/4GB Titanium,0
honor x8d 8 128gb smartfoni blue,смартфон honor x9 6 128gb silver,0
Samsung Galaxy F14 5G,Samsung Galaxy F14 5G,1
Infinix Infinix Note 40 6GB+512GB,Infinix Infinix Hot 40 Pro Titanium 512GB,0
смартфон samsung galaxy s25 ultra 12 512 titanium black,смартфон samsung galaxy s25 ultra 512 titanium black,1
Honor Honor 90 Pro 512GB Gold,Smartfon Honor 90 Pro 512GB/16GB Gold,1
Apple iPhone 15 Plus,iPhone 15 Plus 256GB - Natural,1
Tecno Tecno Phantom V Fold 3GB+64GB,Tecno Tecno Phantom V Fold,1
Vivo Vivo Y200 Pro 3GB+512GB,Apple iPhone 14 Plus Purple 64GB,0
smartfon honor x9c 8 256 jade cyan,смартфон honor x7d 6 128 desert gold,0
Smartfon Redmi Redmi Note 12 Pro 64GB Lavender,Redmi Note 12 Pro 128GB (Graphite),0
Oppo Reno 10 Pro 64GB Blue,Oppo Reno 10 Pro 64GB (Blue),1
Smartfon Oppo Oppo Find X6 Pro 64GB Purple,Oppo Oppo A78 16GB+64GB,0
Galaxy A05s 64GB - Coral,Galaxy A05s 64GB Coral,1
smartfon honor x7d 8 256gb black,honor x7d 8 256gb black,1
honor 600 black 8 512gb,смартфон iphone 11 pro 256gb dual green,0
iphone air 12 256gb cloud white,iphone 12 256gb cloud white,1
vivo y28 8 256gb gleaming orange,смартфон apple iphone 14 pro 512gb e sim золотистый,0
Honor Honor X8a 4GB+512GB,Redmi 12 64GB (Starlight),0
Smartfon Vivo Vivo Y100 64GB Graphite,Infinix Zero 30 5G 1TB - Purple,0
Honor Honor X8b 6GB+512GB,Honor X8b 512GB - Purple,1
Redmi K60 128GB (Silver),Redmi Redmi K60,1
смартфон realme 15 5g 12 256 silk pink,apple iphone 16 pro 512gb white titanium 100gb of internet 3 months of tv com for free,0
Smartfon Infinix Zero 20 64GB/4GB Coral,Infinix Zero 20 64GB (Coral),0
Infinix Infinix Note 30 3GB/64GB Graphite,Infinix Note 30 Pro 64GB Graphite,0
Oppo Oppo Reno 11 Pro 3GB/1TB Purple,Oppo Reno 11 Pro 512GB Gold,0
redmi 9c 3 64 пол года пользования в идеальном состоянии,redmi note 15 forest green 8 256gb,0
iPhone 14 Pro Max 256GB Natural,Apple iPhone 14 8GB+256GB,0
huawei nova 12i black 8 256gb,huawei nova 12i black 256gb,1
Infinix Infinix Hot 40 16GB+1TB,Infinix Hot 40 1TB Silver,1
honor x6c 6 128gb qora smartfoni,x6c 6 128gb qora smartfoni,1
Tecno Camon 30 1TB White,Smartfon Realme Realme 11 Pro+ 64GB Black,0
Infinix Infinix Note 30 Pro,Smartfon Infinix Note 30 Pro 1TB/4GB White,1
Samsung Galaxy A54 5G 6GB/64GB Cream,Galaxy A54 5G 64GB Cream,1
iphone 13 promaks гарантия,iphone 13 гарантия promaks,1
смартфон samsung j110h galaxy j1 ace 8 512gb black,black samsung j110h galaxy j1 ace 8 512gb смартфон,1
Honor Honor Magic5 Pro,Infinix Infinix Note 30 8GB/256GB Natural,0
смартфон realme note 70 4 128 gold,apple iphone 17 256gb 1 sim 1 esim black smartfoni,0
Oppo Oppo Reno 11 12GB+256GB,Oppo Oppo Reno 10 Coral 256GB,0
Смартфон Realme Realme C67 256GB Black,Realme Realme C67 Black 256GB,1
apple iphone 13 128gb,смартфон apple iphone 16 128gb dual esim black,0
redmi note 15 pro 12 512 black,redmi a7 pro mist blue 4 128gb,0
honor x8b 8 256gb midnight black,смартфон honor x6b 12 256gb forest green,0
смартфон apple iphone 14 pro max 256gb 1 sim серебристый,sotiladi iphone 17 pro,0
смартфон huawei nova y61 4 128 blue,128 huawei nova y61 4 смартфон blue,1
Vivo V30e 256GB (Green),Smartfon Vivo Vivo V30e 256GB Green,1
смартфон apple iphone 17 pro max 256 гб nanosim esim silver,silver apple iphone 17 pro max 256 гб nanosim esim смартфон,1
Infinix Hot 40 512GB - Midnight,Infinix Infinix Hot 40 6GB+512GB,1
смартфон xiaomi poco x6 pro 12 256gb white,смартфон xiaomi redmi note 13 pro 5g 8 256gb dual nano sim ocean teal,0
Oppo Oppo Reno 10 Pro+ 64GB Black,Smartfon Oppo Oppo Reno 10 Pro+ 512GB Natural,0
Realme Realme C33,Realme C33 1TB - Titanium,0
смартфон samsung galaxy z flip 7 12 256gb blue,смартфон samsung galaxy z 7 flip 12 256gb blue,1
Tecno Tecno Phantom V Fold,Tecno Tecno Pova 6 64GB Natural,0
Honor Honor 90 3GB/64GB Midnight,Smartfon Honor 90 64GB/3GB Midnight,1
Redmi Redmi 13C,Redmi Redmi 13C 128GB Gold,1
Samsung Galaxy S22 3GB+256GB,Galaxy S22 256GB Graphite,1
смартфон honor x8d 8 256gb corduroy black,смартфон x8d honor 8 256gb corduroy black,1
смартфон xiaomi mi 12 lite 6 128gb pink,смартфон xiaomi poco x8 pro 8 256gb white,0
Infinix Infinix Zero 30,Vivo Vivo X90 Pro 8GB+64GB,0
Oppo Oppo Find X6 Pro 256GB Silver,Oppo A17 256GB (Silver),0
Oppo Oppo Find X7,Oppo Oppo Find X7 12GB/256GB Green,1
Smartfon Xiaomi 12 512GB/12GB Silver,Xiaomi 11T Pro 512GB (Silver),0
smartfon redmi a5 3 64gb lake green,redmi 9 telefon sotiladi,0
Redmi Redmi 12C 12GB/256GB Graphite,Redmi Redmi 12C,1
Xiaomi Xiaomi 14T Pro 12GB/64GB Silver,Xiaomi Xiaomi 14 Pro,0
redmi note 14 pro 5g 8 256 frost blue,smartfon redmi a5 4 128gb midnight black,0
Realme Realme C53 Titanium 256GB,Realme Realme C53 8GB/1TB Blue,0
redmi not 8 128gb,honor x8d 8 128gb smartfoni blue,0
Xiaomi Xiaomi 11T Purple 64GB,Xiaomi Xiaomi 11T Lavender 1TB,0
Vivo X100 Pro 1TB Starlight,Smartfon Vivo X100 Pro 256GB/8GB Black,0
Galaxy A25 128GB Deep Purple,Galaxy A25 128GB (Deep Purple),1
Smartfon Redmi Redmi Note 12 Pro 512GB Blue,Redmi Note 12 Pro 1TB Graphite,0
смартфон google pixel 6 pro 12gb 512gb sorta sunny,6 google pixel смартфон pro 12gb 512gb sorta sunny,1
Oppo A78 256GB (Titanium),Oppo Oppo A78 Titanium 256GB,1
Smartfon Realme 11 Pro 64GB/12GB Coral,Realme Realme 11 Pro 12GB+64GB,1
Galaxy Z Fold 4 128GB - Titanium,Galaxy S22 Ultra 128GB - Titanium,0
Смартфон Redmi Redmi A3 64GB White,Redmi Redmi A3,0
Smartfon Tecno Spark 10 256GB/16GB Purple,Tecno Tecno Spark 10 16GB/256GB Purple,1
Xiaomi Poco X5 Pro,Galaxy A14 512GB Starlight,0
Samsung Galaxy M14 4GB/512GB Purple,Galaxy M14 512GB (Purple),1
redmi note 15 pro 5g night black 12 512gb,redmi note 15 pro night black 8 256gb,0
Poco X6 1TB Gold,Poco X6 1TB - Gold,1
Honor X8a 128GB (Lavender),Смартфон Honor Honor X7a 128GB Lavender,0
Смартфон Samsung Galaxy S24 Ultra 512GB Purple,Samsung Galaxy S24 Ultra 512GB Purple,1
vivo y11d 4 256gb black,смартфон samsung galaxy s25 ultra 12 256gb titan black,0
Smartfon Realme 12 512GB/8GB Midnight,Realme Realme 12 512GB Midnight,1
Смартфон Oppo Oppo Reno 11 Pro 512GB White,Oppo Reno 11 Pro 512GB White,1
iphone 14 128gb midnight,iphone 14 midnight,1
Smartfon Vivo Y200 64GB/3GB Cream,Vivo Vivo Y200 3GB+64GB,1
Galaxy A25 128GB - White,Smartfon Galaxy A25 128GB/16GB White,1
Смартфон Xiaomi Poco M6 Pro 256GB Natural,Xiaomi Poco M6 Pro,1
Apple iPhone 15 Pro Max 512GB Coral,Apple iPhone 15 Pro Max,1
Smartfon Tecno Spark 20 Pro+ 256GB/16GB Coral,Tecno Spark 20 Pro+ 512GB (Starlight),0
Poco F5 Pro 64GB (Coral),Smartfon Xiaomi Poco F5 Pro 64GB Coral,1
Infinix Infinix Zero 30 Deep Purple 1TB,Infinix Infinix Zero 30 Coral 128GB,0
Apple iPhone 14 Plus 3GB/128GB Black,iPhone 14 Plus 128GB (Black),1
redmi note 12 pro 8 128,redmi 13c midnight black 8 256gb,0
iphone xs 256gb,256gb xs iphone,1
смартфон apple iphone 13 pro max 128gb золотистый,смартфон apple iphone pro max 128gb золотистый,1
Xiaomi Xiaomi 12,Xiaomi 12 64GB Lavender,1
Smartfon Realme Realme Note 50 512GB White,Realme Note 50 512GB - White,1
портативная электростанция 2e bs006 2000w,motorola razr 60 lightest sky 8 256gb,0
Oppo Oppo Reno 10 8GB+128GB,Oppo Oppo Find X7,0
Vivo Y36 128GB (Coral),Vivo Vivo Y36 128GB Coral,1
Смартфон Xiaomi Xiaomi 12X 64GB Natural,Смартфон Xiaomi Xiaomi 12X 64GB Natural,1
Smartfon Realme 12 Pro+ 1TB/3GB Natural,Смартфон Realme Realme 12 Pro+ 1TB Natural,1
Smartfon Samsung Galaxy S23 1TB Blue,Smartfon Samsung Galaxy S23 1TB Blue,1
беспроводные наушники redmi buds 6 active black,redmi note 11 128tali yangi hali narxini kelishamiz,0
Smartfon Vivo Vivo X90 Pro 64GB White,Realme Realme 12 Pro 8GB/1TB Coral,0
redmi note 15 pro 5g 8 256gb titanium color,redmi 12 t sotiladi,0
смартфон xiaomi 14 pro 12 256gb dual nano sim cn silver,смартфон xiaomi pro 12 256gb dual nano sim cn silver,1
Tecno Phantom X2 Pro 256GB - Titanium,Tecno Tecno Pova 5,0
Tecno Tecno Pop 8 4GB/512GB Cream,Tecno Tecno Pop 8 4GB+256GB,0
Realme Realme C53,Smartfon Realme 11 Pro+ 256GB/16GB Natural,0
iphone 13 про 256gb обмен,обмен 13 про 256gb iphone,1
Oppo Oppo Reno 10 4GB/1TB White,Oppo Oppo Reno 10 White 1TB,1
Смартфон Vivo Vivo V30 256GB Black,Vivo V30 256GB Black,1
Infinix Smart 8 512GB Black,Смартфон Realme Realme C67 256GB Cream,0
Apple iPhone 14 Plus Cream 64GB,Smartfon Apple iPhone 14 Plus 512GB Graphite,0
Realme 11 256GB (Deep Purple),Realme Realme 11 8GB/256GB Deep Purple,1
беспроводное зарядное устройство ldnio aw004 32w pd qc,беспроводное зарядное устройство ldnio pd 32w aw004 qc,1
Honor Honor 90 Pro Black 512GB,Vivo Vivo V30e,0
Galaxy Z Fold 5 512GB (Starlight),Galaxy Z Fold 5 512GB Starlight,1
смартфон apple iphone 17 256gb lavender mg6m4af a,смартфон apple iphone lavender 256gb 17 mg6m4af a,1
Smartfon Tecno Phantom V Fold 64GB/12GB Midnight,Tecno Tecno Pova 6 Pro 12GB/64GB Midnight,0
Xiaomi Xiaomi 12T Pro,Xiaomi 12T Pro 256GB (Deep Purple),1
смартфон samsung galaxy s22 8 256gb phantom black,смартфон apple iphone 17 256gb mist blue af a 1 sim,0
смартфон iphone 13 pro max 512gb sierra blue dual,смартфон iphone 13 pro max 512gb dual blue sierra,1
смартфон infinix smart 10 hd 2 64gb black,10 infinix smart смартфон hd 2 64gb black,1
Smartfon Oppo Oppo Reno 11 64GB Deep Purple,Smartfon Oppo Reno 11 128GB/12GB Starlight,0
Redmi Redmi Note 13 512GB Blue,Redmi Redmi Note 13,1
Smartfon Redmi Redmi 13C 512GB Starlight,Smartfon Redmi Note 12 Pro 512GB/16GB Starlight,0
Redmi Note 11S 1TB (Graphite),Vivo Vivo Y200 Pro 256GB Coral,0
samsung galaxy s20,смартфон xiaomi redmi note 12 pro 4g 8 256gb dual nano sim звездно голубой,0
смартфоны samsung galaxy a73 sm a736 8 256g gray,смартфоны galaxy a73 sm a736 8 256g gray,1
смартфон samsung galaxy s26 ultra 5g white 1tb,samsung galaxy s26 ultra 5g white 1tb,1
Vivo Y35 128GB (Purple),Vivo Vivo Y200 128GB Purple,0
смартфон samsung galaxy a33 8 128gb peach,смартфон samsung galaxy 128gb 8 a33 peach,1
Смартфон Infinix Infinix Zero 20 256GB Lavender,Smartfon Realme 11 Pro+ 64GB/12GB Black,0
смартфон honor 400 lite 8 256gb velvet gray,смартфон honor gray lite 8 256gb velvet 400,1
Xiaomi 14T 512GB - Titanium,Xiaomi Xiaomi 14T 1TB Purple,0
Redmi Redmi Note 13 Pro+ 128GB Midnight,Smartfon Redmi Redmi Note 13 Pro+ 1TB Black,0
Apple iPhone 13 mini 4GB+1TB,Oppo Find X6 Pro 128GB Silver,0
Samsung Galaxy S21 FE,Samsung Galaxy S21 FE,0
Honor Honor 80 Pro Lavender 64GB,Honor 80 Pro 64GB - Lavender,1
Infinix Infinix Note 30 Pro 6GB/1TB Cream,Infinix Infinix Note 30 Pro Cream 1TB,1
Realme Realme C55 8GB+512GB,Realme C55 128GB - Midnight,0
Смартфон Infinix Infinix Zero 20 64GB Gold,Smartfon Infinix Zero 20 512GB/12GB Green,0
Tecno Pop 8 128GB (Green),Tecno Pop 8 128GB Green,1
Oppo Oppo Reno 11 6GB+64GB,Oppo Reno 11 64GB Silver,1
смартфон samsung galaxy a36 5g 8 128gb b,5g samsung galaxy a36 смартфон 8 128gb b,1
Apple iPhone 13 mini 12GB/128GB Coral,Apple iPhone 13 mini,0
Vivo V29 64GB Silver,Vivo Vivo V29 8GB/1TB Graphite,0
redmi note 15 pro glacier blue 8 256gb,redmi 15 8 256gb titan gray,0
Smartfon Xiaomi 14 128GB/12GB Black,Oppo Oppo A79 5G 12GB+1TB,0
iPhone 11 512GB (Starlight),Apple iPhone 11 1TB Gold,0
redmi not 11 satiladi,смартфон huawei nova y61 4 64gb mint green,0
Honor X8b 128GB (Cream),Smartfon Honor X8b 128GB/6GB Cream,1
смартфон honor x9d 12 512gb burgundy,honor x7a plus 6 128gb kulrang,0
Realme Realme 12 Pro,Realme Realme 12 Pro,1
Smartfon Redmi 13 256GB/3GB Silver,Smartfon Redmi Redmi 13 256GB Silver,1
Honor Honor X7a Deep Purple 256GB,Honor Honor X7a 3GB+256GB,1
Smartfon Realme 9 Pro+ 64GB/16GB Lavender,Realme 9 Pro+ 1TB Silver,0
Samsung Galaxy M14 128GB Gold,Смартфон Samsung Galaxy M14 128GB Gold,1
Infinix Zero 30 5G 128GB White,iPhone 13 256GB - Green,0
Smartfon Xiaomi 13 Ultra 256GB/6GB Titanium,Redmi 13C 512GB Gold,0
Smartfon Infinix Note 40 Pro 1TB/12GB Purple,Infinix Infinix Note 40 Pro 12GB/1TB Purple,1
Realme GT Neo 5 SE 1TB Silver,Realme Realme C55 1TB Silver,0
Smartfon Realme C67 128GB/4GB Blue,Realme Note 50 128GB Blue,0
Xiaomi Xiaomi 14 Pro Coral 512GB,Xiaomi Xiaomi 14 Pro 512GB Coral,1
Apple iPhone 14 Pro Max 4GB+128GB,iPhone 14 Pro Max 128GB - Coral,1
Honor Honor 100 12GB+128GB,Honor Honor 100,1
Oppo Oppo Find X7 Ultra 16GB/128GB Coral,Smartfon Oppo Find X7 Ultra 256GB/16GB White,0
Infinix Infinix Zero 30 8GB/64GB Titanium,Infinix Zero 30 512GB - Green,0
Vivo Vivo V27 Pro 12GB+1TB,Realme 11 256GB Natural,0
Oppo Oppo A17 White 128GB,Oppo Oppo A17 256GB Natural,0
Realme Realme C65 512GB Purple,Realme Realme C65 8GB+512GB,1
Vivo Vivo V30 Pro 8GB/64GB Blue,Vivo Vivo V30 Pro 8GB/64GB Blue,1
Smartfon Infinix Infinix Zero 30 5G 64GB Blue,Redmi Note 11 512GB Black,0
Realme 11 Pro+ 64GB Purple,Realme Realme 11 Pro+,1
Smartfon Vivo Vivo V27 256GB Lavender,Smartfon Vivo Vivo Y36 256GB Lavender,0
Смартфон Vivo Vivo X100 128GB Graphite,Vivo Vivo X100 Graphite 128GB,1
смартфон tecno spark 10 pro 8 256gb pearl white,смартфон samsung galaxy s25 5g s931 12 128gb navy,0
Smartfon Realme Realme C33 256GB Starlight,Realme C33 256GB (Starlight),1
смартфон honor x8c 6 128 гб черный,honor x5d plus 4 128 tidal blue,0
Smartfon Galaxy Z Fold 4 256GB/12GB Purple,Samsung Galaxy Z Fold 4 Purple 256GB,1
смартфон oppo a5 pro 8 256 mocha brown,oppo смартфон a5 pro 8 256 mocha brown,1
Vivo Vivo X100 Silver 128GB,Смартфон Infinix Infinix Note 40 Pro 512GB Natural,0
poco c81 pro gold 4 128gb,poco 4 pro gold c81 128gb,1
смартфон apple iphone 16 pro max 256gb dual esim natural titanium,смартфон apple iphone 16 pro max 256gb dual natural titanium,1
Tecno Spark 20 256GB (Gold),Tecno Tecno Spark 20,1
Смартфон Honor Honor 200 Pro 1TB Coral,Honor Honor 200 Pro,1
iphone 13 pro graphite rangida 128 talik 82 hamma joyi ideal qirlmagn,iphone 13 graphite rangida 128 talik 82 hamma joyi ideal qirlmagn,1
Tecno Tecno Pova 6 White 128GB,Tecno Spark 10 128GB White,0
Smartfon Realme Realme 12+ 256GB Starlight,Смартфон Realme Realme GT 5 Pro 256GB Starlight,0
Infinix Infinix Zero 30 5G,Infinix Infinix Zero 30 5G 8GB/64GB Deep Purple,0
смартфон iphone 11 pro max 512gb gray,gray iphone 11 pro max 512gb смартфон,1
Realme GT Neo 5 SE 128GB (Titanium),Smartfon Realme GT Neo 5 SE 128GB/3GB Titanium,1
Infinix Smart 8 Plus 256GB (Graphite),Infinix Infinix Smart 8 Plus 256GB Graphite,1
xiaomi redmi 15c blue 4 128gb,smartfon redmi a5 3 64gb midnight black,0
Smartfon Redmi 13 1TB/12GB Lavender,Redmi 13 1TB - Lavender,1
Smartfon Realme C65 128GB/12GB Gold,Realme Realme C65,0
смартфон xiaomi 12t pro black 8 256gb,xiaomi смартфон 12t pro black 8 256gb,1
Vivo Vivo V30e,Смартфон Vivo Vivo Y22s 64GB Black,0
Redmi K70 Pro 512GB (Deep Purple),Смартфон Redmi Redmi K70 Pro 512GB Deep Purple,1
Smartfon Samsung Galaxy A55 5G 64GB Natural,Samsung Galaxy A55 5G Natural 64GB,1
Smartfon Tecno Tecno Pova 5 Pro 256GB Graphite,Tecno Pova 5 Pro 128GB Coral,0
Smartfon Infinix Smart 8 Plus 1TB/3GB Purple,Smartfon Infinix Infinix Smart 8 Plus 256GB Deep Purple,0
honor 400 pro midnight black 12 512gb,honor 90 kafolati bor,0
Realme Realme GT 5 128GB Black,Smartfon Realme Realme GT 5 128GB Black,1
Infinix Infinix Note 40 Starlight 64GB,Infinix Note 40 64GB - Starlight,1
iPhone 11 Pro Max 256GB - Graphite,Galaxy M34 5G 1TB Blue,0
samsung galaxy a57 8 128gb gray,8 galaxy a57 samsung 128gb gray,1
Смартфон Realme Realme 12 64GB Lavender,Realme Realme 12 Blue 256GB,0
Honor Honor Magic6 Pro 64GB Titanium,Honor Magic6 Pro 64GB - Titanium,1
Smartfon Oppo Reno 11 Pro 64GB/4GB Coral,Смартфон Oppo Oppo Reno 11 Pro 128GB Black,0
Realme Realme 12 Pro Black 1TB,Realme Realme 12 Pro Black 1TB,1
Oppo A78 512GB - Lavender,Apple iPhone 15 Pro,0
Smartfon Vivo Y200 256GB/16GB Cream,Смартфон Vivo Vivo Y200 1TB White,0
Samsung Galaxy S24+ 512GB Blue,Smartfon Galaxy A54 5G 512GB/3GB Blue,0
redmi note 13 ice blue 6 128gb,redmi 15 6 128 8 128 8 256,0
смартфон infinix hot 40 16 256gb palm blue,iphone 14pro 128,0
смартфон tecno camon 50,смартфон camon 50,1
Realme 11 Pro 64GB (Titanium),Realme 11 Pro 1TB (Graphite),0
Vivo Y200 256GB (Deep Purple),Vivo Vivo Y200 Blue 1TB,0
Vivo Vivo X100 Pro,Vivo Vivo V30 Pro,0
Oppo A58 128GB Graphite,Смартфон Oppo Oppo A58 128GB Graphite,1
honor 400 lite 8 256gb velvet black на,honor 50 lite 128 6 pamet yahshi,0
Смартфон Samsung Galaxy S23+ 256GB Graphite,Samsung Galaxy S23+ 256GB Graphite,1
Tecno Spark 20 Pro 256GB - White,Oppo Oppo Reno 10 Pro+ Natural 128GB,0
Smartfon Vivo Vivo Y200 Pro 128GB Natural,Smartfon Vivo Vivo Y200 128GB Natural,0
Tecno Tecno Camon 30,Oppo Oppo Reno 11,0
Infinix Infinix Note 40 128GB Cream,Tecno Tecno Spark 10,0
redmi 15 midnight black 6 128gb,redmi 15 black midnight 6 128gb,1
Smartfon Oppo Oppo A58 128GB Black,Oppo Oppo A58 6GB/128GB Black,1
samsung galaxy a07 4 128gb black smartfoni,galaxy samsung a07 4 128gb black smartfoni,1
Smartfon Realme Realme 12 256GB Lavender,Realme 12 128GB - Green,0
Tecno Spark 20 Pro+ 256GB (Gold),Smartfon Tecno Tecno Spark 20 Pro+ 256GB Gold,1
Oppo A78 64GB Natural,Смартфон Honor Honor 80 Pro 128GB Silver,0
smartfon honor x7d 6 128gb gold,smartfon honor 600 8 256gb white,0
Smartfon Xiaomi Xiaomi 12X 512GB Coral,Smartfon Xiaomi 12X 256GB/8GB Blue,0
смартфон oppo a5 8 256 mist white,смартфон samsung galaxy a36 256gb lavender,0
Infinix Note 40 Pro 64GB - Coral,Vivo Vivo Y22s 16GB+1TB,0
Redmi Note 11 Pro 512GB - Gold,Tecno Tecno Spark 20 Pro+ 64GB Deep Purple,0
galaxy a56 8 256gb graphite,galaxy 8 a56 256gb graphite,1
Redmi Redmi Note 12 64GB Purple,Smartfon Redmi Note 12 Pro+ 64GB/8GB Purple,0
смартфон samsung galaxy a26 5g 8 256gb,смартфон samsung galaxy 256gb 5g 8 a26,1
смартфон honor 70 8 256gb global crystal silver,honor 400 gold 12 256gb,0
smartfon honor x7d 6 128gb gold,smartfon honor 128gb 6 x7d gold,1
Samsung Galaxy S22 Ultra 4GB/1TB Natural,Смартфон Redmi Redmi Note 13 Pro+ 64GB White,0
смартфон samsung galaxy s26 12 256gb dual esim white,смартфон honor x9b 12 256gb black eac,0
Vivo Y100 128GB (Titanium),Смартфон Vivo Vivo Y100 128GB Titanium,1
смартфон samsung galaxy s26 ultra 5g white 1tb,iphone xs 64gb korea,0
Infinix Infinix Hot 40,Infinix Infinix Hot 40 6GB+64GB,1
Honor Honor X7a 12GB/512GB Midnight,Honor X7a 256GB - White,0
iphone 17 pro max 256gb cosmic orange,iphone 17 pro 256gb cosmic orange,1
Samsung Galaxy A34,Smartfon Galaxy A34 64GB/12GB Graphite,0
Smartfon Apple iPhone 12 Pro 1TB Titanium,Смартфон Apple iPhone 12 Pro 1TB Titanium,1
iPhone 13 Pro Max 64GB Gold,Apple iPhone 12 64GB Gold,0
смартфон huawei nova 13 pro 12gb 512gb,смартфон huawei nova 13 12gb 512gb,1
Galaxy Z Fold 5 1TB - Purple,Galaxy Z Fold 5 1TB Purple,1
honor 400 12 512gb 5g desert gold smartfoni honor ryukzagi sovg aga,honor 600 pro 12 512 orange,0
Honor Honor X9b 12GB+128GB,Honor Honor X9b 12GB/1TB Green,0
Redmi Redmi Note 11S 1TB Cream,Смартфон Redmi Redmi Note 11S 512GB Midnight,0
Vivo Vivo V30e Green 256GB,Honor Honor 200 Pro,0
huawei nova 12s white 8 256gb,huawei nova 12s white 256gb,1
Vivo Vivo Y36,Smartfon Vivo Y36 1TB/4GB Titanium,1
Xiaomi 14 512GB Black,Xiaomi Xiaomi 14 16GB/256GB Blue,0
Galaxy F14 5G 256GB Graphite,Samsung Galaxy F14 5G 6GB/128GB Silver,0
смартфон xiaomi 17t pro 12 512gb deep violet,смартфон pro 17t xiaomi 12 512gb deep violet,1
смартфон xiaomi redmi 15c 8 256 moonlight blue,смартфон xiaomi redmi note 13 pro 5g 12 512gb nano sim esim ocean teal,0
смартфон samsung galaxy a16 256gb gray sm a165f,смартфон samsung sm a16 256gb gray galaxy a165f,1
Oppo Oppo Reno 10 Pro+ 256GB Deep Purple,Oppo Reno 10 Pro+ 256GB (Deep Purple),1
Смартфон Infinix Infinix Smart 8 Plus 64GB Starlight,Infinix Infinix Smart 8 Plus 3GB+64GB,1
Oppo Oppo Find X6 Pro 12GB+1TB,Oppo Oppo Find X6 Pro 128GB Purple,0
Honor Honor X8a 256GB Natural,Honor 100 Pro 256GB (Natural),0
Smartfon Apple iPhone 13 128GB Graphite,Apple iPhone 14 Pro Max 128GB Graphite,0
Apple iPhone 13 Pro,iPhone 13 Pro 256GB - Midnight,1
смартфон honor x9a 8 256 emerald green,honor 400 8 256gb 5g midnight black smartfoni,0
Tecno Tecno Pova 5 Pro 12GB/512GB Midnight,Smartfon Samsung Galaxy S24+ 128GB Purple,0
Infinix Infinix Hot 30 Play Black 512GB,Smartfon Infinix Infinix Smart 8 Pro 512GB Black,0
Смартфон Apple iPhone 13 Pro Max 128GB Midnight,Apple iPhone 13 Pro Max 3GB/128GB Midnight,1
Realme Realme 11 Pro 16GB+64GB,Realme Realme 11 Pro 16GB+1TB,0
Apple iPhone 11 Pro Max 64GB Lavender,Galaxy Z Fold 4 1TB - Natural,0
Redmi Redmi A2+ 6GB+1TB,Redmi Redmi A2+ 6GB+1TB,1
Realme C67 128GB (Black),Realme C67 256GB - Blue,0
Honor 200 Pro 64GB Cream,Смартфон Honor Honor 200 Pro 1TB Natural,0
смартфон apple iphone 14 pro 128gb e sim золотистый,apple iphone 14 pro 128gb e sim золотистый,1
смартфон samsung galaxy a17 6 128gb black,128gb samsung galaxy a17 6 смартфон black,1
Vivo Vivo X90 Pro 1TB Midnight,Vivo X90 Pro 128GB Purple,0
Vivo Y35 64GB - Black,Vivo Vivo Y35 Black 64GB,1
Смартфон Infinix Infinix Hot 40 Pro 512GB Silver,Smartfon Infinix Infinix Hot 40 Pro 512GB Silver,1
Samsung Galaxy S24+ 6GB+512GB,Galaxy S24+ 512GB (Cream),1
смартфон apple iphone 17 256gb white af a 1 sim,смартфон apple iphone 256gb white af a 1 sim,1
iPhone 12 64GB (Deep Purple),Samsung Galaxy S24+,0
смартфон samsung galaxy a51 4 64gb black,смартфон samsung galaxy a51 4 64gb,1
poco x8 pro mint green 12 512gb,poco green pro mint x8 12 512gb,1
Tecno Tecno Pova 5 Pro White 256GB,Tecno Pova 5 Pro 256GB - White,1
смартфон xiaomi redmi note 15 pro 5g 8 256gb mist purple,смартфон xiaomi redmi note mist pro 5g 8 256gb 15 purple,1
Smartfon Honor Honor Magic5 Lite 128GB Titanium,Honor Magic5 Lite 128GB - Titanium,1
Smartfon Infinix Infinix Hot 30 Play 512GB Silver,Infinix Infinix Hot 30 Play,1
Смартфон Honor Honor 90 1TB Purple,Smartfon Honor Honor X7b 1TB Purple,0
Smartfon Redmi Note 12 512GB/8GB Gold,Redmi Redmi Note 12 8GB/512GB Gold,1
смартфон xiaomi redmi a5 4 128 ocean blue,xiaomi redmi a5 4 128 ocean blue,1
Смартфон Realme Realme 11 Pro+ 128GB White,Realme Realme 11 Pro+,0
xiaomi redmi 15c midnight black 8 256gb,xiaomi redmi midnight black 8 256gb,1
Tecno Tecno Spark 20 Pro+ Coral 1TB,Tecno Tecno Spark 20 Pro+ 1TB Coral,1
смартфон huawei nova 13 12 256 green,смартфон samsung galaxy a26 8 256gb black,0
Xiaomi Poco F5 256GB White,Xiaomi 14 256GB White,0
трипод jmary настольный штатив mt 27,redmi 13 6 128 midnight black,0
honor x7d velvet black 6 128gb,смартфон honor x9c 5g 8 256gb dual sim jade cyan,0
Смартфон Vivo Vivo Y22s 256GB Starlight,Vivo Vivo Y22s 128GB Blue,0
redmi 13 8 128 midnight black,смартфон redmi note 15 pro 8 256gb black,0
Oppo Find X6 Pro 128GB - Titanium,Oppo Find X6 Pro 256GB - Starlight,0
Xiaomi Xiaomi 13T Pro,Xiaomi 13T Pro 1TB Gold,1
Honor Magic6 Pro 256GB - Silver,Redmi Note 13 4G 1TB (Lavender),0
Redmi 12C 512GB (Blue),Apple iPhone 13 Pro Max 6GB/64GB White,0
Smartfon Honor Honor Magic5 Lite 128GB Blue,Honor Honor X7b Blue 128GB,0
iPhone SE 3 128GB (Graphite),Smartfon Honor Magic5 Lite 64GB/8GB Blue,0
Infinix Note 30 128GB (Green),Infinix Infinix Note 30 128GB Green,1
iPhone 15 Pro 64GB Gold,Apple iPhone 12 64GB Gold,0
redmi 17 4g oak green 4 256gb,redmi 14c starry blue 8 256gb,0
Xiaomi Poco X5 Pro 512GB Starlight,Смартфон Xiaomi Xiaomi 12X 512GB Starlight,0
Smartfon iPhone SE 3 1TB/12GB Blue,iPhone SE 3 128GB - Black,0
Realme C53 512GB Natural,Realme C55 512GB Natural,0
Smartfon Redmi Note 13 Pro 64GB/6GB Starlight,Redmi Redmi Note 13 Pro Titanium 512GB,0
Samsung Galaxy S24 4GB/64GB Midnight,Galaxy S24 64GB Midnight,1
iPhone 12 Pro Max 1TB Midnight,iPhone 12 1TB (Midnight),0
redmi note 13 ice blue 6 128gb,redmi 15c mint green 8 256gb,0
Apple iPhone 15 16GB+128GB,Smartfon Honor Honor X8a 64GB Starlight,0
Смартфон Infinix Infinix Hot 40 Pro 1TB Purple,Smartfon Infinix Infinix Hot 40 Pro 128GB Deep Purple,0
Realme C67 512GB - Coral,Realme Realme C67 512GB Coral,1
Apple iPhone 13,Smartfon Apple iPhone 13 1TB Cream,1
смартфон samsung galaxy a17 6 128 гб серый,смартфон samsung galaxy a17 6 серый гб 128,1
Смартфон Tecno Tecno Spark 10 128GB Starlight,Tecno Spark 20 Pro 128GB Starlight,0
Honor Honor Magic5 Pro,Realme GT Neo 5 SE 128GB - White,0
Smartfon Tecno Spark 20 256GB/6GB Gold,Tecno Tecno Spark 20 512GB Midnight,0
Tecno Pop 8 64GB Blue,Tecno Tecno Pova 5 Blue 64GB,0
смартфон honor x9 5g 8 256gb silver,смартфон silver x9 5g 8 256gb honor,1
Realme 12 Pro+ 64GB Lavender,Смартфон Realme Realme 12 Pro+ 64GB Lavender,1
Smartfon Samsung Galaxy S24 Ultra 128GB Purple,Galaxy S24 Ultra 128GB Purple,1
apple iphone 17 256gb white,apple 17 256gb white,1
Infinix Infinix Zero 30 5G Blue 1TB,Infinix Zero 30 5G 256GB - Gold,0
Smartfon Apple iPhone 15 Pro 64GB Silver,Apple iPhone 15 Pro,1
Honor Honor 90 64GB White,Honor 90 64GB White,1
Смартфон Vivo Vivo Y36 512GB Blue,iPhone 13 Pro Max 256GB (Coral),0
Oppo Oppo Reno 10 4GB/64GB Starlight,Oppo Reno 10 64GB - Starlight,1
Tecno Pova 5 Pro 512GB Blue,Smartfon Tecno Tecno Pova 5 Pro 512GB Blue,1
Smartfon Vivo V30 512GB/6GB Silver,Vivo Vivo V30 Titanium 128GB,0
смартфон xiaomi redmi note 13 pro 5g 8 256gb dual nano sim aurora purple,смартфон apple iphone 13 128gb красный,0
Смартфон Apple iPhone 15 Pro 512GB Green,iPhone 15 Pro 512GB Green,1
Apple iPhone 15 Pro Max 3GB/1TB Titanium,Apple iPhone 12 Pro Titanium 1TB,0
Smartfon Vivo Vivo V27 Pro 64GB Starlight,Смартфон Vivo Vivo V27 Pro 64GB Starlight,1
Xiaomi Poco X6 6GB+256GB,Смартфон Xiaomi Xiaomi 13 Pro 256GB Purple,0
samsung galaxy a26 8 256gb black 100gb of internet 3 months of tv com for free,смартфон honor x9a 5g 8 128gb black,0
Redmi Redmi 13C,Realme Realme 11 Pro 12GB+128GB,0
Honor Honor X8b 8GB+64GB,Smartfon Honor X8b 64GB/8GB White,1
Redmi Redmi 13C 128GB Starlight,Redmi Redmi 13C 12GB/1TB White,0
телефон novey n 880 серебристый,телефон novey n серебристый,1
Tecno Tecno Camon 20 Pro,Tecno Tecno Camon 20 Pro Starlight 1TB,1
redmi a7 pro black 4 64gb,redmi 14c midnight black 8 256gb,0
Oppo Reno 10 Pro 128GB (Silver),Oppo Oppo Reno 10 Pro,1
Smartfon Vivo V27 128GB/3GB White,Smartfon Vivo V27 128GB/3GB White,1
honor x7c midnight black 8 256gb,poco c81 pro black 4 64gb,0
Galaxy A05 256GB - Natural,Samsung Galaxy A05,1
Realme Realme C33 16GB/128GB Graphite,Смартфон Honor Honor 100 Pro 256GB Midnight,0
Infinix Infinix Hot 30 Play White 256GB,Infinix Hot 30 Play 128GB (Natural),0
Oppo A38 64GB - Deep Purple,Oppo A38 64GB (Deep Purple),1
Smartfon Honor X9b 64GB/4GB Purple,Smartfon Honor X9b 64GB/4GB Purple,0
Xiaomi Poco M6 Pro 16GB/1TB Green,Poco M6 Pro 64GB (White),0
Oppo Oppo Reno 11 Pro 6GB+1TB,Oppo Oppo Reno 11 Pro 6GB+1TB,1
realme c25y,realme c25y white,1
офисное кресло ergo burton hb black,black кресло ergo burton hb офисное,1
Infinix Note 40 Pro 128GB (White),Infinix Note 40 Pro 64GB (Midnight),0
Vivo V27 Pro 128GB - Midnight,Vivo V27 Pro 1TB Cream,0
Смартфон Tecno Tecno Spark 20 Pro+ 64GB Deep Purple,Tecno Tecno Spark 20 Pro+ 64GB Deep Purple,1
motorola moto g06 power laurel oak 4 256gb,motorola laurel g06 power moto oak 4 256gb,1
Tecno Tecno Pop 8 3GB+256GB,Tecno Tecno Pop 8 256GB White,1
Apple iPhone 14 Plus 16GB+1TB,iPhone 14 Plus 1TB - Graphite,1
meizu mblu 21 blue 4 64gb,21 mblu meizu blue 4 64gb,1
Infinix Infinix Zero 30 5G 1TB Gold,Smartfon Infinix Zero 30 5G 1TB/16GB Gold,1
Apple iPhone 14 Pro 4GB+64GB,iPhone 14 Pro 64GB - Cream,1
Infinix Note 40 Pro 64GB (Deep Purple),Infinix Note 40 Pro 128GB (Midnight),0
Realme 12 Pro 512GB Black,Realme Realme 12 Pro 8GB/128GB Coral,0
cмартфон ajib i1 4 64gb black,cмартфон 4 i1 ajib 64gb black,1
Smartfon Apple iPhone 14 Pro 256GB Lavender,Apple iPhone 14 Pro,1
смартфон samsung galaxy s25 5g 12 256gb dual sim silver shadow,смартфон samsung galaxy s25 5g 12 256gb dual silver sim shadow,1
Redmi Note 11 64GB Purple,Smartfon Redmi Redmi Note 12 64GB Purple,0
iPhone 15 Pro Max 256GB - Coral,Smartfon iPhone 15 Pro Max 256GB/3GB Coral,1
смартфон samsung galaxy s25fe 8 128gb navy,смартфон 128gb galaxy s25fe 8 samsung navy,1
Redmi 13 64GB Graphite,Redmi Redmi 13 1TB Starlight,0
смартфон honor x5c 4 64gb midnight black,смартфон honor x5c 4 64gb midnight,1
Смартфон Apple iPhone 15 Plus 128GB Titanium,Apple iPhone 15 12GB/128GB Titanium,0
Smartfon Vivo Vivo X90 Pro 1TB Silver,Vivo X90 Pro 1TB Silver,1
Samsung Galaxy A14 12GB+1TB,Samsung Galaxy A14,1
Oppo Oppo Find X7 Ultra Gold 512GB,Oppo Oppo Find X7 Ultra 3GB/512GB Gold,1
Xiaomi Xiaomi 11T Pro 1TB Cream,Infinix Smart 8 Pro 128GB Titanium,0
Tecno Tecno Camon 30 Pro 128GB Purple,Tecno Pova 5 128GB (Purple),0
Infinix Infinix Zero 30 White 64GB,Infinix Zero 30 64GB (White),1
Oppo Oppo Reno 11 Pro Titanium 128GB,Oppo Reno 11 Pro 1TB Cream,0
смартфон xiaomi redmi note 13 pro 5g 12 512gb nano sim esim ocean teal,смартфон samsung a56 8 256 гб light gray,0
Tecno Tecno Phantom X2 Pro Deep Purple 512GB,Honor X7a 256GB - Coral,0
xiaomi 17t black 12 512gb,17t black 12 512gb,1
Tecno Camon 30 Pro 512GB (Green),Tecno Camon 30 Pro 512GB - Green,1
Honor Honor 90 Pro 16GB/1TB Green,Realme C33 512GB (Gold),0
телефон novey d10 gray,novey телефон d10 gray,1
Смартфон Redmi Redmi Note 11 Pro 512GB Purple,Redmi Redmi Note 11 Pro 12GB/512GB Purple,1
Xiaomi 14 64GB - Titanium,Xiaomi Xiaomi 12 Pro 3GB/64GB Titanium,0
Realme Realme 11 Graphite 64GB,Realme 11 1TB Lavender,0
Honor Honor 80 Pro Gold 256GB,Smartfon Honor Honor 80 Pro 128GB Coral,0
Tecno Tecno Phantom V Fold 4GB+128GB,Vivo Vivo Y200 Pro 1TB Gold,0
honor magic8 pro black 12 512gb,honor magic8 pro black 512gb,1
смартфон infinix zero 30 5g 21 256gb golden hour,смартфон honor x9c 5g 12 256gb dual sim jade cyan,0
Oppo Oppo A58 Gold 512GB,Smartfon Oppo A58 512GB/16GB Gold,1
Tecno Tecno Pova 5 Pro 16GB/64GB Gold,Apple iPhone 12 128GB Green,0
Smartfon Xiaomi Poco X5 Pro 1TB Deep Purple,Смартфон Xiaomi Poco X5 Pro 1TB Deep Purple,1
Smartfon Honor X7b 512GB/8GB Purple,Honor Honor X7b 8GB/512GB Purple,1
Xiaomi 11 Ultra 512GB Purple,Smartfon Xiaomi 11 Ultra 512GB/3GB Purple,1
Honor Honor 100 12GB/256GB Titanium,Honor Honor 90 12GB/256GB Titanium,0
Oppo Oppo Find X7,Oppo Find X7 256GB - Black,1
redmi 9c 3 64 пол года пользования в идеальном состоянии,redmi note 14 8 128 lime green,0
redmi note 15 sandy purple 8 128gb,redmi not 9 4 ga 64 lik ideal holatda batarekasi 2 kun garantiya,0
Tecno Pova 5 Pro 1TB (Deep Purple),Tecno Tecno Pova 5 Pro 16GB+1TB,1
Apple iPhone 14 6GB+1TB,iPhone 14 256GB Deep Purple,0
Redmi Note 12 Pro+ 256GB (Gold),Smartfon Tecno Spark 20 Pro 512GB/6GB Coral,0
Xiaomi Xiaomi 11T Pro 8GB+512GB,Smartfon Poco X5 Pro 512GB/8GB Coral,0
Смартфон Vivo Vivo Y35 256GB Deep Purple,Vivo Y35 256GB Deep Purple,1
tecno spark 30 8 128gb astral ice smartfoni,iphone 17 pro silver 12 256gb,0
Honor X8a 1TB - Lavender,Redmi Redmi Note 12 Pro+ Graphite 64GB,0
Redmi Redmi Note 13 Pro 512GB Natural,Oppo Oppo A78 Silver 128GB,0
Smartfon Realme 12 Pro+ 128GB/6GB Starlight,Realme Realme C33 6GB+128GB,0
Smartfon Apple iPhone 11 1TB Gold,iPhone 11 1TB Gold,1
Redmi Redmi A3 1TB Natural,Redmi Redmi A3,0
смартфон iphone 12 mini 64gb black,honor 400 5g midnight black 12 256gb,0
honor x9d 5g 8 256,смартфон honor x7c 6 128gb midnight black moonlight white,0
Honor 90 Lite 1TB - Purple,Honor Honor 90 Lite Coral 512GB,0
Smartfon Oppo Oppo Reno 12 Pro 64GB Natural,Smartfon Oppo Reno 12 Pro 64GB/8GB Natural,1
Infinix Infinix Note 30 Pro 256GB Silver,Смартфон Infinix Infinix Note 30 Pro 256GB Silver,1
Smartfon Honor 100 Pro 1TB/3GB Green,Honor 100 Pro 1TB - Green,1
Apple iPhone 14 Plus 1TB Natural,Smartfon Apple iPhone 14 Plus 1TB Natural,1
смартфон tecno camon 20 pro 8 256gb predawn black,смартфон xiaomi redmi a7 pro темно синий 128 гб,0
Smartfon Honor Honor X7b 128GB Natural,Honor Honor 100 4GB/128GB Natural,0
Smartfon Vivo Vivo Y35 64GB Titanium,Смартфон Vivo Vivo Y35 64GB Titanium,1
Honor 80 Pro 1TB Midnight,Honor Honor X8b Midnight 1TB,0
смартфон honor 200 16 512gb coral pink,смартфон honor x7b 8 128 flowing silver,0
Apple iPhone 13 Pro Max 12GB+512GB,Poco M6 Pro 1TB - Midnight,0
Vivo Vivo V30 Pro,Vivo Vivo V30 Pro Blue 64GB,1
Samsung Galaxy Z Fold 4 128GB Blue,Galaxy Z Fold 4 128GB (Blue),1
Смартфон Vivo Vivo V27 128GB Midnight,Vivo Vivo V27 128GB Midnight,1
Tecno Spark 10 64GB (Purple),Tecno Spark 10 64GB (Purple),1
Smartfon Infinix Infinix Smart 8 64GB Starlight,Infinix Infinix Hot 40 Starlight 64GB,0
Honor 80 Pro 256GB - Cream,Samsung Galaxy M14 8GB+64GB,0
redmi note 14 6 128gb lime green,redmi note 14s midnight black 8 128gb,0
apple iphone 13 128gb green 100gb of internet 3 months of tv com for free,apple iphone 13 128gb 100gb of internet 3 months of tv com for free,1
xiaomi redmi note 14 pro 5g 8 256gb global version purple 100gb of internet 3 months of tv com for free,oppo reno15 f 5g 8 256gb aurora blue,0
Infinix Infinix Smart 8 Plus Coral 64GB,Infinix Smart 8 Plus 64GB - Coral,1
Redmi Redmi A3 8GB+128GB,Smartfon Redmi Redmi A3 128GB Purple,1
Redmi Redmi Note 12 Midnight 256GB,Redmi Redmi A2+ 12GB/256GB Midnight,0
Смартфон Honor Honor 200 512GB Silver,Honor Honor 200 Silver 512GB,1
Redmi K60 64GB Blue,Redmi Redmi K60 Blue 64GB,1
Xiaomi 14 Ultra 64GB Blue,Смартфон Xiaomi Poco M5s 64GB Blue,0
Honor Honor 100 12GB+256GB,Poco X6 64GB Midnight,0
Vivo Vivo Y200 8GB/128GB Starlight,Vivo Vivo V30e 128GB Starlight,0
Smartfon Tecno Camon 30 512GB/8GB Deep Purple,Tecno Camon 30 128GB (Coral),0
Xiaomi 13 Pro 64GB - Coral,Smartfon Xiaomi 13 Pro 64GB/16GB Coral,1
Смартфон Vivo Vivo V27 Pro 64GB Purple,Смартфон Vivo Vivo V27 Pro 64GB Purple,1
Smartfon Samsung Galaxy Z Fold 4 128GB Natural,Galaxy Z Fold 4 512GB (Cream),0
apple iphone 16 pro 128gb desert titanium 100gb of internet 3 months of tv com for free,apple iphone of pro 128gb desert titanium 100gb of internet 3 months 16 tv com for free,1
Infinix Infinix Hot 40 Pro Deep Purple 256GB,Infinix Infinix Hot 40 Pro,1
Xiaomi Xiaomi 12 Pro,Xiaomi Xiaomi 12 Pro 12GB+128GB,1
Honor 200 64GB (Green),Smartfon Honor Honor 200 64GB Green,1
Смартфон Apple iPhone 15 256GB Gold,Smartfon Apple iPhone 15 256GB Gold,1
Honor Honor X9b 8GB/64GB Starlight,Smartfon Honor X9b 64GB/8GB Starlight,1
honor 90 lite 8 256,honor x7d 8 256 meteor silver,0
Xiaomi Poco F5 128GB Midnight,Xiaomi Xiaomi 11T Pro,0
Oppo Oppo A79 5G 16GB+64GB,Oppo Oppo A79 5G 16GB+64GB,1
Smartfon Tecno Tecno Camon 30 512GB Blue,Smartfon Tecno Tecno Camon 30 512GB Blue,1
Vivo Vivo Y200 Pro 6GB+512GB,Vivo Vivo Y200 Pro 6GB/512GB Graphite,1
Xiaomi Xiaomi 11 Ultra Starlight 1TB,Xiaomi Xiaomi 11 Ultra 12GB/1TB Starlight,1
Xiaomi Xiaomi 11T 16GB/64GB White,Xiaomi Xiaomi 11T 16GB+1TB,0
Smartfon Vivo V30 1TB/8GB Starlight,Vivo Vivo V30 Natural 64GB,0
смартфон xiaomi 14t pro 12 256gb titan blue,смартфон xiaomi redmi note 11 6 128gb gray,0
Infinix Infinix Note 30 Pro 6GB+256GB,Smartfon Infinix Note 30 Pro 512GB/6GB Starlight,0
Vivo Vivo V27 8GB/512GB Silver,Смартфон Oppo Oppo A58 256GB Cream,0
смартфон vivo v30e 8 256 brown,смартфон vivo v30e 8 brown,1
смартфон xiaomi poco x6 5g 12 256gb white,смартфон white poco x6 5g 12 256gb xiaomi,1
Oppo Oppo Reno 10 Pro Purple 64GB,Smartfon Oppo Oppo Reno 12 64GB Purple,0
Samsung Galaxy S22,Galaxy S22 1TB - Silver,1
Realme C65 64GB (Lavender),Realme C65 64GB - Lavender,1
Smartfon Oppo Oppo Reno 12 64GB Graphite,Oppo Oppo Reno 12 16GB/1TB Green,0
Tecno Spark 20 Pro+ 512GB (Blue),Tecno Spark 20 Pro+ 512GB (Blue),1
Xiaomi Poco X6,Poco X6 128GB (Titanium),1
Samsung Galaxy Z Flip 5 512GB Black,iPhone 14 64GB (Titanium),0
Redmi Redmi 12 6GB+64GB,Redmi Redmi 12 1TB Titanium,0
Smartfon Redmi 12C 256GB/6GB Gold,Smartfon Redmi 12C 256GB/6GB Gold,1
iphone 15 pro max ll a esim,смартфон iphone 13 pro max 1tb silver dual,0
Samsung Galaxy A14 Coral 512GB,Galaxy A15 512GB (Coral),0
Samsung Galaxy A15 3GB/256GB Cream,Samsung Galaxy A15 3GB+256GB,1
Honor X9b 128GB - Blue,Smartfon Honor Honor X9b 128GB Blue,1
Xiaomi Xiaomi 14 Cream 256GB,Xiaomi Xiaomi 14 8GB/256GB Cream,1
Xiaomi Xiaomi 13 Pro 512GB White,Smartfon Xiaomi Poco M5s 512GB White,0
Honor X7a 512GB Lavender,Honor X7a 512GB (Lavender),1
Tecno Phantom V Fold 64GB (Midnight),Tecno Tecno Phantom V Fold 64GB Midnight,0
Oppo Reno 11 256GB (Midnight),Oppo Oppo Reno 11 12GB/256GB Midnight,1
смартфон infinix note 40 pro 5g 8 256gb racing grey,infinix смартфон note 40 pro 5g 8 256gb racing grey,1
redmi note 15 black 6 128gb,redmi not 12 srochno sotiladi,0
Vivo Vivo Y35 4GB+128GB,Vivo Y35 512GB Blue,0
Tecno Tecno Spark 20,Apple iPhone 15 Plus Silver 128GB,0
xiaomi 12 pro,смартфон xiaomi redmi 15c 8 256gb green,0
iPhone 12 256GB Silver,Redmi Redmi 13C Graphite 512GB,0
Honor X9a 1TB (Silver),Smartfon Honor Honor Magic5 Pro 1TB Silver,0
Poco F5 Pro 256GB - Lavender,Смартфон Xiaomi Poco F5 Pro 256GB Lavender,1
honor x7c moonlight white 8 256gb,honor x7c moonlight 256gb 8 white,1
Oppo Oppo Reno 12,Oppo Oppo Reno 12 Titanium 256GB,0
Honor Honor X7b 6GB/64GB Starlight,Honor X7b 64GB (Starlight),1
44227 смартфон xiaomi 13 lite 8 256gb black,44227 смартфон xiaomi lite 8 256gb black,1
Honor Magic6 Pro 64GB (Natural),Smartfon Honor Honor 100 64GB Natural,0
Smartfon Apple iPhone 14 64GB Gold,Смартфон Apple iPhone 11 Pro Max 64GB Gold,0
Смартфон Oppo Oppo Reno 11 Pro 512GB Silver,Oppo Oppo Reno 11 Pro 256GB Midnight,0
Realme Realme GT 5 16GB+1TB,Realme Realme GT 5 16GB/256GB Natural,0
iPhone 14 64GB Silver,iPhone 14 64GB (Silver),1
Vivo Vivo V30e 16GB/128GB Purple,Vivo V30e 128GB - Purple,1
Redmi Note 13 128GB (Lavender),Smartfon Redmi Note 13 128GB/8GB Lavender,1
Oppo Oppo Find X7 Ultra,Smartfon Oppo Oppo Reno 12 Pro 128GB Deep Purple,0
Tecno Tecno Spark 20 Deep Purple 256GB,Tecno Tecno Spark 20 12GB+256GB,1
Redmi Redmi A3,Smartfon Redmi Redmi A3 256GB Purple,0
Smartfon Galaxy A15 256GB/6GB Coral,Smartfon Galaxy A15 128GB/6GB Midnight,0
Redmi Redmi 13,Смартфон Redmi Redmi Note 12 Pro+ 128GB Natural,0
Redmi Redmi Note 11 Pro 8GB+512GB,Смартфон Redmi Redmi Note 13 4G 512GB White,0
Vivo Vivo V30e 4GB/256GB Purple,Смартфон Vivo Vivo Y200 256GB Purple,0
Samsung Galaxy M14 6GB/128GB Lavender,Смартфон Samsung Galaxy M14 128GB Lavender,1
Infinix Infinix Note 40 Pro 6GB/128GB Lavender,Smartfon Oppo Oppo Reno 12 512GB Cream,0
samsung galaxy a16 light green 8 256gb,green galaxy a16 light samsung 8 256gb,1
Realme Realme GT 5 12GB/64GB Green,Смартфон Realme Realme GT 5 512GB White,0
Смартфон Samsung Galaxy A25 256GB Natural,Galaxy A25 256GB Natural,1
Tecno Tecno Camon 30 6GB+256GB,Tecno Tecno Camon 30 6GB+1TB,0
Smartfon Redmi Redmi Note 11 Pro 256GB Blue,Redmi Redmi Note 11 Pro 8GB/256GB Blue,1
Realme Realme 11 Pro+,Realme 12 Pro+ 128GB - Cream,0
смартфон samsung galaxy a26 6 128gb white,смартфон samsung galaxy a37 256gb light violet,0
Smartfon Redmi Note 11S 128GB/12GB White,Redmi Note 11S 128GB - White,1
Honor Honor 100 Pro 512GB Gold,Smartfon Oppo Find X6 Pro 64GB/6GB Midnight,0
Smartfon Realme Realme C55 1TB Graphite,Realme C55 256GB (Midnight),0
Infinix Infinix Hot 40,Infinix Infinix Hot 40 Deep Purple 256GB,1
смартфон samsung galaxy s22 ultra 5g 12 512gb burgundy,смартфон samsung galaxy s22 ultra 5g 12 512gb,1
Redmi A2+ 256GB (Natural),Redmi Redmi Note 11 8GB+256GB,0
Smartfon Infinix Note 30 256GB/12GB Titanium,Infinix Infinix Note 30 Titanium 256GB,1
apple iphone 17 pro max 256gb 1 sim 1 esim deep blue smartfoni,apple iphone 17 pro max 1 sim 1 esim deep blue smartfoni,1
Smartfon Tecno Phantom V Fold 512GB/3GB Green,Smartfon Tecno Phantom V Fold 1TB/3GB Purple,0
смартфоны xiaomi redmi note 11s 8 128g white,samsung galaxy a04e,0
Samsung Galaxy Z Fold 5 16GB+64GB,Galaxy Z Fold 5 64GB (Lavender),1
Samsung Galaxy M34 5G Titanium 128GB,Galaxy M34 5G 128GB - Titanium,1
Xiaomi Xiaomi 12 Pro 256GB Graphite,Xiaomi Xiaomi 12 Pro 16GB+256GB,1
Смартфон Xiaomi Poco F5 128GB Purple,Poco F5 512GB - Silver,0
Apple iPhone 11 Pro Blue 64GB,Apple iPhone 11 Pro 4GB+64GB,1
Redmi Redmi K60,Смартфон Redmi Redmi K60 64GB Deep Purple,1
Smartfon Honor Honor X7a 512GB Green,Honor Honor X7a 8GB/512GB Green,1
Infinix Infinix Hot 40,Smartfon Infinix Note 40 256GB/6GB Starlight,0
Smartfon Realme Realme Note 50 256GB Lavender,Realme C53 256GB Lavender,0
xiaomi redmi note 15 pro 12 512gb titanium smartfoni,xiaomi redmi note 15 titanium 12 512gb pro smartfoni,1
смартфон samsung galaxy s24 12 256gb dual esim black,s24 samsung galaxy смартфон 12 256gb dual esim black,1
Xiaomi Xiaomi 12T Pro 512GB White,Xiaomi Xiaomi 12T Pro 1TB Coral,0
смартфон vivo v21 e 8 128gb violet,смартфон v21 e 8 128gb violet,1
Realme Realme C55 Black 128GB,Realme Realme C55 16GB+128GB,1
смартфон xiaomi 17t 12 256gb black,беспроводные наушники belkin soundform play white,0
смартфон iphone 13 pro max 512gb gold,смартфон iphone 13 pro gold 512gb max,1
Xiaomi Poco X6 3GB+1TB,Smartfon Xiaomi Poco X6 1TB Starlight,1
Smartfon Realme Realme 12 Pro 256GB Starlight,Realme 12 Pro 256GB (Starlight),1
iPhone SE 3 128GB Cream,Apple iPhone 12 mini 128GB Cream,0
Xiaomi 14T 128GB Natural,Xiaomi Xiaomi 12X Natural 128GB,0
Смартфон Infinix Infinix Smart 8 Pro 64GB Black,Infinix Infinix Smart 8 Pro 3GB+128GB,0
oppo reno12 f cph2687 512 гб matte grey,смартфон xiaomi redmi note 15 pro 8 256 black,0
Samsung Galaxy Z Fold 4 1TB Cream,Smartfon Samsung Galaxy A05s 1TB Cream,0
Redmi Note 12 128GB - Starlight,Redmi Note 12 128GB - Starlight,1
20мм 0 5 флянцевые профили eolvent,20мм 5 флянцевые профили eolvent,1
Xiaomi Xiaomi 11T,Smartfon Xiaomi Xiaomi 11T 256GB Deep Purple,1
смартфон apple iphone 14 plus 6 256gb синий,смартфон apple синий 14 plus 6 256gb iphone,1
Redmi Note 11 128GB - Green,Redmi 13C 128GB (Green),0
смартфон xiaomi redmi 14c 5g 4 256gb midnight black,xiaomi смартфон redmi 14c 5g 4 256gb midnight black,1
Redmi A2+ 128GB - Natural,Smartfon Redmi Note 11 128GB/16GB Natural,0
Galaxy A05s 512GB - Titanium,Galaxy A05s 512GB - Titanium,1
смартфон infinix hot 30 8 128gb global green,смартфон infinix hot 30 8 global 128gb green,1
Смартфон Vivo Vivo Y35 64GB Lavender,Vivo Vivo Y35 4GB/64GB Lavender,1
Samsung Galaxy A14 4GB+128GB,Samsung Galaxy A14 Blue 256GB,0
Смартфон Honor Honor 100 1TB Cream,Samsung Galaxy Z Flip 4 8GB/512GB White,0
Смартфон Tecno Tecno Phantom X2 Pro 256GB Gold,Смартфон Tecno Tecno Phantom X2 Pro 128GB White,0
honor x7c forest green 8 512gb,honor forest green 8 512gb,1
Oppo A17 1TB (Gold),Smartfon Oppo Oppo A17 1TB Gold,1
redmi note 14 pro ocean blue 12 256gb,smartfon redmi a5 4 128gb ocean blue,0
смартфон samsung galaxy s24 8 128gb dual nano sim violet,смартфон samsung galaxy s24 8 128gb dual violet sim nano,1
Redmi Redmi Note 12 12GB/512GB Green,Смартфон Redmi Redmi Note 12 512GB Green,1
смартфон xiaomi poco m7 6 128gb black,смартфон m7 poco xiaomi 6 128gb black,1
Apple iPhone 13 mini 16GB/1TB White,Apple iPhone 13 mini 16GB+1TB,1
Смартфон Oppo Oppo Find X6 Pro 512GB Gold,Oppo Find X6 Pro 64GB (Deep Purple),0
Смартфон Redmi Redmi Note 13 4G 512GB Lavender,Смартфон Redmi Redmi Note 13 4G 512GB Lavender,1
Galaxy Z Fold 5 256GB (Blue),Redmi Redmi K60,0
смартфон samsung galaxy a01 2 16gb blue,смартфон xiaomi redmi note 15 pro 5g 8 256 гб черный,0
Infinix Infinix Hot 40,Infinix Infinix Hot 40 12GB+1TB,1
смартфон samsung galaxy flip 5 256gb cream,смартфон samsung galaxy flip 5 cream 256gb,1
Oppo Find X6 Pro 64GB (Black),Oppo Find X6 Pro 64GB - Black,1
Tecno Tecno Phantom X2 Pro Midnight 512GB,Tecno Tecno Phantom X2 Pro,1
Smartfon Realme 11 256GB/8GB Coral,Smartfon Realme 11 256GB/8GB Coral,1
Smartfon Honor Honor 90 512GB Green,Honor Honor 90 Purple 128GB,0
Smartfon Samsung Galaxy Z Flip 4 64GB Silver,Smartfon Samsung Galaxy Z Flip 4 64GB Silver,1
honor 600 lite velvet black 8 256gb,смартфон vivo y27 6 128 burgundy black,0
redmi note 15 pro titanium color 8 256gb,redmi note 15 pro titanium 8 color 256gb,1
samsung galaxy a37 5g awesome lavender 8 128gb,samsung galaxy a37 5g lavender awesome 8 128gb,1
Tecno Tecno Camon 20 Pro 1TB Green,Tecno Tecno Camon 20 Pro 1TB Green,1
Honor Honor Magic6 Pro Purple 64GB,Honor Magic6 Pro 64GB - Purple,1
смартфон iphone 13 pro 128gb graphite,смартфон oppo a38 4 128 black,0
Xiaomi 14T Pro 512GB - Natural,Xiaomi 14T Pro 128GB (Midnight),0
Realme C33 128GB - Deep Purple,Смартфон Realme Realme C33 128GB Deep Purple,1
Smartfon Redmi Redmi A2+ 512GB Lavender,Redmi A3 512GB - Lavender,0
Smartfon Honor 90 Pro 128GB/4GB Silver,Honor X8b 128GB Silver,0
Vivo Vivo X100 512GB Gold,Vivo Vivo X100,1
redmi note 15 pro 5g 8 256 titanium,redmi note 12 s sotiladi,0
Redmi A3 128GB - Silver,Redmi Redmi A3 8GB/512GB Midnight,0
Tecno Tecno Camon 20 Pro 64GB Gold,Tecno Camon 20 Pro 512GB Green,0
Smartfon Apple iPhone 14 128GB Silver,Infinix Note 30 512GB - Deep Purple,0
Samsung Galaxy A54 5G Titanium 1TB,Smartfon Galaxy A54 5G 512GB/12GB Midnight,0
Redmi Note 12 256GB Lavender,Redmi Note 12 512GB - White,0
Realme GT 5 128GB (Green),Realme Realme 12 128GB Green,0
huawei nova 13 pro loden green 12 512gb,смартфон oppo a52 4 64gb stream white,0
Smartfon Honor Honor X9a 128GB Natural,Honor Honor X9a,1
Samsung Galaxy A55 5G Lavender 1TB,Samsung Galaxy A55 5G Lavender 1TB,1
Smartfon Realme Note 50 256GB/16GB Green,Realme Realme Note 50 Green 256GB,1
Smartfon Honor 200 Pro 64GB/6GB Coral,Honor Honor X9b,0
bepul dostavka xiaomi 17t 5g new model,bepul dostavka xiaomi 17t 5g model,1
Смартфон Apple iPhone 14 Plus 128GB Graphite,iPhone 14 Plus 128GB - Graphite,1
Oppo Oppo A38,Oppo Oppo A38,0
Smartfon Samsung Galaxy A05s 128GB Blue,Galaxy A05s 128GB (Blue),1
Смартфон Xiaomi Xiaomi 11 Ultra 1TB Silver,Xiaomi Xiaomi 11 Ultra 256GB Starlight,0
iPhone SE 3 512GB - Graphite,Apple iPhone SE 3 Graphite 512GB,1
смартфон apple iphone 16 128gb pink,смартфон apple iphone 128gb pink,1
Samsung Galaxy S24 Ultra 256GB Coral,Samsung Galaxy S24 Ultra 16GB+256GB,1
Apple iPhone 13 8GB/512GB Titanium,Apple iPhone 13 Silver 128GB,0
iPhone SE 3 256GB - Cream,iPhone SE 3 64GB - Silver,0
Смартфон Realme Realme 12 128GB Graphite,Smartfon Realme 12 Pro+ 128GB/12GB Graphite,0
honor x8c 6 128gb,honor 6 128gb,1
смартфон realme c71,смартфон iphone 13 pro 256gb sierra blue,0
Galaxy S23 FE 1TB (Deep Purple),Smartfon Galaxy S23 FE 512GB/8GB Black,0
redmi a5 4 128 ocean blue,redmi note 14s midnight black 8 256gb,0
Realme 9 Pro+ 64GB Titanium,Смартфон Realme Realme 9 Pro+ 64GB Titanium,1
смартфон xiaomi redmi 15 6 128 snady purple,spark go 1 4 128 glittery white,0
Realme Realme GT Neo 5 SE 64GB Green,Realme GT Neo 5 SE 1TB - Coral,0
Poco M5 512GB - Natural,Xiaomi Poco M5 Natural 512GB,1
Смартфон Samsung Galaxy M14 1TB Green,Galaxy M14 1TB Green,1
Honor Honor 80 Pro Deep Purple 512GB,Honor 80 Pro 512GB - Deep Purple,1
Smartfon Galaxy S22 256GB/6GB White,Smartfon Samsung Galaxy M34 5G 256GB White,0
apple iphone 17 pro max cosmic orange 512gb sim esim,смартфон tecno camon 50 ultra cypress,0
apple iphone 16 pro 256gb 1 sim 1 esim black titanium smartfoni,apple iphone 16 pro 256gb 1 1 esim black titanium smartfoni,1
Смартфон Vivo Vivo Y100 256GB Natural,Smartfon Vivo Y100 256GB/6GB Natural,1
redmi note 15 forest green 6 128gb,redmi note 15 forest green 128gb 6,1
Infinix Hot 40 1TB Silver,Oppo Oppo Reno 11,0
iPhone 12 512GB (Purple),Smartfon iPhone 12 512GB/3GB Purple,1
смартфон samsung galaxy j2 j250 2018,смартфон samsung galaxy 2018 j250 j2,1
Oppo Oppo A38,Oppo Reno 11 Pro 256GB Starlight,0
Smartfon Realme Realme GT 5 Pro 1TB White,Smartfon Realme Realme GT 5 Pro 1TB White,1
iPhone 14 Plus 1TB Graphite,Smartfon Apple iPhone 14 Plus 1TB Graphite,1
Смартфон Infinix Infinix Note 30 Pro 128GB Purple,Honor Honor X9b White 512GB,0
кабель borofone bx51 triumph type c type c white,кабель borofone white triumph type c type c bx51,1
смартфон apple iphone 14 plus 128gb dual 1 sim сияющая звезда,смартфон apple 14 plus 128gb dual 1 sim сияющая звезда,1
Oppo Oppo Find X7 Ultra Starlight 256GB,Smartfon Oppo Oppo Find X7 Ultra 256GB Starlight,1
Honor Honor 200 Pro Gold 512GB,Honor Honor 90,0
Redmi Redmi Note 11 64GB Gold,Redmi Note 11 64GB Gold,1
Xiaomi Xiaomi 14 Ultra 16GB/64GB White,Xiaomi Xiaomi 14 Ultra Cream 512GB,0
Apple iPhone 15 Plus Gold 64GB,Apple iPhone 15 Plus,1
интерактивная панель galaxyhub 65,интерактивная 65 galaxyhub панель,1
Tecno Tecno Pova 5 Pro Silver 128GB,Смартфон Tecno Tecno Pova 5 Pro 128GB Silver,1
Apple iPhone 14 16GB/128GB Gold,Apple iPhone 14 Pro Max 128GB Gold,0
redmi 15 midnight black 8 256gb,redmi note 11 128gb,0
Realme Realme GT 5 Pro Silver 512GB,Realme Realme GT 5 Pro Midnight 64GB,0
смартфон xiaomi redmi 15 8 128 гб черный,смартфон xiaomi 15 8 128 гб черный,1
Smartfon iPhone 14 Plus 128GB/3GB Purple,Apple iPhone 14 Plus 3GB/128GB Purple,1
смартфон redmi 15 6 128gb sunday purple,redmi a5 3 64 ocean blue,0
Vivo V30 128GB - Gold,Vivo V27 128GB Gold,0
смартфон samsung galaxy s21 8 128gb phantom black,смартфон apple iphone 14 plus 6 256gb красный,0
cмартфон huawei p60 8 256 black,huawei p60 8 256 black,1
Oppo Find X6 Pro 1TB (Graphite),Smartfon Oppo Oppo Reno 10 Pro 1TB Graphite,0
смартфон realme c25 4 64gb,64gb realme c25 4 смартфон,1
Redmi Redmi A3 16GB+128GB,Smartfon Redmi Redmi A3 128GB Titanium,1
смартфон xiaomi redmi note 13 pro 5g 12 512gb white,смартфон xiaomi 12 note 13 pro 5g redmi 512gb white,1
honor 600 pro 12 512 golden white,смартфон honor 600 pro,0
Smartfon Vivo Y35 128GB/8GB Natural,Vivo Vivo Y35 Cream 512GB,0
смартфон xiaomi poco x8 pro 8 512gb green,смартфон xiaomi poco 8 pro x8 512gb green,1
Oppo Oppo A58 8GB/512GB Lavender,Oppo Oppo A58 Lavender 512GB,1
Tecno Tecno Pova 6 Pro Green 128GB,Tecno Tecno Pova 6 Pro 128GB Green,1
Smartfon Infinix Hot 30 Play 64GB/6GB Green,Smartfon Infinix Infinix Hot 30 Play 128GB Graphite,0
xiaomi redmi 10 a,redmi 10 a,1
Tecno Phantom V Fold 512GB (Cream),Smartfon Oppo A17 128GB/12GB Coral,0
Oppo Oppo Reno 12 Pro 64GB Natural,Xiaomi 13 Pro 512GB Midnight,0
Redmi A3 1TB - Black,Смартфон Redmi Redmi A3 1TB Black,1
Realme Realme 9 Pro+ Starlight 256GB,Смартфон Realme Realme 9 Pro+ 256GB Starlight,1
смартфон honor x9c 8 256 titanium black,honor x5c plus 4 128 midnight black,0
huawei nova y61 midnight black 4 128gb,смартфон honor x6a 4 128 green,0
Infinix Infinix Smart 8 Plus 4GB+128GB,Infinix Smart 8 Plus 128GB White,1
Tecno Tecno Pova 6 Pro 12GB+512GB,Tecno Tecno Pova 6 Pro 12GB+512GB,1
Oppo Find X7 Ultra 1TB Silver,Smartfon Oppo Oppo Find X7 Ultra 1TB Silver,1
Galaxy A54 5G 256GB (Green),Samsung Galaxy S22 256GB Green,0
Smartfon Vivo V29 Pro 128GB/16GB Natural,Vivo Vivo V29 Pro,1
смартфон tecno spark 40 pro 8 256gb nebula black,смартфон tecno spark 40 pro 8 256gb black,1
Oppo Oppo A58 Natural 1TB,Oppo Oppo A58 4GB+64GB,0
redmi note 15 pro 5g glacier blue 12 512gb,redmi note 15 pro glacier blue 8 256gb,0
Vivo Y200 128GB - Blue,Vivo Vivo Y200 6GB+256GB,0
Смартфон Oppo Oppo Find X7 Ultra 512GB Gold,Oppo Reno 11 Pro 512GB (Gold),0
Tecno Tecno Phantom V Fold,Tecno Tecno Phantom X2 Pro 128GB Cream,0
Honor Honor X7a 1TB Lavender,Honor X7a 64GB Coral,0
смартфон xiaomi redmi note 14 pro 4g 12 512gb aurora purple,смартфон xiaomi poco x8 pro 8 256 гб черный,0
Oppo Oppo Find X6 Pro 16GB/128GB Silver,Oppo Oppo A78 16GB/128GB Silver,0
redmi note 15 8 128gb glacier blue,redmi 13 8 128 ocean blue,0
Oppo Oppo Find X7,Samsung Galaxy F14 5G 3GB+512GB,0
Infinix Smart 8 Pro 256GB - Midnight,Smartfon Infinix Infinix Note 30 Pro 256GB Midnight,0
Infinix Infinix Hot 40 Pro 8GB+64GB,Honor Honor X9b 8GB+1TB,0
Smartfon Redmi Note 13 4G 1TB/6GB Titanium,Redmi Redmi Note 13 4G 6GB+1TB,1
Galaxy S24+ 256GB (Graphite),Galaxy S24+ 256GB Graphite,1
honor x8d grey 8 256gb,x8d grey 8 256gb,1
Redmi Redmi Note 13 Pro+ 8GB+1TB,Смартфон Redmi Redmi Note 11S 1TB Gold,0
Smartfon Realme Realme C67 256GB White,Realme Realme C67 256GB White,1
Oppo Oppo Find X7 Ultra Midnight 128GB,Smartfon Oppo Oppo Find X7 Ultra 128GB Midnight,1
Smartfon iPhone 15 Pro Max 512GB/8GB Midnight,Smartfon iPhone 15 512GB/8GB Midnight,0
смартфон honor 70 8 128gb global crystal silver,смартфон honor x9c smart 8 256 white,0
variant iphone 17 pro max nasiya kredit в рассрочку,variant iphone 17 pro max kredit в рассрочку,1
Samsung Galaxy A05s 256GB Black,Samsung Galaxy A05s Black 256GB,1
смартфон honor x7a 6 128gb midnight black,смартфон honor x7a 6 midnight 128gb black,1
Realme 12+ 128GB Cream,Realme Realme 12+ 6GB/128GB Cream,1
Vivo Y200 Pro 256GB (Gold),Smartfon Vivo Vivo Y200 Pro 128GB Titanium,0
Смартфон Realme Realme 12 Pro+ 64GB Black,Smartfon Realme Realme 12 Pro+ 1TB Green,0
Tecno Tecno Camon 30 Pro 16GB+512GB,Smartfon Tecno Tecno Camon 30 Pro 512GB Silver,1
Infinix Infinix Smart 8 Plus,Смартфон Infinix Infinix Smart 8 Plus 512GB Black,0
смартфон poco c71 4gb 128gb blue,смартфон xiaomi 15 ultra 16 512gb nano sim esim black,0
Smartfon Tecno Tecno Phantom V Fold 256GB Green,Smartfon Tecno Phantom V Fold 256GB/16GB Green,1
смартфон huawei p50 pro 8 256gb golden black,смартфон huawei p50 pro 8 256gb golden,1
honor 400 8 256gb 5g сosmic grey smartfoni honor ryukzaki sovg aga,смартфон honor x9c 8 256 titanium black,0
Honor Magic5 Pro 64GB Purple,Smartfon Honor Honor Magic5 Pro 1TB Green,0
смартфон vivo y31d 8 256 grey,смартфон vivo y31d 8 256,1
Redmi Note 11 64GB (Silver),Redmi Redmi Note 11 3GB/64GB Silver,1
Apple iPhone SE 3 12GB/128GB Gold,Apple iPhone 11 12GB+128GB,0
Smartfon Vivo Vivo V30e 64GB Graphite,Vivo Vivo Y35,0
Honor Honor 200 4GB+512GB,Honor 200 256GB - Graphite,0
Смартфон Apple iPhone 12 64GB Deep Purple,Apple iPhone 12 6GB+64GB,1
redmi 15c 6 128gb mint green,redmi 13c midnight black 8 256gb,0
Smartfon Tecno Tecno Camon 20 Pro 1TB Purple,Tecno Tecno Camon 20 Pro Purple 1TB,1
Honor Honor Magic6 Pro Cream 128GB,Honor Honor Magic6 Pro 12GB+256GB,0
Tecno Tecno Pova 5 Pro Green 64GB,Tecno Tecno Pova 5 Pro 16GB+64GB,1
смартфоны samsung galaxy a13 a135 128g white,смартфон honor 600 lite 5g 8 256 гб velvet black,0
samsung s25 fe 5g доставка проверка при получении,samsung s25 fe 5g доставка при проверка получении,1
смартфон honor x5 plus 4 64gb cyan lake,смартфон x5 plus 4 64gb cyan lake,1
Smartfon Honor X9b 512GB/12GB Gold,Honor 90 Lite 512GB Gold,0
Tecno Spark 20 256GB (Coral),Tecno Phantom V Fold 256GB (Coral),0
Smartfon iPhone 13 mini 256GB/4GB Deep Purple,Apple iPhone 13 mini Deep Purple 256GB,1
Galaxy A54 5G 1TB - Purple,Tecno Tecno Camon 30 Blue 128GB,0
смартфон honor play t10,смартфон iphone 11 pro 512gb silver,0
redmi note 15 pro доставка проверка при получении,redmi note 17 meteor purple 8 256gb рюкзак в подарок,0
Tecno Pova 6 Pro 64GB Deep Purple,Tecno Tecno Pova 6 Pro 16GB+64GB,1
Smartfon Xiaomi Xiaomi 12 Pro 128GB Cream,Xiaomi Xiaomi 13 Pro,0
samsung galaxy s25,galaxy s25,1
Smartfon Redmi Redmi K70 Pro 512GB Purple,Smartfon Redmi K70 Pro 512GB/6GB Purple,1
samsung galaxy a56 awesome graphite 8 256gb,смартфон apple iphone 16 pro 512gb desert titanium,0
смартфон honor x8c 8 256gb white,honor 200 12 512gb white 100gb of internet 3 months of tv com for free,0
смартфон honor x6a 4 64gb dual nano sim синий,смартфон honor x8d blue 8 128gb,0
galaxy a56 8 256gb gray,galaxy a56 8 gray,1
samsung galaxy a17 2026 new super skidka garantiya dastavka,samsung galaxy a17 2026 new skidka garantiya dastavka,1
Vivo Vivo X90 Pro Midnight 64GB,Vivo V27 64GB - Midnight,0
Vivo X90 Pro 512GB (Gold),Vivo Vivo X90 Pro Gold 512GB,1
Смартфон Oppo Oppo Reno 10 Pro 128GB Natural,Oppo Oppo Reno 10 Pro Natural 128GB,1
honor 600 lite 8 256 velvet grey,velvet 600 lite 8 256 honor grey,1
Smartfon Infinix Zero 30 512GB/3GB Natural,Infinix Infinix Zero 30 3GB/512GB Natural,1
Oppo Reno 11 Pro 1TB Gold,Oppo Oppo Reno 11 Pro,1
Смартфон Samsung Galaxy S24 512GB Natural,Samsung Galaxy S24 8GB/512GB Natural,1
Смартфон Realme Realme C67 128GB Purple,Realme Realme C67 128GB Purple,1
Смартфон Honor Honor 80 Pro 64GB Blue,Honor 80 Pro 64GB - Blue,1
Xiaomi Xiaomi 13 Deep Purple 1TB,Xiaomi Xiaomi 13,1
redmi note 17 meteor purple 8 256gb рюкзак в подарок,redmi note 14 6 128 midnight black,0
Smartfon Tecno Pova 5 Pro 512GB/8GB Graphite,Tecno Pova 5 Pro 512GB - Graphite,1
redmi a7 pro 4 128 black,redmi note 14 pro 5g 8 256 frost blue,0
Realme Realme 11 Graphite 256GB,Realme Realme 11,1
redmi note 14 8 256 midnight black,redmi note 14s midnight black 8 256gb,0
Apple iPhone 14 Pro Max 3GB/512GB Midnight,Samsung Galaxy A25 3GB+64GB,0
Galaxy A15 256GB Titanium,Honor Honor X7a 1TB Coral,0
смартфон samsung galaxy a57 violet,смартфон samsung galaxy a57,1
Vivo V30e 64GB Titanium,Smartfon Vivo V30e 64GB/3GB Titanium,1
honor x7d 8 256gb gold,honor xd9 12 256,0
xiaomi redmi 15c 4 128gb midnight black,15c redmi xiaomi 4 128gb midnight black,1
Realme Realme C67 3GB+512GB,Galaxy S24 64GB Blue,0
Samsung Galaxy M14 4GB+1TB,Samsung Galaxy M14,1
Realme GT Neo 5 SE 64GB (Black),Realme Realme GT Neo 5 SE 12GB+64GB,1
Smartfon Redmi Redmi K60 128GB Green,Redmi Redmi K60 8GB/128GB Green,1
Honor Honor X9b 8GB+512GB,Смартфон Honor Honor X9b 64GB Starlight,0
Infinix Infinix Zero 30 5G,Infinix Zero 30 5G 256GB - Purple,1
Redmi Note 13 512GB (Lavender),Смартфон Redmi Redmi Note 13 512GB Lavender,0
Xiaomi Poco X6 256GB Black,Xiaomi Poco X6 Black 256GB,1
iPhone 12 Pro Max 512GB Silver,Смартфон Apple iPhone 12 Pro Max 256GB Green,0
Honor Honor X9a 3GB+256GB,Smartfon Honor X9a 256GB/3GB Cream,1
Oppo Oppo Reno 11 Pro 6GB/64GB Lavender,Oppo Oppo Reno 11 Pro 64GB Lavender,1
Smartfon Tecno Tecno Camon 30 256GB Green,Tecno Tecno Camon 30 8GB/256GB Green,1
Smartfon Realme C33 64GB/4GB Blue,Apple iPhone 12 4GB+128GB,0
Oppo Oppo Reno 11,Oppo Reno 11 512GB Titanium,1
redmi 15c 8 256 blue,redmi note 15 pro 4g оптом и штук,0
redmi note 14 ocean blue 6 128gb,redmi note 15 6 128 forest green,0
apple iphone 17 pro max 12 256gb cosmic orange,смартфон realme c71 green 8 128gb,0
Redmi Redmi 12C,Smartfon Redmi 12C 64GB/12GB Silver,1
Honor Honor Magic5 Lite 128GB Titanium,Honor Honor Magic5 Lite 128GB Titanium,0
Vivo V30 64GB - White,Vivo V30 64GB White,1
смартфон samsung galaxy a37 5g 8 128gb,huawei nova y73 black 8 128gb,0
Galaxy S24+ 1TB - Black,Smartfon Samsung Galaxy S24+ 1TB Black,1
Realme C53 256GB Starlight,Realme Realme C53 256GB Starlight,1
смартфон xiaomi 17 ultra 16 512gb black,xiaomi redmi note 15 pro 4g 12 512gb smartfoni titanium,0
honor x5c 4 64 ocean cyan blue,honor x5c 4 64 ocean cyan,1
Смартфон Xiaomi Xiaomi 14 Ultra 256GB White,Poco X6 Pro 256GB - White,0
Xiaomi Xiaomi 12 Silver 512GB,Smartfon Xiaomi 12 512GB/3GB Silver,1
Galaxy Z Fold 4 256GB Lavender,Smartfon Galaxy Z Fold 4 256GB/8GB Lavender,1
Apple iPhone 11 Pro 1TB Titanium,iPhone 11 Pro 1TB Titanium,1
Smartfon Tecno Pop 8 256GB/6GB Starlight,Tecno Tecno Pop 8 6GB+256GB,1
iPhone 13 mini 512GB - Black,Apple iPhone 13 Pro Max,0
Infinix Note 40 64GB (Green),Infinix Infinix Note 40 1TB Coral,0
смартфон xiaomi poco f6 pro 12gb 256gb,vivo v25 5g 8 256,0
Xiaomi Xiaomi 13 Ultra 128GB Cream,Xiaomi Xiaomi 13 Ultra Blue 512GB,0
смартфон tecno camon 19 neo ch6i 6 128gb nfc eco black,tecno смартфон camon 19 neo ch6i 6 128gb nfc eco black,1
Smartfon Xiaomi 11T Pro 128GB/12GB Lavender,Xiaomi 11T Pro 128GB Lavender,1
смартфон apple iphone 15 pro 256gb white titanium,смартфон samsung galaxy a03 3 32gb blue рассрочка в область,0
Smartfon Infinix Infinix Note 30 Pro 128GB Graphite,Infinix Infinix Note 30 Pro 4GB/128GB Graphite,1
Redmi K70 Pro 256GB - Green,Apple iPhone 13 Pro Max 128GB Graphite,0
смартфон honor 200 12 512gb coral pink,смартфон honor 200 512gb coral pink,1
Xiaomi Xiaomi 12T Pro 3GB+512GB,Xiaomi Xiaomi 12T Pro 3GB+512GB,1
Смартфон Infinix Infinix Hot 40 Pro 256GB Starlight,Infinix Infinix Hot 40 Pro 128GB Coral,0
ajib i15 4 64 black,смартфон apple iphone 15 256gb blue,0
samsung galaxy s10 5g,s10 galaxy samsung 5g,1
bluetooth гарнитура borofone bc33 basic,bluetooth гарнитура borofone basic,1
смартфон xiaomi redmi note 11 4 64gb gray blue,смартфоны xiaomi redmi note 11s 8 128g graphite gray,0
Oppo Oppo A78,Smartfon Oppo Oppo A78 128GB Black,0
смартфон poco x7 pro 5g 8 256gb black,смартфон poco pro 5g 8 256gb black,1
смартфон samsung galaxy a27,apple iphone 14 plus 256gb dual 1 sim синий,0
Smartfon Vivo Y100 128GB/4GB Titanium,Smartfon Vivo Vivo Y100 1TB Purple,0
Apple iPhone 13 Pro Max 128GB Blue,Apple iPhone 13 Pro Max 16GB+128GB,1
Smartfon Vivo V29 Pro 512GB/8GB Deep Purple,Vivo Vivo V29 Pro 512GB Deep Purple,1
Oppo Oppo Find X6 Pro,Smartfon Oppo A17 1TB/4GB Lavender,0
Tecno Pop 8 256GB Purple,Смартфон Tecno Tecno Pop 8 256GB Purple,1
Smartfon Vivo Y35 512GB/12GB White,Vivo Vivo Y35 12GB/512GB White,1
Honor Honor Magic6 Pro 8GB+1TB,Honor Magic6 Pro 1TB (Deep Purple),1
Samsung Galaxy A15 16GB+1TB,Smartfon Galaxy A15 512GB/16GB Gold,0
redmi 15c 8 256gb moonlight blue,смартфон redmi a5 4 128gb sandy gold,0
телефон novey a80r red,телефон novey a80r,1
galaxy s25 12 128 silver shadow,galaxy s25 128 12 silver shadow,1
Smartfon Realme Realme C33 512GB Silver,Smartfon Realme Realme GT 5 Pro 512GB Silver,0
Poco F5 1TB - Deep Purple,Xiaomi Poco F5 16GB+1TB,1
honor 600 black 8 512gb,смартфон honor 400 lite velvet,0
samsung galaxy a17 4 128gb black smartfoni sovg aga quvvatlagich va oq sim kartasi 100gb,kartasi galaxy a17 4 128gb black smartfoni sovg aga quvvatlagich va oq sim samsung 100gb,1
Smartfon Oppo Reno 11 128GB/4GB Green,Oppo Oppo Reno 11 4GB/256GB Midnight,0
Galaxy S24 1TB Starlight,Smartfon Poco F5 512GB/12GB Coral,0
Infinix Infinix Hot 40 Pro 1TB Midnight,Infinix Hot 40 Pro 1TB - Midnight,1
Redmi Note 13 4G 128GB - Natural,Smartfon Redmi Redmi Note 13 4G 512GB Deep Purple,0
Смартфон Oppo Oppo A79 5G 512GB Starlight,Oppo Oppo A79 5G Starlight 512GB,1
Redmi Redmi Note 13 Pro,Smartfon Redmi Note 13 Pro 64GB/3GB Gold,1
Vivo Vivo Y200 6GB/256GB Purple,Vivo Vivo Y200 Purple 256GB,1
vivo y28 8 256gb gleaming orange,vivo y28 8 256gb orange,1
Oppo Reno 12 128GB - Black,Oppo Reno 12 128GB - Black,1
Vivo Vivo Y200,Vivo Vivo Y200 16GB+256GB,1
Smartfon Galaxy S21 FE 512GB/3GB Deep Purple,Samsung Galaxy S21 FE Deep Purple 512GB,1
Smartfon Galaxy A05 64GB/3GB Coral,Galaxy A05 64GB Coral,1
Smartfon Tecno Pova 6 256GB/8GB Lavender,Tecno Tecno Camon 30 8GB+256GB,0
смартфон honor x7d 6 128gb desert gold,honor 400 12 512gb desert gold juicer 100gb internet 3 months of free tv com,0
Смартфон Redmi Redmi Note 13 256GB White,Redmi Redmi Note 13 3GB/256GB White,1
iPhone 15 Plus 512GB - Deep Purple,Apple iPhone 15 Plus 6GB/512GB Deep Purple,1
honor x6b 4 128gb midnight black,honor x7b emerald green 8 128gb,0
Redmi Redmi 13 8GB+64GB,Redmi Redmi A3,0
смартфон xiaomi poco x6 5g 8 256gb white,iphone 12pro ideal,0
Galaxy Z Fold 4 256GB Starlight,Galaxy Z Fold 4 256GB - Starlight,1
Realme Realme C33 256GB Coral,Realme Realme 12+ 4GB+256GB,0
Tecno Tecno Pova 6 Pro 4GB/64GB Gold,Tecno Tecno Pova 6 Pro,0
Oppo Reno 12 128GB Natural,Смартфон Oppo Oppo Reno 12 128GB Natural,1
Xiaomi Xiaomi 13T Pro 3GB/512GB Silver,Xiaomi 13T Pro 512GB - Silver,1
Смартфон Honor Honor 200 512GB Graphite,Honor Honor 200 Graphite 512GB,1
Tecno Spark 20 Pro 64GB Titanium,Tecno Spark 20 Pro 512GB (Coral),0
Galaxy M34 5G 128GB (Natural),Samsung Galaxy M34 5G 128GB Natural,1
смартфон xiaomi 14 pro 12 256gb dual nano sim cn black,смартфон apple iphone 17 pro max 512gb silver af a 1 sim,0
смартфон oppo a77s 128gb starry black,смартфон xiaomi 14t pro 12 512gb titan blue,0
oppo a3 cph2669,samsung s 24 ultra,0
Смартфон Realme Realme 12 256GB Natural,Realme 12 256GB - Natural,1
Oppo Oppo Find X7,Oppo Oppo Find X7 Starlight 512GB,1
Apple iPhone 14 Coral 256GB,Apple iPhone 14 Coral 256GB,0
redmi note 14 8 128 ocean blue,redmi note 14 5g cdma gsm 8 128gb,0
honor x9c 5g black 8 256gb,honor magic v3 falcon black 12 512gb,0
Smartfon Honor Honor X9b 512GB Gold,Smartfon Honor Honor X9b 512GB Gold,1
Tecno Spark 20 Pro 512GB (Blue),Oppo Oppo A58 6GB+128GB,0
Honor 200 64GB (Purple),Honor Honor 200 3GB/64GB Purple,1
samsung galaxy a17 8 256gb gray smartfoni sovg aga quvvatlagich va oq sim kartasi 100gb,смартфон honor x9c smart 8 256 black,0
Honor Honor 100 Pro 16GB+256GB,Honor Honor 100,0
Смартфон Infinix Infinix Smart 8 Pro 1TB Titanium,Infinix Infinix Smart 8 Pro 1TB Titanium,1
Tecno Tecno Pova 6 4GB+64GB,Smartfon Tecno Tecno Pova 6 256GB Natural,0
Smartfon Galaxy A35 5G 256GB/6GB Titanium,Smartfon Samsung Galaxy A35 5G 256GB Titanium,1
смартфон honor x9d 8 256 гб золотистый,смартфон honor 200 8 256 black,0
Smartfon Honor Honor X7b 512GB Coral,Honor Honor X7b 512GB Coral,1
Redmi Note 11S 512GB (Black),Redmi Redmi Note 11S 6GB/128GB Cream,0
Smartfon Tecno Tecno Spark 20 Pro 128GB Midnight,Realme Realme GT 5 Pro 4GB/1TB Silver,0
Vivo Vivo Y100 8GB+1TB,Smartfon Vivo Vivo Y100 1TB Gold,1
iphone 15 pro 128gb,смартфон xiaomi redmi note 13 8 128gb mint green,0
Infinix Infinix Zero 30 Purple 128GB,Infinix Zero 30 128GB Purple,1
Realme GT 5 Pro 64GB (Graphite),Realme GT 5 Pro 1TB (Black),0
смартфон vivo v70 12 256 black,смартфон iphone 11 128gb dual red,0
honor x7e midnight black 6 256gb в подарок honor choice earbuds x8,honor x9c 5g black 8 256gb,0
Смартфон Samsung Galaxy S24 1TB Natural,Galaxy S24 64GB White,0
Smartfon Realme C67 64GB/12GB Starlight,Realme C67 512GB Deep Purple,0
wifi телефон fanvil w610w,w610w телефон fanvil wifi,1
Realme 11 64GB Coral,Realme Realme 11 3GB/1TB Titanium,0
Xiaomi Poco X5 3GB/512GB Blue,Realme C55 1TB (Coral),0
Smartfon Honor Honor X8b 1TB Purple,Oppo A38 256GB (Coral),0
Samsung Galaxy A55 5G,Samsung Galaxy A55 5G,1
Apple iPhone 11 Pro Max 3GB/512GB Black,iPhone 11 Pro Max 512GB Black,1
samsung galaxy a31,samsung galaxy,1
Smartfon iPhone 15 Pro 64GB/8GB Gold,Infinix Infinix Smart 8 Black 512GB,0
redmi 9 telefon sotiladi,redmi 15 titan grey 6 128gb,0
смартфон samsung galaxy a35 5g 8 128gb lemon,смартфон honor x8d 8 256 silver,0
Oppo Oppo Reno 11 Pro 3GB+128GB,Oppo Oppo Reno 11 Pro Green 128GB,1
Smartfon Realme 11 Pro+ 256GB/6GB Lavender,Realme 11 Pro+ 256GB - Lavender,1
Galaxy S24 Ultra 256GB Midnight,Smartfon Galaxy S24 Ultra 256GB/16GB Midnight,1
Смартфон Honor Honor X9b 128GB Coral,Honor X9b 128GB - Coral,1
redmi note 11 128gb,redmi note 15 night black 8 256gb,0
Smartfon Samsung Galaxy S24 64GB Silver,Smartfon Galaxy S24 64GB/4GB Silver,1
Tecno Spark 10 256GB (Cream),Tecno Spark 10 1TB Coral,0
Vivo V29 Pro 256GB (Starlight),Vivo V29 Pro 1TB - Graphite,0
смартфон honor x8c 8 256gb green,honor choice t10 sliver 4 64gb,0
redmi a7 pro black 4 128gb,смартфон redmi 15 6 128gb midnight black,0
Galaxy S23 FE 256GB - Natural,Galaxy S23 FE 256GB - Natural,1
Redmi 13C 512GB Deep Purple,Galaxy S23 Ultra 128GB Silver,0
Oppo Oppo Reno 12,Oppo Reno 12 1TB Silver,0
redmi note 14s midnight black 8 256gb,смартфон honor x7d 6 128gb black,0
беспроводное зарядное устройство belkin dual pads wireless charging qi 15w white,white зарядное устройство belkin dual pads wireless charging qi 15w беспроводное,1
Tecno Camon 30 64GB - Natural,Tecno Tecno Camon 30 6GB/64GB Natural,0
Смартфон Samsung Galaxy S24+ 64GB Green,Galaxy S24+ 64GB (Green),1
Смартфон Oppo Oppo Find X7 Ultra 512GB Midnight,Смартфон Oppo Oppo Find X7 Ultra 512GB Midnight,1
Смартфон Redmi Redmi Note 12 512GB Graphite,Redmi Note 12 512GB - Graphite,1
itel s26 ultra blue 8 256gb,itel s26 ultra blue 256gb,1
redmi 15c 4 128gb midnight black,зарядное устройство usb c 20w,0
смартфон honor x8b 8 128gb titanium silver,смартфон honor x9d 12 256 midnight black,0
смартфон samsung galaxy a25 5g 8 256gb yellow,yellow samsung galaxy a25 5g 8 256gb смартфон,1
Смартфон Honor Honor 200 Pro 128GB Midnight,Honor Honor 200 Pro,0
смартфон apple iphone 17 pro max 256gb deep blue af a 1 sim,смартфон apple iphone 17 pro 256gb max deep blue af a 1 sim,1
Tecno Camon 20 Pro 512GB (Coral),Tecno Tecno Camon 20 Pro 4GB+256GB,0
Xiaomi Xiaomi 11T 4GB/128GB Cream,Oppo Oppo Reno 10 Pro 512GB Coral,0
Tecno Tecno Spark 20 8GB/1TB Cream,Realme Realme GT 5 Pro,0
телефон novey bonny kids,garantiya bor yangi telefon,0
Смартфон Oppo Oppo Reno 11 512GB Lavender,Oppo Oppo Reno 11,0
Honor Honor X8a 8GB/64GB Starlight,Infinix Infinix Hot 30 Play 256GB White,0
Смартфон Tecno Tecno Pova 6 Pro 256GB Green,Tecno Tecno Pova 6 Pro 16GB+64GB,0
Smartfon Realme C33 64GB/16GB Starlight,Realme Realme 11 16GB/64GB Starlight,0
Smartfon Tecno Tecno Spark 20 512GB Black,Tecno Tecno Pova 6 12GB/512GB Black,0
Smartfon Vivo Y35 128GB/8GB Coral,Vivo Vivo Y35 Coral 128GB,1
Smartfon Samsung Galaxy S23+ 1TB Lavender,Galaxy S23+ 1TB - Lavender,1
Vivo X100 256GB Titanium,Vivo Vivo V29 Pro 256GB Titanium,0
смартфон realme c25y 6 128gb blue,realme c25y 6 128gb blue,1
iPhone 15 Pro 128GB (Black),iPhone SE 3 128GB (Black),0
Vivo Vivo Y200 Natural 128GB,Vivo Y200 64GB - Titanium,0
Infinix Infinix Note 40 Purple 256GB,Смартфон Infinix Infinix Note 40 256GB Purple,1
смартфон samsung galaxy a57 5g 8 256gb awesome navy,motorola edge 70 fusion power silhouette 12 512gb,0
honor 600 lite 8 256 desert gold,honor x9c smart 8 256gb midnight black,0
Infinix Zero 20 128GB (Black),Infinix Infinix Zero 20 12GB/128GB Black,1
Smartfon Realme 12 Pro 64GB/4GB Gold,Samsung Galaxy S23 128GB Midnight,0
смартфон samsung galaxy a13 4 64gb голубой,смартфон galaxy a13 4 64gb голубой,1
Xiaomi Xiaomi 12 Pro,Redmi Redmi K70 Pro 4GB/128GB White,0
Infinix Infinix Note 30 Pro Starlight 128GB,Smartfon Infinix Zero 30 5G 128GB/12GB Starlight,0
Oppo Oppo A78 Cream 512GB,Смартфон Infinix Infinix Zero 20 64GB Starlight,0
Smartfon Xiaomi 14 512GB/12GB Natural,Smartfon Redmi Note 13 128GB/12GB Graphite,0
Smartfon Vivo Vivo V29 Pro 256GB Silver,Смартфон Vivo Vivo V29 Pro 256GB Silver,1
Infinix Infinix Zero 30,Infinix Zero 30 256GB (Lavender),0
Realme C65 64GB (Coral),Smartfon Realme C65 64GB/12GB Coral,0
беспроводные наушники ldnio t02 white,смартфон xiaomi redmi note 13 pro 8 128gb forest green,0
Oppo Oppo A17 6GB/512GB Starlight,Oppo A17 256GB - Blue,0
Smartfon Vivo Y200 1TB/3GB Green,Vivo Y200 128GB Black,0
redmi note 15 pro glacier blue 8 256gb,смартфон redmi a5 4 128 ocean blue,0
Смартфон Honor Honor X8b 256GB Midnight,Smartfon Honor X8b 256GB/4GB Midnight,1
Tecno Tecno Pova 5 256GB Graphite,Tecno Tecno Pova 5 4GB+256GB,1
iPhone 15 Plus 256GB - Black,Apple iPhone 15 Plus 256GB Black,1
Infinix Smart 8 Pro 256GB (Deep Purple),Infinix Infinix Smart 8 Pro 16GB/64GB Coral,0
Смартфон Redmi Redmi Note 13 Pro 256GB Deep Purple,Redmi Redmi Note 13 Pro 256GB Deep Purple,1
Infinix Infinix Smart 8 Pro,Infinix Infinix Smart 8 Pro 4GB+64GB,1
Galaxy Z Flip 4 512GB (Black),Galaxy Z Fold 5 512GB (Black),0
iPhone 12 Pro 1TB (Midnight),Apple iPhone 12 Pro Black 128GB,0
смартфон vivo v70 12 256 gray,смартфон vivo v70 256 12 gray,1
Xiaomi Poco M5s 64GB Natural,Xiaomi Poco M5s,1
Tecno Tecno Spark 20,Tecno Spark 20 1TB - Black,1
Smartfon Tecno Tecno Pova 6 512GB Black,Redmi A3 1TB - Blue,0
Smartfon Tecno Pova 6 512GB/6GB Gold,Смартфон Tecno Tecno Pova 6 512GB Gold,1
Xiaomi Xiaomi 13 Ultra 512GB White,Xiaomi 13 Ultra 512GB White,1
Xiaomi Xiaomi 11T Pro 16GB+128GB,Smartfon Xiaomi 11T Pro 1TB/16GB Graphite,0
Xiaomi 13T 128GB (Coral),Xiaomi 13T 128GB (Coral),1
Galaxy A54 5G 256GB White,Smartfon Galaxy A54 5G 256GB/3GB White,1
Infinix Smart 8 Plus 128GB (Lavender),Smartfon Apple iPhone 12 Pro 512GB Titanium,0
смартфон samsung galaxy s25 5g 12 256gb dual sim jet black,смартфон apple iphone 14 pro max 256gb 1 sim серебристый,0
смартфон samsung galaxy s24 ultra 12 256gb dual nano sim black titan,смартфон samsung galaxy ultra 12 256gb dual nano sim black titan,1
Smartfon Realme 12+ 512GB/6GB Starlight,Realme Realme 12+ 6GB/512GB Starlight,1
смартфон samsung galaxy a15 5g 6 128gb yellow,смартфон samsung galaxy a23 4 64gb black,0
Apple iPhone 11,Smartfon iPhone 15 Pro Max 64GB/16GB Silver,0
Смартфон Vivo Vivo V30 Pro 256GB Purple,Смартфон Vivo Vivo V30 Pro 256GB Purple,1
Smartfon Realme Realme GT Neo 5 SE 512GB Starlight,Samsung Galaxy S23,0
redmi note 14s midnight black 8 256gb,note 14s midnight black 8 256gb,1
Smartfon Honor 90 Pro 1TB/16GB White,Honor 90 Pro 1TB White,1
Smartfon Apple iPhone 14 Pro 512GB Coral,iPhone 14 Pro 512GB Coral,1
galaxy s26 12 512 black,смартфон iphone 13 pro max 1tb silver dual,0
новый samsung galaxy s26 ultra 5g new 2026 телефон,5g samsung galaxy s26 ultra новый new 2026 телефон,1
Smartfon Samsung Galaxy S22 256GB Purple,Samsung Galaxy S22 Purple 256GB,1
Apple iPhone 14 Pro White 512GB,Apple iPhone 14 Pro 12GB/512GB White,1
Smartfon Vivo V30 Pro 512GB/12GB Silver,Vivo V30 Pro 128GB Cream,0
смартфон xiaomi redmi 9 3 32gb green,смартфон novey force g20 6 128gb mirror black,0
Smartfon Honor Honor X9a 128GB Blue,Smartfon Honor X9a 64GB/6GB Green,0
redmi 17 4g deep blue 4 256gb,redmi 13 pro telefon,0
Honor X9a 64GB Black,Honor Honor X9a Black 64GB,1
Xiaomi Poco X6 Pro 16GB+128GB,Смартфон Xiaomi Poco X6 Pro 128GB Black,1
Smartfon Xiaomi Xiaomi 13 Ultra 512GB Blue,Vivo Vivo V27 Gold 1TB,0
Honor Honor 200 Pro Gold 64GB,Honor Honor 200 Pro,1
Смартфон Vivo Vivo X100 1TB Starlight,Smartfon Vivo X100 1TB/4GB Starlight,1
Samsung Galaxy S24 Ultra 16GB+1TB,Smartfon Galaxy S24 Ultra 1TB/16GB Black,1
Honor Honor X8a 3GB/512GB Lavender,Смартфон Honor Honor X8a 64GB Natural,0
смартфон poco m8 5g 8 256gb black,смартфон samsung galaxy a37 256gb dark green,0
cмартфон samsung galaxy s25 5g s936 12 256gb silver shadow,cмартфон samsung galaxy 5g s936 12 256gb silver shadow,1
Infinix Infinix Smart 8 Pro 12GB+64GB,Смартфон Tecno Tecno Spark 10 1TB Purple,0
Oppo Reno 10 Pro+ 1TB White,Oppo Oppo Reno 10 Pro+ White 1TB,1
Apple iPhone 12 Pro Max 12GB/128GB Lavender,Smartfon Vivo Y100 256GB/12GB Graphite,0
Honor Honor 90 Pro 1TB Blue,Honor Honor 200,0
Realme C67 128GB Deep Purple,Смартфон Realme Realme C53 128GB Deep Purple,0
Smartfon Infinix Infinix Smart 8 Plus 512GB Silver,Infinix Infinix Smart 8 Plus 3GB+512GB,1
Samsung Galaxy Z Fold 4 6GB/256GB Cream,Samsung Galaxy Z Fold 4 256GB Cream,1
Смартфон Xiaomi Xiaomi 12 Pro 1TB Cream,Xiaomi Xiaomi 12 Pro 1TB Cream,1
Redmi Note 11S 128GB - Titanium,Redmi Redmi K60 Titanium 128GB,0
Apple iPhone 13 Pro Titanium 512GB,Smartfon Xiaomi Xiaomi 12X 1TB Lavender,0
iPhone 13 Pro Max 64GB - Green,Apple iPhone 13 Pro Max 1TB Gold,0
xiaomi redmi note 14s 8 128gb midnight b,смартфон samsung galaxy a37 5g 8 128 гб черный,0
Redmi Note 11 Pro 256GB (Lavender),Redmi Redmi Note 11 Pro 256GB Lavender,1
Redmi Redmi Note 11 16GB+1TB,Смартфон Redmi Redmi Note 11 1TB Natural,1
Smartfon Xiaomi 13T 512GB/8GB Graphite,Xiaomi 13T 512GB (Graphite),1
Honor 200 Pro 64GB Purple,Smartfon Honor Honor 200 Pro 512GB Silver,0
honor 400 lite 8 256gb velvet grey,400 lite 8 256gb velvet grey,1
Smartfon Infinix Hot 40 512GB/12GB Starlight,Infinix Note 30 512GB - Starlight,0
Oppo Find X7 128GB (Deep Purple),Oppo Oppo Find X7 4GB+1TB,0
Xiaomi Xiaomi 12,Smartfon Infinix Infinix Zero 30 256GB Silver,0
Tecno Tecno Spark 20 Pro Midnight 1TB,Tecno Spark 20 Pro 1TB - Midnight,1
новый xiaomi redmi 17 бесплатная доставка,новый xiaomi 17 бесплатная доставка,1
Oppo Oppo Find X7 256GB Gold,Smartfon Oppo Find X7 128GB/6GB Coral,0
Xiaomi Poco M6 Pro Lavender 64GB,Poco M6 Pro 64GB (Lavender),1
Xiaomi Poco F5 8GB/1TB Silver,Xiaomi Poco F5 1TB Silver,1
Oppo Reno 11 1TB - Starlight,Oppo Reno 11 1TB Starlight,1
Honor Honor X9b 256GB Blue,Смартфон Samsung Galaxy Z Flip 5 128GB Starlight,0
Honor Magic5 Pro 64GB - Midnight,Apple iPhone 11 128GB Purple,0
honor x7d black 6 128gb,honor 200 lite 8 256gb starry blue,0
Tecno Tecno Phantom V Fold Green 1TB,Smartfon Tecno Phantom V Fold 256GB/16GB Blue,0
смартфон honor 200 8 256gb moonlight белый,iphone 14 ozi 128gb айфон 14,0
Smartfon Apple iPhone 12 mini 256GB Starlight,Apple iPhone 12 mini 256GB Starlight,1
смартфон poco x7 5g 12 512gb black,смартфон black x7 5g 12 512gb poco,1
Vivo Vivo V30e Purple 128GB,Vivo Vivo Y36 Purple 128GB,0
honor x8d black 8 128gb,смартфон honor 400 lite 8 256 гб черный,0
Smartfon Tecno Pova 6 Pro 1TB/12GB Lavender,Tecno Tecno Pova 6 Pro 12GB+1TB,1
Смартфон Tecno Tecno Pova 6 Pro 256GB Gold,Tecno Tecno Pova 6 Pro 16GB+128GB,0
смартфон tecno camon 18p 8 128gb ceramic white,смартфон honor x8c 8 256gb midnight black,0
Smartfon Oppo Reno 10 Pro 512GB/4GB Lavender,Oppo Oppo Reno 10 Pro 4GB/512GB Lavender,1
Smartfon Vivo Vivo Y100 1TB Purple,Smartfon Vivo Y100 1TB/16GB Purple,1
Apple iPhone 13 Pro Max Coral 256GB,Oppo Oppo A38 6GB/512GB Green,0
Vivo Y100 1TB (Green),Smartfon Poco M6 Pro 512GB/4GB Gold,0
Infinix Infinix Zero 30 3GB/1TB Purple,Infinix Infinix Zero 30 3GB/1TB Purple,1
iPhone 12 Pro 1TB Purple,Apple iPhone 12 Pro,1
Смартфон Apple iPhone 13 Pro Max 1TB Graphite,Tecno Tecno Camon 30 Pro 128GB Blue,0
Honor Magic6 Pro 256GB (Graphite),Honor Honor Magic6 Pro 3GB/256GB Graphite,1
Смартфон Infinix Infinix Hot 30 Play 64GB Coral,Смартфон Infinix Infinix Smart 8 Pro 64GB Coral,0
Infinix Hot 30 Play 64GB Graphite,Infinix Infinix Hot 30 Play Cream 1TB,0
Samsung Galaxy S24+ 6GB/1TB White,Samsung Galaxy F14 5G 6GB/1TB White,0
Smartfon Apple iPhone 13 mini 64GB Black,Apple iPhone 13 mini 12GB+64GB,1
Realme Realme C53 Coral 64GB,Smartfon Realme C65 64GB/16GB Coral,0
Infinix Infinix Smart 8,Infinix Infinix Smart 8,1
Smartfon Poco F5 Pro 128GB/12GB Lavender,Poco F5 Pro 128GB - Lavender,1
Redmi Note 13 Pro+ 64GB Midnight,Smartfon Redmi Redmi Note 13 Pro+ 64GB Midnight,1
Смартфон Infinix Infinix Hot 40 Pro 64GB Silver,Infinix Hot 40 Pro 64GB - Silver,1
Samsung Galaxy S24 Ultra Cream 128GB,Samsung Galaxy M34 5G,0
Realme Realme C33,Realme C33 256GB Purple,0
Apple iPhone 12 mini 6GB/128GB Blue,iPhone 12 mini 128GB - Blue,1
honor xd9 12 256,honor xd9 12,1
honor magic 6 pro,смартфон apple iphone air 1tb space black,0
Smartfon Infinix Infinix Hot 30 Play 256GB Lavender,Infinix Infinix Hot 30 Play Lavender 256GB,1
redmi note 12 4g,redmi note 11 128tali yangi hali narxini kelishamiz,0
Infinix Infinix Note 30 Pro Titanium 1TB,Infinix Infinix Hot 30 Play 1TB Titanium,0
смартфон honor 200 pro 16 512gb moonlight white,xiaomi redmi note 15 pro 12 256gb titanium color smartfoni,0
Realme C67 1TB Deep Purple,Realme Realme C67,1
Samsung Galaxy Z Fold 4 Green 512GB,Samsung Galaxy Z Fold 4 4GB+512GB,1
Smartfon Samsung Galaxy A35 5G 128GB Graphite,Samsung Galaxy S24 16GB+128GB,0
Tecno Tecno Pova 5 1TB White,Tecno Tecno Pova 6 Pro 3GB+1TB,0
iPhone 13 Pro Max 64GB Cream,iPhone 13 Pro Max 64GB - Cream,1
Smartfon Galaxy A25 64GB/6GB Starlight,Galaxy M34 5G 64GB - Starlight,0
Infinix Infinix Zero 20 4GB+64GB,Infinix Zero 20 64GB - Black,1
Redmi K60 64GB (Deep Purple),Redmi K60 64GB Deep Purple,1
Smartfon Honor Honor 80 Pro 1TB Coral,Honor Honor 80 Pro 1TB Coral,1
смартфон honor x9b 12 256gb midnight black,honor x9c smart 8 256gb midnight black,0
Smartfon Vivo Vivo V29 Pro 128GB Titanium,Smartfon Vivo Vivo V29 Pro 128GB Titanium,1
Realme C65 64GB - Black,Realme C65 64GB - Black,1
Apple iPhone 15 Plus,Smartfon iPhone 15 Plus 64GB/16GB Midnight,1
Vivo V29 128GB (Starlight),Смартфон Vivo Vivo Y22s 128GB Starlight,0
Tecno Pova 5 Pro 256GB - Deep Purple,Tecno Tecno Pova 5 Pro 3GB+256GB,1
Tecno Camon 30 256GB (Coral),Tecno Tecno Spark 20 Pro+ 4GB+256GB,0
honor 400 gold 12 512gb,смартфон honor x9a 5g 8 128gb black,0
телефон novey s77 black,s77 novey телефон black,1
Honor Honor 200 Graphite 1TB,Honor Honor 200 1TB Graphite,1
Смартфон Redmi Redmi A2+ 512GB Purple,Redmi Redmi A2+ Purple 512GB,1
Galaxy Z Fold 5 256GB Midnight,Смартфон Samsung Galaxy Z Fold 5 256GB Midnight,1
Xiaomi Xiaomi 12X White 256GB,Xiaomi Xiaomi 12X 12GB/1TB Coral,0
Infinix Smart 8 Pro 128GB (Purple),Smartfon Infinix Infinix Smart 8 Pro 128GB Purple,1
iphone xs karopka yo,iphone xs karopka,1
Realme GT 5 Pro 128GB (Lavender),Realme GT 5 Pro 128GB Lavender,1
Honor Honor 90 128GB Titanium,Honor Honor 90 Titanium 128GB,1
Realme Realme 9 Pro+,Realme Realme 9 Pro+ 6GB+128GB,1
Redmi Note 11S 512GB (Midnight),Smartfon Infinix Infinix Hot 40 Pro 1TB Titanium,0
Tecno Tecno Pova 6 256GB Silver,Tecno Tecno Pova 6,1
Smartfon Redmi 12C 256GB/6GB White,Redmi Note 13 256GB - White,0
iPhone 12 128GB (Green),Infinix Note 40 64GB Gold,0
huawei nova 12se 8 256gb black,huawei nova 12se 256gb black,1
Redmi Note 11 Pro 512GB Silver,Vivo V30 Pro 1TB - Purple,0
Xiaomi Poco M5s 4GB+128GB,Smartfon Xiaomi Poco M5s 128GB Coral,1
tecno spark go 2 64gb gravity black,tecno spark go 64gb gravity black,1
redmi 15 8 256gb midnight black,redmi 15 8 256gb black midnight,1
Xiaomi Poco M5 256GB Graphite,Smartfon Xiaomi Poco M5 256GB Graphite,1
Honor Honor 90,Honor Honor 90 64GB Blue,1
Honor Honor 90 Lite 16GB/1TB Lavender,Honor Honor 90 Lite 16GB/1TB Lavender,1
Vivo Y36 128GB (Green),Vivo Y36 128GB Green,1
Poco M5s 64GB (Titanium),Infinix Zero 30 5G 512GB - Starlight,0
Infinix Infinix Hot 40 Pro 16GB/256GB Black,Смартфон Honor Honor Magic6 Pro 512GB Blue,0
Vivo Y100 512GB Gold,Vivo Vivo Y100 12GB/512GB Gold,1
Смартфон Redmi Redmi Note 13 4G 64GB Blue,Vivo V29 1TB (Silver),0
Galaxy Z Fold 4 256GB (Purple),Galaxy S24+ 256GB Purple,0
Samsung Galaxy S23+ 256GB Silver,Honor 100 1TB (Green),0
xiaomi 14t pro grey 12 512gb,xiaomi 17t black 12 512gb,0
смартфон honor x9a 8 256 emerald green,смартфон honor x9a 256 emerald green,1
Samsung Galaxy Z Flip 5 Deep Purple 128GB,Xiaomi Xiaomi 12 Pro 12GB/1TB Purple,0
Redmi K70 Pro 256GB (Midnight),Honor Honor 100 Pro 8GB+64GB,0
redmi note 14 full ideal holatda,smartfon redmi a5 4 128gb ocean blue,0
Galaxy Z Fold 5 1TB Lavender,Samsung Galaxy M34 5G 3GB/1TB Lavender,0
Tecno Spark 20 Pro 256GB (White),Smartfon Tecno Tecno Spark 20 Pro 512GB Gold,0
Realme Realme 11 Pro+ Natural 512GB,Honor 100 Pro 256GB (Starlight),0
Oppo Oppo Reno 10 64GB Gold,Oppo Oppo Reno 10,1
Infinix Infinix Note 30 6GB+64GB,Infinix Note 30 64GB Green,1
Smartfon Redmi 13C 64GB/8GB Purple,Redmi 13C 64GB - Purple,1
honor 600 golden white 8 512gb,honor 600 golden 8 white 512gb,1
Infinix Infinix Hot 40,Smartfon Infinix Note 30 64GB/4GB Blue,0
смартфон samsung galaxy a34 5g 8 128gb лавандовый,honor x9d 5g gold 8 256gb,0
iPhone 11 Pro 128GB - Titanium,iPhone 11 Pro 128GB (Titanium),1
смартфон iphone 11 pro 512gb gray,512gb iphone 11 pro смартфон gray,1
Infinix Infinix Hot 30 Play 16GB+512GB,Infinix Infinix Hot 30 Play,0
Realme Realme C55,Xiaomi Poco M5 12GB+128GB,0
смартфон honor x7b 8 256gb shimmering silver,galaxy samsung a21 s,0
Tecno Tecno Pova 5 Pro,Tecno Tecno Pova 5 Pro 3GB+128GB,1
Oppo Oppo Reno 10 8GB/512GB Graphite,Oppo Oppo Reno 10 8GB+512GB,1
Tecno Tecno Spark 20 8GB/128GB Black,Smartfon Tecno Tecno Spark 20 128GB Black,1
Smartfon Vivo Vivo V30 Pro 1TB Natural,Vivo Y35 1TB Natural,0
Oppo Oppo Reno 11 3GB/512GB Coral,Oppo Reno 11 512GB - Coral,1
Honor Honor Magic5 Pro 8GB+128GB,Honor Magic5 Pro 128GB Midnight,1
Xiaomi 14 Ultra 128GB Purple,Xiaomi Xiaomi 14 Ultra 6GB+64GB,0
Honor X8a 128GB - Deep Purple,Honor Honor X8a 6GB+128GB,1
redmi note 14 pro midnight black 8 256gb,redmi 15 8 256gb sandy purple,0
Tecno Pova 5 64GB (Coral),Tecno Pova 5 64GB (Coral),1
Oppo Oppo Reno 10 Pro 128GB Green,Smartfon Oppo Oppo Reno 10 Pro 256GB White,0
смартфон vivo y33s 4 128gb mirror black,xiaomi redmi a5 lake green 4 128gb,0
samsung a21 sotiladi,смартфон iphone 11 pro 64gb gray,0
Xiaomi Xiaomi 13 Ultra,Xiaomi Xiaomi 13 Ultra Lavender 1TB,1
Смартфон Vivo Vivo V30 Pro 512GB Green,Vivo Vivo Y35 Green 512GB,0
смартфон xiaomi redmi note 13 5g 6 128gb ocean teal,смартфон redmi note 13 5g 6 128gb ocean teal,1
Smartfon Vivo Vivo X100 256GB White,Vivo X100 256GB - White,1
motorola moto g06 power tapestry 4 256gb,motorola moto g06 tapestry power 4 256gb,1
смартфон xiaomi poco c65 8 256gb dual nano sim global purple,смартфон xiaomi poco c65 8 256gb dual sim global purple,1
Apple iPhone 12,Apple iPhone 12 Titanium 512GB,1
зарядное устройство ttec smartcharger lightning cable white,зарядное smartcharger ttec устройство lightning cable white,1
Tecno Camon 20 Pro 128GB Deep Purple,Смартфон Tecno Tecno Camon 20 Pro 128GB Deep Purple,1
Smartfon Redmi Redmi Note 11 Pro 256GB Graphite,Tecno Phantom X2 Pro 512GB (Cream),0
Redmi Redmi Note 13 Pro,Redmi 13 128GB Titanium,0
Oppo Oppo A38,Oppo Oppo Reno 11 Pro 4GB/256GB Starlight,0
redmi note 15 pro plus 5g доставка проверка при получении,redmi note 15 pro 12 512 black,0
Xiaomi Poco F5 Pro Titanium 512GB,Poco F5 Pro 512GB - Titanium,1
смартфон vivo y31d 8 256 white,honor choice t10 black 4 64gb,0
samsung galaxy a10,iphone 11 holati yaxwi,0
honor 600 orange 8 256gb,смартфон google pixel 7 pro 12 256gb ореховый,0
Xiaomi Poco M6 Pro 512GB Green,Poco M6 Pro 512GB (Green),1
фитнес браслет huawei band 6 black,фитнес браслет huawei 6 black,1
honor 400 5g 256gb,honor 400 5g,1
Redmi Redmi A3 Purple 128GB,Redmi Redmi A3 3GB/64GB Green,0
Смартфон Oppo Oppo A79 5G 128GB Cream,Smartfon Oppo A79 5G 128GB/12GB Cream,1
Honor Honor X7a 16GB+128GB,Honor Honor X7a 16GB+64GB,0
Tecno Camon 30 1TB Black,Tecno Camon 30 1TB (Black),1
смартфон xiaomi mix flip 12 512gb global version black,смартфон xiaomi mix flip 12 global version black,1
Honor Magic5 Lite 1TB Green,Honor Honor Magic5 Lite,1
Tecno Phantom X2 Pro 512GB Gold,Tecno Tecno Phantom X2 Pro Gold 512GB,1
Vivo X90 Pro 64GB (Cream),Смартфон Vivo Vivo X90 Pro 64GB Cream,1
Realme C53 512GB (Blue),Смартфон Realme Realme GT 5 512GB Blue,0
xiaomi redmi note 15 smartfoni 8 256gb purple,смартфон apple iphone 13 pro max 128gb золотистый,0
Смартфон Tecno Tecno Phantom X2 Pro 128GB Blue,Tecno Tecno Phantom X2 Pro Blue 128GB,1
Smartfon Xiaomi 13T Pro 1TB/6GB Lavender,Xiaomi 13T Pro 1TB Lavender,1
vivo y29 8 256gb white,redmi not 13 128gb aybi steklo ozigina chatnagan bilinmaydi naxt,0
Tecno Camon 30 512GB (Midnight),Smartfon Tecno Camon 30 512GB/8GB Midnight,1
Smartfon Oppo Oppo Reno 10 256GB Silver,Oppo Oppo Reno 10 12GB/256GB Silver,1
Xiaomi Poco F5 Pro 16GB/1TB Graphite,Smartfon Xiaomi Poco F5 Pro 1TB Graphite,1
Realme Realme Note 50 8GB/512GB Purple,Realme Realme Note 50,1
Tecno Tecno Phantom V Fold 512GB Black,Tecno Tecno Phantom V Fold 12GB+128GB,0
redmi note 15 sandy purple 8 256gb,redmi note 11 pro 5g 6 128,0
Honor Honor Magic5 Lite,Xiaomi Poco X5 Pro Lavender 64GB,0
Honor X9a 128GB - Natural,Honor Honor X9a 8GB+128GB,1
Xiaomi 13 1TB - White,Poco M5 1TB - White,0
Honor 80 Pro 512GB (Purple),Honor 80 Pro 512GB Purple,1
Realme Realme GT 5 Pro 3GB/256GB Graphite,Realme Realme GT 5 Pro Graphite 256GB,1
Galaxy S23 256GB Coral,Galaxy S23 256GB (Coral),1
iphone 14pro 128,128 14pro iphone,1
redmi 15c 4 128gb midnight black,redmi 9c 32 2gb dac full,0
Oppo Oppo Find X7 3GB/512GB Lavender,Oppo Oppo Reno 11 3GB+512GB,0
Смартфон Samsung Galaxy Z Flip 5 64GB Titanium,Samsung Galaxy Z Flip 5 64GB Titanium,1
Realme 11 Pro+ 512GB (Titanium),Смартфон Vivo Vivo V29 128GB Black,0
redmi 15c mint green 4 256gb,смартфон redmi a5 4 128 ocean blue,0
Infinix Hot 30 Play 512GB (Starlight),Infinix Infinix Smart 8 Plus,0
Oppo Oppo A38 12GB/64GB Green,Vivo Y200 Pro 512GB - Titanium,0
Xiaomi Xiaomi 13T Pro 4GB+1TB,Smartfon Xiaomi Xiaomi 13T Pro 128GB Purple,0
Samsung Galaxy A14 8GB+512GB,Samsung Galaxy A14 8GB+512GB,1
Смартфон Tecno Tecno Camon 30 Pro 64GB Cream,Tecno Pova 6 Pro 64GB (Cream),0
Xiaomi 12 Pro 1TB (Silver),Xiaomi Poco X6 Pro Silver 1TB,0
смартфон infinix hot 10 play 4 64gb green,смартфон infinix hot 10 play 64gb 4 green,1
redmi 17 4g deep blue 8 256gb,redmi 14c dreamy purple 6 128gb,0
Vivo Vivo X100 Pro Cream 1TB,Smartfon Vivo X100 Pro 64GB/6GB Coral,0
Смартфон Honor Honor 90 Pro 64GB Cream,Honor X7b 64GB Cream,0
Samsung Galaxy S21 FE Starlight 64GB,Samsung Galaxy S21 FE 6GB/64GB Starlight,1
iPhone 14 Pro Max 512GB Black,Smartfon Redmi K60 1TB/12GB Lavender,0
Poco F5 128GB (Titanium),Xiaomi 13 Pro 128GB (Titanium),0
смартфон honor 200 12 512gb black,smartfon honor x6c 6 128gb blue,0
Tecno Tecno Spark 20 Gold 256GB,Tecno Spark 20 256GB Gold,1
Samsung Galaxy S23,Смартфон Samsung Galaxy S23 128GB White,0
Smartfon Honor X7b 64GB/4GB Natural,Honor Honor X7b Natural 64GB,1
Tecno Tecno Pova 6 Pro Graphite 256GB,Tecno Pova 6 256GB (Graphite),0
Vivo Vivo V27 Pro,Vivo V27 Pro 512GB Green,0
Smartfon Vivo V27 1TB/4GB Silver,Smartfon Vivo Vivo V27 1TB Silver,1
Samsung Galaxy M14 Blue 1TB,Tecno Pova 6 64GB Black,0
смартфон xiaomi redmi note 14s 8 256gb midnight black,смартфон xiaomi redmi note 14s 8 black midnight 256gb,1
Galaxy S21 FE 512GB - Midnight,Infinix Infinix Zero 30 5G,0
Redmi Note 11 256GB (Deep Purple),Redmi Redmi Note 11 256GB Deep Purple,1
Smartfon Vivo Vivo V30 1TB Graphite,Vivo Y100 1TB - Graphite,0
Смартфон Tecno Tecno Pova 5 64GB Graphite,Tecno Tecno Pova 5 Graphite 64GB,1
смартфон iphone xr 128gb black,смартфон iphone xr black 128gb,1
смартфон xiaomi 15 12 256gb nano sim esim black,смартфон xiaomi 15 12 256gb nano esim sim black,1
смартфон honor x7d 8 256 гб meteor silver,смартфон honor x9b 5g 8 256gb midnight black,0
Honor Honor X8b 8GB/512GB Titanium,Смартфон Honor Honor X8b 512GB Titanium,1
Smartfon Galaxy Z Fold 5 128GB/8GB Blue,Samsung Galaxy Z Fold 5 8GB+128GB,1
смартфон honor 70 12 256gb global blue,смартфон honor 200 pro 16 512gb black,0
Tecno Pova 6 128GB Cream,Tecno Tecno Pop 8 16GB/128GB Cream,0
Smartfon Honor Honor X9b 64GB Black,Smartfon Honor X9b 128GB/6GB Graphite,0
Vivo V27 Pro 128GB - Natural,Vivo Vivo V27 Pro 512GB Titanium,0
Honor Honor X9b 12GB+512GB,Smartfon Honor X9b 512GB/12GB Deep Purple,1
Apple iPhone 15 16GB+1TB,iPhone 15 512GB Midnight,0
Honor 100 Pro 64GB Silver,Honor Honor 100 Pro,0
samsung galaxy mi 12 4 64gb sotiladi,samsung galaxy 64gb 12 4 mi sotiladi,1
Smartfon Honor Magic5 Pro 256GB/3GB Lavender,Honor Honor Magic5 Pro,0
Смартфон Oppo Oppo A78 256GB Titanium,Смартфон Oppo Oppo A78 128GB Lavender,0
Apple iPhone 11 3GB+64GB,Смартфон Apple iPhone 11 1TB Blue,0
Apple iPhone 11 Pro Max 256GB Graphite,iPhone 11 Pro Max 64GB Purple,0
Redmi Note 13 4G 64GB - Black,Redmi K70 Pro 64GB (Black),0
смартфон samsung galaxy z flip6 12 512gb nano sim esim серый,смартфон samsung galaxy sim flip6 12 512gb nano z esim серый,1
смартфон samsung galaxy z flip6 12 256gb nano sim esim желтый,смартфон samsung galaxy a04 4 64gb медный,0
Oppo Oppo A38 4GB/128GB Black,Smartfon Oppo A38 128GB/4GB Black,1
redmi 15 6 128gb sandy purple,redmi note 15 pro titanium color 8 256gb,0
Smartfon Redmi Redmi Note 11 512GB Graphite,Redmi Redmi Note 11,0
Apple iPhone 15 Pro Natural 128GB,iPhone 15 Pro 256GB - Blue,0
apple iphone 17 8 256gb sage,смартфон apple iphone 16 pro max 256gb dual esim black titanium,0
Vivo Vivo V30 Pro 8GB+1TB,Vivo Vivo V30 Pro Purple 128GB,0
Infinix Hot 30 Play 64GB - Silver,Infinix Infinix Hot 30 Play 12GB/64GB Silver,1
Oppo Oppo Reno 11 256GB Blue,Oppo Oppo A79 5G 12GB/256GB Blue,0
honor x7e sunrise orange 6 256gb в подарок honor choice earbuds x8,honor x7e x8 orange 6 256gb в подарок honor choice earbuds sunrise,1
беспроводные наушники green lion earbuds 2,apple iphone 16 pro max 1tb 1 sim 1 esim desert titanium smartfoni,0
Smartfon iPhone 13 mini 64GB/3GB Deep Purple,Apple iPhone 13 mini 3GB+64GB,1
Vivo Y36 256GB - Midnight,Vivo Vivo Y36 3GB/256GB Midnight,1
смартфон honor x7b 6 128gb shimmering silver,honor x7b 6 128gb shimmering silver,1
Oppo Oppo Reno 12 Pro 4GB+128GB,Smartfon Oppo Oppo Reno 12 Pro 128GB Green,1
Smartfon Redmi Redmi Note 11 Pro 256GB Lavender,Tecno Tecno Spark 20 Pro+ 6GB+1TB,0
Apple iPhone 13 mini Silver 1TB,Apple iPhone 13 mini 16GB/256GB Coral,0
Tecno Tecno Camon 30 Pro Deep Purple 256GB,iPhone 12 Pro 512GB - Midnight,0
Infinix Note 40 1TB (White),Smartfon Infinix Note 40 1TB/16GB White,0
iPhone 14 Pro 64GB (Natural),Apple iPhone 14 Pro 64GB Natural,1
Galaxy S21 FE 128GB Natural,Смартфон Vivo Vivo V30 512GB Silver,0
samsung galaxy a36,galaxy a36,1
смартфон xiaomi redmi 12 8 128gb global dual nano sim polar silver,смартфон apple iphone 13 pro 128gb графитовый,0
Infinix Note 30 Pro 1TB - Cream,Tecno Tecno Pop 8 128GB Starlight,0
Смартфон Vivo Vivo V30 Pro 64GB Midnight,Redmi Note 13 4G 256GB - Silver,0
смартфон honor 200 lite 16 256gb cyan lake,смартфон honor x8b 8 256gb titanium silver,0
Samsung Galaxy A14 256GB Black,Samsung Galaxy A14 6GB+256GB,1
Honor Honor 100 6GB/128GB Natural,Honor Honor 100 Natural 128GB,1
Смартфон Oppo Oppo Find X7 Ultra 512GB Titanium,Oppo Oppo Reno 10 Pro+ 6GB/512GB Titanium,0
xiaomi redmi note 14 pro 5g 12 512gb global version black 100gb of internet 3 months of tv com for free,xiaomi redmi note 14 pro 5g 12 512gb global version black 100gb of internet of months 3 tv com for free,1
Xiaomi Poco X5 64GB Deep Purple,Poco X5 64GB - Deep Purple,1
Infinix Infinix Hot 30 Play 1TB Midnight,Infinix Infinix Hot 30 Play 3GB+1TB,1
смартфон infinix hot 40i 4 128gb starfall green,смартфон infinix hot 40i 4 128gb green,1
Redmi Redmi Note 13 6GB+64GB,Xiaomi 14 Ultra 512GB - Lavender,0
смартфон samsung galaxy a04s 4 64gb green,смартфон a04s galaxy samsung 4 64gb green,1
samsung galaxy a7 2018 4 64,samsung galaxy a7 4 64,1
Vivo Vivo V30e White 512GB,Vivo Vivo V30e 6GB+512GB,0
Oppo Oppo Reno 12 Blue 64GB,Смартфон Oppo Oppo Find X7 64GB Blue,0
Honor Honor Magic6 Pro 4GB+1TB,Honor Honor Magic6 Pro 4GB+512GB,0
смартфон infinix smart 10 4 128gb silver,samsung galaxy s25 silver shadow 12 256gb,0
Vivo Vivo Y200 Pro Cream 1TB,Vivo Vivo Y200 Pro 1TB Cream,1
Смартфон Tecno Tecno Pova 5 1TB Black,Tecno Tecno Pova 5 16GB+1TB,1
Infinix Zero 30 5G 128GB (Black),Infinix Infinix Zero 30 5G 128GB Black,1
Apple iPhone 14 Pro 1TB Blue,Apple iPhone 14 Pro 6GB+512GB,0
Infinix Infinix Note 30 Titanium 512GB,Infinix Note 30 512GB - Titanium,1
смартфон honor 90 lite 8 256gb dual nano sim серебристый,смартфон honor x9b 5g 8 256gb moroccan orange,0
Smartfon Redmi Redmi Note 11 Pro 128GB Purple,Redmi Redmi Note 11 Pro 512GB Titanium,0
xiaomi 15 green 12 256gb,samsung galaxy a07 6 128gb black smartfoni,0
Redmi Redmi Note 12 Pro+ 4GB/128GB Cream,Redmi Redmi Note 12 Pro+ Cream 128GB,1
смартфон vivo y04 4 128 green,беспроводные наушники xiaomi buds 5 ceramic white,0
Smartfon Oppo Reno 12 Pro 256GB/16GB Blue,Oppo Oppo Find X7 Ultra 16GB+256GB,0
Vivo Vivo Y200 Black 64GB,Vivo Vivo Y200 64GB Black,1
iPhone 15 Pro Max 512GB (Lavender),Redmi Redmi Note 11 128GB Coral,0
Smartfon Infinix Infinix Note 40 1TB Deep Purple,Infinix Smart 8 Pro 1TB Deep Purple,0
смартфон для детей green lion kids gl kph 01 57554,смартфон детей green lion kids gl kph 01 57554,1
Smartfon Poco X6 Pro 1TB/16GB White,Oppo Oppo A38 16GB/512GB Coral,0
Smartfon Tecno Camon 30 128GB/3GB Gold,Tecno Camon 30 128GB (Gold),1
Смартфон Vivo Vivo Y35 512GB Graphite,Vivo Vivo Y35 Graphite 512GB,1
Смартфон Samsung Galaxy A35 5G 256GB Silver,Galaxy A35 5G 64GB - Cream,0
Galaxy S21 FE 512GB (Coral),Galaxy S21 FE 512GB (Coral),1
Redmi 12C 64GB (Silver),Redmi Redmi 12C Silver 64GB,1
Vivo Vivo X100 4GB/256GB Natural,Smartfon Vivo X100 256GB/4GB Natural,1
смартфон samsung galaxy s21 8 256gb purple,смартфон tecno spark 10 pro 8 256 starry black,0
Xiaomi Xiaomi 14,Smartfon Xiaomi Xiaomi 14T 64GB Lavender,0
iphone 14pro max gold dual sim karta,смартфон samsung galaxy s25 ultra 16 1024gb titan whitesilver,0
Redmi Redmi Note 12 Coral 512GB,Redmi Redmi Note 12 512GB Coral,1
Infinix Zero 30 1TB - Gold,Infinix Zero 30 1TB Gold,1
Samsung Galaxy A55 5G 16GB/128GB Gold,Galaxy A55 5G 128GB - Gold,1
Smartfon Redmi 12 256GB/4GB Coral,Redmi 12 1TB (Green),0
apple iphone 17 pro 12 256gb silver,apple pro 17 iphone 12 256gb silver,1
Smartfon Redmi Redmi K70 Pro 128GB Natural,Redmi K70 Pro 128GB (Natural),1
Honor Honor X7a 16GB+128GB,Honor Honor 100 Pro 128GB Black,0
redmi note 14 ocean blue 8 256gb,redmi 15 6 128gb sandy purple,0
Honor Honor Magic6 Pro 64GB Black,Honor X8a 64GB Black,0
Tecno Spark 10 1TB (Purple),Tecno Spark 10 1TB Purple,1
Smartfon Redmi Redmi 12C 64GB Gold,Smartfon Infinix Hot 40 512GB/16GB Blue,0
Смартфон Xiaomi Xiaomi 14 64GB Deep Purple,Xiaomi Xiaomi 14 4GB/1TB Green,0
Смартфон Samsung Galaxy S22 64GB Graphite,Samsung Galaxy S22,1
Infinix Zero 30 5G 128GB - Black,Смартфон Redmi Redmi Note 11S 64GB Green,0
Xiaomi Xiaomi 12X Graphite 128GB,Смартфон Xiaomi Xiaomi 14T 128GB Graphite,0
Apple iPhone 11 64GB Graphite,Apple iPhone 11,1
Samsung Galaxy A25 3GB/256GB Gold,Samsung Galaxy A25 3GB+256GB,1
смартфон xiaomi 14 8 256gb dual nano sim cn pink,смартфон xiaomi 14 8 256gb dual nano sim pink,1
Smartfon Realme 9 Pro+ 256GB/3GB Silver,Oppo Oppo Reno 10 Pro 3GB+64GB,0
redmi note 15 pro 4g оптом и штук,продам телефоны redmi note 13 две штуки,0
Honor Honor 80 Pro 16GB/128GB Lavender,Infinix Hot 40 Pro 64GB Midnight,0
Smartfon Infinix Zero 30 5G 1TB/3GB Black,Infinix Infinix Zero 30 5G Black 1TB,1
Smartfon Redmi Redmi 13C 256GB Gold,Smartfon Redmi Redmi 13C 256GB Gold,1
oneplus 13 12 256 5g top smartfon,смартфон xiaomi 17 ultra 16 512gb black,0
смартфон honor x9d 8 256gb burgundy,смартфон apple iphone 13 pro max 128gb золотистый,0
xiaomi redmi note 15 pro 5g 12 512gb mocha brown smartfoni,xiaomi redmi 15 pro 5g 12 512gb mocha brown smartfoni,1
Vivo X100 256GB - White,Vivo V30 256GB White,0
Infinix Hot 40 128GB Natural,Infinix Infinix Hot 40,1
redmi note 13 midnight black 6 128gb,смартфон samsung galaxy a25 5g 8 256gb yellow,0
Infinix Infinix Note 40 Pro 16GB+128GB,Smartfon Infinix Infinix Note 40 Pro 128GB Blue,1
Smartfon iPhone 12 Pro Max 128GB/6GB Cream,iPhone 12 Pro Max 1TB (Silver),0
Tecno Tecno Phantom X2 Pro 3GB/1TB Silver,Smartfon Poco M5s 128GB/3GB Purple,0
Realme C33 1TB - Purple,Realme C33 256GB - Black,0
смартфон samsung galaxy z fold6 12 512 гб dual nano sim esim silver shadow,realme c85 pro 8 256gb purple,0
Infinix Infinix Zero 30 6GB+256GB,Infinix Zero 30 5G 256GB (Green),0
Realme 12 256GB Cream,Realme 11 256GB Cream,0
Smartfon Oppo Oppo A38 128GB Lavender,Oppo Oppo Reno 11 12GB/128GB Lavender,0
Infinix Smart 8 Pro 128GB - Natural,Infinix Zero 30 128GB - Natural,0
Vivo X100 Pro 512GB Natural,Vivo X100 Pro 512GB - Natural,1
Vivo Y35 128GB (Deep Purple),Vivo Y35 128GB Deep Purple,1
Xiaomi Xiaomi 13 Pro 4GB+128GB,Smartfon Xiaomi Xiaomi 13 Pro 128GB Green,1
Xiaomi Xiaomi 12 Pro 12GB+512GB,Xiaomi Xiaomi 12 Pro,0
Apple iPhone 14 Pro Midnight 256GB,iPhone 14 Pro 256GB - Midnight,1
Samsung Galaxy Z Fold 4 1TB Coral,Galaxy Z Fold 4 1TB (Coral),1
смартфон iphone 13 pro 512gb silver,смартфон iphone 13 pro silver,1
Oppo Reno 10 512GB Cream,Smartfon Oppo Oppo Reno 10 512GB Cream,1
Xiaomi Poco X6 Pro 128GB Gold,Xiaomi Poco X6 Pro,1
Infinix Note 40 256GB - Starlight,Infinix Infinix Smart 8 16GB+256GB,0
смартфон xiaomi redmi 14c 5g 6 128gb starry blue,телефон novey t240i dark blue,0
смартфон samsung galaxy z flip6 12 512gb nano sim esim желтый,смартфон samsung z flip6 12 512gb nano sim esim желтый,1
nova 12i 8 128 green,12i nova 8 128 green,1
apple iphone 15 128gb single black 100gb of internet 3 months of tv com for free,apple iphone 15 128gb single black 100gb of of 3 months internet tv com for free,1
poco m8 5g 8 256 black,poco m8 5g 256 black,1
Infinix Note 30 128GB - Midnight,Infinix Infinix Zero 30 128GB Midnight,0
Smartfon Infinix Zero 20 128GB/8GB Starlight,Infinix Note 40 Pro 128GB (Starlight),0
Smartfon Honor 90 Pro 256GB/6GB Graphite,Honor Honor 90 Pro,1
Honor Honor Magic5 Pro 128GB Lavender,Honor Honor Magic5 Pro 16GB+512GB,0
смартфон apple iphone 17 pro max 1tb sim e sim,смартфон apple iphone 17 pro max 1tb sim e,1
Tecno Tecno Pova 6 Pro Lavender 256GB,Apple iPhone 14,0
Vivo Vivo Y200 Pro 64GB Natural,Smartfon Vivo Y200 Pro 64GB/4GB Natural,1
Xiaomi 12T Pro 1TB White,Xiaomi Xiaomi 12T Pro 12GB+1TB,1
Honor Honor X8a 3GB+512GB,Honor Honor X8a 3GB/512GB White,1
Smartfon Tecno Phantom V Fold 256GB/4GB Blue,Tecno Tecno Camon 20 Pro 4GB/256GB Blue,0
Smartfon Samsung Galaxy S23 64GB Blue,Смартфон Samsung Galaxy S23 64GB Blue,1
Smartfon iPhone 14 Plus 1TB/8GB Starlight,Смартфон Apple iPhone 14 Plus 256GB Graphite,0
Redmi Note 12 Pro 64GB - Starlight,Redmi Redmi 13 Starlight 64GB,0
Oppo Oppo Find X7 Ultra,Oppo Oppo Find X7 Ultra 6GB/128GB Lavender,1
redmi not 9 4 ga 64 lik ideal holatda batarekasi 2 kun garantiya,redmi not 9 4 ga 64 ideal holatda batarekasi 2 kun garantiya,1
Tecno Tecno Pova 5,Realme C55 128GB Purple,0
Xiaomi Poco M5,Smartfon Poco M5 64GB/12GB Black,1
Redmi Redmi Note 11 Pro 16GB+256GB,Redmi K70 Pro 256GB - Titanium,0
redmi note 12 pro plus 5g 8gb 256gb midnight black,продам redmi note 15 pro plus 5g 12 512 brown,0
Vivo V30 Pro 256GB - White,Smartfon Infinix Smart 8 64GB/3GB Black,0
Tecno Tecno Spark 20 Pro 4GB/512GB Lavender,Tecno Spark 20 Pro 256GB Titanium,0
Samsung Galaxy S23 Ultra 64GB Blue,Samsung Galaxy A54 5G 4GB+64GB,0
Smartfon Infinix Zero 20 1TB/12GB Deep Purple,Smartfon Infinix Zero 20 512GB/12GB Purple,0
Apple iPhone SE 3 16GB/256GB Gold,Apple iPhone SE 3 16GB/512GB Starlight,0
Смартфон Oppo Oppo Reno 12 Pro 512GB Natural,Oppo Oppo Reno 12 Pro,1
redmi 15 midnight black 8 256gb,redmi midnight 15 black 8 256gb,1
смартфон xiaomi poco f8 pro 12 512gb silver,смартфон xiaomi poco f8 12 512gb silver,1
Smartfon Galaxy Z Flip 5 512GB/12GB Silver,Smartfon Samsung Galaxy Z Flip 5 512GB Silver,1
Apple iPhone 15 Pro 3GB+256GB,Apple iPhone 15 Pro 3GB/512GB Silver,0
Honor 200 1TB (Lavender),Смартфон Honor Honor 200 1TB Lavender,1
Tecno Tecno Pova 5,Tecno Pova 5 256GB Blue,1
смартфон xiaomi 17,смартфон xiaomi redmi note 15 pro 8 256gb sandy purple,0
Smartfon Realme Realme GT 5 Pro 256GB Lavender,Infinix Infinix Zero 20 1TB Black,0
Vivo Vivo Y35 12GB/256GB Midnight,Vivo Vivo Y35 12GB+256GB,1
Realme Realme C55 1TB Titanium,Realme Realme C55 4GB/256GB Starlight,0
Смартфон Apple iPhone 15 Plus 1TB Lavender,iPhone 15 Plus 1TB (Lavender),1
iPhone 15 256GB Starlight,Apple iPhone 15 Starlight 256GB,1
Redmi Note 12 64GB (Midnight),Redmi Redmi Note 12 3GB/64GB Midnight,1
Redmi 12C 1TB Purple,iPhone SE 3 256GB White,0
Apple iPhone 14 Plus 3GB/256GB Purple,Smartfon Apple iPhone 14 Plus 256GB Purple,1
смартфон iphone 11 64gb dual purple,продам xiaomi redmi note 12s,0
Tecno Tecno Pova 5 Pro White 128GB,Tecno Pova 5 Pro 1TB - Green,0
Honor Honor 90 Pro 16GB/256GB Blue,Honor Honor 90 Pro 16GB+1TB,0
Apple iPhone 11 Graphite 512GB,iPhone 11 512GB Graphite,1
Redmi Note 11 512GB Green,Redmi Redmi Note 11 512GB Green,1
Honor Honor Magic5 Lite 16GB/128GB Natural,Vivo Vivo V30 Green 256GB,0
Honor Honor 200 Pro,Xiaomi 12X 256GB (Black),0
Smartfon iPhone 14 Pro Max 64GB/8GB Lavender,iPhone 14 Plus 64GB Lavender,0
Oppo Reno 11 256GB (Green),Smartfon Oppo Reno 11 256GB/12GB Green,1
iPhone 12 mini 128GB Green,Apple iPhone 12 mini 1TB White,0
Oppo Oppo Reno 12 8GB+1TB,Oppo Reno 12 1TB - Titanium,1
Tecno Pova 5 512GB - Gold,Tecno Tecno Pova 6 Pro 12GB/512GB Gold,0
Xiaomi Xiaomi 14 Pro 3GB+64GB,Smartfon Xiaomi Xiaomi 14 Pro 64GB Deep Purple,1
Realme Realme 12 Pro 16GB/1TB Starlight,Смартфон Realme Realme 12 Pro 1TB Starlight,1
Tecno Tecno Pova 6 Pro 256GB Purple,Smartfon Tecno Tecno Pova 6 Pro 256GB Purple,1
Realme GT Neo 5 SE 128GB (Titanium),Realme GT Neo 5 SE 128GB - Titanium,1
смартфон infinix smart 10 3 64gb sleek black,смартфон infinix smart 10 3 sleek 64gb black,1
Honor Honor X9b,Honor Honor X9b 4GB+128GB,0
смартфон apple iphone se 2022 256gb red,смартфон honor x8a 6 128 silver,0
смартфон samsung galaxy a36 5g a366 8 256gb light violet gray,a36 samsung galaxy смартфон 5g a366 8 256gb light violet gray,1
Smartfon Realme Realme GT Neo 5 SE 64GB White,Smartfon Realme 11 64GB/8GB White,0
Redmi Redmi Note 12 Pro+,Smartfon Redmi Redmi A2+ 512GB Purple,0
Smartfon Vivo Y200 1TB/3GB Coral,Vivo Vivo Y200,1
Smartfon Realme 11 Pro 1TB/8GB Starlight,Смартфон Realme Realme 11 Pro 1TB Starlight,1
Smartfon iPhone 14 Pro 256GB/3GB Silver,Apple iPhone 14 Pro 256GB Silver,1
Redmi 13 256GB (Lavender),Realme 11 1TB Cream,0
Realme Realme GT 5 Pro,Smartfon Realme GT 5 Pro 512GB/4GB Lavender,1
samsung galaxy s25 ultra 5g 12 512gb titanium black titanium black 100gb of internet 3 months of tv com for free,samsung titanium s25 ultra 5g 12 512gb titanium black galaxy black 100gb of internet 3 months of tv com for free,1
Smartfon Tecno Pova 6 256GB/16GB Black,Смартфон Tecno Tecno Pova 6 256GB Black,1
Smartfon Honor 200 128GB/12GB Graphite,Honor Honor 200 Graphite 128GB,1
Смартфон Oppo Oppo Find X7 64GB Black,Oppo Oppo Find X7 6GB+1TB,0
смартфон google pixel 10 12 128gb frost,смартфон google pixel 10 128gb frost,1
iPhone 14 Pro 64GB (Graphite),iPhone 15 Plus 64GB - Graphite,0
Smartfon Galaxy A05 256GB/6GB Gold,Smartfon Samsung Galaxy A05 1TB Blue,0
Oppo A58 256GB (Deep Purple),Oppo Oppo A58 Deep Purple 256GB,1
Honor Honor 200 Pro Lavender 128GB,Smartfon Honor Honor 200 Pro 128GB Lavender,1
смартфон honor x5 plus 4 128 midnight black ocean blue,смартфон samsung galaxy s25 5g 12 256gb navy,0
смартфон samsung galaxy a54 5g 8 256gb лайм,смартфон samsung galaxy a54 5g 8 лайм,1
Apple iPhone SE 3 6GB+256GB,Смартфон Apple iPhone SE 3 256GB Purple,1
huawei nova y73 blue 8 256gb,huawei y73 blue 8 256gb,1
Infinix Smart 8 Plus 256GB White,Infinix Infinix Smart 8 Plus,1
смартфон samsung galaxy s26 ultra 12 512gb dual esim black,смартфон samsung galaxy dual ultra 12 512gb s26 esim black,1
смартфон realme c71 8 128gb white,смартфон 128gb c71 8 realme white,1
Apple iPhone 15 Plus 4GB+512GB,Smartfon Apple iPhone 15 Plus 128GB Silver,0
Смартфон Apple iPhone 11 128GB Green,Apple iPhone 13 Pro Max,0
Смартфон Samsung Galaxy M14 512GB Blue,Samsung Galaxy M14 512GB Blue,1
Honor Honor X8b Titanium 1TB,Honor Honor X8b,1
Смартфон Redmi Redmi Note 12 Pro+ 128GB Black,Redmi Note 12 Pro+ 256GB Lavender,0
Redmi Redmi Note 13 Pro,Realme Realme C53 512GB White,0
Oppo Reno 10 Pro+ 1TB - Graphite,Oppo Oppo Reno 10 Pro+ 4GB/1TB Graphite,1
Redmi Note 13 Pro 1TB - White,Redmi Redmi Note 13 Pro,1
Tecno Spark 20 Pro 256GB - Black,Tecno Spark 20 Pro 128GB (Green),0
Infinix Smart 8 Pro 512GB Coral,Смартфон Infinix Infinix Smart 8 Pro 128GB Deep Purple,0
Honor X8a 512GB Cream,Smartfon Honor Honor X8a 512GB Cream,1
Tecno Pova 6 Pro 128GB (Lavender),Tecno Tecno Pova 6 Pro 128GB Lavender,1
Galaxy A55 5G 512GB - Deep Purple,Смартфон Samsung Galaxy A55 5G 512GB Deep Purple,1
Xiaomi Xiaomi 12T Pro 4GB+256GB,Apple iPhone 14 Plus 4GB/64GB Purple,0
Galaxy M14 512GB (Titanium),Smartfon Realme 11 1TB/8GB Starlight,0
Realme Realme C33 4GB+64GB,Смартфон Realme Realme C33 512GB Blue,0
Redmi Redmi A2+ 8GB+1TB,Redmi Redmi A2+,1
Redmi Redmi A2+,Redmi Redmi A2+ 4GB/1TB Graphite,0
Xiaomi 13T 64GB Silver,Xiaomi 13T 64GB - Silver,1
Honor X8a 1TB - Midnight,Smartfon Honor Honor X8a 1TB Midnight,0
смартфон samsung galaxy s25 plus 5g 12 256gb dual sim mint,смартфон samsung galaxy s25 plus sim 12 256gb dual 5g mint,1
Xiaomi Xiaomi 13 Ultra Lavender 256GB,Samsung Galaxy A54 5G 128GB Titanium,0
honor x7d 8 256 desert gold,смартфон honor 70 12 256gb global blue,0
Смартфон Realme Realme 11 1TB Lavender,Realme Realme C65 6GB+1TB,0
Smartfon Redmi 13 256GB/16GB White,Smartfon Redmi Redmi Note 11 256GB White,0
Redmi A2+ 512GB Silver,Redmi Redmi A2+,0
Vivo X90 Pro 64GB (Lavender),Vivo Vivo X90 Pro 12GB+512GB,0
смартфон samsung galaxy a17 5g 6 128gb light blue,смартфон samsung light a17 5g 6 128gb galaxy blue,1
Oppo A79 5G 512GB - Titanium,Oppo Oppo Reno 10 Pro 6GB+512GB,0
Smartfon Infinix Infinix Note 30 1TB Purple,Smartfon Infinix Note 30 1TB/4GB Purple,1
smartfon honor x8d 8 256gb velvet gray,smartfon honor 8 256gb velvet gray,1
смартфон apple iphone 15 pro 256gb синий титан,смартфон apple 15 pro 256gb синий титан,1
Redmi Redmi A3 16GB+512GB,Smartfon Redmi Redmi A3 512GB Titanium,1
смартфон honor x6c 8 256gb dual sim ocean blue,смартфон honor x6c 256gb dual sim ocean blue,1
samsung galaxy a25 5g blue black 6 128gb,samsung galaxy 5g blue black 6 128gb,1
Smartfon Vivo V30e 256GB/8GB Green,Vivo V30e 256GB - Green,1
Redmi 12 1TB - White,Redmi Redmi 12 64GB Deep Purple,0
Infinix Infinix Hot 40 Pro Starlight 1TB,Smartfon Infinix Infinix Hot 40 Pro 128GB Black,0
Honor 90 512GB Green,Honor 90 512GB - Green,1
Realme Realme C33 Lavender 256GB,Realme Realme C33,1
Redmi Note 11 256GB (Coral),Redmi Redmi Note 11 4GB+1TB,0
смартфон xiaomi redmi 14c 6gb 128gb,смартфон infinix zero 30 4g 16 256gb misty green,0
samsung m 17 5g holati ortacha,смартфон apple iphone 13 pro 128gb графитовый,0
Smartfon Xiaomi Poco X5 Pro 128GB Green,Poco X5 Pro 128GB Green,1
Tecno Tecno Spark 20 Pro 16GB+256GB,Tecno Tecno Spark 20 Pro Starlight 64GB,0
Oppo Reno 10 128GB Silver,Oppo Reno 10 Pro+ 128GB Silver,0
Infinix Smart 8 Plus 64GB - Graphite,Infinix Infinix Smart 8 Plus Graphite 64GB,1
Xiaomi 14T Pro 256GB - Natural,Xiaomi Xiaomi 14 Ultra 6GB/256GB Natural,0
Smartfon Vivo Vivo V29 Pro 64GB Purple,Vivo Vivo V29 Pro Purple 64GB,1
poco m8 pro 5g black 12 512gb,poco m8 pro black 12 512gb,1
xiaomi redmi note 15 smartfoni 8 256gb purple,xiaomi 15 note redmi smartfoni 8 256gb purple,1
смартфон honor 90 5g 8 256 midnight black,смартфон honor 400 12 256gb desert gold,0
Smartfon Honor 90 128GB/6GB Lavender,Honor Honor 90 6GB/512GB Silver,0
Infinix Infinix Smart 8 128GB Coral,Infinix Infinix Smart 8 8GB+128GB,1
Smartfon Honor Honor 80 Pro 512GB Black,Honor 80 Pro 512GB Black,1
Tecno Tecno Pova 5 Pro,Tecno Tecno Pova 5 Pro 1TB Starlight,0
смартфон tecno pova 4 pro 8 256gb оранжевый рутил,смартфон tecno pova 4 256gb 8 pro оранжевый рутил,1
смартфон xiaomi redmi note 14s 8 256gb aurora purple,смартфон xiaomi redmi 14s note 8 256gb aurora purple,1
Smartfon Oppo Oppo Reno 12 Pro 128GB White,Oppo Oppo A38 6GB+128GB,0
Tecno Tecno Pova 5 Pro 16GB+128GB,Смартфон Tecno Tecno Pova 5 Pro 128GB Black,1
Galaxy Z Flip 5 1TB Black,Smartfon Galaxy Z Flip 5 1TB/8GB Black,1
honor 400 midnight black 12 512gb,honor 400 black 12 512gb,1
galaxy a27 5g 6 128 light pink,galaxy a27 6 128 light pink,1
Smartfon Tecno Tecno Pova 5 Pro 1TB Deep Purple,Smartfon Tecno Tecno Phantom X2 Pro 1TB Deep Purple,0
смартфон apple iphone 16 128gb white,смартфон oppo reno15 f 5g 12 512 aurora blue,0
смартфон samsung galaxy s23 ultra 8 256gb green,смартфон samsung galaxy 8 ultra s23 256gb green,1
смартфон honor x6a 4 64gb dual nano sim серебристый,смартфон honor x6a 4 64gb dual серебристый sim nano,1
Redmi Note 12 128GB - Blue,Smartfon Redmi Note 13 128GB/12GB Blue,0
Xiaomi 13 Ultra 128GB (Cream),Smartfon Xiaomi 13 Ultra 128GB/6GB Cream,1
apple iphone 17 mist blue 256gb sim esim,apple iphone 17 mist blue sim esim,1
смартфон apple iphone 15 pro max 1tb blue titanium,смартфон apple iphone 15 pro max blue 1tb titanium,1
Smartfon Tecno Tecno Spark 20 Pro 512GB Graphite,Smartfon Tecno Spark 20 Pro 512GB/6GB Graphite,1
Realme Realme GT 5 Pro 8GB+256GB,Smartfon Oppo Oppo A78 64GB Purple,0
Vivo Vivo Y36 1TB White,Vivo Vivo Y36 1TB White,1
Oppo A38 128GB (Lavender),Oppo A38 128GB Lavender,1
Realme Realme C65 64GB Coral,Realme Realme C65,1
смартфон honor x7d 8 256gb desert gold,смартфон honor x6b 6 256gb midnight black,0
Smartfon Galaxy A15 512GB/12GB Cream,Samsung Galaxy A15 12GB+512GB,1
Samsung Galaxy S24 Ultra 12GB+256GB,Galaxy S24 Ultra 256GB Blue,1
Vivo Vivo V27 Pro 512GB Coral,Smartfon Vivo V27 Pro 512GB/6GB Coral,1
Apple iPhone 12 Pro Max 256GB Graphite,Смартфон Apple iPhone 12 Pro Max 256GB Graphite,1
смартфон apple iphone 16 pro 512gb dual esim desert titanium,iphone apple смартфон 16 pro 512gb dual esim desert titanium,1
смартфон tecno pova 6 12 256 meteorit grey,смартфон tecno 6 12 256 meteorit grey,1
смартфон xiaomi 15t 12 512gb gray,смартфон 15t xiaomi 12 512gb gray,1
Samsung Galaxy A35 5G 256GB Black,Smartfon Galaxy A35 5G 256GB/16GB Black,1
Apple iPhone 13 8GB+256GB,Apple iPhone 13 Natural 256GB,1
смартфон honor x9d 8 256 reddish brown,смартфон honor 400 lite 5g 12gb 256gb mars green,0
Redmi Redmi Note 13 4GB+128GB,Redmi Note 13 128GB (Midnight),1
Realme Realme 11 Pro,Smartfon Realme Realme 11 Pro 1TB Midnight,0
Poco F5 Pro 256GB (Coral),Realme C55 1TB (Graphite),0
vivo y11d 4 256gb platinum,vivo y11d 4 platinum 256gb,1
Oppo Reno 10 Pro 1TB Silver,Oppo Reno 10 Pro 1TB - Silver,1
зарядное устройство ttec smartcharger duo white,зарядное устройство smartcharger duo white,1
Infinix Zero 20 1TB Cream,Smartfon Infinix Infinix Zero 30 5G 1TB Cream,0
Realme 12+ 128GB (Cream),Смартфон Realme Realme 12+ 512GB Midnight,0
Honor Honor Magic5 Pro 16GB+1TB,Honor Magic5 Pro 1TB Natural,1
honor x5d plus midnight black 4 128gb,смартфон honor 200 8 256 white,0
Infinix Infinix Zero 20,Смартфон Infinix Infinix Zero 20 1TB Graphite,1
Xiaomi Xiaomi 14 Pro,Xiaomi Xiaomi 14 Pro Midnight 512GB,1
Infinix Smart 8 Pro 512GB Coral,Infinix Smart 8 Pro 512GB Coral,1
смартфон iphone 11 pro max 64gb gray,gray iphone 11 pro max 64gb смартфон,1
смартфон vivo y27s 8 256gb green,смартфон oppo a78 8 256gb aqua green,0
redmi a5 midnight black 3 64gb,redmi note 14 6 128 midnight black,0
Smartfon Oppo Oppo Find X7 64GB Graphite,Smartfon Oppo Oppo Find X7 64GB Graphite,1
Redmi Note 13 Pro 256GB (Natural),Smartfon Redmi Redmi Note 13 Pro 256GB Natural,1
samsung s25 plus доставка проверка при получении,huawei nova y61 6 64gb mint green,0
Smartfon Vivo Vivo Y35 512GB Green,Vivo Y35 64GB Lavender,0
смартфон samsung galaxy a56 5g a566 8 256gb gray,смартфон samsung galaxy a56 5g a566 256gb gray,1
Apple iPhone 14 Graphite 128GB,Apple iPhone 14 12GB/512GB Titanium,0
Infinix Note 30 Pro 64GB Purple,Смартфон Infinix Infinix Note 30 Pro 64GB Purple,1
Oppo Oppo Reno 10 4GB+64GB,Smartfon Oppo Reno 10 64GB/4GB Lavender,1
Honor 80 Pro 256GB Graphite,Honor Honor 80 Pro 16GB/256GB Graphite,1
Xiaomi Poco F5 Pro 128GB Graphite,Poco F5 Pro 128GB - Graphite,1
Galaxy S22 1TB - Titanium,Smartfon Tecno Tecno Spark 20 Pro+ 128GB Starlight,0
honor 400 lite 8 256gb velvet black на,смартфон honor x6b 12 256gb midnight black,0
смартфон samsung galaxy a57 5g 8 256gb charcoal,смартфон samsung 8 a57 5g galaxy 256gb charcoal,1
Tecno Tecno Camon 30 4GB+128GB,Smartfon Tecno Camon 30 128GB/4GB Blue,1
Realme Realme C67 12GB/128GB Lavender,Smartfon Realme Realme C67 128GB Lavender,1
Tecno Pova 5 512GB (White),Tecno Camon 30 Pro 512GB White,0
Смартфон Vivo Vivo V29 64GB Blue,Vivo Vivo V29 6GB+64GB,1
Oppo Oppo Find X6 Pro,Oppo Oppo Find X6 Pro 256GB Purple,1
Tecno Tecno Spark 10,Tecno Tecno Camon 20 Pro 3GB+1TB,0
Smartfon Vivo Vivo V27 Pro 256GB Deep Purple,Smartfon Vivo Vivo V27 Pro 256GB Deep Purple,1
honor 400 8 256gb 5g сosmic grey smartfoni honor ryukzaki sovg aga,honor x6c 6 256 ocean cyan,0
Smartfon Poco F5 512GB/3GB Black,Xiaomi Poco F5,1
Redmi Redmi 12 16GB/512GB Midnight,Redmi Redmi 12 512GB Midnight,1
Redmi Redmi A2+ 12GB/512GB Gold,Redmi A2+ 512GB - Gold,1
смартфон honor x7d 6 128 desert gold,смартфон honor 200 pro 12 512gb black,0
Infinix Note 30 Pro 256GB - Midnight,Смартфон Infinix Infinix Zero 30 5G 256GB Midnight,0
honor x7d 6 128gb cosmic grey smartfoni oq sim karta sovg a 3 oyga 100gb,парфюм 212 vip are you on the list nyc,0
Apple iPhone 14 Pro Max 128GB White,iPhone 14 Pro Max 128GB - White,1
Smartfon Realme Realme GT 5 Pro 1TB Coral,Smartfon Realme GT 5 Pro 1TB/12GB Coral,1
Smartfon Xiaomi Xiaomi 13 Ultra 256GB Graphite,Apple iPhone 12 Pro Max 128GB Midnight,0
Smartfon Redmi K60 64GB/12GB Titanium,Smartfon Redmi Redmi K60 64GB Titanium,1
Realme Realme GT Neo 5 SE 128GB White,Realme GT Neo 5 SE 128GB (White),0
Honor Honor Magic5 Pro 16GB/64GB Silver,Smartfon Honor Honor Magic5 Pro 64GB Silver,1
смартфон infinix smart 7 plus 3 64gb global black,смартфон samsung galaxy a54 5g 8 128gb лайм,0
Infinix Note 30 Pro 256GB (Starlight),Infinix Infinix Note 30 Pro 256GB Starlight,1
oneplus 13 12 256 5g top smartfon,iphone 15 pro max 256gb,0
Oppo Oppo Reno 12 12GB+256GB,Oppo Oppo Reno 12 128GB Graphite,0
Apple iPhone 14 Graphite 128GB,Infinix Hot 30 Play 1TB - Purple,0
Oppo Oppo A78 3GB+256GB,Oppo Oppo A78 256GB Graphite,1
смартфон samsung galaxy a54 5g 6 128gb лайм,samsung galaxy a54 5g 6 128gb лайм,1
Oppo A17 1TB (Purple),Oppo A17 1TB Purple,1
Oppo Oppo Reno 11 Pro 6GB+1TB,Oppo Reno 11 Pro 1TB (Lavender),1
Xiaomi Xiaomi 14 Pro 3GB/256GB Green,Xiaomi 14 Pro 256GB (Green),1
смартфон xiaomi 17t 12 512gb black,смартфон xiaomi redmi note 15 pro 12 256gb white,0
Tecno Tecno Pova 5 White 64GB,Смартфон Tecno Tecno Pova 5 64GB White,1
смартфон samsung galaxy s26 12 512gb dual sim violet,смартфон xiaomi redmi 15c 8 128gb moonlight blue,0
смартфон apple iphone 15 plus 512gb green,смартфон samsung galaxy s23 ultra 8 256gb cream,0
Smartfon Honor 100 Pro 256GB/6GB Green,Honor 100 Pro 256GB (Green),1
Oppo Oppo Reno 11,Oppo Reno 11 256GB (Gold),1
Smartfon Realme Realme 9 Pro+ 512GB Titanium,Realme Realme 9 Pro+,0
Tecno Tecno Pop 8 256GB Lavender,Tecno Pova 6 Pro 256GB Lavender,0
смартфон honor x7a plus 6 128 ocean blue,фитнес браслет huawei honor band 6 coral pink,0
Vivo X90 Pro 1TB - Deep Purple,Vivo Vivo X90 Pro,0
Honor 90 64GB Green,Honor Honor 90 12GB+64GB,1
Smartfon Samsung Galaxy Z Flip 4 1TB Deep Purple,Samsung Galaxy Z Flip 4 Deep Purple 1TB,1
Смартфон Xiaomi Xiaomi 13 Pro 1TB Natural,Смартфон Xiaomi Xiaomi 13 Pro 1TB Natural,1
Xiaomi Poco M6 Pro Natural 256GB,Xiaomi Xiaomi 14 Pro Natural 256GB,0
Honor Honor Magic5 Pro Starlight 1TB,Honor Honor Magic5 Pro 12GB+1TB,1
Xiaomi Poco X6 Pro,Xiaomi Poco X6 Pro Natural 512GB,1
Infinix Infinix Smart 8 Cream 256GB,Apple iPhone SE 3 6GB/1TB Silver,0
Oppo Oppo A58 3GB+1TB,Oppo A58 1TB (Black),1
Honor Honor X9b,Honor X9b 512GB Silver,1
honor 600 lite desert gold 8 256gb,смартфон honor 90 8 256gb cn dual nano sim emerald green,0
Vivo Vivo Y35 8GB+64GB,Apple iPhone 11 Pro Max 256GB Natural,0
iPhone 15 Plus 1TB Natural,Apple iPhone 15 Plus 4GB/1TB Natural,1
Smartfon Tecno Tecno Camon 30 64GB Green,Tecno Tecno Camon 30 3GB+64GB,1
smartfon redmi note 14 pro 5g 12 512gb frost blue,redmi note 15 sandy purple 8 128gb,0
Смартфон Vivo Vivo Y200 Pro 64GB Gold,Oppo Oppo Reno 11 Pro 3GB+256GB,0
Redmi Redmi 12C White 128GB,Redmi Redmi 12C,1
Infinix Infinix Smart 8 Plus Blue 128GB,Infinix Smart 8 Plus 512GB Silver,0
Vivo X100 64GB - Titanium,Oppo Reno 10 Pro+ 256GB (Silver),0
Oppo Oppo A17 16GB/512GB White,Infinix Infinix Zero 30 5G,0
Smartfon Honor Honor 100 256GB White,Honor Honor 100 White 256GB,1
Realme C65 512GB (Blue),Realme C65 512GB - Blue,1
смартфон xiaomi redmi a7 pro 4 128gb orange,смартфон xiaomi a7 pro 4 128gb orange,1
Samsung Galaxy S22 Ultra 3GB/512GB Starlight,Galaxy S23 FE 512GB - Starlight,0
Vivo Vivo X100 Pro 256GB Midnight,Vivo Vivo X100 Pro,0
Honor 200 Pro 64GB - Blue,Honor 200 Pro 512GB Graphite,0
Смартфон Vivo Vivo V30 512GB Natural,Smartfon Vivo Vivo V30 512GB Natural,1
смартфон xiaomi redmi 15 6 128gb purple,смартфон xiaomi 128gb 15 6 redmi purple,1
Tecno Pova 5 Pro 128GB (Purple),Tecno Tecno Pova 5 Pro Purple 128GB,1
Smartfon Infinix Infinix Note 40 Pro 512GB Starlight,Infinix Note 40 Pro 512GB (Starlight),1
Vivo Vivo Y22s 8GB+128GB,Smartfon Vivo V30e 128GB/8GB Purple,0
Tecno Tecno Camon 30 Pro Lavender 64GB,Tecno Camon 30 Pro 64GB - Lavender,1
смартфон honor x9d 12 256 midnight black,samsung galaxy a26 5g black 8 256gb,0
смартфон infinix smart 8 4 64gb galaxy white,смартфон infinix smart galaxy 4 64gb 8 white,1
Smartfon Galaxy A54 5G 1TB/12GB Lavender,Smartfon Galaxy A54 5G 1TB/12GB Lavender,1
смартфон samsung galaxy s21 fe 6 128gb белый,смартфон samsung galaxy 6 fe s21 128gb белый,1
Galaxy S23 FE 256GB Purple,Galaxy S23 FE 1TB - Lavender,0
продам oppo f27 pro plus 5g 8 128gb,продам oppo f27 pro 5g 8 128gb,1
Honor Honor X7a 3GB/512GB Midnight,Honor Honor X7a Midnight 512GB,1
Poco F5 Pro 512GB Gold,Xiaomi Poco F5 Pro Gold 512GB,1
Tecno Pop 8 512GB - Blue,Смартфон Tecno Tecno Pop 8 128GB Silver,0
motorola razr 60 gibraltar sea 8 256gb,motorola razr sea gibraltar 60 8 256gb,1
Redmi 12C 1TB - Silver,Smartfon Redmi 12C 64GB/4GB White,0
Xiaomi Xiaomi 14 3GB+256GB,Xiaomi 14 256GB - Natural,1
Honor Honor 200 3GB/1TB Silver,Oppo Oppo Reno 11 256GB Lavender,0
смартфон vivo v27 5g 8 256 гб dual nano sim струящийся золотой,смартфон vivo v27 5g 8 256 гб dual nano sim струящийся,1
Смартфон Samsung Galaxy M34 5G 64GB Silver,Samsung Galaxy M34 5G 4GB/64GB Silver,1
Realme Realme 12 256GB Purple,Realme Realme C67 256GB Purple,0
Vivo Vivo Y100 256GB Deep Purple,Tecno Phantom X2 Pro 128GB Purple,0
xiaomi redmi a5 4 128gb blue 100gb of internet 3 months of tv com for free,xiaomi redmi a5 free 128gb blue 100gb of internet 3 months of tv com for 4,1
Tecno Pop 8 128GB - Green,Realme Realme 11,0
vivo y19s pro 6 256gb black,vivo pro 6 256gb black,1
Smartfon Realme Realme 12 64GB Purple,Galaxy A14 512GB (Natural),0
Smartfon iPhone 15 Pro 64GB/16GB Titanium,Apple iPhone 15 Pro 16GB/64GB Titanium,1
Смартфон Honor Honor 200 512GB White,Honor Honor 200 4GB+512GB,1
samsung a 03 s sotiladi telefon bitta qoldan otgan pasport kopiya ber,samsung a 03 bitta sotiladi telefon s qoldan otgan pasport kopiya ber,1
Смартфон Redmi Redmi Note 11 Pro 64GB Starlight,Smartfon Redmi Note 11 Pro 64GB/12GB Starlight,1
Honor Honor 100 3GB/64GB Starlight,Smartfon Honor Honor 200 64GB Starlight,0
Смартфон Honor Honor Magic5 Pro 64GB Deep Purple,Honor Magic5 Pro 512GB (Purple),0
apple iphone 16 pro max 256 гб black titanium,iphone 16 pro max 256 гб black titanium,1
Apple iPhone 13 4GB/64GB Deep Purple,Apple iPhone 13 4GB/64GB Deep Purple,1
Realme C65 512GB Green,Smartfon Realme Realme C65 512GB Green,1
смартфон xiaomi 14t 12 256gb titan blue,смартфон xiaomi redmi 15c 8 256gb mint green,0
телефон novey t300 tank black gold,телефон t300 tank black gold,1
Infinix Infinix Hot 40 8GB/128GB Deep Purple,Infinix Infinix Hot 40 128GB Deep Purple,1
Smartfon Realme C33 64GB/3GB Graphite,Realme C33 256GB Green,0
Galaxy S24 Ultra 64GB Graphite,Realme Realme 12+ 16GB/256GB Titanium,0
Realme 12 256GB Deep Purple,Realme 12 256GB Deep Purple,1
honor x8d 8 128gb velvet gray,смартфон honor x6b 12 256gb forest green,0
Honor 90 128GB - Coral,Smartfon Honor Honor Magic5 Lite 128GB Coral,0
Smartfon Galaxy M34 5G 256GB/12GB Silver,Samsung Galaxy M34 5G 12GB+256GB,1
Xiaomi 13T Pro 64GB - Starlight,Xiaomi 13T 64GB - Starlight,0
Smartfon Oppo Oppo Find X6 Pro 256GB Titanium,Oppo Find X6 Pro 64GB Lavender,0
Galaxy Z Fold 5 256GB - Titanium,Smartfon Oppo Find X7 128GB/8GB Natural,0
автомобильное зарядное устройство belkin boostcharge 30w usb c,автомобильное зарядное устройство boostcharge 30w usb c,1
Смартфон Honor Honor X9b 512GB Blue,Honor Honor X9b 12GB+512GB,1
Oppo Oppo A17 1TB Graphite,Smartfon Oppo Oppo A17 1TB Graphite,1
свой redmi note 9 pro 6 128 гб цвет tropical green,redmi 17 4g black 4 256gb,0
Smartfon Tecno Spark 20 Pro 512GB/3GB Gold,Tecno Spark 20 Pro 512GB (Gold),1
Vivo Vivo V30 Pro 64GB Deep Purple,Vivo V30 Pro 64GB - Deep Purple,1
Infinix Note 30 Pro 512GB Starlight,Infinix Note 30 Pro 512GB (Starlight),1
Honor Honor X8b 256GB Graphite,Smartfon Honor Honor Magic5 Lite 256GB Graphite,0
Smartfon Tecno Tecno Pova 5 1TB Deep Purple,Tecno Tecno Pova 5 Deep Purple 1TB,1
Tecno Tecno Phantom X2 Pro Lavender 512GB,Tecno Tecno Phantom X2 Pro Lavender 512GB,1
Honor Honor 100 Pro Silver 1TB,Smartfon Honor Honor 100 Pro 1TB Silver,1
Infinix Infinix Note 40 Lavender 256GB,Infinix Infinix Note 40 128GB Natural,0
Smartfon Redmi Redmi Note 13 4G 64GB Blue,Galaxy Z Flip 5 1TB (Titanium),0
Смартфон Apple iPhone 13 Pro 128GB Lavender,iPhone 13 Pro 128GB Lavender,1
Samsung Galaxy S24 256GB Black,Galaxy A34 256GB Black,0
xiaomi redmi note 14s 8 256gb midnight black,смартфон xiaomi redmi 10 4 128gb carbon gray 2022,0
Infinix Hot 40 Pro 256GB (Graphite),Смартфон Tecno Tecno Camon 30 1TB White,0
Realme Realme 12 Pro+ 16GB+64GB,Realme Realme 12 Pro+ 16GB+256GB,0
смартфон xiaomi redmi 10a 2 32 blue global,49110 смартфон xiaomi redmi 12 8 256gb eu sky blue,0
Tecno Pova 6 64GB (Cream),Tecno Pova 6 64GB (Cream),1
Realme Realme 11 Pro 3GB+64GB,Realme Realme 11 Pro 3GB/64GB White,1
зарядное устройство xiaomi mi 20w type c,xiaomi 11 lite 128 hali pubga 60fps ko taradi,0
Smartfon Vivo Vivo X100 Pro 512GB Black,Smartfon Vivo X100 Pro 64GB/12GB Cream,0
samsung galaxy s25 ultra 5g 12 256gb titanium gray titanium gray 100gb of internet 3 months of tv com for free,samsung galaxy s25 ultra 5g 12 256gb titanium gray titanium gray 100gb tv internet 3 months of of com for free,1
Infinix Infinix Hot 40 Pro,Смартфон Infinix Infinix Hot 40 Pro 256GB Deep Purple,1
Honor Honor 80 Pro 512GB Titanium,Honor Honor 80 Pro 12GB/512GB Titanium,1
Redmi 12 64GB Coral,Смартфон Redmi Redmi 12 64GB Coral,1
смартфон samsung galaxy a52 8 128gb blue,смартфон samsung galaxy 8 a52 128gb blue,1
Honor Honor X7b 128GB Midnight,Смартфон Samsung Galaxy M14 64GB Cream,0
Honor Honor 100 4GB/64GB Titanium,Honor Honor 100 64GB Titanium,1
samsung galaxy s25 fe 8 128gb black,samsung galaxy s25 8 fe 128gb black,1
смартфон honor x9a 6 128gb emerald green,смартфон honor magic v3 12gb 512gb black,0
Infinix Note 30 Pro 128GB (Blue),Смартфон Infinix Infinix Note 30 Pro 128GB Blue,1
Redmi A3 256GB Blue,Redmi Redmi A3,0
Samsung Galaxy F14 5G Lavender 128GB,Xiaomi Poco X5 Pro 512GB Natural,0
Realme Realme 11 Pro 3GB/512GB Coral,Realme Realme 11 Pro Coral 512GB,1
infinix smart 10 sleek black 4 64gb,redmi 12c ocean blue 3 64,0
redmi note 15 pro 5g black 8 512gb,redmi note 8 pro 2019,0
Tecno Tecno Phantom X2 Pro Natural 256GB,Samsung Galaxy A34 128GB Titanium,0
Smartfon Honor Honor X7a 512GB Starlight,Honor Honor X7a Starlight 512GB,1
Oppo Oppo A79 5G Natural 64GB,Oppo Oppo A79 5G 64GB Natural,1
Смартфон Vivo Vivo X100 512GB Graphite,Xiaomi Xiaomi 12X,0
Smartfon iPhone 14 Pro Max 512GB/6GB Cream,Apple iPhone 14 Pro Max Cream 512GB,1
honor x9d reddish 8 256gb,8 x9d reddish honor 256gb,1
смартфон iphone 13 128gb midnight,honor x5b plus,0
Realme 11 Pro+ 1TB (Gold),Realme Realme 11 Pro+,1
смартфон iphone 12 pro max 128gb blue,смартфон pro 12 iphone max 128gb blue,1
Redmi A3 128GB - Midnight,Redmi Note 12 Pro 128GB Midnight,0
redmi note 11 продам уступка есть,redmi not 13 128gb aybi steklo ozigina chatnagan bilinmaydi naxt,0
Redmi A3 64GB Natural,Redmi Redmi Note 12 Pro+,0
смартфон honor x8b 8 256gb titanium silver,смартфон honor x9b 12 256gb midnight black,0
Tecno Spark 20 Pro 256GB Natural,Oppo Oppo Find X7 Ultra 16GB+128GB,0
iPhone 13 mini 1TB - Silver,Apple iPhone 13 mini 12GB/1TB Silver,1
Realme Note 50 256GB - Gold,Realme Realme GT 5 Pro 256GB Gold,0
Smartfon Honor X9b 1TB/16GB Blue,Honor Honor X9b 1TB Blue,1
Oppo Oppo Find X6 Pro Green 1TB,Oppo Oppo Find X6 Pro 12GB/1TB Green,1
Смартфон Realme Realme C67 1TB Gold,Realme Realme 12 12GB+1TB,0
iPhone SE 3 64GB (Black),Smartfon Apple iPhone SE 3 64GB Black,1
Смартфон Xiaomi Poco M6 Pro 256GB Graphite,Xiaomi Xiaomi 13T Graphite 256GB,0
Xiaomi Xiaomi 12 6GB+1TB,Tecno Tecno Camon 30,0
Vivo Vivo X90 Pro Titanium 256GB,Vivo Vivo V27 Pro 12GB/256GB Titanium,0
Xiaomi 13 512GB Lavender,Smartfon Xiaomi Xiaomi 13 512GB Lavender,1
смартфон tecno pova 3 6 128gb blue,смартфон tecno pova 6 128gb blue,1
Honor X7a 128GB Purple,Honor X7a 1TB Coral,0
Vivo V29 512GB - Gold,Vivo Y200 Pro 512GB Gold,0
Oppo Reno 10 Pro+ 256GB (Silver),Oppo Oppo Reno 10 Pro+ 16GB+256GB,1
Redmi 12 1TB (Graphite),Redmi Redmi 12 1TB Graphite,1
смартфон honor x6c 6 256 ocean blue,6 honor x6c смартфон 256 ocean blue,1
смартфон honor x8d 8 128gb blue,honor x9d 5g gold 8 256gb,0
смартфон xiaomi redmi 13 6 128gb sandy gold,honor x5c 4 64gb ocean cyan,0
Samsung Galaxy A54 5G 512GB Green,Smartfon Galaxy A54 5G 512GB/6GB Green,1
Смартфон Honor Honor X8b 512GB Silver,Honor Honor X8b Silver 512GB,1
Smartfon Poco F5 64GB/6GB Midnight,Smartfon Xiaomi Poco F5 512GB Gold,0
Realme 12 Pro 64GB (Midnight),Smartfon Realme C33 64GB/16GB Midnight,0
honor 600 8 256 golden white,смартфон honor 200 pro 12 256gb ocean cyan,0
Tecno Tecno Pop 8,Smartfon Tecno Pop 8 512GB/12GB Blue,1
Смартфон Samsung Galaxy S21 FE 64GB Graphite,Samsung Galaxy S21 FE 64GB Graphite,1
Galaxy S23 FE 512GB (Midnight),Galaxy S23 FE 512GB - Midnight,1
смартфон samsung galaxy a36 5g 8 128 гб черный,смартфон samsung galaxy a36 5g 8 гб 128 черный,1
Tecno Tecno Spark 10 64GB Purple,Smartfon Redmi K70 Pro 1TB/3GB Blue,0
Redmi 12C 256GB - Coral,iPhone 15 128GB (Starlight),0
Realme Realme GT 5 Deep Purple 256GB,Realme Realme 11 Pro Deep Purple 256GB,0
Redmi Redmi Note 12 12GB+64GB,Смартфон Redmi Redmi Note 12 512GB Lavender,0
Xiaomi Xiaomi 14 Ultra,Xiaomi Xiaomi 14 Ultra 16GB+512GB,1
Realme GT 5 Pro 1TB (Purple),Realme Realme GT 5 Pro,1
zte blade a56 floating gold 4 128gb,a56 blade zte floating gold 4 128gb,1
смартфон iphone 14 256gb midnight,iphone 14 256gb midnight,1
Realme C67 256GB Graphite,Смартфон Xiaomi Xiaomi 13T Pro 1TB Natural,0
Redmi Redmi K60 Midnight 512GB,Smartfon Xiaomi 14 Pro 256GB/4GB Blue,0
смартфон samsung galaxy a53 5g 8 256gb голубой,8 samsung galaxy a53 5g смартфон 256gb голубой,1
Infinix Infinix Hot 40 1TB Lavender,Smartfon Infinix Note 30 1TB/4GB Lavender,0
Oppo Find X6 Pro 128GB (Purple),Smartfon Apple iPhone 15 512GB Lavender,0
Tecno Tecno Phantom V Fold,Tecno Tecno Spark 20,0
Смартфон Tecno Tecno Phantom V Fold 1TB Purple,Tecno Phantom V Fold 1TB (Purple),1
iphone air space black 12 256gb,iphone air space 12 256gb,1
Смартфон Redmi Redmi Note 13 256GB Graphite,Redmi Note 13 256GB - Graphite,1
Oppo Reno 10 512GB Purple,Oppo Reno 10 512GB Purple,1
смартфон xiaomi redmi note 15 pro 8 256gb black,смартфон xiaomi redmi 15 pro 8 256gb black,1
honor x 8 a holati zor,honor 600 lite 8 256gb velvet black,0
Tecno Tecno Phantom X2 Pro 1TB Gold,Смартфон Tecno Tecno Pova 5 Pro 1TB Gold,0
iPhone 12 mini 1TB (White),Apple iPhone 12 mini 3GB+1TB,1
Honor Honor X7b 12GB+1TB,Vivo Vivo Y100 12GB/512GB Purple,0
Смартфон Honor Honor X8b 64GB Deep Purple,Honor Honor X8b 4GB/64GB Deep Purple,0
redmi note 14 8 128 ocean blue,redmi not 12 pro 256gb,0
redmi 15c moonlight blue 6 128gb,redmi note 15 black 8 256gb,0
Redmi Redmi 12C,Smartfon Redmi 12C 256GB/3GB Graphite,1
redmi a5 4 128 lake green,redmi 15c 6 128gb moonlight blue,0
honor 400 pro midnight black 12 512gb,honor x7d 8 256 meteor silver,0
смартфон tecno spark 20 pro 8 256,смартфон redmi a5 4 128gb green,0
Realme GT Neo 5 SE 512GB Titanium,Realme Realme GT Neo 5 SE Titanium 512GB,1
смартфон samsung sm a155f a15 128gb black,смартфон samsung sm a155f 128gb a15 black,1
Smartfon Redmi K70 Pro 512GB/16GB Graphite,Redmi Redmi K70 Pro,1
Tecno Camon 20 Pro 512GB (Black),Tecno Spark 20 Pro+ 512GB - Black,0
iPhone 11 Pro Max 1TB - Black,Смартфон Apple iPhone 11 Pro Max 1TB Black,1
Tecno Tecno Phantom X2 Pro Lavender 1TB,Tecno Tecno Phantom X2 Pro 1TB Lavender,1
смартфон samsung galaxy a36 5g 8 256gb black,смартфон samsung galaxy a36 5g 8 black 256gb,1
смартфон google pixel 6а 6 128gb серо зеленый,смартфон apple iphone 16 128gb pink,0
Xiaomi 13 Pro 256GB - Purple,Tecno Tecno Pop 8 4GB+1TB,0
Realme GT 5 128GB - Blue,Smartfon Realme GT 5 128GB/8GB Blue,1
Honor Honor X8a Natural 1TB,Honor Honor X8a 1TB Natural,1
Smartfon Tecno Pova 5 Pro 256GB/12GB Blue,Tecno Tecno Pova 5 Pro 12GB+512GB,0
Tecno Camon 20 Pro 64GB - Silver,Смартфон Tecno Tecno Camon 20 Pro 256GB Natural,0
Oppo Oppo Reno 10 Pro Silver 128GB,Oppo Reno 10 Pro 128GB Silver,1
Smartfon Xiaomi Xiaomi 12X 512GB Graphite,Xiaomi Xiaomi 13 Pro 8GB/512GB Graphite,0
Apple iPhone 12 mini,iPhone 12 mini 256GB Deep Purple,0
Infinix Infinix Hot 40 Pro 1TB Blue,Infinix Smart 8 1TB - Blue,0
Smartfon Honor Honor 200 Pro 1TB Purple,Honor Honor 200 Pro,0
Samsung Galaxy S23+ Silver 1TB,Samsung Galaxy S23+ 1TB Silver,0
xiaomi redmi note 14 pro 8 256gb midnigh,xiaomi redmi midnigh 14 pro 8 256gb note,1
смартфон infinix smart 8 4 128gb timber black,смартфон infinix black 8 4 128gb timber smart,1
xiaomi redmi note 14 8 128gb lime green,redmi note 14 8 128gb lime green,1
Infinix Infinix Smart 8 256GB Graphite,Smartfon Infinix Smart 8 256GB/12GB Graphite,1
redmi note 12 pro plus 5g 8gb 256gb polar white,redmi a7 pro mist blue 4 128gb,0
Realme 12 Pro+ 512GB Starlight,Смартфон Realme Realme 12 Pro+ 512GB Starlight,1
смартфон xiaomi redmi note 14 6 128gb green,смартфон xiaomi redmi 14 6 128gb green,1
Realme Realme 11 8GB+256GB,Smartfon Realme Realme 11 256GB Coral,1
смартфон redmi note 15 pro 12 256gb black,redmi 17 4g oak green 4 128gb,0
Realme Realme C67 Black 1TB,Смартфон Realme Realme C67 1TB Black,1
Смартфон Redmi Redmi Note 13 512GB Coral,Redmi Redmi Note 13 12GB/1TB Purple,0
Infinix Infinix Hot 40 Pro 12GB+256GB,Infinix Infinix Smart 8 Pro 256GB Titanium,0
смартфон iphone 13 pro 128gb graphite dual,смартфон dual 13 pro 128gb graphite iphone,1
Oppo Oppo Reno 10 Pro 16GB/128GB Black,Смартфон Oppo Oppo Reno 10 Pro 1TB Midnight,0
Tecno Tecno Spark 20 Pro 16GB+1TB,Tecno Tecno Spark 20 Pro 16GB/128GB White,0
смартфон samsung galaxy a34 5g 6 128gb black,6 samsung galaxy a34 5g смартфон 128gb black,1
Redmi Note 13 Pro 128GB - Coral,Smartfon Redmi Note 13 Pro 512GB/4GB Titanium,0
Samsung Galaxy A55 5G,Samsung Galaxy A55 5G 6GB/256GB Midnight,1
Smartfon Infinix Smart 8 Pro 512GB/12GB White,Infinix Infinix Smart 8 Pro Black 1TB,0
Смартфон Oppo Oppo Reno 12 128GB Purple,Oppo Reno 12 128GB (Purple),1
apple iphone 17 pro 12 256gb deep blue,honor x5b plus 4 128 flowing blue,0
Oppo Reno 10 256GB (Cream),Oppo Reno 10 256GB Cream,1
смартфон iphone 11 pro 256gb silver,смартфон 11 pro 256gb silver,1
redmi 15 yangi 2026 y 05 04,redmi 14 pro 1 yil ishlatildi,0
redmi note 15 pro 5g 8 256 titanium,redmi 15c 8 256gb moonlight blue,0
smartfon redmi a5 3 64gb ocean blue,redmi not 13 128gb aybi steklo ozigina chatnagan bilinmaydi naxt,0
Infinix Infinix Hot 40 8GB+128GB,Samsung Galaxy S22 Ultra 1TB Starlight,0
Xiaomi 12 Pro 256GB (White),Xiaomi 12 Pro 128GB Green,0
Smartfon Infinix Zero 30 1TB/12GB Black,Smartfon Infinix Infinix Zero 30 1TB Black,1
Redmi Redmi A2+ 16GB+128GB,Redmi A2+ 128GB - Green,1
Vivo V30 Pro 1TB - Cream,Vivo Vivo X100 1TB Cream,0
смартфон iphone 12 mini 64gb red,смартфон iphone 64gb mini 12 red,1
iPhone 11 256GB Black,iPhone 11 256GB - Black,1
Xiaomi Xiaomi 13 Ultra 12GB/256GB White,Xiaomi Xiaomi 13 Ultra 12GB+512GB,0
Tecno Tecno Spark 20 Pro+ 8GB+64GB,Tecno Tecno Spark 20 Pro+,1
Oppo Oppo Find X7 Purple 1TB,Oppo Oppo Find X7,1
смартфон tecno spark 5 air 2 32gb vacation blue,смартфон tecno spark 5 air 32gb vacation blue,1
Apple iPhone 15 Pro Max Graphite 1TB,Apple iPhone 15 Pro Max Purple 512GB,0
honor x9d 5g madeli yengi,x9d 5g madeli yengi,1
redmi 17 4g lotus purple 4 256gb,redmi 10 2022 deyarli yangi,0
Smartfon Samsung Galaxy M34 5G 64GB Black,Samsung Galaxy M34 5G 8GB+64GB,1
Xiaomi 13 Ultra 64GB Midnight,Xiaomi Xiaomi 14T Pro 12GB/64GB Midnight,0
смартфон infinix hot 40 8 128gb starlit black,смартфон infinix 128gb 40 8 hot starlit black,1
смартфон samsung galaxy s24 fe 8 128gb sim esim grey,смартфон s24 galaxy samsung fe 8 128gb sim esim grey,1
iPhone 14 Pro Max 256GB Midnight,iPhone 14 Pro Max 256GB - Midnight,1
автомобильное беспроводное зарядное устройство baseus light electric wxhw03 01 black,автомобильное беспроводное зарядное устройство baseus electric wxhw03 01 black,1
smartfon redmi a5 4 128gb midnight black,смартфон huawei nova 10 pro 8 256gb starry black,0
Smartfon Redmi Redmi 12 256GB Starlight,Redmi Redmi 12 Starlight 256GB,1
Realme 11 128GB (White),Smartfon Realme Realme 11 128GB White,1
Смартфон Honor Honor X7a 1TB Blue,Honor 100 1TB (Blue),0
Realme Realme 11 Pro 12GB/64GB White,Realme Realme C33 64GB White,0
Vivo Vivo Y36 Purple 1TB,Vivo Y100 1TB (Purple),0
беспроводные наушники xiaomi redmi buds 3 lite black,xiaomi redmi 15 8 256gb binafsharang 100gb internet 3 oy bepul tv com sovg a,0
Honor X8a 256GB (Gold),Honor X8a 64GB - Lavender,0
samsung galaxy a26 8 256gb mint 100gb of internet 3 months of tv com for free,samsung galaxy a26 8 256gb mint 100gb of internet for months of tv com 3 free,1
Смартфон Infinix Infinix Smart 8 1TB Coral,Infinix Smart 8 128GB - Purple,0
Smartfon Redmi Redmi Note 13 4G 256GB Coral,Redmi Note 13 4G 512GB - Purple,0
Honor Magic5 Pro 1TB Purple,Honor Honor Magic5 Pro,1
Redmi K60 1TB (Starlight),Redmi Redmi Note 13 Pro+ 16GB/1TB Starlight,0
Samsung Galaxy A14 Starlight 256GB,Galaxy Z Fold 4 256GB Starlight,0
Redmi A2+ 1TB Silver,Redmi Redmi A2+ Purple 128GB,0
Smartfon Xiaomi 14T 256GB/12GB Deep Purple,iPhone 13 Pro 64GB - Coral,0
Смартфон Redmi Redmi Note 11S 64GB Titanium,Redmi Redmi Note 11S 8GB+64GB,1
Смартфон Apple iPhone 13 Pro 128GB Blue,Apple iPhone 13 Pro 128GB Blue,1
Apple iPhone 15 Pro,Honor Honor X9a 8GB/128GB Cream,0
смартфон oppo a17k 3 64gb navy blue,смартфон oppo 3 64gb navy blue,1
Apple iPhone 13 mini,Smartfon Apple iPhone 13 mini 1TB Purple,1
смартфон samsung galaxy z flip 6,смартфон galaxy samsung z flip 6,1
samsung galaxy a05 4 128gb ч рный,прода тся samsung a 12,0
смартфон samsung galaxy a06 6 128gb light blue,galaxy samsung смартфон a06 6 128gb light blue,1
Redmi Redmi 12 4GB+64GB,Samsung Galaxy A35 5G Black 512GB,0
iPhone 12 Pro Max 512GB (Lavender),Smartfon iPhone 12 Pro Max 128GB/12GB Deep Purple,0
Vivo Vivo V27 3GB+64GB,Infinix Infinix Note 30 Pro 3GB/512GB Gold,0
Apple iPhone 12 mini 3GB+256GB,Smartfon iPhone 12 mini 256GB/3GB Starlight,1
Honor X9b 1TB (Silver),Honor Honor X9b 1TB Silver,1
Galaxy S22 Ultra 64GB Deep Purple,Смартфон Samsung Galaxy S22 Ultra 64GB Deep Purple,1
Смартфон Xiaomi Xiaomi 11T Pro 1TB Purple,Smartfon Xiaomi 11T Pro 1TB/8GB Purple,1
Samsung Galaxy Z Flip 5 8GB/64GB Lavender,Galaxy Z Fold 4 64GB Lavender,0
iphone xs gold svet,iphone xs svet gold,1
Redmi Redmi 12C 16GB/64GB Silver,Redmi Redmi 12 16GB+64GB,0
Honor Honor 90 Lite 16GB/64GB Silver,Smartfon Honor Honor 90 Lite 64GB Silver,1
samsung galaxy j7 neo,смартфон spark go 2 km4 128 4 titanium grey,0
Smartfon Galaxy A55 5G 128GB/8GB Gold,Smartfon Galaxy A55 5G 128GB/8GB Gold,0
Xiaomi Poco X5 Pro 6GB/256GB Graphite,Смартфон Apple iPhone 12 64GB Purple,0
Samsung Galaxy S23 3GB/64GB Midnight,Samsung Galaxy S23 3GB/64GB Midnight,1
смартфон huawei nova 10 pro 8 128gb shining black,смартфон samsung galaxy a17 8 256гб серый,0
Vivo Vivo X100 Pro Titanium 256GB,Vivo X100 Pro 256GB Titanium,1
Oppo Oppo A78 4GB/512GB Cream,Oppo Oppo Reno 11 Pro 512GB Cream,0
Vivo Vivo V27 Pro 128GB Graphite,Smartfon Vivo Vivo V27 Pro 64GB Lavender,0
Smartfon Infinix Note 30 Pro 1TB/8GB Deep Purple,Honor 200 128GB (Silver),0
Apple iPhone 14 Pro 128GB Cream,iPhone 14 Pro 256GB (Purple),0
смартфон redmi a5 4 128 ocean blue,redmi not 12 ideal,0
Realme Realme C55 Blue 64GB,Smartfon Realme C55 1TB/3GB Titanium,0
Смартфон Realme Realme C65 128GB Deep Purple,Realme C65 512GB - Coral,0
redmi 15c 6 128gb,redmi note 14 pro 5g midnight black 12 512gb,0
Redmi Redmi Note 13 Pro 6GB/128GB Gold,Redmi Redmi Note 13 Pro Gold 128GB,1
Vivo V30 512GB (Cream),Vivo Vivo V30 Cream 512GB,1
apple iphone 16 pro max esim 256gb black titanium smartfoni 1 esim,apple iphone 16 pro max esim 256gb black smartfoni 1 esim,1
Tecno Tecno Camon 30 3GB+256GB,Tecno Tecno Camon 30 3GB/128GB Cream,0
Smartfon Oppo Reno 12 64GB/6GB Green,Oppo Reno 12 64GB Green,1
смартфон google pixel 7 pro 12 512gb black,смартфон xiaomi redmi note 13 5g 6 128gb ocean teal,0
Smartfon Galaxy S23+ 256GB/16GB Lavender,Samsung Galaxy S23+ 16GB/128GB Cream,0
Vivo Vivo X100 3GB/64GB Midnight,Vivo Vivo X100 64GB Midnight,1
Tecno Tecno Pova 6 256GB Starlight,Smartfon Tecno Pova 6 256GB/12GB Starlight,1
Smartfon Redmi Note 12 256GB/12GB Titanium,Redmi Redmi Note 12 256GB Titanium,1
Smartfon Redmi Redmi 13C 512GB Black,Redmi 13C 256GB - Purple,0
Smartfon Redmi Note 13 256GB/12GB Deep Purple,Redmi Redmi Note 13 4G Deep Purple 256GB,0
Oppo Oppo A79 5G 4GB+64GB,Oppo Oppo A79 5G,1
Redmi Redmi Note 12 Pro+ 1TB Silver,Redmi Redmi Note 12 Pro+ 16GB+1TB,1
redmi note 14 pro 5g midnight black 8 256gb,redmi note 14,0
Smartfon Oppo Find X7 512GB/3GB Midnight,Oppo Oppo Find X7 512GB Midnight,1
Realme Realme 11 6GB/512GB Midnight,Смартфон Realme Realme 11 512GB Midnight,1
Vivo Vivo X90 Pro Cream 1TB,Vivo X100 1TB Cream,0
Redmi Note 13 Pro 512GB Lavender,Redmi Redmi Note 13 Pro Gold 256GB,0
Redmi Redmi A3 8GB/1TB Blue,Smartfon Realme Realme C53 512GB Cream,0
Xiaomi Xiaomi 14 4GB/512GB Lavender,Xiaomi 14 512GB (Lavender),1
Smartfon Tecno Tecno Camon 30 1TB Natural,Tecno Camon 30 1TB Natural,1
Smartfon iPhone 15 Plus 64GB/3GB Lavender,Realme C65 1TB (Midnight),0
Tecno Tecno Camon 30 Pro 6GB+64GB,Tecno Tecno Camon 30 Pro 6GB/64GB Titanium,1
honor 400 5g midnight black 8 256gb,смартфон honor 400 lite 5g 12gb 256gb velvet black,0
Smartfon Samsung Galaxy S24 Ultra 1TB Purple,Samsung Galaxy S22 3GB/1TB Purple,0
Realme Realme 12+ Gold 256GB,Apple iPhone 11 Cream 512GB,0
Redmi Note 13 1TB Titanium,Smartfon Redmi Redmi Note 13 1TB Titanium,1
Redmi A2+ 1TB - Green,Smartfon Redmi Redmi A2+ 1TB Green,1
Smartfon Oppo Oppo Reno 10 256GB Deep Purple,Smartfon Oppo Reno 10 256GB/3GB Deep Purple,1
honor 200 12 512gb moonlight white,honor x6c 6 256 ocean cyan,0
Vivo Y36 128GB (Cream),Xiaomi Xiaomi 14 1TB Gold,0
iPhone 12 1TB Green,Smartfon Apple iPhone 12 512GB Coral,0
Galaxy S24+ 128GB (Titanium),Смартфон Samsung Galaxy S24+ 256GB Natural,0
Tecno Phantom V Fold 128GB (Silver),Смартфон Tecno Tecno Phantom V Fold 64GB Midnight,0
Смартфон Infinix Infinix Hot 30 Play 512GB Coral,Infinix Infinix Note 40,0
Samsung Galaxy Z Fold 4 8GB+1TB,Samsung Galaxy Z Fold 4 8GB+1TB,1
Vivo Vivo V29 Pro 8GB/512GB Deep Purple,Vivo Vivo V29 Pro,1
Honor 100 1TB Silver,Honor 100 1TB Silver,1
Смартфон Tecno Tecno Spark 10 256GB Titanium,Smartfon Xiaomi 12T Pro 128GB/3GB White,0
Honor 90 512GB (Starlight),Infinix Infinix Hot 40 16GB/128GB Deep Purple,0
Poco M5s 1TB (Coral),Oppo A58 256GB Titanium,0
iPhone 15 Pro 128GB (Deep Purple),Apple iPhone 15 Pro 6GB/128GB Deep Purple,1
Realme Realme 11,Realme Realme 11 6GB+256GB,1
Samsung Galaxy S23 Midnight 1TB,Xiaomi 13T Pro 128GB (Blue),0
Vivo Vivo Y200 Midnight 64GB,Vivo Y200 64GB Midnight,0
apple iphone 15 pro max,max iphone 15 pro apple,1
смартфон honor 90 lite 8 256gb dual nano sim серебристый,смартфон honor lite 90 8 256gb dual nano sim серебристый,1
iPhone 12 Pro 64GB (Midnight),Smartfon iPhone 12 Pro 512GB/8GB Silver,0
Vivo Y100 128GB (Cream),Vivo Vivo Y100 16GB+128GB,1
Honor Honor Magic5 Lite Silver 512GB,Smartfon Honor Honor Magic5 Lite 512GB Silver,1
Смартфон Oppo Oppo Reno 10 128GB Starlight,Oppo Reno 10 128GB Starlight,1
Smartfon Vivo X100 Pro 64GB/4GB Silver,Vivo Vivo X100 Pro 1TB Coral,0
honor x7b emerald green 8 128gb,x7b emerald green 8 128gb,1
Infinix Smart 8 Plus 1TB Black,Смартфон Redmi Redmi 13 256GB Purple,0
iPhone 14 1TB - Gold,Apple iPhone 14 Plus 1TB Gold,0
Honor Honor 100 512GB Black,Oppo Oppo Reno 11 Pro 4GB/128GB Blue,0
iphone 13 2023 yil olingan,iphone yil 2023 13 olingan,1
Redmi Note 12 Pro+ 64GB Gold,Redmi Redmi Note 12 Pro+,1
смартфон samsung galaxy a25 5g 8 256gb blue,смартфон samsung galaxy a25 256gb 8 5g blue,1
Смартфон Xiaomi Poco X6 256GB Purple,Smartfon Xiaomi Poco X6 256GB Purple,1
Tecno Pop 8 1TB - Black,Tecno Tecno Pop 8,1
Realme Realme 12 6GB/128GB Gold,Realme 12 128GB Gold,1
Smartfon Realme 11 1TB/4GB Titanium,Smartfon Realme 12+ 1TB/4GB Titanium,0
Redmi K60 128GB (Graphite),Redmi Redmi K60 Graphite 128GB,1
Realme Realme 9 Pro+ 12GB+1TB,Redmi Note 11 256GB Gold,0
смартфон iphone 12 128gb blue,смартфон huawei nova y61 4 64gb mint green,0
honor x7c moonlight white 6 128gb,смартфон honor x9d 12 256 reddish brown,0
Redmi Redmi Note 12 Pro 256GB Starlight,Redmi Redmi Note 12 Pro 4GB+256GB,1
redmi 8 ideal holatda srochni sotiladi,redmi not 11 satiladi,0
Apple iPhone 11 Pro 6GB/256GB Silver,Apple iPhone 14 Plus Silver 256GB,0
Oppo Find X6 Pro 256GB White,Oppo Oppo Find X6 Pro 256GB White,1
redmi a7 pro mist blue 4 128gb,redmi note 12 pro qotra 256gb aperatifka 8gb,0
Realme Realme 11 Pro 16GB/256GB Cream,Realme Realme 11 Pro Cream 256GB,1
смартфон honor 200 lite 12 256gb starry blue,honor x5c 4 64 ocean cyan blue,0
Xiaomi Xiaomi 14 Ultra Green 128GB,Redmi Redmi K70 Pro 256GB Blue,0
Smartfon Tecno Tecno Spark 20 Pro 1TB Natural,Tecno Tecno Spark 20 Pro Natural 1TB,1
Oppo A38 128GB - Gold,Oppo A38 1TB (Lavender),0
apple iphone 15 pro max 256gb black titanium,apple iphone max pro 15 256gb black titanium,1
Смартфон Infinix Infinix Smart 8 Plus 256GB Graphite,Infinix Infinix Smart 8 Plus 8GB+256GB,1
Смартфон Infinix Infinix Zero 30 256GB Lavender,Smartfon Infinix Zero 30 256GB/8GB Lavender,1
Redmi Redmi Note 12 Pro+ 16GB/1TB Green,Vivo X100 Pro 512GB - Natural,0
iPhone 13 mini 1TB - Green,iPhone 13 mini 1TB - Green,1
смартфон samsung galaxy s25 ultra 12 256gb titan whitesilver,смартфон samsung galaxy z flip5 8 512gb dual nano sim esim графит,0
Infinix Zero 20 512GB - Blue,Smartfon Infinix Infinix Note 40 Pro 512GB Blue,0
смартфон iphone xr 256gb red,смартфон red xr 256gb iphone,1
Smartfon Oppo Oppo Find X6 Pro 128GB Cream,Oppo Oppo Find X6 Pro 128GB Cream,1
Realme Realme 11 Pro Graphite 512GB,Realme Realme 11 Pro 8GB+512GB,1
Samsung Galaxy S23 Ultra 4GB/512GB Starlight,Смартфон Samsung Galaxy S23 Ultra 512GB Starlight,1
Vivo Vivo V30 Pro 128GB Midnight,Vivo Vivo V30 Pro 6GB+128GB,1
Oppo Reno 12 Pro 256GB (Silver),Смартфон Oppo Oppo Reno 12 Pro 1TB White,0
Смартфон Vivo Vivo V29 512GB Starlight,Smartfon Vivo Vivo V29 512GB Starlight,1
Oppo Reno 10 256GB (Lavender),Oppo Oppo Reno 10 Silver 1TB,0
samsung galaxy a56 5g 8 256gb lightgray,samsung a56 5g 8 256gb lightgray,1
Vivo Vivo V30e 8GB/64GB Coral,Смартфон Vivo Vivo V30e 256GB Graphite,0
Honor Honor X7a,Smartfon Honor Honor X7a 128GB Deep Purple,1
Smartfon Samsung Galaxy Z Fold 4 128GB Lavender,Vivo Vivo X90 Pro,0
Samsung Galaxy S23+ 8GB/128GB Midnight,Apple iPhone 12,0
Honor Honor Magic5 Pro Graphite 256GB,Смартфон Honor Honor Magic5 Pro 256GB Graphite,1
Smartfon Vivo Vivo X100 1TB Midnight,Vivo X100 64GB Cream,0
xiaomi redmi 15 eu,eu redmi 15 xiaomi,1
Smartfon Redmi Redmi Note 13 256GB Silver,Smartfon Redmi Note 13 256GB/3GB Silver,1
xiaomi redmi 15c 4 128gb yashil 100gb internet 3 oy bepul tv com sovg a,oy redmi 15c 4 128gb yashil 100gb internet 3 xiaomi bepul tv com sovg a,1
Honor Honor 80 Pro 3GB/64GB Green,Honor Honor 80 Pro 64GB Green,1
Honor Honor X7b 4GB+512GB,Smartfon Honor X7b 512GB/4GB Black,1
Tecno Pova 5 Pro 1TB Cream,Tecno Tecno Pova 5 Pro 12GB/1TB Cream,1
Redmi 13 128GB Lavender,Redmi 13 512GB - Graphite,0
смартфон poco c71 4gb 128gb blue,смартфон poco c71 4gb blue 128gb,1
Tecno Tecno Spark 10 6GB+512GB,Tecno Tecno Spark 10 512GB Gold,1
смартфон samsung galaxy a04e 3 64gb blue,смартфон samsung galaxy a04e 64gb blue,1
Realme Realme GT Neo 5 SE 512GB Titanium,Realme Realme GT Neo 5 SE Titanium 512GB,1
Tecno Tecno Spark 20 Lavender 64GB,Smartfon Realme 12 512GB/3GB Purple,0
Samsung Galaxy M14 16GB/512GB Midnight,Samsung Galaxy M14 16GB/512GB Midnight,1
смартфон vivo v23e 8 128gb blue,смартфон samsung galaxy s26 ultra 5g,0
Honor Honor Magic5 Lite Silver 128GB,Redmi Redmi Note 12 12GB+256GB,0
щ тка для чистки наушников earldom et t05,щ тка для чистки earldom et t05,1
redmi note 15 pro доставка проверка при получении,redmi a5 lake green 4 128gb,0
смартфон apple iphone 17 pro 512gb esim,смартфон iphone 17 pro 512gb esim,1
Xiaomi 13 256GB - Black,Smartfon Xiaomi Xiaomi 13 256GB Black,1
Infinix Note 40 Pro 256GB (Blue),Infinix Infinix Note 30 256GB Blue,0
смартфон iphone 13 pro max 256gb gold,смартфон iphone 13 pro 256gb gold,1
смартфон spark 40 pro km6 256 8 lake blue,lake spark 40 pro km6 256 8 смартфон blue,1
держатель для телефона acefast e10 black,redmi note 17 black 4 128gb рюкзак в подарок,0
Redmi K60 128GB White,Smartfon Redmi Redmi K60 64GB Lavender,0
Oppo Oppo A58 Silver 64GB,Smartfon Oppo A58 64GB/8GB Silver,1
смартфон apple iphone 14 plus 128gb dual 1 sim темная ночь,honor x5c 4 64 ocean cyan blue,0
samsung galaxy a57 5g awesome navy 8 256gb,galaxy samsung a57 5g awesome navy 8 256gb,1
Смартфон Vivo Vivo X90 Pro 512GB Black,Смартфон Vivo Vivo X90 Pro 512GB Black,1
nasiya variant рассрочка в кредит iphone 15 pro max facte 47,nasiya variant рассрочка в кредит iphone 15 pro facte 47,1
Smartfon Samsung Galaxy S22 Ultra 64GB Graphite,Samsung Galaxy S21 FE 64GB Graphite,0
смартфон samsung galaxy s26 ultra 12 512gb black,смартфон samsung ultra s26 galaxy 12 512gb black,1
Smartfon Redmi Note 11S 128GB/16GB Deep Purple,Redmi K70 Pro 128GB - Deep Purple,0
Honor Honor 100 Pro 8GB/64GB Gold,Honor Honor 100 Pro 64GB Gold,1
iphone 17 pro 256gb cosmic orange,xiaomi redmi 15 purple 8 256gb,0
Smartfon Xiaomi Xiaomi 14 64GB Starlight,Xiaomi 14 64GB (Starlight),1
Infinix Infinix Note 30,Infinix Infinix Hot 30 Play 12GB/64GB Deep Purple,0
смартфон iphone 12 mini 256gb red,смартфон tecno pova 4 pro 8 256gb серый уранолит,0
Смартфон Vivo Vivo Y36 512GB Deep Purple,Смартфон Vivo Vivo Y36 512GB Deep Purple,1
Smartfon Redmi Redmi K60 256GB Green,Smartfon Redmi K60 256GB/3GB Green,1
Tecno Spark 20 512GB - Deep Purple,Vivo Vivo Y36 6GB+64GB,0
Honor Honor 100 Pro 12GB+256GB,Honor Honor 100 Pro 12GB/128GB Cream,0
Honor 200 1TB (Starlight),Smartfon Vivo Vivo V30 Pro 256GB Gold,0
Realme Realme 12 Pro 8GB/64GB Gold,Realme Realme GT 5 Pro 64GB Gold,0
Honor Honor 100,Honor 100 128GB - Green,0
Redmi 12C 128GB - Silver,Realme Realme C67,0
iphone 13 pro max,iphone 13 max,1
Xiaomi 14 512GB - Coral,Tecno Tecno Pova 5 16GB+64GB,0
Tecno Camon 30 256GB (Gold),Tecno Tecno Camon 30 Gold 256GB,1
Xiaomi Xiaomi 13 Pro 12GB+128GB,Xiaomi 13 Pro 128GB Natural,1
Tecno Tecno Pova 5 64GB Midnight,Смартфон Tecno Tecno Pova 5 256GB Green,0
Xiaomi Xiaomi 12T Pro,Xiaomi 12T Pro 512GB White,0
смартфон samsung galaxy s24 fe 8 256gb sim esim blue,смартфон blue galaxy s24 fe 8 256gb sim esim samsung,1
смартфон iphone 13 pro 128gb silver dual,смартфон iphone pro 13 128gb silver dual,1
Tecno Phantom V Fold 1TB Black,Smartfon Tecno Phantom V Fold 128GB/4GB Graphite,0
Smartfon Honor Honor X9b 64GB Silver,Oppo Oppo Reno 12 128GB Natural,0
Смартфон Infinix Infinix Hot 40 Pro 256GB Natural,Apple iPhone SE 3 64GB Coral,0
Smartfon Redmi A2+ 512GB/3GB Lavender,Oppo Oppo Find X6 Pro 3GB+128GB,0
Smartfon Honor Honor 100 Pro 128GB Gold,Smartfon Honor 100 Pro 128GB/4GB Gold,1
Apple iPhone 12 Pro Max 3GB+512GB,Smartfon iPhone 12 Pro Max 512GB/3GB Blue,1
Infinix Infinix Hot 40 Pro 4GB+1TB,Infinix Hot 40 Pro 1TB Cream,1
смартфон samsung galaxy a52 8 256gb black,смартфон samsung galaxy a52 8 black,1
Смартфон Samsung Galaxy A15 64GB Coral,Galaxy A15 64GB Coral,1
смартфон realme c75 8 256 gold,смартфон realme 8 256 gold,1
xiaomi redmi 15c 4 128gb black smartfoni,xiaomi 17t black 12 512gb,0
Honor 90 Lite 128GB - Blue,Honor Honor 90 Lite,1
Smartfon Realme 11 64GB/8GB Cream,Realme Realme 11 8GB/64GB Cream,1
смартфон xiaomi poco c85 8 256gb black,смартфон xiaomi poco c85 256gb black,1
iPhone 11 256GB - Cream,Apple iPhone 11 256GB Cream,1
Tecno Tecno Spark 10,Tecno Tecno Spark 10,1
Smartfon Redmi Note 13 4G 256GB/16GB Deep Purple,Redmi Redmi Note 13 4G 16GB/256GB Deep Purple,1
Redmi Note 11S 512GB - Cream,Redmi Note 11S 256GB - Starlight,0
Infinix Note 40 256GB (Green),Smartfon Redmi Redmi A2+ 512GB Black,0
apple iphone 17 8 256gb lavender,смартфон poco x7 pro 5g 12 256gb black,0
смартфон honor 200 12 256gb emerald green,смартфон honor x6c 6 256 ocean blue,0
Samsung Galaxy A55 5G 64GB Lavender,Samsung Galaxy A55 5G 64GB Lavender,1
Infinix Infinix Note 40 White 64GB,Infinix Infinix Note 40 White 64GB,1
Honor Honor 90 Lite,Honor 90 Lite 1TB White,0
Honor Honor 200 Pro 12GB/256GB Blue,Smartfon Honor 200 Pro 256GB/12GB Blue,1
Redmi A2+ 1TB White,Redmi A2+ 1TB White,1
Redmi Redmi Note 12 Pro 12GB/256GB Blue,Redmi Note 12 Pro 256GB (Blue),1
honor 400 8 256gb 5g midnight black smartfoni,smartfon honor x9c 8 256 jade cyan,0
Xiaomi Xiaomi 13,Smartfon Xiaomi 13 128GB/12GB Deep Purple,1
Oppo Oppo Reno 11 Midnight 64GB,Smartfon Oppo Oppo Reno 11 64GB Midnight,1
Xiaomi Poco X6 Pro 3GB+1TB,Xiaomi Poco X6 Pro White 1TB,1
Redmi Note 13 1TB (Coral),iPhone 12 64GB Starlight,0
smartfon redmi a5 3 64gb sandy gold,redmi 17 4g black 8 256gb,0
Realme Realme 12,Realme Realme 12 12GB+512GB,1
Infinix Smart 8 Plus 1TB - Starlight,Infinix Smart 8 Plus 1TB (Starlight),1
Smartfon Poco X6 256GB/3GB Silver,Смартфон Xiaomi Poco X6 256GB Silver,1
Tecno Tecno Camon 30 Pro 12GB/64GB Purple,Smartfon Tecno Tecno Camon 30 Pro 64GB Purple,1
Apple iPhone 15 Pro Max 12GB+128GB,Apple iPhone 14 128GB Black,0
Vivo Vivo V30 4GB+1TB,Vivo V30 1TB (White),1
samsung galaxy s25 5g 12 128gb navy navy 100gb of internet 3 months of tv com for free,samsung galaxy s25 5g 12 128gb navy navy 100gb of internet 3 months of com for free,1
Infinix Infinix Note 30,Infinix Infinix Note 30 3GB/256GB Green,0
Смартфон Realme Realme 11 Pro 512GB Purple,Smartfon Realme Realme 11 Pro 512GB Purple,1
realme 15 5g 12 256gb pink,realme 5g 12 256gb pink,1
смартфон honor 200 16 512gb coral pink,смартфон honor x8b 8 256gb titanium silver,0
Oppo Oppo A17 1TB Silver,Smartfon Oppo Oppo A17 1TB Silver,1
Redmi Redmi Note 11 Pro,Redmi Redmi Note 11 Pro 4GB/256GB Cream,1
Honor Honor X9a Natural 256GB,Smartfon Honor X9a 256GB/8GB Natural,1
телефон novey b300 темно синий,телефон novey темно b300 синий,1
xiaomi redmi note 15 4g 6 128gb smartfoni black,xiaomi redmi 15 4g 6 128gb smartfoni black,1
xiaomi 14t pro grey 12 1tb,xiaomi 14t pro 12 1tb,1
Смартфон Honor Honor X9b 1TB Natural,Smartfon Xiaomi Xiaomi 12X 64GB Blue,0
смартфон honor x6 4 64gb midnight black увлажнитель воздуха misty can,honor x8b 8 128gb midnight black,0
iPhone 14 Pro Max 512GB Black,iPhone 14 Pro Max 64GB - Purple,0
телефон j star 1280,телефон j star,1
телефон tecno pop 4 bc2c 2 32gb dawn blue,смартфон samsung galaxy s21 fe 6 128gb white,0
Smartfon Apple iPhone 13 mini 1TB Cream,Smartfon iPhone 13 mini 1TB/6GB Cream,1
Realme 11 Pro+ 128GB (Silver),Vivo Vivo Y200 Pro 64GB Black,0
Smartfon Realme 12 Pro 64GB/12GB Cream,Smartfon Samsung Galaxy S24 128GB Natural,0
samsung galaxy s25 fe black 8 128gb,samsung s25 fe black 8 128gb,1
Apple iPhone 15 Black 64GB,Apple iPhone 15,1
Galaxy M34 5G 1TB - Midnight,Realme Realme GT 5 4GB/128GB White,0
Tecno Tecno Pop 8 4GB/64GB Coral,Смартфон Tecno Tecno Pop 8 64GB Coral,1
смартфон honor x8b 8 128 black,смартфон honor h200 pro 12 512gb ocean cyan black,0
Smartfon Xiaomi Xiaomi 11T Pro 512GB Midnight,Смартфон Xiaomi Xiaomi 11T Pro 512GB Midnight,1
Smartfon Honor Magic5 Lite 1TB/4GB Titanium,Oppo Oppo Reno 12 Pro,0
Smartfon Vivo Vivo Y36 512GB Lavender,Vivo Vivo V27 512GB Lavender,0
Apple iPhone 13 Pro Max 4GB+64GB,Смартфон Apple iPhone 14 Pro 64GB Midnight,0
Smartfon iPhone 15 256GB/3GB Coral,Apple iPhone 15,0
смартфон apple iphone 16 pro max 256gb dual esim white titanium,смартфон apple 16 pro max 256gb dual esim white titanium,1
смартфон xiaomi redmi note 15 pro 5g 8 256 гб черный,смартфон xiaomi redmi 15 pro 5g 8 256 гб черный,1
смартфон oppo a78 8 256 aqua green,256 oppo a78 8 смартфон aqua green,1
смартфон honor 200 8 256 white,smartfon honor x7d 6 128gb mateor silver,0
redmi note 15 pro glacier blue 12 256gb,redmi 14c midnight black 8 256gb,0
Oppo Reno 12 Pro 512GB (Deep Purple),Smartfon Oppo Find X7 512GB/4GB Deep Purple,0
Smartfon Vivo Y35 512GB/3GB Midnight,Smartfon Realme Realme Note 50 64GB Graphite,0
Infinix Note 40 512GB - Gold,Infinix Infinix Note 40,1
Honor Honor X9a 16GB/128GB Lavender,Honor Honor X9a Lavender 128GB,1
Honor Honor 80 Pro,Honor Honor 90 16GB+512GB,0
Vivo Vivo V27 Pro Purple 128GB,Smartfon Vivo Vivo V27 Pro 256GB White,0
Smartfon iPhone 14 Pro 1TB/8GB Graphite,Realme 9 Pro+ 64GB - White,0
Vivo Y200 1TB - Natural,Vivo Vivo Y200 1TB Natural,1
Смартфон Apple iPhone 15 256GB Coral,Apple iPhone 15 Plus Coral 256GB,0
Смартфон Vivo Vivo V27 Pro 64GB Titanium,Vivo Vivo V27 Pro 4GB+64GB,1
смартфон xiaomi redmi note 15 pro 12 256gb titanium,oppo reno13 5g cph2689 luminous blue,0
Redmi Redmi Note 12 12GB+128GB,Redmi Note 12 128GB Deep Purple,1
Xiaomi 13 256GB - Midnight,Smartfon iPhone 15 Pro Max 64GB/6GB Starlight,0
Smartfon Infinix Zero 30 5G 512GB/16GB Starlight,Infinix Zero 30 5G 1TB - Graphite,0
Infinix Zero 20 256GB Silver,Infinix Zero 20 256GB Silver,1
Oppo Oppo A78 12GB/64GB Lavender,Smartfon Oppo Oppo A78 64GB Lavender,1
Apple iPhone 13 Pro Max,Apple iPhone 13 12GB/256GB Blue,0
Smartfon Infinix Infinix Note 30 Pro 64GB Lavender,Smartfon Infinix Infinix Note 30 Pro 64GB Lavender,1
смартфон xiaomi redmi note 13 pro 8 512gb зеленый,смартфон xiaomi зеленый note 13 pro 8 512gb redmi,1
honor x8b 8 256gb glamorous green,honor x6c black 6 128gb,0
iPhone 11 64GB Midnight,Apple iPhone 11 3GB+256GB,0
Apple iPhone SE 3 Cream 512GB,Smartfon iPhone SE 3 512GB/6GB Cream,1
Honor Honor 90,Honor 90 1TB (Lavender),1
смартфон xiaomi redmi note 11s 6 128 гб global white,смартфон xiaomi redmi note 11s 6 гб global white,1
Samsung Galaxy A25,Galaxy A25 64GB Coral,1
Smartfon Oppo A17 512GB/3GB Titanium,Samsung Galaxy S22 Ultra 3GB+256GB,0
Vivo Vivo Y200 Pro Midnight 1TB,Vivo V29 1TB Midnight,0
смартфон honor 50 6 128gb honor code,смартфон honor honor 6 128gb 50 code,1
смартфон samsung galaxy z flip 7 512 гб jet black,смартфон samsung гб z flip 7 512 galaxy jet black,1
Vivo V30e 256GB Deep Purple,Smartfon Vivo V30e 256GB/4GB Deep Purple,1
смартфон samsung galaxy z fold 7 silver 12 512,смартфон samsung galaxy a06 6 128gb light blue,0
Honor Honor 80 Pro Silver 512GB,Xiaomi 12 Pro 1TB (Blue),0
смартфон samsung galaxy s22 8 256gb pink gold,смартфон samsung s22 8 256gb pink gold,1
смартфон xiaomi 15 12 256gb dual esim black,беспроводные наушники razer hammerhead,0
Vivo X100 128GB White,Vivo Vivo X100 16GB+128GB,1
Smartfon Tecno Tecno Spark 20 Pro 1TB White,Smartfon Tecno Spark 20 Pro 512GB/4GB Graphite,0
Smartfon Realme C53 256GB/6GB Purple,Realme C53 256GB Purple,1
tecno spark 30c 8 256gb orbit black,tecno spark 30c 8 256gb black,1
smartfon honor 600 lite 8 256gb desert gold,смартфон honor 200 lite 8 256gb black,0
смартфон honor x8a 6 128gb ocean blue,смартфон honor ocean 6 128gb x8a blue,1
Realme Realme 11 4GB+64GB,Realme 11 256GB Coral,0
Vivo Vivo V30e 4GB+512GB,Vivo Vivo V30e Purple 512GB,0
смартфон google pixel 6 8gb 256gb stormy black,смартфон google pixel 6 8gb stormy black,1
Vivo X90 Pro 256GB - White,Vivo Vivo V30 Pro White 256GB,0
Apple iPhone 13 Pro Max 64GB Black,Smartfon iPhone 13 Pro Max 64GB/8GB Black,1
Galaxy S22 Ultra 128GB - Lavender,Samsung Galaxy A35 5G 16GB+128GB,0
Смартфон Xiaomi Xiaomi 13 Pro 128GB Blue,Samsung Galaxy S23 64GB Natural,0
Vivo Vivo V27 Cream 512GB,Xiaomi Poco X6 Blue 128GB,0
Vivo Vivo Y200 Pro 128GB Blue,Vivo Vivo Y36 12GB+128GB,0
Oppo A79 5G 1TB Natural,Смартфон Oppo Oppo A79 5G 64GB Cream,0
смартфон honor 600 lite 5g 8 256 гб золотистый,honor x8d 8 128gb smartfoni blue,0
Realme C65 1TB (Graphite),Realme 11 Pro 1TB (Graphite),0
Samsung Galaxy S24+,Samsung Galaxy S24+ 12GB+512GB,1
Infinix Zero 30 5G 512GB Starlight,Smartfon Redmi Redmi Note 12 Pro+ 64GB Titanium,0
Galaxy A35 5G 512GB Lavender,Infinix Infinix Note 30 16GB+64GB,0
redmi note 15 6 128 forest green,redmi note 15 sandy purple 8 256gb,0
смартфон honor 400 pro 5g 12 512 midnight black,смартфон honor 400 5g pro 12 512 midnight black,1
Смартфон Infinix Infinix Smart 8 Plus 128GB Cream,Infinix Infinix Smart 8 Plus 128GB Cream,1
Tecno Spark 20 Pro+ 1TB (Midnight),Smartfon Tecno Tecno Spark 20 Pro+ 1TB Midnight,1
Galaxy S21 FE 512GB - Midnight,Смартфон Samsung Galaxy S21 FE 512GB Midnight,1
Redmi Redmi Note 12,Tecno Tecno Pova 5,0
смартфон iphone 13 pro max 1tb gold,смартфон iphone 13 pro 1tb max gold,1
Poco F5 512GB - Black,Xiaomi Poco F5 6GB+512GB,1
смартфон samsung galaxy a57 5g 8 128gb lavender,смартфон 5g galaxy a57 samsung 8 128gb lavender,1
Galaxy A55 5G 64GB (White),Samsung Galaxy A55 5G 16GB+64GB,1
Xiaomi 12X 512GB Graphite,Xiaomi 12X 512GB (Graphite),1
Smartfon Redmi Redmi Note 11S 512GB White,Redmi Redmi Note 11S White 512GB,1
apple iphone 16 pro 1tb white titanium 100gb of internet 3 months of tv com for free,nova 12i 8 128 green,0
Vivo Vivo X100 Pro 256GB Black,Vivo X100 Pro 1TB (Starlight),0
Realme Realme C65,Smartfon Realme C65 128GB/8GB Silver,0
смартфон vivo y22 4 64gb starlit blue,vivo смартфон y22 4 64gb starlit blue,1
Vivo Vivo V30e 8GB+128GB,Infinix Infinix Zero 30 8GB/512GB Silver,0
Infinix Note 40 Pro 1TB - White,Poco X6 512GB Starlight,0
Redmi Redmi 13C 1TB Midnight,Смартфон Redmi Redmi Note 12 1TB Midnight,0
Honor Honor X9b 6GB/512GB Starlight,Honor Honor X9b 512GB Starlight,1
Smartfon Galaxy S22 Ultra 512GB/6GB Silver,Galaxy S22 Ultra 512GB Silver,1
смартфон honor x9a 6 128gb emerald green,смартфон 6 x9a honor 128gb emerald green,1
Oppo Reno 10 64GB - Natural,Смартфон Oppo Oppo Reno 10 64GB Natural,1
Realme 11 1TB (Lavender),Smartfon Realme 12+ 1TB/8GB Lavender,0
Samsung Galaxy A25 Starlight 256GB,Samsung Galaxy A25 16GB+256GB,1
Tecno Tecno Spark 20 8GB/256GB Midnight,Смартфон Tecno Tecno Pova 6 256GB Midnight,0
Smartfon iPhone 13 Pro Max 1TB/8GB Purple,Apple iPhone 13 Pro Max 8GB/1TB Purple,1
Samsung Galaxy A25 Titanium 512GB,Samsung Galaxy A25 Titanium 512GB,1
apple iphone 16 pro max 1tb natural titanium 100gb of internet 3 months of tv com for free,apple iphone 16 pro max 1tb natural titanium 100gb of internet 3 months for tv com of free,1
Xiaomi Xiaomi 13T 8GB+512GB,Смартфон Xiaomi Xiaomi 13T 512GB Titanium,1
смартфон honor x8d 8 128gb grey,honor 200 lite 8 256gb cyan lake,0
smartfon redmi a5 4 128gb midnight black,прода тся телефон redmi note 13 pro,0
Poco M5s 256GB - Gold,Xiaomi Poco M5s Gold 256GB,1
Smartfon Redmi Redmi Note 11 512GB Graphite,Redmi Redmi Note 11 12GB/512GB Graphite,1
Smartfon Oppo Find X6 Pro 512GB/16GB Green,Oppo Oppo Reno 11,0
Smartfon Vivo V27 Pro 1TB/12GB Black,Smartfon Vivo V27 Pro 1TB/12GB Black,1
Realme 11 256GB Lavender,Smartfon Redmi Redmi Note 13 64GB White,0
smartfon samsung galaxy a26 128gb mint,smartfon samsung galaxy a26 mint,1
Apple iPhone 12 4GB/256GB Graphite,Xiaomi Xiaomi 11 Ultra 512GB Cream,0
Смартфон Samsung Galaxy S21 FE 64GB Green,Смартфон Samsung Galaxy S22 Ultra 64GB Green,0
Galaxy M34 5G 256GB - Purple,Samsung Galaxy A15 256GB Purple,0
Smartfon Vivo Vivo Y36 64GB Gold,Vivo Vivo Y36 Gold 64GB,1
Honor Honor 90 Lite 16GB+64GB,Smartfon Honor 90 Lite 64GB/16GB Coral,1
Tecno Camon 30 Pro 256GB (Starlight),Tecno Tecno Camon 30 Pro 6GB+256GB,1
samsung galaxy s26 ultra 5g 12 256gb smartfoni binafsha sm s948bzvbsoz,samsung galaxy s26 ultra 5g 256gb smartfoni binafsha sm s948bzvbsoz,1
Смартфон Apple iPhone 15 64GB Green,Smartfon iPhone 15 64GB/12GB Green,1
Smartfon Apple iPhone 13 Pro 1TB Starlight,iPhone 13 Pro 1TB (Starlight),1
Smartfon Xiaomi 12 1TB/4GB Cream,Xiaomi Xiaomi 12 Cream 1TB,1
Apple iPhone SE 3 8GB+256GB,Smartfon Apple iPhone SE 3 1TB Silver,0
смартфон redmi a5 4 128gb midnight black,redmi 15 yangi 2026 y 05 04,0
Tecno Tecno Spark 20 Pro+ 512GB Deep Purple,Tecno Tecno Spark 20 Pro+ 3GB/512GB Deep Purple,1
samsung galaxy a17 8 256gb gray,a17 galaxy samsung 8 256gb gray,1
Samsung Galaxy A34,Смартфон Samsung Galaxy S23 FE 256GB Silver,0
кабель go des aux gac 209 1m,кабель go des aux gac 209,1
Smartfon Xiaomi 13T Pro 512GB/8GB Lavender,Xiaomi Xiaomi 13T Pro,1
смартфон samsung galaxy s24 12 256gb dual nano sim gray,смартфон s24 galaxy samsung 12 256gb dual nano sim gray,1
Smartfon Realme Realme 12+ 256GB Coral,Realme Realme 12+ 16GB+256GB,1
Realme 12 Pro+ 512GB (Midnight),Realme 12 Pro+ 512GB (Midnight),1
Smartfon Vivo Vivo Y36 512GB Deep Purple,Смартфон Vivo Vivo Y36 512GB Deep Purple,1
смартфон honor x6c 6 128 гб ocean cyan,honor 600 pro 12 512 black,0
Redmi Redmi 12 128GB Starlight,Tecno Tecno Camon 30 Pro,0
Infinix Infinix Note 30 Pro Deep Purple 512GB,Infinix Infinix Smart 8 Pro 8GB/512GB Deep Purple,0
Smartfon Infinix Infinix Smart 8 Plus 64GB Cream,Smartfon Infinix Smart 8 Plus 64GB/16GB Cream,1
Smartfon Redmi K70 Pro 64GB/12GB Green,Redmi Redmi K70 Pro 12GB/1TB Graphite,0
iphone 12 mini 64gb,iphone 12 64gb,1
Xiaomi Poco F5 512GB Green,Poco F5 512GB Green,1
Realme GT Neo 5 SE 128GB (Cream),Realme Realme GT Neo 5 SE,1
Tecno Tecno Phantom X2 Pro,Smartfon Tecno Phantom X2 Pro 1TB/12GB Green,0
Tecno Pova 5 Pro 256GB Lavender,Tecno Tecno Pova 5 Pro 8GB/1TB Coral,0
honor x9c 12 256 jade cyan smartfoni,samsung galaxy a57 8 256gb dark blue,0
смартфон samsung galaxy z fold6 12 1tб dual nano sim esim silver shadow,samsung galaxy z fold6 12 1tб dual nano sim esim silver shadow,1
Realme Realme 11 Pro+ 64GB Lavender,Realme Realme 11 Pro+ Graphite 1TB,0
iPhone 14 Pro Max 128GB (Titanium),iPhone 13 Pro Max 128GB - Titanium,0
infinix gt 30 pro 12 256gb shadow ash gift box 3 months of tv com for free,infinix gt pro 12 256gb shadow ash gift box 3 months of tv com for free,1
смартфон apple iphone 14 plus 512gb e sim фиолетовый,смартфон apple iphone 14 plus e sim фиолетовый,1
Realme Realme 12+ 12GB+128GB,Apple iPhone 14 Pro Green 64GB,0
Tecno Spark 20 Pro+ 512GB - Black,Tecno Tecno Pop 8 Black 512GB,0
смартфон honor 600 lite 8 256gb velvet gray,смартфон honor 200 pro 12 512gb moonlight white,0
Smartfon Galaxy A25 1TB/6GB Green,Samsung Galaxy A25,1
Samsung Galaxy M34 5G 12GB+64GB,Samsung Galaxy A15 12GB+64GB,0
Smartfon Infinix Infinix Zero 30 5G 256GB Coral,Infinix Zero 30 5G 256GB - Coral,1
Smartfon Xiaomi Poco X5 1TB White,Smartfon Xiaomi Poco X5 1TB White,1
Redmi Note 12 Pro+ 64GB - Lavender,iPhone SE 3 1TB (Blue),0
iPhone 13 Pro Max 1TB (Lavender),iPhone 12 Pro 1TB (Lavender),0
Tecno Tecno Spark 20 Pro 4GB+512GB,Tecno Tecno Spark 20,0
смартфон tecno spark 7 4 128gb spruce green,смартфон spark 7 4 128gb spruce green,1
смартфон redmi note 15 pro 12 256gb black,redmi not 11 6 128,0
Samsung Galaxy Z Fold 5,Galaxy Z Fold 5 128GB (Purple),0
Realme C67 512GB (Black),Realme Realme 11 Pro 512GB Black,0
iPhone 13 mini 512GB (Green),Oppo Oppo Reno 12 Pro 4GB+128GB,0
Apple iPhone 14 Plus 6GB/512GB White,Smartfon Redmi Redmi Note 13 Pro+ 128GB Starlight,0
Tecno Pop 8 64GB - Deep Purple,Tecno Pop 8 128GB - Titanium,0
смартфон vivo v27e 8 256 гб dual nano sim black,смартфон vivo v27e nano 256 гб dual 8 sim black,1
iPhone 11 128GB (Lavender),Smartfon iPhone 11 128GB/4GB Lavender,1
смартфон honor x9c smart 8 256 black,смартфон infinix note 50 pro 12 256gb shadow black,0
Samsung Galaxy Z Flip 5 3GB/512GB Silver,Samsung Galaxy Z Flip 5 512GB Silver,1
redmi note 11 4 64gb срочна сотилади,apple iphone 17 pro 256gb 1 sim 1 esim deep blue smartfoni,0
Smartfon Realme Realme 9 Pro+ 64GB White,Tecno Tecno Spark 20 Pro 8GB/128GB Deep Purple,0
Samsung Galaxy S23 FE,Smartfon Redmi Note 11 128GB/16GB Deep Purple,0
смартфон honor x8a 6 128gb black,honor 400 12 256gb midnight black juicer 100gb internet 3 months of free tv com,0
смартфон samsung galaxy a55 5g 8 128gb lemon,samsung s25 fe 5g доставка проверка при получении,0
Smartfon Realme Realme 12 Pro+ 128GB Lavender,Realme C55 128GB - Lavender,0
itel a100 titanium,itel a100,1
Realme Realme 12,Oppo Oppo A38 Graphite 128GB,0
Honor Honor X7a 3GB/256GB Coral,Honor Honor X7a 64GB White,0
Honor Magic5 Lite 512GB - Coral,Honor Honor Magic5 Lite 512GB Coral,1
redmi note 12 4g,redmi note 14 midnight black 8 256gb,0
apple iphone 16 pro esim 256gb desert titanium smartfoni,apple iphone 16 esim 256gb desert titanium smartfoni,1
смартфон vivo y17s 6 128 glitter purple,vivo смартфон y17s 6 128 glitter purple,1
Vivo Y200 128GB Deep Purple,Vivo Vivo V27 Pro,0
Redmi Redmi 13C 64GB Starlight,Redmi Note 11 Pro 64GB Starlight,0
Oppo Oppo Reno 10,Smartfon Oppo Reno 10 256GB/6GB Deep Purple,1
Apple iPhone 14 Pro Max 128GB Cream,iPhone 13 128GB Cream,0
Oppo Oppo A17 256GB Natural,Oppo Reno 10 256GB Natural,0
смартфон honor x6b 4 128gb midnight black forest green,смартфон green x6b 4 128gb midnight black forest honor,1
Realme GT 5 256GB Gold,Realme Realme GT 5 3GB/256GB Gold,1
Smartfon Redmi Note 12 128GB/3GB Gold,Redmi Note 12 128GB (Gold),1
Realme Realme 12 Pro+ Lavender 512GB,Realme Realme 12 Pro+ 12GB+1TB,0
Apple iPhone 14 Pro Max,Apple iPhone 14 Pro Max 8GB/256GB Starlight,1
Смартфон Honor Honor 80 Pro 64GB Gold,iPhone 11 256GB - Starlight,0
смартфон honor x8a 6 128gb midnight black увлажнитель воздуха misty can,смартфон honor x8a 6 128gb midnight black увлажнитель воздуха misty,1
смартфон iphone 12 mini 128gb white,white iphone 12 mini 128gb смартфон,1
Smartfon Samsung Galaxy M14 512GB Titanium,Samsung Galaxy M14 6GB+512GB,1
Infinix Infinix Hot 40 Pro 3GB/1TB Gold,Redmi A3 64GB (Midnight),0
Infinix Infinix Zero 20 Purple 128GB,Infinix Infinix Zero 20 128GB Purple,1
Vivo V27 Pro 1TB (Silver),Vivo V27 Pro 1TB Silver,1
Honor X9a 128GB Green,Honor X9a 128GB - Green,1
Xiaomi Xiaomi 12T Pro Midnight 256GB,Xiaomi Xiaomi 12T Pro 256GB Midnight,1
redmi note 14 6 128 8 256 8 128,redmi note 14 6 8 256 8 128,1
Tecno Tecno Camon 30 1TB Green,Vivo Vivo V30 Pro 12GB+512GB,0
Samsung Galaxy A05s 256GB Green,Smartfon Galaxy A05s 256GB/6GB Green,1
Oppo Oppo Reno 11 Pro Purple 1TB,Смартфон Oppo Oppo Reno 11 Pro 1TB Purple,1
Redmi Redmi Note 13 Pro 16GB/64GB Graphite,Smartfon Redmi Note 13 Pro 128GB/16GB Purple,0
redmi note 17 4g 2026 new super skidka garantiya dastavka,note 17 4g 2026 new super skidka garantiya dastavka,1
Vivo V30 128GB Deep Purple,Smartfon Vivo V30 128GB/3GB Deep Purple,1
Smartfon Galaxy M34 5G 1TB/8GB Starlight,Smartfon Samsung Galaxy S23+ 1TB Starlight,0
Смартфон Realme Realme C55 1TB Lavender,Смартфон Samsung Galaxy A34 256GB Purple,0
Realme Realme 11 256GB Green,Realme Realme 11,1
Honor Honor Magic6 Pro 64GB Black,Smartfon Honor Magic6 Pro 64GB/8GB Black,1
Realme 11 64GB Graphite,Realme Realme 11 Graphite 64GB,1
Smartfon Xiaomi 13T Pro 512GB/16GB Deep Purple,Xiaomi 13T Pro 512GB Deep Purple,1
телефон novey x70 dark blue,novey x70 dark blue,1
Smartfon Oppo Oppo Reno 10 Pro 64GB Black,Oppo Reno 10 Pro 64GB - Black,1
Smartfon Realme 11 512GB/4GB Deep Purple,Smartfon Oppo Oppo A38 64GB Green,0
Redmi Note 13 Pro+ 64GB (Black),Redmi Redmi Note 13 Pro+ 64GB Black,1
Oppo Find X6 Pro 64GB - Coral,Oppo Oppo Find X6 Pro 8GB+64GB,1
Смартфон Oppo Oppo Reno 10 Pro 128GB Black,Oppo Reno 10 Pro 128GB Black,0
смартфон honor 200 12 512gb black,honor x9d 5g 8 256gb black smartfoni,0
смартфон infinix note 50 pro 12 256 гб racing edition,смартфон infinix note 50 pro 12 256 гб racing,1
Xiaomi Xiaomi 14T 1TB Starlight,Xiaomi 14T 1TB Starlight,1
Samsung Galaxy A34 8GB/128GB Coral,Apple iPhone 13 Pro Max,0
Samsung Galaxy S22 3GB/64GB Black,Смартфон Samsung Galaxy S22 64GB Black,1
Vivo Vivo V27 128GB Coral,Vivo Vivo V27 3GB/64GB Titanium,0
Honor Honor 90 Lite Titanium 1TB,Galaxy A25 64GB - Graphite,0
novey force g20 mirror white 6 128gb,redmi note 15 pro plus 5g доставка проверка при получении,0
oppo reno 12f 8 256gb matte grey,oppo 12f 8 256gb matte grey,1
смартфон samsung galaxy s23 ultra 8 256gb lavender,lavender samsung galaxy s23 ultra 8 256gb смартфон,1
Смартфон Apple iPhone 14 Plus 1TB Deep Purple,Смартфон Xiaomi Poco F5 64GB Graphite,0
Vivo Vivo Y100 12GB/512GB Natural,Vivo Vivo Y100 12GB/512GB Natural,1
Смартфон Infinix Infinix Smart 8 256GB Cream,Smartfon Infinix Smart 8 256GB/16GB Cream,1
Realme 11 Pro 512GB - Silver,Smartfon Realme 11 Pro 512GB/12GB Silver,1
Samsung Galaxy S23+ 512GB Silver,Galaxy S23+ 512GB Silver,1
Redmi Note 13 Pro 1TB (Blue),Smartfon Redmi Note 13 Pro 1TB/8GB Blue,1
Smartfon Xiaomi Xiaomi 11T 1TB Black,Xiaomi Xiaomi 11T 1TB Black,1
смартфон apple iphone 13 128gb starlight,смартфон xiaomi 14 pro 12 256gb dual nano sim cn black,0
Oppo Oppo Reno 11 Pro,Oppo Oppo Reno 11 Pro 4GB+64GB,1
Infinix Infinix Hot 40 Pro Starlight 128GB,Infinix Hot 40 Pro 128GB (Starlight),1
honor 600 8 512 golden white,samsung galaxy a17 6 128gb black,0
Vivo V27 Pro 256GB (Black),Smartfon Vivo Vivo V27 Pro 256GB Black,1
Infinix Infinix Hot 40 Pro,Smartfon Infinix Hot 40 Pro 256GB/3GB Graphite,1
Oppo Reno 10 Pro 512GB - Titanium,Tecno Tecno Camon 20 Pro 8GB+128GB,0
Smartfon Tecno Tecno Pop 8 64GB Lavender,Tecno Pop 8 64GB Lavender,1
Xiaomi 11T 128GB Lavender,Xiaomi Xiaomi 11T 128GB Lavender,1
Samsung Galaxy F14 5G 512GB Midnight,Redmi Redmi Note 12 Pro+ Black 256GB,0
Tecno Tecno Pova 5 Natural 64GB,Tecno Tecno Pova 5 64GB Natural,1
Vivo Vivo X90 Pro 16GB/512GB Titanium,Vivo Vivo X90 Pro 16GB/512GB Titanium,1
Oppo Oppo Reno 10 Pro 6GB+64GB,Oppo Reno 11 Pro 64GB - Gold,0
Honor 90 Pro 64GB - Green,Honor Honor 90 Pro 16GB+64GB,1
smartfon honor x7d 6 256gb gold,smartfon honor x7d 6 256gb,1
Смартфон Apple iPhone 11 1TB Titanium,iPhone 11 512GB Coral,0
ajib i10 smartfoni 4 64 black,ajib i10 4 64 black,1
iphone 6 s xolati ideal,кабель earldom et aux21,0
Tecno Tecno Spark 20 256GB Starlight,Смартфон Tecno Tecno Spark 20 256GB Starlight,1
Samsung Galaxy Z Flip 4 128GB Lavender,Смартфон Samsung Galaxy Z Flip 4 128GB Lavender,1
Smartfon Realme C65 128GB/4GB Titanium,Realme C65 128GB (Titanium),1
Redmi Note 11 128GB Black,Redmi Note 11 256GB Natural,0
samsung c 20 plus,смартфон samsung galaxy s21 fe white,0
Infinix Infinix Hot 30 Play,Infinix Hot 30 Play 64GB White,1
honor magic8 pro 12 512gb grafite black,смартфон honor 400 lite 5g 8gb 256gb mars green,0
Xiaomi Xiaomi 14 Ultra 16GB+512GB,Xiaomi Xiaomi 14 Ultra,1
Oppo Oppo Reno 11 Pro 512GB Gold,Smartfon Oppo Oppo Reno 11 Pro 512GB Gold,1
Xiaomi 14T Pro 256GB - Coral,Xiaomi Xiaomi 14T Pro 3GB+256GB,1
Infinix Note 40 256GB (Midnight),Smartfon Infinix Smart 8 Plus 256GB/12GB Midnight,0
Tecno Tecno Camon 30,Tecno Tecno Pova 5 Natural 1TB,0
смартфон vivo y03 4 64 space black,смартфон vivo y03 4 space black,1
Apple iPhone 11 Pro Max Starlight 256GB,Smartfon iPhone 11 Pro Max 256GB/3GB Starlight,1
Oppo Reno 12 Pro 256GB (Graphite),Smartfon Oppo Reno 12 Pro 256GB/4GB Graphite,1
Smartfon iPhone 15 Plus 64GB/3GB Black,Samsung Galaxy Z Flip 5 1TB Silver,0
Smartfon Honor Honor 90 64GB Midnight,Smartfon Honor 90 512GB/4GB Cream,0
Смартфон Samsung Galaxy S23 512GB Natural,Galaxy S23 128GB (Green),0
Realme Realme C33 1TB Titanium,Realme Realme GT Neo 5 SE 12GB/1TB Titanium,0
iPhone 11 Pro Max 256GB (Gold),iPhone 11 Pro Max 256GB - Gold,1
Smartfon Oppo Oppo Reno 12 Pro 128GB Coral,Vivo Vivo V30,0
Infinix Hot 40 128GB - Starlight,Infinix Hot 40 128GB Starlight,1
Honor X7b 512GB (Cream),Honor Honor 80 Pro 512GB Cream,0
смартфон samsung galaxy s23 8 256gb black,смартфон samsung galaxy black 8 256gb s23,1
Smartfon Vivo Vivo V29 Pro 512GB Deep Purple,Smartfon Vivo V29 Pro 512GB/16GB Deep Purple,1
Honor 100 Pro 64GB - Gold,Смартфон Honor Honor 100 Pro 64GB Gold,1
xiaomi redmi note 15 pro 5g 8 256gb smartfoni titanium,смартфон apple iphone 14 plus 512gb e sim синий,0
samsung galaxy a07,a07 galaxy samsung,1
Smartfon Realme Realme 11 Pro+ 512GB Purple,Realme 11 512GB (Purple),0
Смартфон Samsung Galaxy S23 Ultra 256GB Black,Galaxy S23 Ultra 256GB - Black,1
honor x9d 5g 8 256gb qizil smartfoni,honor 400 pro 12 512gb midnight black,0
Galaxy A25 256GB - Cream,Samsung Galaxy A25 Cream 256GB,1
honor x6c 6 128gb midnight black,honor x9d 8 256gb reddish,0
Vivo Y36 128GB Deep Purple,Vivo Vivo Y36 1TB White,0
Xiaomi 14T Pro 512GB (Titanium),Xiaomi Xiaomi 14T Pro,1
смартфон xiaomi redmi 15c 8 256 midnight black,смартфон xiaomi redmi 15c 256 midnight black,1
смартфон honor x7a 4 128gb midnight black,smartfon honor x9d 12 256gb sunrise gold,0
Redmi Redmi Note 12 Pro+ 8GB/512GB Green,Smartfon Redmi K60 512GB/8GB Green,0
Tecno Spark 20 64GB (Deep Purple),Tecno Tecno Pova 5 Deep Purple 64GB,0
смартфон xiaomi poco m8 pro 5g 8 256gb green,смартфон xiaomi poco m8 pro 5g 8 256gb,1
смартфон infinix note 10 pro 6 128gb purple,10 infinix note смартфон pro 6 128gb purple,1
смартфон iphone 13 128gb green,iphone 14 ideal srochna sotiladi arzon narxda,0
Smartfon Realme Realme C67 128GB Black,Smartfon Realme Realme 9 Pro+ 128GB Black,0
Samsung Galaxy M14 Coral 512GB,Galaxy A05 512GB (Coral),0
smartfon redmi a5 3 64gb sandy gold,redmi not 11 satiladi,0
Vivo Vivo X100 Pro 6GB/1TB Cream,Smartfon Vivo Vivo X100 Pro 512GB Coral,0
Infinix Note 30 Pro 512GB (Natural),Infinix Infinix Note 30 Pro Natural 512GB,1
Xiaomi Xiaomi 14T 4GB+128GB,Xiaomi 14T 1TB - White,0
смартфон xiaomi redmi 13 8 256 pink,смартфон samsung galaxy z fold6 12 256 гб dual nano sim esim navy,0
Smartfon Infinix Infinix Zero 30 5G 64GB Coral,Infinix Infinix Zero 30 5G 8GB+64GB,1
Samsung Galaxy Z Flip 4,Samsung Galaxy Z Flip 4,0
Smartfon Vivo Vivo X100 Pro 1TB Blue,Vivo X100 Pro 1TB - Blue,1
Oppo Oppo A79 5G 256GB Deep Purple,Oppo A79 5G 256GB - Deep Purple,1
xiaomi redmi note 14 pro ocean blue 8 256gb,смартфон honor 70 8 128gb global black,0
honor x9d 8 256gb midnight black,смартфон honor x9b 12 256gb midnight black,0
Smartfon Realme Realme C67 128GB White,Realme Realme C67 6GB/512GB Silver,0
Smartfon Tecno Tecno Pova 5 Pro 256GB Purple,Smartfon Tecno Pova 5 Pro 256GB/12GB Purple,1
redmi note 14 6 128 ocean blue,redmi 15 yangi 2026 y 05 04,0
Smartfon Xiaomi Xiaomi 11 Ultra 256GB Silver,Infinix Infinix Note 30 Pro,0
Smartfon Vivo Vivo V27 Pro 64GB Gold,Vivo V27 Pro 64GB Gold,1
Vivo Y22s 256GB (Graphite),Vivo Vivo Y22s 256GB Graphite,1
samsung galaxy a26 5g 8 256gb white,samsung galaxy a26 5g 8 256gb,1
Samsung Galaxy Z Flip 4,Samsung Galaxy Z Flip 4 Purple 128GB,1
беспроводные наушники acefast t4 black,беспроводные acefast t4 black,1
Samsung Galaxy A14 4GB+256GB,Galaxy A14 256GB (Graphite),1
Realme Realme GT 5 Pro,Realme 11 64GB (Deep Purple),0
Infinix Infinix Note 30 Pro 3GB+512GB,Smartfon Infinix Smart 8 Plus 512GB/3GB Blue,0
смартфон samsung galaxy a52 8 256gb violet,смартфон samsung galaxy a52 violet 256gb 8,1
honor x6b midnight black 4 128gb,honor x6b black 4 128gb,1
Honor Honor X8a 6GB/64GB Black,Honor X8a 128GB Titanium,0
Realme Realme GT 5 12GB/512GB Black,Realme Realme C67,0
Smartfon iPhone 14 Pro Max 1TB/3GB Silver,Apple iPhone 14 Pro Silver 1TB,0
Смартфон Infinix Infinix Hot 40 Pro 256GB Natural,Smartfon Infinix Hot 40 Pro 256GB/16GB Natural,1
смартфон honor x8b 8 512gb green,смартфон honor x8d 8 256gb corduroy black,0
Realme Realme 11,Смартфон Honor Honor Magic6 Pro 128GB Graphite,0
Realme Realme 11 Pro+ 12GB+256GB,Realme Realme 11 Pro+ 12GB+256GB,1
Redmi Note 13 Pro+ 256GB (Starlight),Redmi Redmi Note 13 Pro+ 256GB Starlight,1
xiaomi 17t black 12 256gb,xiaomi black 17t 12 256gb,1
смартфон samsung galaxy a06 4 128gb light blue,смартфон honor 200 16 256gb coral pink,0
Honor 80 Pro 64GB - Silver,Honor 80 Pro 512GB - Blue,0
Samsung Galaxy S23 Ultra 64GB Black,Smartfon Samsung Galaxy S23 Ultra 1TB Midnight,0
Smartfon Tecno Spark 20 Pro+ 512GB/4GB Silver,Tecno Tecno Spark 20 Pro+ 4GB+512GB,0
смартфон apple iphone 15 512gb black,samsung galaxy s26 ultra black 1tb,0
смартфон infinix zero 30 5g 21 256gb fantasy purple,смартфон samsung galaxy s26 ultra 5g black 256 гб,0
Realme C65 512GB - Titanium,Realme Realme C65 12GB+512GB,1
смартфон honor x9b 12 256gb sunrise orange,honor 400 lite 5g 8 256gb velvet black smartfoni oq sim karta 100gb 3 oyga sovg aga,0
смартфон huawei nova y91 8 128gb global 2 nano sim ч рный,смартфон huawei nova y91 8 128gb 2 global nano sim ч рный,1
Tecno Spark 10 128GB - Midnight,Tecno Tecno Spark 10,1
Smartfon Realme 12 512GB/12GB Titanium,Vivo Vivo V30 Pro 12GB+64GB,0
смартфон xiaomi 14t 12 512gb titan black,titan xiaomi 14t 12 512gb смартфон black,1
Смартфон Infinix Infinix Hot 30 Play 128GB Graphite,Смартфон Infinix Infinix Hot 30 Play 128GB Graphite,1
Galaxy S23 256GB Black,Samsung Galaxy S23 12GB+128GB,0
Honor Honor Magic5 Lite 12GB/1TB Natural,Smartfon Honor X7a 1TB/12GB Natural,0
iPhone 14 Pro Max 1TB (Graphite),Infinix Infinix Note 40 Gold 128GB,0
Смартфон Apple iPhone 15 Plus 64GB Silver,iPhone 15 Plus 256GB - Midnight,0
смартфон iphone 14 pro max 1tb silver,powerbank green lion 10000mah pd 20w,0
Xiaomi Poco X6 Pro 64GB Natural,Xiaomi Poco X6 Pro 6GB/64GB Natural,1
Samsung Galaxy S23+,Samsung Galaxy S23+ 64GB Gold,1
Смартфон Xiaomi Poco X6 256GB Silver,Xiaomi Poco X6 16GB/256GB Silver,1
Oppo Oppo Reno 10 Pro 4GB+256GB,Smartfon Tecno Spark 20 Pro+ 64GB/4GB Titanium,0
Smartfon Apple iPhone 14 256GB Gold,Vivo Vivo Y200 6GB/64GB Deep Purple,0
Oppo Oppo Reno 10 Pro 256GB Starlight,Oppo Reno 10 Pro 256GB Starlight,1
redmi note 14 pro midnight black 8 256gb,redmi 10 2022 deyarli yangi,0
Xiaomi Xiaomi 13T Pro 16GB/512GB Titanium,Xiaomi 13T Pro 512GB (Titanium),1
Смартфон Tecno Tecno Phantom V Fold 256GB Blue,Смартфон Tecno Tecno Pova 5 256GB Blue,0
Oppo Oppo A79 5G,Oppo Oppo A79 5G 64GB Starlight,0
xiaomi 17t pro deep blue 12 512gb,смартфон xiaomi 15 12 256gb dual esim black,0
Смартфон Redmi Redmi Note 11S 64GB Cream,Samsung Galaxy A54 5G Purple 1TB,0
redmi note 15 pro 4g,redmi 15 c 16 256 8 256 12 128 8 128,0
смартфон apple iphone 15 pro max 512gb black titanium,смартфон iphone 13 256gb blue,0
Smartfon Honor Honor X8b 1TB Natural,Honor Honor X8b Natural 1TB,1
Apple iPhone 14 8GB/512GB Natural,Realme 11 Pro+ 256GB White,0
Smartfon Realme 12 Pro+ 1TB/4GB Green,Realme 12 Pro+ 256GB (Starlight),0
Xiaomi Poco M6 Pro 8GB+512GB,Смартфон Xiaomi Poco M6 Pro 512GB Coral,1
Realme Realme 12 16GB/64GB White,Смартфон Vivo Vivo X100 1TB Natural,0
Tecno Tecno Camon 20 Pro 8GB/256GB Titanium,Smartfon Tecno Camon 20 Pro 256GB/8GB Titanium,1
Oppo Oppo Reno 10 Pro Midnight 1TB,Oppo Reno 10 Pro 1TB (Midnight),1
Tecno Spark 10 64GB - Midnight,Tecno Tecno Spark 10 Midnight 64GB,1
Smartfon Oppo A38 128GB/6GB Cream,Смартфон Oppo Oppo A38 1TB Green,0
Samsung Galaxy M14 Coral 256GB,Tecno Phantom V Fold 128GB - Natural,0
Honor 100 64GB Titanium,Honor Honor 100 Titanium 64GB,1
Apple iPhone SE 3,Realme Realme C65 256GB Cream,0
Smartfon Tecno Tecno Pova 6 256GB Titanium,Tecno Tecno Pova 6 3GB+64GB,0
Xiaomi 14 Pro 64GB Midnight,Xiaomi Xiaomi 14 Pro 64GB Midnight,1
Vivo Vivo Y35 8GB+64GB,Vivo Vivo Y35 8GB+64GB,1
Galaxy S24 Ultra 512GB (Cream),Samsung Galaxy S24 Ultra 512GB Cream,1
Smartfon Honor 90 256GB/12GB Starlight,Honor Magic6 Pro 256GB - Starlight,0
Tecno Tecno Spark 10 6GB/1TB Cream,Honor Honor X8a 256GB Lavender,0
Smartfon iPhone 12 Pro Max 512GB/12GB Gold,Apple iPhone 12 Pro Max,1
Redmi Redmi Note 11 Pro 1TB Green,Redmi Redmi Note 11 Pro Green 1TB,1
наушники haino teko round 1 mini,наушники teko round 1 mini,1
Infinix Infinix Note 40 12GB+256GB,Infinix Infinix Note 40 12GB+256GB,1
Smartfon Xiaomi Poco X5 1TB Starlight,Smartfon Poco X5 1TB/3GB Starlight,1
Vivo Vivo Y22s,Vivo V29 Pro 256GB - Black,0
смартфон samsung galaxy s25 12 256gb black,samsung galaxy s25 12 256gb black,1
samsung galaxy s26 ultra 12 256gb cobalt violet,galaxy s26 ultra 12 256gb cobalt violet,1
variant iphone 14 pro max nasiya kredit в рассрочку,variant iphone 14 pro max kredit в рассрочку,1
Smartfon Apple iPhone 11 Pro 512GB Midnight,Apple iPhone 11 Pro 16GB/512GB Midnight,1
Honor 100 128GB (Coral),Honor Honor 100 6GB/128GB Coral,1
Смартфон Realme Realme GT 5 1TB Lavender,Tecno Tecno Pova 6 Green 64GB,0
Smartfon Vivo V30 Pro 1TB/12GB Gold,Vivo Vivo X90 Pro Gold 1TB,0
redmi note 14 6 128 midnight black,redmi note 14s midnight black 8 128gb,0
Смартфон Xiaomi Xiaomi 14T Pro 256GB Starlight,Poco M6 Pro 256GB (Starlight),0
Tecno Camon 30 Pro 128GB (Graphite),Tecno Camon 30 Pro 128GB - Graphite,1
смартфон samsung galaxy s21 ultra 5g 12 256gb silver,смартфон samsung galaxy s21 ultra 5g 12 256gb,1
смартфон apple iphone 14 pro max 128gb 1 sim космический черный,смартфон max iphone 14 pro apple 128gb 1 sim космический черный,1
Smartfon iPhone 13 Pro Max 1TB/16GB Natural,Apple iPhone 13 Pro Max 1TB Natural,1
honor x8d 8 128 velvet black,смартфон honor 70 8 128gb global emerald green,0
Vivo V30 64GB - Titanium,Vivo Vivo V30 64GB Titanium,1
Realme Realme 11 Pro+,Honor Honor X9b 4GB+512GB,0
Vivo Y35 64GB - Purple,Vivo Vivo Y35 3GB/64GB Purple,1
Redmi Redmi Note 12 Pro Purple 128GB,Redmi Redmi A3 8GB/128GB Purple,0
redmi note 17 4g 2026 new super skidka garantiya dastavka,redmi 15c 4 128gb midnight black,0
Honor X9b 64GB - Midnight,Смартфон Honor Honor X9b 128GB Coral,0
Infinix Hot 40 128GB (Gold),Samsung Galaxy A35 5G 256GB Starlight,0
Honor Honor 90 Lite 6GB/256GB Graphite,Smartfon Honor 90 Lite 256GB/6GB Graphite,1
Xiaomi Xiaomi 12 3GB/512GB Starlight,Smartfon Xiaomi 12 512GB/3GB Starlight,1
Realme GT 5 Pro 128GB Midnight,Realme 11 128GB Midnight,0
смартфон samsung galaxy s26 ultra 12 512gb violet,смартфон xiaomi poco x4 pro 5g 6 128gb blue,0
Redmi Redmi Note 12 8GB/64GB Midnight,Redmi Redmi Note 12 256GB Cream,0
Smartfon Vivo X100 512GB/3GB Coral,Vivo Vivo X100 1TB Natural,0
honor 400 8 256gb 5g сosmic grey smartfoni honor ryukzaki sovg aga,honor x7d 8 256 meteor silver,0
телефон novey a70r black,motorola moto g77 shaded spruce 8 256gb,0
iPhone 12 Pro 64GB Cream,iPhone 12 Pro 1TB Titanium,0
смартфон apple iphone 17 pro max 2tb silver,смартфон apple iphone 17 pro 2tb silver,1
смартфон honor x7a plus 6 128 midnight black,смартфон honor 400 8 256gb midnight black,0
Honor Honor X7a,Honor Honor X7a,0
смартфон samsung galaxy a17 6 128gb gray,смартфон galaxy samsung a17 6 128gb gray,1
Tecno Tecno Phantom V Fold 1TB Graphite,Smartfon Tecno Phantom V Fold 1TB/12GB Graphite,1
Realme Realme C53 8GB+128GB,Vivo Vivo V29 256GB Titanium,0
Realme Realme 12 Black 128GB,Smartfon Galaxy S23 1TB/12GB Gold,0
Honor Honor Magic5 Pro 1TB Green,Honor Honor Magic5 Pro 16GB+1TB,1
redmi note 15 sandy purple 6 128gb,redmi 15c mint green 8 256gb,0
смартфон iphone 13 pro 512gb sierra blue dual,смартфон iphone 13 pro dual sierra blue 512gb,1
Oppo Reno 10 1TB - Gold,Oppo Oppo Reno 10 1TB Gold,0
смартфон xiaomi redmi 4a 2 16gb black,смартфон xiaomi mi 11 lite 8 128gb 4g black global version,0
Realme Realme C65 64GB Black,Smartfon Realme 11 Pro 64GB/3GB Black,0
смартфон samsung sm a042f a04e 64gb copper,смартфон samsung sm a042f a04e 64gb,1
Smartfon iPhone 15 128GB/3GB Silver,iPhone 11 128GB Silver,0
redmi 15 8 256gb sandy purple,продам redmi note 15 pro plus 5g 12 512 brown,0
Smartfon Apple iPhone 12 mini 64GB Coral,Apple iPhone 12 mini 64GB Coral,1
Smartfon Vivo Vivo V30e 512GB Deep Purple,Vivo Y200 512GB Deep Purple,0
Tecno Tecno Pova 5 4GB/1TB Deep Purple,Tecno Tecno Pova 5 1TB Deep Purple,1
Infinix Infinix Smart 8 Plus 4GB/256GB Blue,Infinix Infinix Smart 8 Plus Blue 256GB,1
Oppo Oppo Reno 12 64GB Cream,Oppo Reno 12 64GB - Cream,1
Tecno Tecno Camon 20 Pro 6GB/1TB Lavender,Smartfon Tecno Tecno Camon 20 Pro 1TB Lavender,1
смартфон apple iphone 17 pro max 1tb e sim,смартфон apple iphone pro 17 max 1tb e sim,1
Tecno Phantom V Fold 64GB - Gold,Oppo Oppo Find X7 Ultra Blue 256GB,0
iPhone 11 Pro 256GB Purple,Redmi Redmi K70 Pro 16GB/512GB Blue,0
Xiaomi Poco M5s 4GB/512GB Lavender,Smartfon Xiaomi Poco M5s 512GB Lavender,1
Oppo A38 64GB Black,iPhone 12 Pro Max 1TB Purple,0
Realme 11 Pro+ 1TB - Cream,Realme Realme 11 Pro+ 1TB Cream,1
Apple iPhone 15 6GB+1TB,Apple iPhone 15,1
Honor 100 Pro 128GB (Lavender),Honor 100 Pro 128GB (Lavender),1
redmi 10 рабочие,redmi 15 6 128gb sandy purple,0
Xiaomi Xiaomi 13 Ultra Purple 512GB,Xiaomi Xiaomi 13 Ultra 512GB Purple,1
Смартфон Samsung Galaxy A14 128GB Lavender,Smartfon Honor Honor 100 1TB Midnight,0
Смартфон Redmi Redmi Note 11 Pro 1TB Gold,Redmi Redmi Note 11 Pro 1TB Gold,1
Honor 90 512GB Green,Honor 90 512GB Green,1
Poco X6 Pro 1TB Lavender,Xiaomi Poco X6 Pro,1
honor x9d 5g 12 256gb gold oltin rang smartfoni,honor x6b 128gb uz,0
Смартфон Redmi Redmi Note 12 Pro+ 512GB Gold,Redmi Redmi Note 12 Pro+ 16GB/512GB Gold,1
Smartfon Vivo Vivo V29 128GB Green,Tecno Camon 30 64GB - White,0
продам redmi note 15 pro plus 5g 12 512 brown,redmi note 15 night black 6 128gb,0
Redmi Redmi Note 11 Pro 12GB/256GB Black,Redmi Redmi Note 11 Pro,1
Samsung Galaxy M14,Samsung Galaxy M14 3GB+256GB,0
redmi 15 6 128gb sandy purple,redmi note 12 pro,0
Vivo Vivo X100 Pro 512GB Coral,Vivo Vivo X100 Pro Green 256GB,0
Smartfon Honor Honor 90 Pro 128GB Silver,Смартфон Apple iPhone 15 512GB Gold,0
смартфон infinix hot 30i 4 128gb blue,смартфоны samsung galaxy a53 sm a536 6 128g white,0
Realme Realme 12+ 256GB Black,Realme 12+ 256GB (Black),1
Honor X7b 512GB White,Honor Honor X7b 128GB Green,0
Realme 11 Pro+ 128GB - Graphite,Realme 12 128GB Graphite,0
Xiaomi 14 Pro 256GB Cream,Smartfon Xiaomi 14 Pro 1TB/12GB Gold,0
Poco M6 Pro 256GB (Green),Realme Realme C65 12GB/512GB Black,0
Смартфон Infinix Infinix Zero 30 512GB White,Смартфон Infinix Infinix Zero 30 512GB White,1
honor 90 lite 8 256,honor 400 lite черный 8 256gb,0
Smartfon Redmi Redmi 13 512GB Midnight,Redmi Redmi A2+ 8GB+512GB,0
Vivo Vivo X100 128GB Natural,Smartfon Vivo Y100 128GB/4GB Natural,0
Смартфон Honor Honor 200 1TB Lavender,Honor 200 1TB Lavender,1
смартфон honor 400 pro 5g 12 512 midnight black,honor 400 lite,0
redmi note 15 night black 8 128gb,redmi note 14 ocean blue 8 128gb,0
Apple iPhone 13 Pro,Apple iPhone 13 Pro,1
Realme Realme GT 5 Pro 64GB Midnight,Realme Realme GT 5 Pro Purple 128GB,0
смартфон xiaomi poco c85 6 128gb purple,xiaomi poco c85 6 128gb purple,1
Smartfon Honor Honor X8b 1TB Starlight,Honor 200 Pro 1TB (Starlight),0
Apple iPhone 13 Pro 12GB/512GB White,Apple iPhone 13 Pro,1
Samsung Galaxy M14 3GB+1TB,Galaxy M14 1TB - Cream,1
смартфон honor x8d 8 256 black,смартфон 8 x8d honor 256 black,1
смартфон apple iphone 16 512gb ultramarine,apple iphone 16 512gb ultramarine,1
Oppo Oppo A38 Deep Purple 128GB,Oppo A38 128GB Deep Purple,1
Smartfon Xiaomi Xiaomi 14T Pro 128GB Starlight,Tecno Pova 6 Pro 1TB - Titanium,0
Oppo A78 64GB - Midnight,iPhone 13 Pro Max 256GB - Graphite,0
Tecno Spark 20 Pro 1TB - Midnight,Смартфон Tecno Tecno Pova 6 1TB Midnight,0
смартфон honor x9d 8 256 гб золотистый,x9d honor смартфон 8 256 гб золотистый,1
Vivo Vivo V29 Pro 64GB Graphite,Vivo V29 Pro 64GB Graphite,1
Realme Realme 12 Pro Gold 512GB,Realme 12 Pro 128GB (Blue),0
Tecno Tecno Camon 30 Pro,Tecno Tecno Camon 30 Pro 6GB+1TB,1
Xiaomi Xiaomi 14 Starlight 1TB,Xiaomi Xiaomi 14 256GB Deep Purple,0
смартфон apple iphone 16 pro max 256 гб,смартфон apple iphone 16 pro max 256,1
Smartfon Oppo A38 128GB/12GB Cream,Oppo Reno 11 Pro 128GB (Cream),0
Samsung Galaxy S23+ 4GB/128GB Natural,Smartfon Galaxy S23+ 128GB/4GB Natural,1
смартфон apple iphone 13 pro 512gb графитовый,телефон novey 111 black,0
Redmi Redmi Note 12 64GB Midnight,Смартфон Redmi Redmi 12C 64GB Midnight,0
Samsung Galaxy F14 5G,Samsung Galaxy F14 5G,1
Oppo Oppo Reno 11 16GB/1TB Blue,Oppo Oppo Reno 11 16GB+64GB,0
Xiaomi Xiaomi 14T 12GB+256GB,Xiaomi 14T 256GB White,1
Oppo Oppo Reno 10 Pro+ 3GB+64GB,iPhone 13 1TB - Deep Purple,0
iPhone 15 Pro 256GB (Deep Purple),Смартфон Apple iPhone SE 3 256GB Deep Purple,0
планшет pad mini lte 4 64 gray,планшет pad mini lte 4 64,1
redmi note 13 pro puls 5g,redmi note 17 black 6 256gb рюкзак в подарок,0
Honor Honor X9b 6GB+64GB,Honor X9b 64GB White,1
Realme GT 5 Pro 512GB Silver,Realme Realme GT 5 Pro 128GB Starlight,0
Infinix Infinix Zero 30 5G 4GB+256GB,Infinix Zero 30 5G 256GB - Deep Purple,1
Honor Honor 100 Purple 64GB,Honor 100 512GB (Midnight),0
Smartfon Honor 200 Pro 256GB/3GB Graphite,Honor Honor 200 Pro 256GB Graphite,1
Infinix Infinix Smart 8 Plus Black 64GB,Infinix Smart 8 Plus 1TB - Purple,0
Смартфон Xiaomi Xiaomi 12 Pro 1TB Green,Xiaomi Xiaomi 12 Pro 3GB/1TB Green,1
Redmi Redmi A2+ 16GB/512GB Coral,Redmi Redmi A2+,1
смартфон apple iphone air 512gb space black,смартфон apple 512gb air iphone space black,1
Oppo Oppo Find X7 512GB Midnight,Oppo Find X7 512GB - Midnight,1
Galaxy S23 FE 128GB (Cream),Samsung Galaxy S23 FE 4GB/128GB Cream,1
Smartfon Apple iPhone 15 Pro Max 128GB Cream,Смартфон Apple iPhone SE 3 128GB Cream,0
smartfon honor x8d 8 128gb velvet gray,смартфон honor x6b 6 256gb midnight black,0
смартфон camon 50 pro 8 256gb moonshadow black,смартфон camon pro 8 256gb moonshadow black,1
смартфон infinix smart 8 4 128gb shiny gold,смартфон infinix 8 4 128gb shiny gold,1
Honor 80 Pro 64GB - Midnight,Honor Honor 80 Pro 4GB+64GB,1
Realme Realme 12 16GB/128GB Natural,Realme 12 128GB Natural,1
Redmi Redmi Note 13 3GB/128GB Starlight,Redmi Redmi Note 13 Starlight 128GB,1
Xiaomi Poco M5 64GB Graphite,Xiaomi Poco M5 Graphite 64GB,1
Smartfon Oppo Oppo Reno 10 64GB Cream,Oppo Oppo Reno 10,1
Oppo Reno 10 512GB Blue,Oppo Reno 10 512GB - Blue,1
Galaxy Z Fold 5 1TB Midnight,Galaxy Z Fold 5 512GB - Natural,0
Smartfon Xiaomi Poco X6 Pro 256GB Gold,Poco X6 Pro 256GB Gold,1
смартфон iphone 13 pro 128gb gold,смартфон xiaomi redmi note 13 pro 8 512gb ч рный,0
Realme 11 Pro+ 128GB - Blue,Smartfon Realme Realme 11 Pro+ 128GB Blue,1
Oppo Oppo A79 5G 8GB+128GB,Smartfon Oppo Oppo Find X7 Ultra 128GB Green,0
зарядное устройство xiaomi mi smart band 4 charging cable,смартфон xiaomi redmi 10a 4 128gb blue,0
Смартфон Redmi Redmi 12C 128GB Cream,Smartfon Honor X8b 512GB/16GB Lavender,0
смартфон samsung galaxy a13 3 32gb blue,смартфон samsung galaxy a13 32gb blue,1
Smartfon Oppo Oppo Reno 10 512GB Deep Purple,Oppo Oppo Reno 10 8GB/512GB Deep Purple,1
Poco M5 256GB Coral,Smartfon Xiaomi Poco M5 256GB Coral,1
Smartfon Redmi Redmi A3 64GB Lavender,Redmi Redmi A3,1
Smartfon Infinix Infinix Hot 30 Play 1TB Deep Purple,Infinix Infinix Hot 30 Play 12GB+1TB,1
Infinix Infinix Smart 8 Plus Gold 512GB,Смартфон Infinix Infinix Smart 8 Plus 512GB Gold,1
Infinix Hot 40 Pro 64GB - Blue,Apple iPhone 14 Pro Max 4GB+256GB,0
Infinix Infinix Note 30 Pro 12GB+512GB,Смартфон Apple iPhone 13 Pro 256GB Green,0
Redmi Note 13 Pro 256GB - Gold,Redmi Redmi Note 13 Pro Gold 256GB,1
смартфон xiaomi poco x6 5g 12 256gb white,смартфон xiaomi redmi 13 8gb 128gb,0
Smartfon Honor Honor X7a 64GB Lavender,Honor Honor 200 Pro 12GB/64GB Lavender,0
redmi not 9 4 ga 64 lik ideal holatda batarekasi 2 kun garantiya,redmi note 15 pro 4g оптом и штук,0
Смартфон Redmi Redmi K60 1TB Natural,Redmi Redmi K60 1TB Natural,1
redmi note 8 pro,redmi 15 midnight black 6 128gb,0
Infinix Infinix Note 40 Pro 6GB/64GB Silver,Xiaomi Poco X6 Pro,0
Galaxy S24 512GB Blue,Poco F5 Pro 128GB (Lavender),0
Smartfon Realme GT 5 Pro 1TB/3GB Graphite,Realme Realme C65 Graphite 1TB,0
Smartfon Samsung Galaxy A15 1TB Graphite,Galaxy A15 1TB Graphite,1
Realme Realme C53 Midnight 512GB,Realme Realme C53 Midnight 512GB,1
Смартфон Redmi Redmi 12 1TB Natural,Smartfon Redmi Note 11S 1TB/6GB Natural,0
Smartfon Galaxy A55 5G 1TB/3GB Silver,Smartfon Galaxy A55 5G 1TB/3GB Silver,1
смартфон xiaomi redmi note 7 3 32gb global version,смартфон honor 200 8 256 white,0
Realme Realme C53 3GB+1TB,Xiaomi Xiaomi 12T Pro 3GB/512GB Deep Purple,0
смартфон iphone 12 256gb purple,смартфон xiaomi 15 12 512gb dual nano sim black,0
Смартфон Samsung Galaxy S23 FE 1TB Black,Galaxy S23 FE 1TB Black,1
смартфон infinix smart 8 plus 8 128gb shiny gold,смартфон infinix smart 8 plus 8 128gb gold,1
Смартфон Apple iPhone 12 Pro 1TB Silver,Apple iPhone 12 Pro 8GB+128GB,0
Redmi Redmi 12 256GB Midnight,Redmi K60 256GB - Midnight,0
Смартфон Oppo Oppo Find X7 128GB Titanium,Oppo Oppo Find X7 128GB Titanium,1
Infinix Infinix Hot 40 8GB+128GB,Infinix Infinix Hot 40,0
смартфон honor x6a 4 128 black,honor x7d 8 256gb silver,0
Смартфон Xiaomi Xiaomi 13 Pro 64GB Lavender,Xiaomi Xiaomi 13 Pro 12GB/64GB Lavender,1
Oppo Oppo A58,Smartfon Oppo A58 512GB/16GB Gold,0
смартфон samsung galaxy z fold 6,смартфон iphone 13 pro 128gb sierra blue dual,0
Смартфон Apple iPhone 11 Pro Max 128GB Purple,Smartfon iPhone 11 Pro Max 128GB/12GB Purple,1
Смартфон Realme Realme 11 Pro+ 1TB Midnight,Samsung Galaxy A54 5G 8GB+128GB,0
Xiaomi Xiaomi 14 Ultra Starlight 64GB,Infinix Hot 40 Pro 256GB - Coral,0
Xiaomi 13T 512GB - Midnight,Xiaomi Xiaomi 13T Midnight 512GB,1
смартфон samsung galaxy a14 6 128gb green,смартфон samsung galaxy a55 5g 8 256gb blue,0
Smartfon Tecno Phantom X2 Pro 256GB/16GB Gold,Smartfon Tecno Phantom X2 Pro 256GB/16GB Gold,1
смартфон samsung galaxy s25 5g 12 256gb silver shadow,смартфон samsung galaxy s25 5g 12 256gb silver,1
Redmi Redmi Note 12 Pro 64GB Purple,Redmi Redmi Note 12 Pro 64GB Purple,1
Vivo Vivo Y200 Pro Starlight 1TB,Vivo Y200 Pro 512GB (Deep Purple),0
Redmi Redmi Note 12 Pro 8GB+128GB,Redmi Note 12 Pro 1TB - Blue,0
смартфон samsung galaxy a15 8 256gb yellow,смартфон iphone 13 pro max 128gb graphite dual,0
Smartfon Redmi Redmi 12 256GB Cream,Oppo A17 64GB (Midnight),0
Oppo Oppo A38 Titanium 1TB,Oppo A38 64GB - Gold,0
беспроводные наушники razer hammerhead pro,samsung c 20 plus,0
смартфон iphone 12 pro 256gb gold dual,смартфон iphone 12 256gb pro gold dual,1
смартфон samsung galaxy s23 ultra 12 512gb cream,cream samsung galaxy s23 ultra 12 512gb смартфон,1
honor magic8 pro 12 512gb sunrice gold,honor magic v3 falcon black 12 512gb,0
Smartfon Redmi K70 Pro 512GB/3GB Silver,Honor Honor X9a,0
Realme Realme 12 Pro+,Realme 12 Pro+ 128GB (Titanium),0
Redmi Redmi Note 12 Pro 4GB/1TB Gold,Redmi Redmi Note 12 Pro Gold 1TB,1
Samsung Galaxy S21 FE 4GB+1TB,Smartfon Samsung Galaxy S21 FE 256GB Starlight,0
Samsung Galaxy A54 5G 8GB/128GB Blue,Galaxy A54 5G 128GB Blue,1
Xiaomi Xiaomi 14 Ultra 1TB Green,Xiaomi Xiaomi 14 Ultra 12GB+1TB,1
Galaxy A55 5G 1TB (Cream),Samsung Galaxy A55 5G 16GB/128GB Deep Purple,0
Samsung Galaxy Z Fold 5 256GB White,Samsung Galaxy Z Fold 5 8GB+1TB,0
Smartfon Redmi Redmi Note 11 Pro 128GB Lavender,Redmi Note 11 Pro 128GB (Lavender),0
Infinix Infinix Hot 30 Play,Infinix Infinix Hot 30 Play,0
Redmi Note 12 Pro 1TB - Black,Honor Honor 100 8GB/512GB Midnight,0
Smartfon Tecno Phantom V Fold 64GB/4GB Silver,Tecno Phantom V Fold 64GB - Silver,1
Infinix Infinix Zero 30 8GB/64GB Lavender,Infinix Zero 30 64GB Lavender,1
Smartfon Realme Realme C33 128GB Gold,Realme Realme C33 4GB/128GB Gold,0
Xiaomi Xiaomi 11T Pro 16GB/128GB Cream,Xiaomi 11T Pro 128GB Cream,1
Tecno Tecno Spark 20 Pro 256GB Coral,Tecno Tecno Spark 20 Pro 3GB/256GB Coral,1
Vivo V29 512GB - Natural,Vivo V29 128GB (Lavender),0
Смартфон Infinix Infinix Zero 20 128GB Natural,Infinix Infinix Zero 20,0
Xiaomi Xiaomi 11T 8GB/256GB Black,Smartfon Realme 11 512GB/8GB Lavender,0
Tecno Pova 5 64GB Cream,Tecno Pova 5 64GB (Cream),1
Tecno Tecno Pova 6 Pro 64GB Purple,Tecno Tecno Pova 6 Pro,1
honor x7d black 8 256gb,x7d black 8 256gb,1
Smartfon Xiaomi 13 Pro 512GB/16GB Titanium,Smartfon Xiaomi 13 Pro 512GB/16GB Titanium,1
xiaomi 17t 12 512gb violet smartfoni,xiaomi 17t 12 smartfoni violet 512gb,1
Apple iPhone SE 3 64GB Graphite,Apple iPhone SE 3 12GB+64GB,1
смартфон vivo y04s 6 256gb green,смартфон xiaomi 17t pro 12 256gb black,0
Vivo V27 Pro 512GB Green,Vivo Vivo V27 Pro Natural 256GB,0
Honor X9a 512GB Graphite,Смартфон Samsung Galaxy S21 FE 64GB Natural,0
iphone 17 pro max deep blue 256gb,iphone 17 256gb max deep blue pro,1
Infinix Zero 20 512GB Midnight,Infinix Infinix Zero 20 3GB+512GB,1
redmi a5 4 128 lake green,смартфон infinix note 60 ultra 12 256gb torino black,0
Смартфон Infinix Infinix Hot 30 Play 256GB Coral,Infinix Infinix Hot 30 Play 12GB/256GB Coral,1
Smartfon Xiaomi 11T Pro 1TB/8GB Coral,Xiaomi Xiaomi 13T Pro 8GB+1TB,0
Xiaomi 14 Ultra 1TB Coral,Honor 100 256GB (Cream),0
смартфон honor x5 2 32gb orange,honor 400 lite 8 256gb velvet black,0
Honor 90 Pro 1TB Starlight,Honor Honor 90 Pro Starlight 1TB,1
Samsung Galaxy S23+ 16GB/1TB Midnight,Samsung Galaxy S23+,0
Honor 90 Pro 128GB (Coral),Смартфон Honor Honor 90 Pro 512GB Graphite,0
Honor Honor 100 8GB+256GB,Smartfon Realme Realme Note 50 512GB Cream,0
смартфон tecno spark 10c 4 64gb blue,смартфон tecno spark 10c 64gb blue,1
iPhone 15 512GB Natural,Apple iPhone 15 4GB+128GB,0
Vivo V30e 1TB Coral,Vivo Vivo V30e 1TB Coral,1
Redmi 13 512GB (Cream),Redmi Redmi 13,0
redmi note 12 pro plus 5g 8gb 256gb midnight black,redmi note 14s midnight black 8 256gb,0
Galaxy S24 Ultra 128GB Midnight,Samsung Galaxy S24 Ultra 128GB Midnight,1
Смартфон Honor Honor 80 Pro 64GB Graphite,Honor 80 Pro 64GB (Graphite),1
Smartfon Realme Realme C53 512GB Midnight,Realme Realme C53,1
galaxy a56 8 128gb gray,galaxy a56 8 gray,1
смартфон honor x6b 6 256gb midnight black forest green,смартфон honor x8с 8 128gb midnight black,0
Смартфон Realme Realme 9 Pro+ 64GB Midnight,Smartfon Realme Realme 9 Pro+ 64GB Midnight,1
Xiaomi 14T Pro 256GB Purple,Xiaomi 14T Pro 256GB - Purple,1
Tecno Pova 6 128GB Coral,Смартфон Tecno Tecno Pova 6 128GB Coral,1
смартфон samsung galaxy a17 8 256gb black,смартфон samsung galaxy a17 256gb black,1
Infinix Note 30 Pro 1TB - Silver,Infinix Note 40 1TB - Silver,0
Realme Realme 11 Pro+ 256GB Graphite,Realme 11 Pro+ 256GB - Graphite,1
Redmi Redmi K60,Infinix Hot 40 256GB Titanium,0
смартфон xiaomi redmi note 13 6gb 128gb,смартфон xiaomi redmi note 128gb 6gb 13,1
Samsung Galaxy A35 5G 256GB Deep Purple,Smartfon Samsung Galaxy A35 5G 256GB Deep Purple,1
Galaxy A05 64GB Green,Galaxy A05 64GB (Green),1
Oppo Reno 10 128GB (Cream),Oppo Oppo Reno 10 16GB+128GB,0
Tecno Tecno Pop 8 8GB+512GB,Smartfon Tecno Pop 8 512GB/8GB Cream,1
Redmi Redmi Note 11S Cream 128GB,Redmi Note 13 Pro+ 128GB Cream,0
Apple iPhone 12 Pro,Apple iPhone 11 Graphite 1TB,0
беспроводные наушники acefast t6 gray,acefast наушники беспроводные t6 gray,1
Смартфон Infinix Infinix Note 30 128GB Coral,Smartfon Galaxy S21 FE 256GB/16GB Blue,0
Smartfon Realme Realme 12+ 64GB Gold,Realme 12+ 64GB - Gold,1
Xiaomi Xiaomi 13T 4GB+512GB,Oppo A78 64GB (Starlight),0
Vivo Vivo Y100 3GB/512GB Blue,Vivo Y100 1TB Silver,0
Realme 12+ 64GB Natural,Smartfon Realme 12+ 64GB/3GB Natural,1
Apple iPhone 14 Pro 3GB/512GB Starlight,Apple iPhone 14 Pro 3GB/256GB Graphite,0
Honor 90 Pro 256GB - Silver,Honor 90 Pro 64GB (Midnight),0
iPhone 13 Pro 64GB (Lavender),Смартфон Apple iPhone 13 Pro 64GB Lavender,1
смартфон samsung galaxy a56 5g 8 256gb awesome graphite,смартфон galaxy a56 5g 8 256gb awesome graphite,1
Vivo V30 512GB Gold,Smartfon Vivo Vivo V30 512GB Gold,1
Tecno Tecno Camon 30 Pro 1TB Black,Tecno Tecno Camon 30 Pro 6GB/512GB Midnight,0
redmi note 15 forest green 8 256gb,redmi note 15 pro 5g titanium color 8 512gb,0
Смартфон Redmi Redmi 12C 512GB Midnight,Redmi Redmi 12C Midnight 512GB,1
vivo y31d 8 128gb white,smartfon honor x7d 6 128gb mateor silver,0
xiaomi redmi note 15 pro 5g,xiaomi redmi note pro 5g,1
Tecno Tecno Spark 20 Pro,Tecno Tecno Spark 20 Pro 64GB Lavender,1
iPhone 14 64GB - Purple,Apple iPhone 14 64GB Purple,1
Smartfon Realme 11 Pro+ 512GB/8GB Green,Смартфон Realme Realme 11 Pro+ 512GB Green,1
apple iphone 17 air 256gb esim esim sky blue smartfoni tpu transparent g ilof sovg aga,apple ilof 17 air 256gb esim esim sky blue smartfoni tpu transparent g iphone sovg aga,1
Infinix Hot 40 512GB Blue,Honor Honor 90,0
Infinix Infinix Zero 30,Infinix Infinix Zero 30 6GB+64GB,1
Vivo Vivo Y200 Coral 128GB,Смартфон Vivo Vivo V27 128GB Coral,0
смартфон samsung galaxy s26 ultra 5g black 256 гб,смартфон samsung galaxy s26 ultra 5g 256 гб,1
honor 400 pro 12 512gb 5g lunar grey smartfoni honor ryukzaki sovg aga,смартфон google pixel 9 pro xl 16 256gb hazel,0
смартфон honor x8b 8 256gb titanium silver,honor x9d reddish 12 256gb,0
Tecno Pova 5 Pro 128GB Lavender,Смартфон Tecno Tecno Pova 5 Pro 128GB Lavender,1
Smartfon Honor Honor Magic6 Pro 256GB Natural,Honor Honor X8a 4GB+256GB,0
Xiaomi Poco X5,Xiaomi Poco X5,0
смартфон samsung galaxy a56 5g a566 8 256gb black,смартфон galaxy a56 5g a566 8 256gb black,1
Honor 100 1TB - White,Honor Honor 100 White 1TB,1
смартфон samsung galaxy a35 5g 8 128gb blue,смартфон tecno spark 10c 4 64gb green,0
Infinix Hot 40 Pro 64GB Cream,Infinix Infinix Hot 40 Pro 3GB/64GB Cream,1
Смартфон Apple iPhone 12 mini 256GB Starlight,Apple iPhone 15 Pro Max Starlight 256GB,0
Смартфон Realme Realme 12 Pro+ 256GB Deep Purple,Realme 12 Pro+ 512GB (Silver),0
apple iphone 16,apple iphone,1
Smartfon Poco M5 64GB/4GB Midnight,Xiaomi Poco M5,1
samsung galaxy a26 8 256gb oq smartfoni sovg aga borofone type c 20w zaryadlash qurilmasi,samsung galaxy qurilmasi 8 256gb oq smartfoni sovg aga borofone type c 20w zaryadlash a26,1
смартфон apple iphone 17 512gb black,apple смартфон iphone 17 512gb black,1
Redmi Redmi Note 11S 12GB+64GB,Redmi Note 11S 64GB Purple,1
Smartfon Honor X9a 1TB/16GB White,Honor X9a 1TB White,1
смартфон xiaomi redmi note 15 pro 8 256gb night black,смартфон xiaomi 8 note 15 pro redmi 256gb night black,1
Honor Honor 100 Pro 4GB/256GB Green,Honor Magic5 Pro 256GB - Green,0
Xiaomi Xiaomi 13 Pro,Xiaomi Poco M6 Pro 4GB/64GB Purple,0
Honor Honor 200 1TB Midnight,Смартфон Oppo Oppo A17 512GB Titanium,0
Redmi Redmi A3 3GB/256GB Natural,Redmi Redmi A3 Natural 256GB,1
смартфон honor x7a plus 6 128gb midnight black,smartfon honor x8d 8 256gb light blue,0
honor x9d midnight black 12 256gb,honor 400 8 256gb desert gold,0
Oppo Oppo Reno 10 Pro 8GB+64GB,Smartfon Oppo Reno 10 Pro 128GB/8GB Black,0
Tecno Tecno Spark 20 Pro,Tecno Pova 6 Pro 1TB Lavender,0
Tecno Tecno Pova 5 Pro 16GB/64GB Deep Purple,Смартфон Tecno Tecno Pova 5 Pro 256GB Purple,0
Redmi Redmi Note 13 4G Deep Purple 1TB,Redmi Redmi Note 13 4G 1TB Deep Purple,1
Смартфон Redmi Redmi Note 11 Pro 64GB White,Redmi Redmi Note 11 Pro 16GB+64GB,1
кабель go des aux gac 206 1 2m,samsung s21 ultra,0
Смартфон Oppo Oppo Find X6 Pro 256GB Blue,Oppo Find X6 Pro 256GB (Blue),1
Oppo Oppo Find X7 Ultra Titanium 512GB,Smartfon Realme C55 128GB/12GB Blue,0
Poco X6 1TB (Graphite),Xiaomi Poco X6 Graphite 1TB,1
Oppo Reno 10 Pro+ 128GB - Purple,Smartfon Oppo Find X7 128GB/8GB Purple,0
Tecno Tecno Spark 20 Pro 256GB Titanium,Tecno Tecno Spark 20 Pro 16GB/64GB Starlight,0
Oppo A17 128GB - Green,Oppo Oppo A17 Green 128GB,1
Redmi Note 13 4G 1TB - Cream,Redmi Note 13 4G 1TB Cream,1
Xiaomi Xiaomi 12X 12GB/512GB White,Xiaomi Poco X5 White 512GB,0
Redmi Redmi 13 16GB+64GB,Redmi 13 64GB (Coral),1
Vivo Vivo V30e 12GB+128GB,Vivo V30e 256GB Silver,0
Смартфон Oppo Oppo A38 512GB Green,Смартфон Oppo Oppo A38 512GB Green,1
Infinix Infinix Hot 40,Infinix Zero 20 256GB Gold,0
смартфон realme c33 rmx3627 4gb 128gb sandy gold,128gb realme c33 rmx3627 4gb смартфон sandy gold,1
Samsung Galaxy Z Flip 4 128GB Lavender,Smartfon Samsung Galaxy Z Flip 4 128GB Lavender,1
Smartfon Xiaomi Xiaomi 13T 256GB Midnight,Smartfon Xiaomi Xiaomi 13T 256GB Midnight,1
Realme Realme 11 Pro 3GB+128GB,Realme 11 Pro 128GB - Lavender,1
Samsung Galaxy Z Fold 5 8GB+128GB,Samsung Galaxy Z Fold 5 8GB+128GB,1
Smartfon Honor 80 Pro 256GB/12GB Deep Purple,Honor 200 256GB Deep Purple,0
Infinix Infinix Smart 8 Pro Graphite 128GB,Infinix Infinix Smart 8 Pro 6GB/64GB Black,0
телефон novey x22 gold,смартфон iphone 12 pro max 512gb silver,0
redmi note 12 4g,redmi note 4g 12,1
смартфон xiaomi redmi note 14s 8 256gb ocean blue,смартфон samsung galaxy s26 12 256gb cobalt violet,0
смартфон honor 70 8 128gb global crystal silver,смартфон honor 70 crystal 128gb global 8 silver,1
Infinix Infinix Note 30 Pro 128GB Cream,Infinix Infinix Note 30 Pro 64GB Titanium,0
Smartfon Infinix Smart 8 256GB/4GB Green,Infinix Infinix Smart 8 Green 256GB,1
Realme Realme C55 White 256GB,Oppo Oppo Reno 11 Pro 3GB/64GB Black,0
redmi note 15 night black 8 256gb,redmi 8 4 64gb 2021 yil,0
nasiya iphone 16 variant рассрочка в кредит,nasiya 16 iphone variant рассрочка в кредит,1
смартфон honor 400 lite 5g 12gb 256gb velvet grey,honor 600 lite 8 256 velvet grey,0
Galaxy A25 512GB (Blue),Galaxy A25 512GB Blue,1
смартфон apple iphone 14 pro 256gb dual sim серебристый,смартфон apple iphone pro 256gb dual sim серебристый,1
Xiaomi Poco X5 Pro,Poco M6 Pro 64GB Lavender,0
Redmi 13 1TB Natural,Смартфон Redmi Redmi 13 1TB Natural,1
Redmi Redmi Note 11 Pro,Смартфон Xiaomi Poco X5 64GB Green,0
Honor Honor Magic5 Pro 4GB+256GB,Smartfon Honor Magic5 Pro 64GB/4GB Lavender,0
Tecno Tecno Spark 10 1TB Green,Oppo Oppo Reno 10 Pro Starlight 128GB,0
Oppo Oppo A78 4GB/256GB White,Oppo A78 256GB (White),1
Redmi Redmi Note 13 8GB+64GB,Redmi Note 13 64GB - Blue,1
Realme Realme C65 6GB/1TB Graphite,Realme C65 1TB Graphite,1
Apple iPhone 11 Pro 16GB+1TB,Apple iPhone 13,0
Smartfon Galaxy A35 5G 64GB/12GB Black,Samsung Galaxy A35 5G 12GB/64GB Black,1
Tecno Spark 20 Pro+ 128GB Lavender,Tecno Tecno Spark 20 Pro+ Lavender 128GB,1
Realme C67 1TB - Natural,Realme Realme C67 Natural 1TB,1
Tecno Pop 8 64GB (Graphite),Tecno Pop 8 64GB - Graphite,1
смартфон xiaomi redmi note 15 6 128gb purple,note xiaomi redmi смартфон 15 6 128gb purple,1
Realme Note 50 512GB (Green),Smartfon Samsung Galaxy A35 5G 128GB Gold,0
Redmi Note 12 Pro 256GB - Coral,Redmi Redmi Note 12 Pro 3GB/64GB Black,0
беспроводные наушники ugreen hitune t3 pro anc,беспроводные наушники ugreen hitune t3 anc pro,1
Realme 11 1TB Blue,Realme Realme 11,1
realme 15t 8 256gb silver,256gb 15t 8 realme silver,1
Infinix Infinix Zero 20 16GB+128GB,Infinix Infinix Zero 20 White 128GB,1
Redmi 12 64GB (Deep Purple),Realme Realme 12 3GB/128GB Titanium,0
смартфон xiaomi redmi 13 8 256 gold,смартфон samsung galaxy s24 8 256gb nano sim esim gray,0
Galaxy A54 5G 64GB - Black,Galaxy A54 5G 64GB Black,1
Redmi Note 11 64GB Blue,Smartfon Redmi Note 11 64GB/8GB Blue,1
Smartfon Oppo Oppo Reno 10 1TB Gold,Oppo Oppo Reno 10 1TB Gold,1
Redmi Redmi 13 8GB/512GB Graphite,Samsung Galaxy Z Fold 4,0
Galaxy A55 5G 128GB Blue,Smartfon Galaxy A55 5G 128GB/16GB Blue,1
Infinix Smart 8 Pro 1TB - Black,Infinix Infinix Smart 8 Pro Black 1TB,1
Apple iPhone 13 12GB+64GB,Apple iPhone 13 64GB Graphite,1
Smartfon Poco X6 1TB/16GB Titanium,Xiaomi Poco X6 16GB+256GB,0
Infinix Infinix Hot 40 Purple 512GB,Infinix Infinix Hot 40,1
Apple iPhone 11 Pro Max 64GB Purple,Apple iPhone 11 Pro Max 64GB Purple,1
Tecno Tecno Spark 20 Pro 4GB+1TB,Tecno Tecno Spark 20 Pro Blue 1TB,1
смартфон xiaomi redmi a5 4 128gb lake green,samsung galaxy a26 8 256gb mint 100gb of internet 3 months of tv com for free,0
Poco F5 1TB - Purple,Tecno Tecno Spark 10,0
Redmi Note 11S 1TB Starlight,Smartfon Redmi Note 11S 1TB/4GB Starlight,1
zte nubia v60 black 8 256gb,zte nubia v60 black 8,1
redmi a5 lake green 4 128gb,redmi 13c midnight black 8 256gb,0
Xiaomi Xiaomi 14,Smartfon Xiaomi 14 64GB/6GB Green,0
смартфон xiaomi 14t pro 12 512gb titan blue,смартфон oppo reno 15 pro max 12 512gb dusk brown,0
смартфон honor x5 plus 4 128 midnight black ocean blue,honor x5 plus 4 128 midnight black ocean blue,1
Tecno Pova 6 Pro 64GB Green,Infinix Infinix Hot 40 512GB Midnight,0
Honor Honor X7a 6GB+512GB,Smartfon Honor X7a 512GB/6GB Black,1
Oppo Oppo Find X6 Pro Midnight 128GB,Oppo Oppo Find X6 Pro,0
Smartfon Samsung Galaxy A34 128GB Green,Smartfon Galaxy A34 128GB/8GB Green,1
смартфон google pixel 7a 8 128gb сoral,смартфон google pixel 7a 8 сoral,1
Tecno Pova 5 64GB - Titanium,Tecno Tecno Pova 5 Titanium 64GB,1
смартфон honor 400 12 256gb meteor silver,honor x9d midnight black 12 256gb,0
Realme Realme 12+,Smartfon Realme 12+ 256GB/3GB Green,0
Apple iPhone 12 Pro Max 4GB+1TB,Smartfon iPhone 15 Pro 1TB/4GB Gold,0
Xiaomi 13 Pro 512GB (Purple),Смартфон Xiaomi Xiaomi 13 Pro 512GB Purple,1
Samsung Galaxy S24+ 6GB+64GB,Samsung Galaxy S24+ 6GB+64GB,1
смартфон spark go 2 km4 128 3 veil white,смартфон 128 go 2 km4 spark 3 veil white,1
Smartfon Honor Honor 200 512GB Blue,Galaxy M34 5G 1TB - Graphite,0
xiaomi 17 ultra доставка проверка при получении,смартфон xiaomi mi 12 lite 6 128gb pink,0
Infinix Infinix Zero 30 1TB Purple,Infinix Infinix Zero 30 Black 256GB,0
Samsung Galaxy Z Fold 4,Samsung Galaxy Z Fold 4 3GB/256GB White,1
Xiaomi Xiaomi 14 Ultra 12GB+64GB,Xiaomi Xiaomi 14T Pro 64GB Deep Purple,0
смартфон samsung galaxy s24 12 512gb dual esim black,apple iphone 17 pro max 12 256gb deep blue,0
Smartfon Samsung Galaxy S22 256GB Green,Smartfon Galaxy S22 256GB/16GB Green,1
смартфон realme c75 8 256gb gold,смартфон gold c75 8 256gb realme,1
Vivo Vivo V29 Pro,Vivo Vivo V29 Pro 3GB+128GB,1
Redmi Redmi Note 13 Pro,Redmi Redmi Note 13 Pro,1
iphone 16 128gb black hx a 1 sim,huawei pura 70 12 256gb pink,0
смартфон honor x7b 8 256gb emerald green,смартфон honor x7a 4 128gb midnight black,0
Vivo Vivo X90 Pro 12GB+512GB,Smartfon Vivo Vivo X90 Pro 512GB Coral,1
Realme GT 5 Pro 512GB - Gold,Realme GT 5 Pro 512GB Gold,1
смартфон xiaomi mix flip 12 512gb global version black,44227 смартфон xiaomi 13 lite 8 256gb black,0
Oppo Oppo A58 Black 256GB,Smartfon Oppo A38 256GB/3GB Black,0
redmi note 14 ocean blue 8 256gb,redmi 15 6 128 8 128 8 256,0
smartfon redmi a5 4 128gb midnight black,redmi redm 10 c,0
Redmi Redmi K60,Smartfon Redmi Redmi K60 128GB Lavender,1
Smartfon Galaxy A34 256GB/8GB Silver,Smartfon Galaxy A05s 256GB/8GB Silver,0
Realme GT 5 Pro 128GB Coral,Смартфон Realme Realme GT 5 Pro 128GB Coral,1
смартфон infinix hot 30i 4 64gb black,смартфон hot 30i 4 64gb black,1
Смартфон Infinix Infinix Hot 40 1TB Natural,Infinix Smart 8 Plus 1TB (Natural),0
Oppo Reno 11 Pro 128GB - Cream,Oppo Oppo Reno 11 Pro 8GB+512GB,0
smartfon honor magic 8 pro 12 512gb oltin rang,smartfon honor 8 magic pro 12 512gb oltin rang,1
смартфон iphone xr 256gb white,смартфон samsung galaxy a24 8 128gb red,0
Vivo Y200 64GB (Coral),Смартфон Redmi Redmi Note 12 Pro+ 1TB Deep Purple,0
смартфон apple iphone 17 pro 512gb silver mg8k4zd a,смартфон apple iphone 17 pro 512gb silver mg8k4zd,1
Smartfon Xiaomi Xiaomi 12X 512GB Cream,Xiaomi 12X 512GB - Cream,1
Galaxy S22 Ultra 1TB Midnight,Samsung Galaxy A25 Midnight 1TB,0
Tecno Camon 20 Pro 1TB - Natural,Tecno Camon 20 Pro 1TB (Natural),1
iPhone 15 Plus 128GB (White),iPhone 15 Plus 512GB - Silver,0
смартфон apple iphone 14 pro max 512gb e sim серебристый,смартфон apple iphone 14 pro max 512gb e серебристый sim,1
Smartfon Xiaomi 13 128GB/4GB Titanium,Xiaomi Xiaomi 13,1
Xiaomi 13 Ultra 64GB Silver,Xiaomi 13 Ultra 64GB (Silver),1
Vivo Vivo X100 3GB/64GB Natural,Vivo Vivo X100,1
Smartfon Apple iPhone 13 mini 128GB Deep Purple,Apple iPhone 13 mini Deep Purple 128GB,1
телефон novey a30r black,black novey a30r телефон,1
Oppo Oppo Reno 11 Pro 4GB/1TB Graphite,Oppo Oppo Reno 11 Pro 4GB/1TB Graphite,1
Vivo V30 64GB - Green,Vivo Vivo V30,1
Realme Realme C55 1TB Cream,Realme 12+ 1TB (Cream),0
Смартфон Tecno Tecno Spark 20 256GB Cream,Xiaomi Xiaomi 12,0
смартфон huawei nova y70 4 64gb blue crystal,xiaomi redmi a5 midnight black 3 64gb,0
Smartfon Realme Realme C65 64GB Starlight,Realme C65 64GB - Starlight,1
Infinix Infinix Note 30 Pro Midnight 256GB,Smartfon Infinix Note 40 Pro 256GB/3GB Midnight,0
Realme Realme 11 Pro 12GB+1TB,Vivo Y100 128GB - Graphite,0
Смартфон Vivo Vivo Y200 Pro 64GB Black,Smartfon Vivo Vivo Y200 Pro 64GB Black,1
Vivo Vivo V30 Pro Coral 64GB,Vivo Vivo Y36 64GB Coral,0
redmi 15c 8 256gb moonlight blue,redmi 15c 8 256gb blue moonlight,1
Realme 12+ 256GB Midnight,Realme 12+ 256GB - Midnight,1
Tecno Camon 30 Pro 64GB (Purple),Tecno Camon 30 Pro 1TB (Lavender),0
Smartfon Poco X5 64GB/4GB Lavender,Xiaomi Xiaomi 11 Ultra Lavender 64GB,0
Смартфон Infinix Infinix Hot 30 Play 128GB Natural,Infinix Smart 8 Pro 128GB (Natural),0
Xiaomi Xiaomi 11T Pro Purple 256GB,Смартфон Xiaomi Xiaomi 11T Pro 256GB Purple,1
Smartfon Redmi 13 256GB/12GB Cream,Redmi Redmi 12 12GB/256GB Cream,0
redmi note 12 pro plus 5g 8gb 256gb midnight black,redmi note 15 6 128 purple,0
Redmi 12 256GB - Cream,Redmi Redmi 12 Gold 1TB,0
Realme Realme 12 3GB+64GB,Смартфон Redmi Redmi Note 13 Pro 256GB Silver,0
Oppo Oppo Find X7 Ultra 256GB Graphite,Redmi 12C 64GB (Gold),0
смартфон infinix smart 10 4 128gb blue,смартфон 128gb smart 10 4 infinix blue,1
iphone 14 ideal srochna sotiladi arzon narxda,iphone 14 srochna ideal sotiladi arzon narxda,1
Smartfon iPhone 12 Pro Max 128GB/16GB Silver,Smartfon iPhone 12 Pro Max 128GB/16GB Silver,1
смартфон honor x6b 4 128gb emerland green,смартфон honor 90 8 256gb cn dual nano sim emerald green,0
смартфон vivo y29 8 256 brown,смартфон apple iphone 17 pro 1tb orange sim,0
iPhone 13 Pro Max 128GB (Graphite),Apple iPhone 13 Pro Max 3GB/128GB Graphite,1
смартфон xiaomi 15 ultra 16 1tb dual esim silver chrome,смартфон xiaomi 15 1tb 16 ultra dual esim silver chrome,1
Смартфон Samsung Galaxy Z Fold 4 512GB Gold,Samsung Galaxy Z Fold 4 Gold 512GB,1
iPhone 15 Pro 256GB (Silver),iPhone 15 Pro 512GB (Lavender),0
Smartfon Oppo Find X7 Ultra 512GB/8GB Lavender,Oppo Oppo Find X7 Ultra 128GB Green,0
Realme Realme C33,Realme C33 1TB Titanium,1
смартфон apple iphone 16 plus 128gb dual esim teal,смартфон samsung galaxy s26 ultra 5g violet 256 гб,0
Xiaomi 14 Ultra 256GB Deep Purple,Xiaomi 14 Ultra 256GB - Deep Purple,1
Redmi Redmi 13C 16GB+128GB,Realme Realme GT 5 16GB+1TB,0
смартфон nokia 2660 flip,nokia 2660 flip,1
Infinix Infinix Hot 40 Pro 128GB Gold,Infinix Infinix Hot 40 Pro 3GB+128GB,1
redmi note 15 6 128 forest green,redmi note 15 128 forest green,1
Smartfon Apple iPhone 13 Pro 512GB Gold,Samsung Galaxy Z Fold 5 8GB+64GB,0
Smartfon iPhone 14 128GB/3GB Blue,Apple iPhone 14 Blue 128GB,1
смартфон honor 400 lite 5g 12gb 256gb mars green,смартфон honor 400 lite green 12gb 256gb mars 5g,1
смартфон samsung galaxy s24 fe 8 128gb dual sim graphite,smartfon note 15 6 128gb purple,0
Honor Honor X7a 64GB Purple,Honor X7a 64GB (Purple),1
смартфон samsung galaxy s26 5g white 256 гб,смартфон samsung гб s26 5g white 256 galaxy,1
смартфон realme c55 6 128 sunshower,смартфон samsung galaxy a17 6 128gb,0
Vivo Vivo V30e 16GB+64GB,Vivo Vivo V30e 16GB/512GB Cream,0
Realme Realme 12 Pro Lavender 128GB,Realme Realme 12 Pro 16GB+128GB,1
Tecno Tecno Pova 5 Pro 16GB/128GB Cream,Tecno Tecno Pova 5 Pro 512GB Black,0
Galaxy Z Fold 5 256GB (Deep Purple),Samsung Galaxy S22 Ultra,0
oppo find x8s 12 256,смартфон samsung galaxy z fold6 12 512 гб dual nano sim esim silver shadow,0
Oppo Oppo A17,Oppo Oppo A17 Gold 64GB,1
Смартфон Tecno Tecno Pova 6 Pro 512GB Green,Tecno Tecno Pova 6 Pro 1TB Natural,0
xiaomi 14t lemon green 12 512gb,oppo a5 8 256gb mist white,0
Vivo Y36 256GB (Coral),Apple iPhone 12 Pro Starlight 1TB,0
Redmi Note 13 Pro+ 256GB (Graphite),Redmi Redmi Note 13 Pro+ 12GB+256GB,1
смартфон google pixel 6 pro 12 256gb white,google pixel 6 pro 12 256gb white,1
Смартфон Honor Honor Magic5 Pro 1TB Graphite,Honor Honor Magic5 Pro Lavender 512GB,0
Galaxy A15 512GB Black,Samsung Galaxy A15 6GB+512GB,1
iphone 16 pro max 256gb desert titanium smartfoni 2 sim,смартфон samsung galaxy a22 4 64gb white,0
Smartfon Apple iPhone 13 Pro 1TB Graphite,Redmi Redmi A2+ 3GB+256GB,0
Infinix Infinix Smart 8 Plus,Infinix Smart 8 Plus 1TB (Midnight),0
Vivo Vivo X100 Pro 12GB+64GB,Смартфон Vivo Vivo X100 Pro 256GB Cream,0
redmi note 12 s sotiladi,redmi 15c 8 256 midnight black,0
смартфон xiaomi redmi note 15 8 128gb glacier blue,смартфон xiaomi redmi note 15 8 128gb glacier,1
смартфон iphone 13 pro 512gb graphite,apple iphone 16 pro,0
Tecno Spark 10 128GB - Lavender,Tecno Spark 10 128GB - Lavender,1
xiaomi 17t pro black 12 1tb,смартфон iphone 13 mini 256gb midnight,0
Smartfon Honor 100 64GB/3GB Green,Honor 100 64GB (Green),1
honor win 5g 12 512gb black 365gb internet 3 oy bepul tv com sovg a,смартфон honor x9d 12 512gb gold,0
smartfon honor magic 8 pro 12 512gb oltin rang,honor x6c green 6 256gb,0
смартфон infinix smart 10 4 256gb blue,смартфон infinix 10 4 256gb blue,1
Tecno Tecno Pova 5 Pro,Poco M5 128GB (White),0
Smartfon Vivo Y22s 128GB/3GB Lavender,Vivo Vivo V29 128GB Lavender,0
samsung galaxy a37 green 8 128 гб,samsung galaxy a37 green 128 гб,1
Infinix Infinix Smart 8 Pro 8GB+256GB,Infinix Infinix Smart 8 Pro Coral 256GB,1
смартфон tecno camon 20 pro 8 256 predawn black,смартфон tecno camon 256 pro 8 20 predawn black,1
Galaxy S24 Ultra 512GB Titanium,Samsung Galaxy S24 Ultra 512GB Titanium,1
Tecno Tecno Camon 30 Pro 512GB Silver,Tecno Camon 30 Pro 512GB (Silver),1
Смартфон Redmi Redmi Note 12 256GB Cream,Redmi Note 12 128GB (Titanium),0
Oppo Oppo Reno 12 128GB Coral,Oppo Oppo Reno 12 4GB/128GB Coral,1
Oppo Oppo A58 6GB+1TB,Smartfon Oppo Oppo A58 1TB Gold,1
смартфон iphone 13 pro 128gb gold,смартфон samsung galaxy z flip 7 12 512gb jet black,0
Honor Honor X8b 64GB Natural,Смартфон Honor Honor X8b 64GB Natural,1
iphone 17 pro max cosmic orange 2tb,pro 17 iphone max cosmic orange 2tb,1
iPhone 13 1TB - Green,Apple iPhone 13,1
Xiaomi 14T 64GB - Lavender,Xiaomi 14T 64GB (Lavender),1
Realme Realme C67,Realme 12 1TB Starlight,0
Oppo Oppo Find X7 8GB/256GB Deep Purple,Смартфон Oppo Oppo Find X7 256GB Deep Purple,1
Honor Honor 100 4GB/64GB White,Смартфон Honor Honor 100 512GB Cream,0
redmi note 15 pro 4g,смартфон oppo reno 15 pro 12 512gb dusk brown,0
redmi not 11 6 128,redmi note 17 sky teal 6 256gb рюкзак в подарок,0
Smartfon Tecno Pova 5 Pro 256GB/12GB Graphite,Tecno Pova 5 Pro 256GB - Graphite,1
Infinix Zero 30 5G 1TB - Gold,Infinix Infinix Zero 20 Gold 1TB,0
смартфон huawei nova 10 se,huawei смартфон nova 10 se,1
Smartfon Infinix Infinix Note 40 64GB Green,Redmi Redmi Note 13 12GB/512GB Blue,0
Infinix Infinix Smart 8 3GB+64GB,Smartfon Infinix Infinix Smart 8 64GB Titanium,1
Galaxy A35 5G 128GB - Starlight,Samsung Galaxy A35 5G 128GB Starlight,1
Smartfon Xiaomi Poco X5 128GB Lavender,Xiaomi Poco X5,1
Redmi Redmi Note 12 8GB/1TB Silver,Tecno Tecno Spark 10 8GB+64GB,0
Realme Realme 12 4GB+512GB,Realme 12 512GB (Blue),1
Smartfon Redmi 12 256GB/12GB Midnight,Redmi Redmi 13C,0
Infinix Infinix Hot 40 Pro,Infinix Hot 40 Pro 64GB Cream,1
Vivo V29 256GB (Blue),Vivo Vivo V29 Blue 256GB,1
Honor Honor X9b 1TB Cream,Honor Honor X9b 3GB/1TB Cream,1
iPhone 14 Pro Max 128GB Natural,Apple iPhone 14 Pro Max 8GB/128GB Natural,1
смартфон infinix hot 30i 8 128gb black,смартфон infinix 8 30i hot 128gb black,1
Infinix Infinix Note 40 Pro 64GB Coral,Infinix Note 40 Pro 64GB Coral,1
Smartfon Realme Realme C33 128GB Lavender,Realme Realme GT 5,0
Xiaomi Poco F5 Pro 4GB+64GB,Poco F5 Pro 64GB - Natural,1
apple iphone 16 pro 128gb 1 sim 1 esim desert titanium smartfoni,apple iphone 16 pro 128gb desert sim 1 esim 1 titanium smartfoni,1
смартфон samsung galaxy s24 12 512gb nano sim esim violet,realme gt 7 12 512gb blue,0
Tecno Pop 8 512GB Purple,Realme 12 Pro 64GB (Lavender),0
Смартфон Redmi Redmi Note 13 Pro 64GB Coral,Redmi Redmi Note 13 Pro 4GB/64GB Coral,1
Vivo V29 512GB Coral,Смартфон Vivo Vivo V29 512GB Coral,1
Smartfon Redmi Redmi Note 11 256GB Silver,Smartfon Redmi Redmi Note 11 256GB Silver,1
Смартфон Vivo Vivo Y35 64GB Purple,Smartfon Vivo Y35 64GB/3GB Purple,1
Realme 11 128GB Natural,Realme Realme 11 128GB Natural,1
Redmi Note 11 Pro 1TB (Green),Redmi Redmi Note 12 1TB Green,0
Смартфон Vivo Vivo X100 128GB Deep Purple,Смартфон Vivo Vivo X100 128GB Deep Purple,1
redmi note 15 pro 5g night black 12 512gb,redmi note13 8 512,0
Realme C33 512GB - Starlight,Infinix Note 40 1TB (Coral),0
Смартфон Samsung Galaxy A54 5G 256GB Blue,Смартфон Samsung Galaxy A54 5G 256GB Blue,1
смартфон apple iphone air 1tb space black,карта памяти kingston sdcs 16gb,0
Oppo Oppo A58 Black 1TB,Oppo Oppo A58 12GB/512GB Coral,0
Redmi 12 64GB Titanium,Honor 100 Pro 256GB Cream,0
redmi note 15 pro 8 256 titanium,redmi a5 3 64 ocean blue,0
Samsung Galaxy S21 FE,Honor X9b 64GB - Starlight,0
Smartfon Oppo Oppo Reno 12 Pro 512GB Titanium,Smartfon Oppo Reno 12 Pro 512GB/8GB Titanium,1
Xiaomi Xiaomi 14 128GB Midnight,Smartfon Xiaomi Xiaomi 14 128GB Midnight,1
a3 6 128 starlight white,смартфон apple iphone 13 128gb т мная ночь,0
Realme Realme C67 12GB+1TB,Realme C67 128GB - Cream,0
Realme Realme Note 50 1TB Gold,Redmi Redmi K60 12GB/512GB Titanium,0
смартфон iphone 11 pro 512gb gray,honor x7d 8 256gb velvet black smartfoni oq sim karta sovg a 3 oyga 100gb,0
honor x8c 6 128 midnight black,honor 128 6 x8c midnight black,1
Smartfon Infinix Infinix Hot 40 256GB Titanium,Realme C55 512GB (Silver),0
Realme Realme 12 Pro+ 4GB+1TB,Infinix Smart 8 Plus 64GB (White),0
смартфон apple iphone 16 plus 128gb sim esim ultramarine,esim apple iphone 16 plus 128gb sim смартфон ultramarine,1
смартфоны xiaomi redmi note 11 pro 4g 6 128g polar white,смартфоны xiaomi redmi note 11 pro 4g 128g polar white,1
Honor X9a 1TB (Purple),Honor X9a 1TB (Purple),1
Honor Honor Magic5 Pro,Honor Honor Magic5 Pro Black 1TB,1
Apple iPhone 11 Pro Max 512GB Graphite,Smartfon Apple iPhone SE 3 512GB Graphite,0
redmi note 15 sandy purple 8 256gb,redmi 13 8 128 ocean blue,0
Vivo Vivo Y100 Green 512GB,Vivo Y100 512GB (Green),1
Oppo Oppo Find X6 Pro Graphite 256GB,Oppo Oppo Find X6 Pro 3GB+256GB,1
Xiaomi 14 Ultra 64GB Graphite,Smartfon Xiaomi Xiaomi 14 Ultra 64GB Graphite,1
Infinix Zero 30 512GB (Starlight),Infinix Infinix Zero 30,1
Apple iPhone 14 Pro Max 6GB+512GB,Смартфон Apple iPhone 14 Pro Max 1TB Gold,0
смартфон apple iphone 13 128 гб nanosim esim midnight,смартфон apple iphone 13 128 esim nanosim гб midnight,1
Tecno Tecno Phantom X2 Pro 8GB/1TB Black,Tecno Tecno Phantom X2 Pro 8GB+512GB,0
смартфон google pixel 6 pro 12 256gb stormy black,смартфон google pixel black pro 12 256gb stormy 6,1
Honor X8b 128GB - Purple,Redmi Redmi Note 11S 8GB/1TB White,0
смартфон xiaomi redmi 14c 5g 4 128gb starry blue,держатель для телефона baseus bullet an on board magnetic bracket black,0
Vivo V30e 64GB Midnight,Vivo Vivo V27 Pro 64GB Midnight,0
Apple iPhone 14 Pro Max 128GB Gold,Смартфон Apple iPhone 14 Pro Max 256GB Coral,0
Realme GT 5 512GB - Gold,Realme Realme GT 5 12GB+512GB,1
nova y63 4 128 black,honor 600 golden white 8 512gb,0
смартфон xiaomi 15 12 256gb dual nano sim silver,смартфон apple iphone 15 pro 1tb black titanium,0
redmi note 14 6 128 ocean blue,smartfon redmi a5 3 64gb midnight black,0
Tecno Tecno Pop 8 6GB+1TB,Smartfon Tecno Pop 8 1TB/6GB Lavender,1
Xiaomi 13 512GB Midnight,Xiaomi Xiaomi 13 Midnight 512GB,1
Vivo Vivo V29,Vivo Vivo V29 4GB+512GB,1
Смартфон Realme Realme 12 Pro+ 256GB Starlight,Realme 12 Pro+ 256GB (Starlight),1
Смартфон Vivo Vivo V30 Pro 256GB Green,Vivo Vivo V30 Pro Lavender 128GB,0
Honor Honor 90 Pro,Smartfon Honor 90 Pro 1TB/8GB Gold,1
Apple iPhone 13 Titanium 64GB,Apple iPhone 13,0
Smartfon Apple iPhone 13 Pro Max 128GB Purple,Apple iPhone 13 Pro Max 512GB Starlight,0
Smartfon Tecno Tecno Pova 5 Pro 512GB Cream,Tecno Tecno Phantom V Fold,0
Honor X7b 64GB Green,Honor Honor X7b 64GB Green,0
Oppo Find X7 Ultra 128GB Coral,Смартфон Oppo Oppo Find X7 Ultra 128GB Coral,1
Honor Magic5 Pro 512GB - Cream,Oppo Oppo A17,0
Realme GT 5 Pro 1TB - Green,Realme Realme GT 5 Pro Green 1TB,1
Xiaomi 14 Pro 64GB - Silver,Smartfon Xiaomi Xiaomi 14 Pro 64GB Silver,1
redmi a7 pro 4 128 black,redmi note 17 meteor purple 8 256gb рюкзак в подарок,0
Smartfon Xiaomi Xiaomi 13 Ultra 128GB Black,Xiaomi Poco M5s,0
redmi note 15 pro 5g 8 256 titanium,redmi note 15 pro 5g mocha brown 12 512gb,0
Смартфон Vivo Vivo Y200 Pro 128GB Titanium,Vivo Vivo Y200 Titanium 128GB,0
смартфон samsung galaxy a72 8 256gb black,black samsung galaxy a72 8 256gb смартфон,1
Vivo V27 512GB - Blue,Oppo Reno 12 Pro 64GB - Cream,0
Смартфон Tecno Tecno Spark 10 512GB Deep Purple,Tecno Tecno Spark 10 512GB Deep Purple,1
Xiaomi Poco M5 Green 512GB,Xiaomi Poco M5 Graphite 64GB,0
Apple iPhone 13 Pro 12GB/128GB Natural,Smartfon Apple iPhone 13 Pro 64GB Blue,0
Infinix Infinix Hot 40 Pro,Infinix Hot 40 Pro 128GB Black,1
Apple iPhone 15 Graphite 512GB,Apple iPhone 15 512GB Graphite,1
смартфон infinix smart 8 3 64gb shiny gold,смартфон 8 smart infinix 3 64gb shiny gold,1
Smartfon Redmi Note 13 4G 128GB/4GB Gold,Redmi Redmi Note 13 4G 4GB/128GB Gold,1
Смартфон Redmi Redmi Note 12 Pro 512GB Cream,Apple iPhone 15 Plus 8GB+128GB,0
Смартфон Oppo Oppo Find X6 Pro 512GB Purple,Smartfon Oppo Find X6 Pro 256GB/12GB Starlight,0
Tecno Tecno Pop 8 256GB Purple,Tecno Tecno Pop 8 Purple 256GB,0
Смартфон Infinix Infinix Note 40 Pro 512GB Graphite,Apple iPhone 12 Pro 8GB/1TB Coral,0
Honor Honor 100 8GB/1TB Silver,Honor 100 1TB (Silver),1
Xiaomi Poco X5 16GB/64GB Green,Xiaomi Poco X5,1
iPhone 14 Pro 256GB - Starlight,iPhone 14 Pro 256GB - Starlight,1
смартфон tecno spark 20 pro 8 256 moonlit black,tecno смартфон spark 20 pro 8 256 moonlit black,1
Infinix Infinix Smart 8 Pro 6GB+512GB,Infinix Infinix Smart 8 Pro Natural 64GB,0
Смартфон Oppo Oppo A58 256GB Silver,Smartfon Oppo Oppo A78 256GB Silver,0
смартфон honor x8d 8 256gb midnight black,смартфон black x8d 8 256gb midnight honor,1
Honor X7b 64GB Graphite,Honor Honor X7b Graphite 64GB,1
Tecno Tecno Spark 10 6GB/1TB Blue,Smartfon Tecno Pova 6 1TB/6GB Blue,0
Redmi K60 256GB - Coral,Смартфон Redmi Redmi K60 256GB Coral,1
Xiaomi Poco M6 Pro 128GB Midnight,Poco M6 Pro 128GB Midnight,1
Smartfon Infinix Hot 40 1TB/16GB Deep Purple,Smartfon Infinix Infinix Hot 40 64GB White,0
смартфон xiaomi mi9 6 128gb black,xiaomi mi9 6 128gb black,1
Smartfon Galaxy S23+ 64GB/6GB White,Galaxy S23+ 64GB (White),1
беспроводное зарядное устройство ugreen 2 in 1 magnetic wireless charger qi2,беспроводное зарядное устройство ugreen 2 in 1 magnetic wireless charger,1
Tecno Tecno Phantom X2 Pro 4GB/1TB White,Tecno Tecno Phantom X2 Pro,1
Honor Honor Magic5 Lite 16GB/1TB White,Honor Honor Magic5 Lite 16GB/1TB White,1
Samsung Galaxy S21 FE 64GB Graphite,Oppo Find X7 1TB - Black,0
Smartfon Infinix Infinix Note 30 Pro 512GB Cream,Smartfon Infinix Hot 40 Pro 512GB/6GB Cream,0
смартфон xiaomi 14t pro 12 1tb titan blue,смартфон xiaomi poco m8 5g 8 256gb silver,0
смартфон honor 90 lite 8 256gb dual nano sim серебристый,смартфон iphone 11 64gb dual green,0
Redmi Redmi Note 11 128GB Midnight,Смартфон Redmi Redmi Note 12 Pro+ 128GB Midnight,0
iphone 16 pro max 256gb sim,iphone 16 max 256gb sim,1
xiaomi redmi 15c orange 4 128gb,samsung galaxy s25,0
redmi note 14 8 256gb mist purple,redmi 14 note pro fuli,0
Tecno Tecno Spark 20 Pro+ Graphite 128GB,Smartfon Vivo Vivo V27 64GB Silver,0
смартфон samsung galaxy a35 5g 8 128gb dark blue,смартфон samsung galaxy a35 5g 8 128gb blue,1
Smartfon Realme Realme GT 5 256GB Coral,Realme GT 5 256GB (Coral),1
смартфон xiaomi redmi note 15 pro 8 256 гб midnight black,midnight xiaomi redmi note 15 pro 8 256 гб смартфон black,1
Vivo Vivo Y100 12GB+64GB,Vivo Vivo Y100 12GB/64GB Titanium,1
Honor Magic5 Lite 256GB Titanium,Смартфон Honor Honor Magic5 Lite 128GB Green,0
Tecno Tecno Camon 30 Pro 12GB/256GB Silver,Tecno Spark 10 256GB Silver,0
Realme Realme C65 128GB Blue,Smartfon Realme C65 256GB/16GB White,0
Realme GT 5 Pro 1TB (Cream),Realme Realme GT 5 Pro 256GB Graphite,0
Realme Realme 12,Realme Realme 12 16GB/256GB Gold,1
Galaxy S22 Ultra 64GB - Coral,Smartfon Samsung Galaxy S22 Ultra 64GB Coral,1
Xiaomi Xiaomi 11T Starlight 256GB,Oppo Oppo A58 512GB Purple,0
счетчик электроэнергии со встроенным gsm модемом,смартфон xiaomi 17 ultra white 1tb,0
смартфон xiaomi redmi note 13 pro 8 256gb зеленый,продам iphone 13 pro 128gb,0
Realme Realme C53 12GB/256GB Starlight,Realme C53 256GB Starlight,1
redmi note 15 sandy purple 6 128gb,redmi note 14 ocean blue 8 128gb,0
Redmi Redmi 12C 128GB Lavender,Redmi Redmi A2+,0
Redmi Redmi 12 16GB+1TB,Redmi Redmi 12 16GB+1TB,1
oppo a6 pro 8 256gb lunar titanium,oppo a6 pro 256gb lunar titanium,1
смартфон realme c75 8 256gb storm black,samsung a21 s sotiladi,0
powerbank xiaomi mi 10000mah 22 5w black pb100dzm,xiaomi 14t titan blue 12 512gb,0
vivo v20 se 8 128gb obmen faqat,samsung galaxy a55,0
Smartfon Tecno Phantom V Fold 1TB/8GB Cream,Tecno Phantom V Fold 1TB - Cream,1
Smartfon Poco X6 64GB/6GB White,Smartfon Poco X6 64GB/6GB White,1
Samsung Galaxy M34 5G 8GB+256GB,Samsung Galaxy M34 5G,1
smartfon redmi a5 3 64gb midnight black,redmi note 17 black 4 128gb рюкзак в подарок,0
Vivo Vivo V29 Pro Gold 64GB,Smartfon Redmi Note 13 Pro+ 512GB/3GB Cream,0
Смартфон Realme Realme 12 Pro+ 256GB Graphite,Xiaomi Poco X5 Pro,0
Smartfon Redmi Redmi Note 12 Pro 256GB Natural,Redmi Redmi Note 12 Pro 12GB/512GB Midnight,0
samsung galaxy a26 5g 6 128gb black,samsung galaxy a26 6 128gb black,1
Realme 11 1TB (Titanium),Realme Realme 11 12GB/1TB Titanium,1
Tecno Phantom V Fold 256GB (Titanium),Tecno Tecno Pova 6 Titanium 256GB,0
poco c85 green 6 128gb,телефон nokia 225 4g dual sim полярная ночь,0
Realme Realme Note 50,Realme Realme Note 50,1
Смартфон Tecno Tecno Pova 5 64GB White,Tecno Tecno Pova 5 White 64GB,1
Smartfon Xiaomi Xiaomi 12T Pro 256GB Titanium,Smartfon Xiaomi Xiaomi 14T 256GB Titanium,0
Tecno Tecno Camon 30 3GB+128GB,Tecno Camon 30 Pro 128GB (Cream),0
Galaxy S24 64GB (Starlight),Honor Honor Magic5 Lite Deep Purple 128GB,0
Honor Honor 100 128GB Blue,Smartfon Honor Honor 100 128GB Blue,1
Tecno Tecno Camon 30 4GB+128GB,Tecno Tecno Pova 5,0
Vivo Vivo V30e,Смартфон Vivo Vivo V30e 256GB Titanium,1
Xiaomi 14T 1TB - Midnight,Xiaomi 14T 1TB - Midnight,1
Redmi Redmi 13C Silver 512GB,Смартфон Redmi Redmi 13C 512GB Silver,1
redmi 13 8 128 midnight black,redmi note 14 pro 5g midnight black 8 256gb,0
Smartfon Redmi 13 256GB/6GB Silver,Redmi Redmi 13 6GB/256GB Silver,1
смартфон realme c53 6 128 rmx3760 gold,samsung galaxy s25 ultra 12 256gb titanium black smartfoni rasmiy mahsulot,0
Смартфон Xiaomi Xiaomi 14 Ultra 128GB Starlight,Smartfon Xiaomi 14 Ultra 1TB/12GB Deep Purple,0
xiaomi 17t pro black 12 512gb,xiaomi 17t 512gb black 12 pro,1
Smartfon Xiaomi 12T Pro 64GB/8GB Black,Xiaomi 12T Pro 64GB Black,1
Infinix Infinix Note 40 4GB/128GB Titanium,Smartfon Infinix Zero 20 128GB/4GB Titanium,0
Смартфон Oppo Oppo Reno 10 Pro 64GB Black,Oppo Reno 10 Pro 64GB (Black),1
iPhone 12 64GB - Titanium,Apple iPhone 12 12GB/64GB Titanium,1
Oppo Find X6 Pro 512GB Deep Purple,Realme 12 Pro+ 1TB (Green),0
Tecno Tecno Spark 20,Tecno Tecno Spark 20 Graphite 64GB,0
Vivo Y36 1TB - Green,Vivo X90 Pro 1TB (Green),0
Tecno Tecno Pova 5 Pro 8GB+512GB,Smartfon Tecno Tecno Pova 5 Pro 64GB Natural,0
Infinix Infinix Hot 30 Play 64GB Cream,Realme Realme 9 Pro+ 6GB+1TB,0
смартфон samsung galaxy a03 3 32gb red,samsung galaxy a03 3 32gb red,1
Infinix Infinix Hot 30 Play,Infinix Infinix Hot 30 Play 16GB+64GB,0
смартфон tecno spark 40 pro plus aurora,смартфон realme c61 8 256 gold,0
смартфон samsung galaxy a15 4 128gb light blue,смартфон samsung galaxy s26 ultra 16 1tb dual sim black,0
Tecno Camon 20 Pro 256GB Graphite,Tecno Tecno Pova 5 Pro 256GB Graphite,0
Tecno Tecno Pova 5 Pro 3GB/256GB Blue,Tecno Pova 5 Pro 256GB - Blue,1
телефон novey t100 tank black silver,телефон novey t100 tank silver,1
смартфон infinix smart 8 plus 4 128gb galaxy white,смартфон infinix smart 8 plus 4 128gb white,1
Smartfon Vivo Vivo V30e 1TB Silver,Vivo Vivo Y36 6GB+1TB,0
смартфон apple iphone 16 pro max 256gb white titanium,смартфон apple iphone pro max 256gb white titanium,1
samsung galaxy a36 5g 8 128gb black,samsung galaxy 8 5g a36 128gb black,1
Samsung Galaxy A15,Samsung Galaxy A15,0
Realme Realme 9 Pro+,Realme 9 Pro+ 1TB Silver,1
смартфон honor x5c plus 4 128 midnight black,smartfon honor x6c 6 256gb ocean blue,0
Realme 11 Pro 512GB Silver,Realme Realme 11 Pro 512GB Silver,1
Infinix Infinix Smart 8 8GB+64GB,Infinix Smart 8 256GB Gold,0
Vivo Vivo Y100 128GB Coral,Vivo Vivo Y100 128GB Coral,1
Smartfon Infinix Note 30 Pro 128GB/4GB Starlight,Infinix Infinix Note 30 Pro 4GB+128GB,1
Infinix Infinix Zero 30 8GB+1TB,Samsung Galaxy S23+ 128GB Silver,0
Смартфон Oppo Oppo A58 64GB Lavender,Смартфон Honor Honor 200 Pro 128GB Deep Purple,0
смартфон apple iphone 17 256gb white hn a 1 sim,смартфон apple 17 256gb white hn a 1 sim,1
Смартфон Realme Realme 11 256GB Starlight,Realme Realme 11 6GB/256GB Starlight,1
Realme Realme 11 Pro+ 12GB+1TB,Realme Realme GT 5 12GB+1TB,0
Realme 12 128GB Silver,Realme 12 Pro+ 128GB - Silver,0
iPhone 14 512GB - Coral,iPhone 14 1TB - Cream,0
Xiaomi Xiaomi 11T Pro 16GB+128GB,Xiaomi Xiaomi 11T Pro 16GB+128GB,1
Realme 9 Pro+ 64GB Titanium,Realme Realme 9 Pro+ 6GB/128GB Black,0
Galaxy A25 1TB - Silver,Galaxy A25 1TB - Silver,1
Smartfon Redmi Redmi Note 12 Pro 64GB Green,Redmi Redmi Note 12 Pro 16GB+64GB,1
redmi 17 4g lotus purple 4 256gb,redmi note 8 pro,0
Oppo Reno 10 Pro+ 128GB - Coral,Oppo Oppo Reno 10 Pro+ Coral 128GB,1
Смартфон Apple iPhone 12 128GB Lavender,Apple iPhone 12 16GB+128GB,1
Vivo Vivo Y36 256GB Cream,Vivo Y36 256GB - Cream,1
Realme Realme GT 5 Pro Deep Purple 256GB,Smartfon Realme GT 5 Pro 256GB/4GB Deep Purple,1
смартфон tecno spark go 2022 2 32 atlantic blue,смартфон tecno go 2022 2 32 atlantic blue,1
смартфон apple iphone 14 plus 512gb e sim синий,смартфон apple iphone 14 plus 512gb sim синий,1
Смартфон Redmi Redmi Note 12 Pro 512GB Green,Smartfon Redmi K60 512GB/12GB Green,0
samsung a36 доставка проверка при получении,samsung a36 проверка при получении,1
Realme Realme C53,Realme GT 5 128GB (Deep Purple),0
Смартфон Apple iPhone 14 Plus 128GB Blue,Apple iPhone 14 Plus 4GB/128GB Blue,1
Oppo A58 128GB - Cream,Redmi Redmi A3 4GB+512GB,0
беспроводные наушники edifier x3 white,смартфон xiaomi poco x8 pro max 12 256gb blue,0
Redmi Note 13 64GB Purple,Smartfon Redmi Note 13 64GB/16GB Purple,1
Smartfon Oppo Reno 11 Pro 64GB/12GB Starlight,Oppo Oppo Reno 11 Pro 1TB Black,0
Oppo Oppo A17 Graphite 256GB,Oppo Oppo Reno 11 Pro Graphite 256GB,0
Xiaomi Xiaomi 13 Pro,Smartfon Xiaomi Xiaomi 13 Pro 512GB Cream,0
смартфон realme 11 pro 5g 12 512 rmx3741 black,смартфон realme 11 rmx3741 5g 12 512 pro black,1
Redmi Redmi 13 128GB Lavender,Redmi Redmi 13 Midnight 64GB,0
Smartfon Galaxy A05s 128GB/4GB Purple,Samsung Galaxy A05s 4GB/128GB Purple,1
reno 14f 8 256 luminous green,reno 14f 8 luminous green,1
Смартфон Infinix Infinix Hot 30 Play 256GB Coral,Infinix Hot 30 Play 512GB (Cream),0
smartfon honor x7d 8 256gb silver,смартфон honor x6b 12 256gb forest green,0
Smartfon Oppo A17 64GB/12GB Gold,Oppo Oppo A17 12GB/64GB Gold,1
смартфон samsung galaxy s23 plus 8 256gb cream,смартфон samsung galaxy s23 plus 8 256gb,1
Tecno Tecno Phantom V Fold 6GB+1TB,Tecno Phantom V Fold 1TB (Graphite),1
Smartfon Oppo Reno 11 Pro 64GB/4GB Titanium,Oppo Oppo A78 Titanium 64GB,0
Smartfon iPhone 11 Pro Max 256GB/3GB Black,Smartfon Apple iPhone 11 Pro Max 256GB Black,1
iphone 5 s white 16gb holat yaxwi,iphone 5 white s 16gb holat yaxwi,1
Smartfon Realme C53 128GB/8GB Natural,Realme C53 256GB (Coral),0
смартфон honor x5b 4 64gb midnight black,honor 400 8 256gb midnight black наушн,0
Smartfon Oppo Oppo Reno 12 Pro 1TB Gold,Oppo Reno 10 Pro+ 1TB Gold,0
Honor Honor X9b Gold 512GB,Honor Honor X9b Natural 256GB,0
Smartfon Poco M5 256GB/6GB Deep Purple,Xiaomi Poco M5,1
смартфон samsung galaxy s24 ultra 12 256gb dual esim purple titan,смартфон samsung galaxy s24 12 256gb dual esim purple titan,1
Redmi Note 13 Pro 128GB Gold,Vivo Vivo Y35 12GB+512GB,0
Realme Realme GT Neo 5 SE 3GB+64GB,Smartfon Realme GT Neo 5 SE 1TB/3GB Coral,0
Smartfon Honor 90 Pro 128GB/6GB Midnight,Honor Honor 90 Pro 128GB Midnight,1
Смартфон Redmi Redmi Note 12 128GB Natural,Redmi Note 12 64GB Starlight,0
Galaxy S23 256GB - Green,Galaxy S23 256GB (Green),1
Apple iPhone 13 256GB Blue,Realme 9 Pro+ 1TB Titanium,0
Tecno Camon 20 Pro 512GB Natural,Smartfon Tecno Pova 6 512GB/12GB Natural,0
смартфон apple iphone 17 256gb черный 1 sim,смартфон apple iphone 17 черный 1 sim,1
redmi 15c 8 256 midnight black,redmi 15c 8 black midnight 256,1
redmi note 15 pro night black 12 256gb,redmi note 15 pro night black 12,1
Redmi K60 1TB Black,Infinix Smart 8 Pro 128GB Lavender,0
redmi 15 yangi 2026 y 05 04,redmi note 15 pro 5g 8 256 black,0
Tecno Spark 20 Pro 64GB - Graphite,Smartfon Tecno Spark 20 Pro 512GB/3GB Purple,0
Xiaomi Xiaomi 13,Xiaomi 14 Ultra 256GB - Midnight,0
Смартфон Samsung Galaxy A34 1TB Black,Honor Honor X9a 512GB Lavender,0
Xiaomi 11T 512GB - Starlight,Xiaomi Xiaomi 11T 12GB/512GB Starlight,1
Smartfon iPhone 14 Plus 128GB/4GB Starlight,iPhone 14 Plus 128GB - Starlight,1
Smartfon Xiaomi Xiaomi 14T 512GB Cream,Smartfon Xiaomi 14T 1TB/8GB Blue,0
Infinix Infinix Smart 8 6GB+64GB,Smartfon Infinix Infinix Smart 8 64GB Lavender,1
Honor X7b 256GB - Coral,Honor X7b 256GB Coral,1
Xiaomi Xiaomi 13 Pro 3GB/256GB Natural,Xiaomi Xiaomi 13 Pro 256GB Natural,1
смартфон huawei nova 10 se 8 128gb shining black,samsung galaxy a26 6 128gb peach pink,0
прода тся телефон redmi note 13 pro,redmi note 12 pro plus 5g 8gb 256gb midnight black,0
смартфон samsung galaxy s24 fe 8 128gb dual esim graphite,смартфон samsung 8 s24 fe galaxy 128gb dual esim graphite,1
samsung galaxy a56 8 128gb graphite 100gb of internet 3 months of free tv com as a gift,samsung galaxy a56 8 128gb graphite 100gb of internet tv months of free 3 com as a gift,1
honor 600 8 256 golden white,honor x9d 5g 12 256gb sunrise gold 365gb internet 3 oy bepul tv com sovg a,0
honor 400 lite 5g 8 256gb velvet grey smartfoni oq sim kartasi sovg aga 100gb 3 oyga,xiaomi redmi a5 3 64gb midnight black smartfoni,0
Xiaomi Poco F5 3GB/64GB Coral,Smartfon Xiaomi Poco F5 64GB Coral,1
Tecno Pop 8 1TB - Blue,Tecno Tecno Spark 20 Pro+ Blue 1TB,0
Galaxy A05 512GB - Green,Galaxy A05 256GB Lavender,0
смартфон iphone 12 64gb black,смартфон iphone 64gb 12 black,1
Infinix Infinix Note 30 512GB Starlight,Infinix Note 30 512GB - Starlight,1
Smartfon Vivo Y200 128GB/4GB Titanium,Смартфон Samsung Galaxy S22 64GB Midnight,0
Galaxy S24+ 128GB - Black,Smartfon Tecno Camon 30 Pro 512GB/4GB Titanium,0
смартфон iphone 12 pro 128gb silver,смартфон iphone silver pro 128gb 12,1
Samsung Galaxy A35 5G Cream 128GB,Samsung Galaxy A35 5G 128GB Cream,1
Smartfon Samsung Galaxy Z Fold 4 64GB Midnight,Smartfon Galaxy Z Fold 4 256GB/3GB Lavender,0
Realme 12 512GB (Deep Purple),Realme Realme 12 16GB/512GB Deep Purple,1
Infinix Infinix Smart 8 6GB/64GB Starlight,Infinix Infinix Smart 8 Silver 512GB,0
Oppo Oppo Reno 12 Pro Black 512GB,Oppo Oppo Reno 12 Pro Black 512GB,1
беспроводные наушники asus rog cetra true wireless white,беспроводные наушники rog cetra true wireless white,1
смартфон vivo v29 5g 12 512gb dual nano sim волшебный синий,смартфон vivo v29 5g 512gb dual nano sim волшебный синий,1
Honor Honor Magic6 Pro 4GB+64GB,Honor Magic6 Pro 64GB Green,1
redmi 15c 6 128gb midnight black,redmi 13 6 128 midnight black,0
Poco M5s 1TB (Deep Purple),Xiaomi Poco M5s 256GB White,0
Infinix Infinix Smart 8 Plus,Infinix Hot 40 512GB Silver,0
Apple iPhone 15 128GB Midnight,iPhone 12 128GB Midnight,0
Смартфон Apple iPhone 13 Pro Max 256GB Green,Apple iPhone 12 3GB+256GB,0
Honor Honor 200 Pro 8GB+64GB,Honor Honor 90 Lite Graphite 64GB,0
smartfon samsung galaxy a37 5g 8 128gb light violet,профессиональный массаж,0
Smartfon Redmi Redmi 13 256GB White,Oppo Oppo A79 5G 4GB/64GB Green,0
honor x9d 8 256 reddish,смартфон honor x7a 4 128gb midnight black,0
Apple iPhone 14 Pro 128GB Deep Purple,iPhone 14 Pro 128GB - Deep Purple,1
Tecno Tecno Phantom V Fold 64GB Black,Tecno Tecno Phantom V Fold 256GB Gold,0
honor x7d 8 256gb silver,honor x7d 8 silver 256gb,1
Smartfon Honor Honor X9b 64GB Deep Purple,Honor Honor X9b 64GB Deep Purple,1
Realme Realme 12+ 3GB+64GB,Realme Realme 12+ 3GB+128GB,0
Oppo Reno 11 512GB Starlight,Smartfon Oppo Oppo Reno 11 512GB Starlight,1
Smartfon Xiaomi 12 128GB/8GB Green,Smartfon Xiaomi Xiaomi 12 128GB Green,1
смартфон apple iphone 13 mini 128gb зеленый,смартфон apple iphone 13 128gb зеленый,1
Redmi A3 128GB (Lavender),Redmi Redmi A3 Gold 256GB,0
Galaxy S23 Ultra 128GB (Purple),Смартфон Redmi Redmi 13C 512GB White,0
Realme Realme 11,Realme Realme 11 Deep Purple 512GB,0
смартфон realme c75,смартфон iphone 13 pro max 1tb sierra blue dual,0
Smartfon Oppo Oppo Reno 12 512GB Titanium,Oppo Oppo Reno 12,1
Realme Realme Note 50 3GB/512GB Cream,Realme Realme Note 50 3GB+512GB,1
Honor Honor 100 256GB Natural,Honor Honor 100 Natural 256GB,1
смартфон infinix hot 40i 16 256gb palm blue,infinix hot 40i 16 256gb palm blue,1
Redmi K60 512GB - Titanium,Redmi K60 512GB - Titanium,1
Infinix Infinix Zero 30 5G,Vivo Vivo V30 Pro 1TB Blue,0
Vivo Vivo V30e Gold 512GB,Vivo Vivo V30e 512GB Gold,1
Tecno Tecno Spark 20 Pro+ 6GB+256GB,Tecno Tecno Spark 20 6GB+256GB,0
Xiaomi Xiaomi 13 Ultra Purple 128GB,Xiaomi Xiaomi 13 Ultra 512GB Cream,0
Смартфон Xiaomi Poco M6 Pro 1TB White,Tecno Tecno Pova 5,0
Smartfon Tecno Tecno Pova 5 Pro 64GB Cream,Tecno Pova 5 Pro 64GB (Cream),1
Honor X8a 1TB Deep Purple,Smartfon Honor Honor X8a 1TB Deep Purple,1
Tecno Tecno Spark 20 512GB Cream,Tecno Spark 20 1TB (Blue),0
смартфон iphone 13 pro 256gb silver,iphone смартфон 13 pro 256gb silver,1
iPhone 14 Plus 64GB - White,Apple iPhone 14 Plus 12GB+512GB,0
Vivo Vivo V30 4GB+128GB,Vivo V30 1TB Graphite,0
Apple iPhone 15 Pro Max 3GB/256GB Coral,Apple iPhone 15 Pro Max 3GB+256GB,1
Smartfon Redmi Redmi Note 11S 1TB Black,Смартфон Redmi Redmi 12C 1TB Black,0
Honor Honor X8a 8GB/256GB Starlight,Honor X8a 256GB (Starlight),1
Tecno Tecno Spark 20 Pro+ 12GB+1TB,Tecno Tecno Spark 20 Pro+ 12GB+1TB,1
смартфон apple iphone 17 pro 1tb silver,смартфон samsung galaxy s24 ultra 12 512gb dual nano sim yellow titan,0
смартфон honor 200 pro 12 512 cyan blue,смартфон honor x7a plus 6 128gb titanium silver,0
плотер canon tm200,canon tm200,1
Смартфон Oppo Oppo Reno 11 Pro 512GB Blue,Смартфон Oppo Oppo Reno 11 512GB Blue,0
смартфон iphone 11 256gb white,смартфон samsung galaxy s25 plus 5g 12 512gb dual sim icy blue,0
smartfon redmi note 14 pro 5g 12 512gb lavender purple,redmi note 17 meteor purple 8 256gb рюкзак в подарок,0
Xiaomi 14T Pro 512GB (Midnight),Redmi Redmi A3 16GB+256GB,0
iphone 13 pro max 512gb,samsung galaxy a26 5g,0
Oppo Oppo Reno 11 Pro 3GB+1TB,Oppo Reno 11 Pro 1TB - Cream,1
xiaomi redmi note 15 pro 5g 8 256gb mocha brown,xiaomi redmi note brown pro 5g 8 256gb mocha 15,1
смартфон xiaomi redmi note 13 5g 6 128gb ocean teal,смартфон xiaomi redmi note 14 8 128 blue,0
смартфон google pixel 6 8gb 128gb kinda coral,смартфон google pixel 6 8gb 128gb coral,1
honor x7d 8 256gb cosmic grey smartfoni oq sim karta sovg a 3 oyga 100gb,x7d 8 256gb cosmic grey smartfoni oq sim karta sovg a 3 oyga 100gb,1
Smartfon Apple iPhone 11 64GB Deep Purple,Xiaomi Xiaomi 12 Pro 8GB+1TB,0
смартфон apple iphone 16 pro 1tb dual esim desert titanium,смартфон vivo y31d 8 256 white,0
Infinix Infinix Note 30 Pro 6GB/1TB Natural,Infinix Infinix Note 30 Pro,0
смартфон samsung galaxy z fold6 12 512 гб dual nano sim esim silver shadow,смартфон samsung galaxy z fold6 12 512 гб dual nano sim esim shadow silver,1
Infinix Infinix Zero 20,Vivo Y200 Pro 512GB (Blue),0
Redmi A2+ 1TB - Green,Redmi Redmi A2+ 1TB Green,1
Смартфон Samsung Galaxy S21 FE 128GB Silver,Samsung Galaxy S21 FE 4GB+128GB,1
Apple iPhone 14 128GB Gold,Смартфон Apple iPhone 14 128GB Gold,1
Honor X9a 512GB (White),Смартфон Honor Honor X9a 512GB White,1
Смартфон Xiaomi Poco M5 64GB Silver,Смартфон Xiaomi Poco X5 Pro 64GB Silver,0
Смартфон Infinix Infinix Smart 8 Pro 256GB Titanium,Смартфон Infinix Infinix Smart 8 Pro 256GB Titanium,1
Redmi Note 13 Pro+ 1TB (Natural),Redmi Redmi Note 13 Pro+,1
Infinix Infinix Smart 8 Pro,Smartfon Infinix Smart 8 Pro 1TB/8GB White,1
смартфон xiaomi poco c81 pro 4 128gb green,смартфон novey force f15 6 128gb deep purple,0
Xiaomi Poco X5 Pro 3GB/1TB Natural,Смартфон Xiaomi Poco X5 Pro 1TB Natural,1
Realme C33 128GB - Natural,Realme Realme C33 128GB Natural,1
Apple iPhone 13 Pro Max 512GB Gold,Apple iPhone 13 Pro Max Gold 512GB,1
Realme C33 1TB Graphite,Смартфон Realme Realme C33 1TB Graphite,1
huawei nova 12i 8 128gb black,huawei nova black 8 128gb 12i,1
Vivo V27 1TB (Cream),Смартфон Vivo Vivo V30 1TB Cream,0
Apple iPhone 14 Coral 128GB,Smartfon iPhone 14 128GB/12GB Coral,1
Смартфон Oppo Oppo A38 1TB Gold,Oppo Oppo A38 16GB/256GB Starlight,0
Infinix Hot 40 Pro 128GB - Gold,Infinix Hot 40 Pro 128GB - Gold,1
Smartfon Infinix Infinix Note 30 64GB Graphite,Infinix Infinix Note 30 4GB/64GB Graphite,1
redmi a5 4 128 midnight black,redmi note 14 lime green 6 128gb,0
смартфон iphone 12 mini 128gb red,red iphone 12 mini 128gb смартфон,1
Smartfon Apple iPhone 13 1TB Coral,iPhone 13 1TB - Coral,1
Smartfon Honor X7b 1TB/6GB Gold,Xiaomi 12 Pro 128GB (Cream),0
Redmi Redmi A2+ 12GB+512GB,Redmi Redmi A2+,1
смартфон honor x8b 8 512gb green,смартфон honor 200 lite 8 256 black,0
смартфон xiaomi poco x7 8 256gb green,смартфон xiaomi poco 8 256gb green,1
Oppo Oppo A38 8GB/512GB Silver,Oppo Oppo A38 8GB+512GB,1
Infinix Infinix Note 40 3GB/512GB Lavender,Smartfon Infinix Note 40 512GB/3GB Lavender,1
смартфон iphone xs max 256gb gold,honor x9d sunrise gold 12 256gb,0
Tecno Tecno Camon 30 Pro 512GB Coral,Смартфон Tecno Tecno Camon 30 Pro 512GB Coral,1
Infinix Note 30 1TB (Titanium),Infinix Note 30 128GB Silver,0
Tecno Phantom V Fold 512GB (Silver),Smartfon Redmi Redmi K70 Pro 1TB White,0
Honor Honor 200 Pro 1TB Cream,Honor Honor 200 Pro Cream 1TB,1
Смартфон Tecno Tecno Spark 20 Pro 128GB Cream,Смартфон Tecno Tecno Spark 20 Pro 128GB Cream,1
xiaomi redmi note 15 pro 12 256gb titani,смартфон xiaomi poco c85 6 128gb green,0
Infinix Hot 40 1TB Starlight,Infinix Infinix Hot 40 Starlight 1TB,1
Redmi Redmi Note 12 Pro+,Redmi Redmi Note 12 Pro+ Blue 128GB,0
Смартфон Tecno Tecno Spark 10 512GB Coral,Смартфон Tecno Tecno Spark 10 256GB Natural,0
Vivo Vivo V30 512GB Silver,Vivo V30 512GB - Silver,1
Apple iPhone 12 Pro 12GB+512GB,Smartfon Apple iPhone 12 Pro 512GB Midnight,1
смартфон xiaomi redmi note 14 8 128gb midnight black blue,xiaomi redmi note 14 8 128gb midnight black blue,1
смартфон samsung galaxy a17 5g 8 256gb black,black samsung galaxy a17 5g 8 256gb смартфон,1
Realme Realme C65 3GB+1TB,Realme Realme C65 256GB Graphite,0
Smartfon Honor 100 Pro 256GB/8GB Titanium,Смартфон Honor Honor 100 Pro 256GB Titanium,1
смартфон samsung galaxy a27,смартфон honor x9b 12 256gb midnight black,0
redmi note 15 purple 8 256gb,redmi note 14 pro 5g 8 256 frost blue,0
Tecno Tecno Spark 20 Pro+,Smartfon Tecno Tecno Camon 30 Pro 128GB Silver,0
смартфон honor 200 lite 8 256gb cyan lake starry blue midnight black,смартфон honor lite 8 256gb cyan lake starry blue midnight black,1
huawei pura 80 ultra 16 512gb black,смартфон xiaomi redmi note 13 pro 8 256 midnight black,0
Vivo Vivo V30e,Vivo Vivo V29 Pro 12GB/512GB Lavender,0
Galaxy S24 Ultra 128GB (Gold),Samsung Galaxy A05s 4GB+128GB,0
Смартфон Xiaomi Xiaomi 14 Pro 1TB Cream,Xiaomi Xiaomi 14 Pro,1
Galaxy F14 5G 1TB (Purple),Samsung Galaxy F14 5G Purple 1TB,1
смартфон apple iphone 16e 8gb 256gb black,смартфон apple 16e iphone 8gb 256gb black,1
Vivo V29 512GB Coral,Vivo Vivo V29,1
Honor X7a 128GB White,Honor Honor X7a 12GB+128GB,1
Infinix Infinix Zero 30,Infinix Zero 30 64GB - Purple,0
Tecno Phantom V Fold 512GB Gold,Tecno Phantom V Fold 512GB Gold,1
Infinix Note 40 512GB (Green),Smartfon Infinix Note 40 512GB/6GB Green,1
Vivo X100 64GB - Starlight,Смартфон Vivo Vivo X100 64GB Starlight,1
Redmi A2+ 64GB (Green),Redmi Redmi 12C 8GB+64GB,0
Samsung Galaxy S22,Redmi Redmi Note 11S 3GB/256GB Graphite,0
iphone 17 pro max cosmic orange 1tb,17 pro max cosmic orange 1tb,1
redmi note 15 night black 8 256gb,redmi a5 lake green 4 128gb,0
внешний аккумулятор xiaomi power bank 165w 10000 mah integrated cable gray,внешний аккумулятор bank power xiaomi 165w 10000 mah integrated cable gray,1
Redmi Redmi K60,Smartfon Oppo Oppo Find X7 512GB White,0
Смартфон Vivo Vivo X100 1TB Titanium,Vivo X100 1TB - Titanium,1
Oppo Oppo Reno 12 Pro 1TB Cream,Redmi Redmi Note 11 Pro,0
smartfon honor x9d 12 256gb reddish brown,honor x7d 6 128 velvet black,0
Smartfon Tecno Tecno Spark 10 128GB Midnight,Tecno Tecno Spark 10 3GB/128GB Midnight,1
Tecno Tecno Camon 30 Pro,Tecno Tecno Camon 30 Pro 4GB/64GB Black,1
Xiaomi Poco X5 16GB+64GB,Xiaomi Poco X5 512GB Silver,0
Honor Honor 80 Pro 16GB+256GB,Smartfon Honor 80 Pro 256GB/16GB Midnight,1
смартфон google pixel 6 pro 12gb 256gb stormy black,смартфон samsung a04s 4 64gb black,0
Samsung Galaxy S21 FE 6GB+256GB,Samsung Galaxy S23 Ultra,0
Apple iPhone 15 Plus 256GB Purple,Smartfon Apple iPhone 15 Plus 256GB Purple,1
смартфон iphone 12 pro 256gb black dual,256gb iphone 12 pro смартфон black dual,1
Oppo Reno 10 Pro+ 128GB - Purple,Oppo Oppo Reno 10 Pro+,1
spark 30c 4 128 orbit black,spark 4 128 orbit black,1
Redmi Redmi Note 11 Pro 3GB/1TB Coral,Смартфон Redmi Redmi Note 13 Pro+ 1TB Coral,0
Tecno Pop 8 512GB (Midnight),Tecno Pop 8 256GB White,0
Smartfon Apple iPhone 14 Pro Max 1TB Gold,Apple iPhone 14 Pro Max Gold 1TB,1
honor x7d 6 128gb cosmic grey smartfoni oq sim karta sovg a 3 oyga 100gb,honor x7d 6 128gb cosmic smartfoni oq sim karta sovg a 3 oyga 100gb,1
Realme Note 50 512GB - Silver,Realme Note 50 512GB (Silver),1
redmi 11pro bor 8 128,redmi note 14 5g cdma gsm 8 128gb,0
Infinix Infinix Hot 30 Play 16GB/128GB Cream,Infinix Hot 30 Play 128GB - Cream,1
смартфон iphone 12 pro 128gb blue dual,смартфон vivo v27 5g 12 256 гб dual nano sim волшебный синий,0
Apple iPhone 14 Plus 4GB/64GB Titanium,Honor Honor X8b,0
Realme GT 5 Pro 1TB Graphite,Realme Realme GT 5 Pro 6GB+1TB,1
смартфон iphone 11 pro 256gb gray,apple iphone 16 pro 512gb white titanium 100gb of internet 3 months of tv com for free,0
Smartfon Tecno Phantom X2 Pro 1TB/6GB Titanium,Tecno Pova 5 Pro 1TB (Titanium),0
смартфон iphone 13 pro 256gb gold,смартфон iphone 13 pro gold,1
telefon sotiladiredmi redmi note 11,telefon sotiladiredmi note redmi 11,1
Infinix Hot 40 128GB - Coral,Infinix Infinix Hot 40,1
Oppo Oppo A79 5G Starlight 512GB,Infinix Note 40 Pro 256GB (Midnight),0
Oppo Oppo A58 Deep Purple 128GB,Oppo A58 128GB - Deep Purple,1
Smartfon Apple iPhone SE 3 128GB Coral,Smartfon Infinix Infinix Note 40 256GB Starlight,0
Redmi Redmi Note 12 Pro 1TB Green,Redmi Note 12 Pro 1TB Green,1
Xiaomi Poco X6 Pro 4GB+256GB,Xiaomi Poco X6 Pro Gold 1TB,0
Redmi Redmi 12 512GB Titanium,Смартфон Redmi Redmi 12 1TB Natural,0
Xiaomi 12T Pro 256GB Blue,Xiaomi Xiaomi 12T Pro,1
Smartfon Redmi Redmi Note 12 Pro+ 512GB Deep Purple,Redmi Note 12 Pro+ 512GB - Deep Purple,1
honor x6a,смартфон samsung galaxy a56 5g 8 256gb awesome lightgray,0
Infinix Infinix Hot 40 6GB+512GB,Infinix Infinix Hot 40 6GB+512GB,1
Vivo Vivo V30e 256GB Green,Смартфон Apple iPhone 12 Pro 64GB Natural,0
Tecno Camon 20 Pro 256GB Gold,Tecno Tecno Camon 20 Pro 4GB/1TB Deep Purple,0
oppo reno 12f 8 256gb matte grey,смартфон honor x9d sunrise,0
Tecno Spark 20 Pro+ 128GB - Natural,Tecno Tecno Spark 20 Pro+ 3GB/1TB Starlight,0
Realme Realme 11,Смартфон Realme Realme 11 128GB Coral,1
Xiaomi Poco F5 Pro Titanium 128GB,Xiaomi Poco F5 Pro 4GB+256GB,0
Oppo A78 64GB - Deep Purple,Oppo Oppo A78,1
Smartfon Oppo Oppo A79 5G 1TB Gold,Oppo Oppo Reno 11 Pro 6GB/1TB Gold,0
Tecno Tecno Pova 6 Pro Midnight 256GB,Smartfon Tecno Tecno Spark 20 Pro 256GB Midnight,0
Tecno Pova 5 Pro 256GB (Green),Tecno Pova 5 Pro 256GB Green,1
Apple iPhone 13 White 1TB,Смартфон Apple iPhone 13 1TB White,1
смартфон oppo a78 8 256 mist black,смартфон oppo a78 256 mist black,1
iPhone 14 Pro Max 1TB Green,Apple iPhone 14 Pro Max 1TB Green,1
Смартфон Samsung Galaxy Z Flip 5 64GB Starlight,Samsung Galaxy Z Flip 5 64GB Starlight,1
samsung galaxy a57 5g awesome lilac 8 256gb,samsung galaxy a57 5g awesome lilac 8,1
Realme Realme Note 50,Realme Realme 11 Pro 12GB/1TB Gold,0
Infinix Infinix Note 30,Infinix Infinix Note 30,1
Realme Realme C33 12GB/256GB Natural,Realme C33 256GB (Natural),1
Samsung Galaxy S23 Ultra,Samsung Galaxy S23 Ultra Silver 512GB,1
Samsung Galaxy A05 512GB Silver,Smartfon Galaxy A05 512GB/4GB Silver,1
Tecno Tecno Camon 30 Pro 8GB+128GB,Tecno Camon 30 Pro 128GB Gold,1
Oppo Oppo Reno 10 Pro+ 64GB Blue,Смартфон Oppo Oppo Reno 12 64GB Blue,0
Smartfon Infinix Hot 40 512GB/4GB Midnight,Смартфон Infinix Infinix Note 40 512GB Midnight,0
Vivo V30e 64GB (Black),Vivo Vivo V30e 3GB+64GB,1
Tecno Tecno Camon 30 64GB Coral,Tecno Camon 30 64GB (Coral),1
Tecno Tecno Spark 10 12GB+512GB,Tecno Tecno Spark 10 12GB+512GB,1
смартфон realme c71 green 6 128gb,realme c71 green 6 128gb,1
Smartfon Redmi Note 11 Pro 128GB/12GB Gold,Redmi Redmi Note 11 Pro,0
Tecno Tecno Camon 30,Smartfon Tecno Camon 30 64GB/8GB Deep Purple,1
смартфон samsung galaxy z flip 5 256gb lavender,смартфон samsung z galaxy flip 5 256gb lavender,1
Smartfon Honor Honor X9b 128GB Gold,Honor Honor X7a 8GB+128GB,0
смартфон samsung galaxy a57 5g 8 256gb charcoal,iphone 13 promaks гарантия,0
Redmi Redmi Note 13 4GB+1TB,Redmi Redmi Note 13 1TB Deep Purple,1
Apple iPhone 11 Pro Max,Apple iPhone 11 Pro Max 64GB Natural,0
Realme 9 Pro+ 1TB (Lavender),Realme Realme 9 Pro+,1
Smartfon Samsung Galaxy A54 5G 64GB Natural,Infinix Infinix Hot 40 Pro 512GB Coral,0
смартфон xiaomi redmi 13c 6 128gb синий,смартфон redmi 13c 6 128gb синий,1
redmi a5 3 64 lake green,redmi 15 midnight black 6 128gb,0
Infinix Infinix Smart 8 Plus 128GB Purple,Smartfon Infinix Smart 8 Plus 128GB/3GB Purple,1
Oppo Oppo Find X7 Blue 256GB,Oppo Oppo Find X7 Graphite 1TB,0
смартфон xiaomi 15 12 256gb dual esim black,samsung galaxy a10,0
Смартфон Realme Realme GT Neo 5 SE 512GB Midnight,Смартфон Realme Realme GT Neo 5 SE 512GB Midnight,1
Poco X5 256GB - Blue,Smartfon Xiaomi Poco X5 256GB Blue,1
Redmi Redmi Note 12 Pro+ 1TB Green,Redmi Note 12 Pro+ 128GB Titanium,0
Oppo A17 128GB (Lavender),Oppo A17 128GB - Lavender,1
Xiaomi Poco M5 128GB Gold,Infinix Infinix Note 30 64GB Black,0
Smartfon Tecno Spark 20 1TB/12GB Titanium,Tecno Spark 20 1TB Titanium,1
Tecno Tecno Camon 20 Pro Black 512GB,Tecno Camon 20 Pro 1TB - Silver,0
Honor Honor X8a 12GB/64GB White,Honor Honor X8a White 64GB,1
Smartfon Samsung Galaxy M34 5G 64GB Coral,Samsung Galaxy M34 5G,1
смартфон xiaomi 14t 12 256gb titan black,xiaomi redmi a5 lake green 3 64gb,0
Redmi Redmi 13 256GB Titanium,Смартфон Infinix Infinix Smart 8 64GB Blue,0
Apple iPhone 15 Pro 6GB+256GB,iPhone 15 Pro 64GB (Natural),0
huawei nova 14 12 256gb white,huawei 256gb 14 12 nova white,1
Apple iPhone 12 128GB Gold,Apple iPhone 12 6GB+128GB,1
Samsung Galaxy S22 16GB/64GB Gold,Galaxy S22 64GB Gold,1
Смартфон Infinix Infinix Hot 30 Play 64GB Graphite,Smartfon Infinix Infinix Hot 30 Play 64GB Graphite,1
Infinix Infinix Zero 30 5G 8GB/256GB Starlight,Infinix Infinix Zero 30 5G,1
iPhone 15 Pro 64GB - Blue,Apple iPhone 15 Pro 3GB+64GB,1
Smartfon Oppo Reno 12 Pro 512GB/6GB Titanium,Смартфон Redmi Redmi Note 11 1TB Starlight,0
Redmi Redmi Note 11 Pro 16GB+256GB,Redmi Note 11 Pro 256GB - Graphite,1
Xiaomi 13 512GB - Deep Purple,Xiaomi Xiaomi 13 512GB Deep Purple,1
Xiaomi 13T Pro 64GB (Titanium),Xiaomi 11T Pro 64GB (Titanium),0
смартфон iphone 11 64gb dual white,смартфон iphone white 64gb dual 11,1
Smartfon Xiaomi 13 Pro 128GB/3GB Green,Xiaomi 13 Pro 128GB (Green),1
смартфон xiaomi poco m8 5g 8 256gb green,смартфон vivo v29 12 256gb black,0
Smartfon Redmi Redmi Note 12 512GB Coral,Redmi Redmi Note 12 Purple 1TB,0
huawei nova 13i 8 128gb blue,huawei nova blue 8 128gb 13i,1
Oppo Oppo Reno 10 Pro+,Xiaomi 13 Ultra 512GB (Lavender),0
Infinix Infinix Hot 40 Pro 8GB/128GB Starlight,Смартфон Infinix Infinix Hot 40 Pro 64GB Titanium,0
Tecno Camon 30 Pro 64GB (Gold),Tecno Tecno Camon 30 64GB Gold,0
galaxy samsung s22,cмартфон huawei p60 pro 8 256 black,0
смартфон vivo y31 4 128gb blue,смартфон vivo 4 128gb blue,1
Redmi Redmi Note 13 4G 16GB/128GB Natural,Redmi Note 13 4G 64GB (Coral),0
honor x6c 6 128gb ocean cyan,smartfon honor 600 pro 12 512gb black,0
iphone 13 american region,13 american region,1
Vivo Vivo Y200 Pro 256GB Cream,Vivo Vivo Y200 Pro 4GB/512GB Graphite,0
samsung galaxy a36 awesome white 8 128gb,samsung awesome a36 galaxy white 8 128gb,1
Смартфон Apple iPhone 14 128GB Purple,Smartfon iPhone 14 128GB/6GB Purple,1
Galaxy S23 FE 512GB (Black),Samsung Galaxy S23 FE Titanium 64GB,0
Vivo Vivo V27 Silver 256GB,Смартфон Vivo Vivo V27 128GB White,0
Realme Realme 9 Pro+ 8GB/1TB Blue,Realme 9 Pro+ 256GB - Graphite,0
смартфон xiaomi redmi note 14 6 128gb black,смартфон xiaomi redmi note 6 128gb black,1
redmi note 15 sandy purple 6 128gb,смартфон iphone 12 pro max 512gb black dual,0
Vivo Vivo X100 Pro 12GB+128GB,Vivo Vivo X100 Pro Black 128GB,1
Honor Honor X7a 6GB/256GB Titanium,Honor X7a 256GB - Titanium,1
Redmi Note 13 4G 64GB - Starlight,Redmi Redmi Note 13 4G 3GB+64GB,1
Honor X8b 256GB (Black),Honor Honor X8b,1
Смартфон Xiaomi Xiaomi 14T Pro 64GB Blue,Xiaomi Xiaomi 14T Pro 4GB+64GB,1
Smartfon Realme Realme GT 5 128GB Midnight,Realme Realme C53 4GB+128GB,0
redmi 15c mint green 8 256gb,смартфон redmi a5 4 128 ocean blue,0
телефон novey a20r matt black,смартфон zte blade a56 4 128gb black,0
Smartfon Apple iPhone 12 mini 512GB Cream,Smartfon iPhone 15 512GB/6GB Cream,0
Smartfon Realme 12 Pro 256GB/3GB Coral,Realme Realme 12 Pro 3GB+256GB,1
Smartfon Vivo V29 128GB/3GB Black,Vivo V29 128GB Black,1
iPhone 13 Pro Max 512GB (Purple),iPhone 13 Pro Max 64GB Natural,0
Tecno Spark 20 128GB - Green,Smartfon Oppo Oppo Reno 11 Pro 512GB Blue,0
Vivo Vivo Y36,Vivo Vivo Y36,1
Xiaomi Xiaomi 14T Pro,Xiaomi Xiaomi 14T Pro 64GB Graphite,1
смартфон honor x6a 6 128 silver,honor x9d 5g 8 256gb sunrise gold 365gb internet 3 oy bepul tv com sovg a,0
Tecno Spark 20 64GB Silver,Tecno Spark 20 64GB - Silver,1
Apple iPhone 15 4GB+128GB,Apple iPhone 15 4GB+128GB,1
Oppo A17 512GB Starlight,Oppo Oppo A38 6GB+512GB,0
Honor 200 512GB (Green),Smartfon Honor 200 256GB/6GB Purple,0
oppo a6x 4 256gb ice blue,oppo blue 4 256gb ice a6x,1
Smartfon Infinix Infinix Hot 30 Play 128GB Cream,Apple iPhone 15 Pro Midnight 256GB,0
Honor X8b 512GB - Midnight,Redmi Redmi Note 12 Pro+ 256GB Natural,0
Honor Honor X7a 16GB/1TB Silver,Honor Honor X7a Silver 1TB,1
samsung galaxy a26 6 128gb oq smartfoni sovg aga borofone type c 20w zaryadlash qurilmasi,смартфон samsung galaxy z fold 7 12 256gb,0
Samsung Galaxy S22,Samsung Galaxy S22 512GB Purple,1
honor x7e light blue 6 256gb в подарок honor choice earbuds x8,смартфон honor x6a 6 128gb dual nano sim черный,0
Smartfon Vivo Vivo Y200 Pro 512GB White,Honor Honor Magic6 Pro 3GB/256GB Cream,0
redmi note 14 8 128 midnight black,redmi note 17 new 2026 super skidkagarantiya dastavka,0
Smartfon Redmi A2+ 512GB/16GB Lavender,Xiaomi Xiaomi 11T Black 64GB,0
Tecno Tecno Pova 5 Pro 8GB+256GB,Tecno Pova 5 Pro 64GB Starlight,0
Oppo Oppo Reno 12 Pro,Oppo Oppo Reno 12 Pro 1TB Black,1
Realme Realme C65 Cream 64GB,iPhone 14 Pro Max 256GB - Gold,0
Realme C53 512GB (Blue),Realme Realme C53 512GB Blue,1
Realme Realme 12+ 3GB+128GB,Smartfon Realme Realme 12+ 128GB Lavender,1
Tecno Phantom V Fold 1TB Coral,Tecno Tecno Phantom V Fold 6GB+1TB,1
Infinix Hot 40 Pro 1TB Lavender,Smartfon Infinix Hot 40 Pro 64GB/8GB Midnight,0
Redmi Redmi Note 11S,Samsung Galaxy S23+ 16GB/256GB White,0
Tecno Tecno Camon 30 Pro 6GB/1TB Gold,Tecno Tecno Camon 30 Pro 6GB+256GB,0
Smartfon Vivo V29 64GB/12GB Midnight,Vivo V29 64GB Midnight,1
смартфон samsung galaxy a54 8 256gb лайм,galaxy samsung смартфон a54 8 256gb лайм,1
Oppo Oppo Find X6 Pro 12GB/1TB Green,Oppo Find X7 1TB - Green,0
смартфон honor x6c 6 128 black,honor 400 8 256gb 5g midnight black smartfoni,0
iphone 14 sotiladi,смартфон honor h200 pro 12 512gb ocean cyan black,0
samsung galaxy s26 12 256gb cobalt violet,motorola moto g86 power 5g golden cypress 8 512gb,0
Realme 11 Pro+ 64GB (Green),Smartfon Tecno Tecno Spark 20 Pro 1TB Silver,0
honor x9c 5g,x9c 5g,1
Смартфон Xiaomi Xiaomi 12T Pro 256GB Lavender,Vivo Vivo Y200 64GB White,0
Smartfon Oppo Oppo Find X6 Pro 512GB Natural,Oppo Oppo Find X6 Pro 512GB Natural,1
Infinix Hot 40 128GB Gold,Infinix Infinix Hot 40,1
Smartfon Infinix Hot 40 Pro 256GB/12GB Deep Purple,Smartfon Infinix Infinix Hot 40 Pro 256GB Deep Purple,1
iPhone 11 512GB (Midnight),Smartfon iPhone 11 512GB/6GB Midnight,1
Smartfon Redmi Redmi Note 13 4G 128GB White,Redmi Note 13 4G 1TB Deep Purple,0
Smartfon Xiaomi Xiaomi 12 Pro 1TB Starlight,Xiaomi Xiaomi 12 Pro,1
Redmi Redmi Note 13 4G Graphite 128GB,Smartfon Tecno Pova 5 Pro 512GB/8GB Purple,0
Infinix Infinix Note 30 Pro Lavender 256GB,Смартфон Infinix Infinix Note 30 Pro 256GB Lavender,1
Oppo Oppo Reno 10 Coral 256GB,Oppo Oppo Reno 10 Coral 256GB,1
Honor 80 Pro 128GB - Graphite,Смартфон Honor Honor 80 Pro 128GB Graphite,1
Smartfon Galaxy A34 256GB/6GB Coral,Samsung Galaxy A34 256GB Coral,1
honor 200 12 512gb white 100gb of internet 3 months of tv com for free,смартфон honor x8d 8 128gb corduroy black,0
Xiaomi Xiaomi 11T Pro Deep Purple 256GB,Смартфон Xiaomi Xiaomi 13T Pro 256GB Deep Purple,0
Смартфон Xiaomi Xiaomi 13T 64GB Starlight,Vivo V27 256GB - White,0
Realme Realme 12+ Natural 512GB,Realme Realme Note 50 4GB/512GB Natural,0
Vivo Vivo X100,Honor Honor X7a,0
Infinix Hot 30 Play 64GB White,Infinix Infinix Hot 30 Play,1
Apple iPhone 15 Pro 16GB/128GB Purple,Apple iPhone 15 Pro 16GB/128GB Purple,1
Samsung Galaxy S23 FE 16GB+256GB,Galaxy S23 FE 256GB - Lavender,1
смартфон xiaomi redmi a7 pro темно синий 128 гб,huawei mate xt,0
redmi 9c 3 64 пол года пользования в идеальном состоянии,redmi 11pro bor 8 128,0
Apple iPhone 13 3GB/128GB Graphite,Apple iPhone 13,1
Honor Honor 90 Lite,Honor 90 Lite 256GB Natural,1
Oppo Oppo Reno 11 512GB Gold,Oppo Oppo Reno 11 Gold 512GB,1
Смартфон Apple iPhone 13 mini 256GB Coral,iPhone 11 256GB Coral,0
samsung galaxy a37 5g awesome greygreen 6 128gb,samsung galaxy a37 5g awesome 6 128gb,1
Vivo Vivo V30 16GB/1TB Graphite,Vivo V30 1TB Graphite,1
Smartfon Vivo Vivo X90 Pro 512GB Coral,Vivo Vivo V29 12GB+512GB,0
Tecno Tecno Pova 5 6GB+512GB,Tecno Pova 5 512GB Titanium,1
смартфон apple iphone air 1tb space black,space apple iphone air 1tb смартфон black,1
смартфон oppo reno 15 8 512gb twilight blue,смартфон oppo reno 15 8 512gb blue,1
смартфон samsung galaxy a36 5g 8 128gb lavender,смартфон apple iphone 16 128gb,0
redmi 12 128gb hamma joyi o ziniki karobka dokument bor usta tegmagan,telefon sotiladiredmi redmi note 11,0
Смартфон Realme Realme C53 64GB White,Realme Realme C53 Purple 512GB,0
Realme Realme GT 5 12GB/1TB Lavender,Realme Realme GT 5 12GB/1TB Lavender,1
продам redmi note 15 pro plus 5g 12 512 brown,redmi 12 8 256gb,0
Smartfon Vivo Y36 128GB/12GB Starlight,Vivo Vivo Y36 12GB+512GB,0
Honor Honor Magic5 Pro 16GB/256GB Cream,Honor Honor Magic5 Pro Cream 256GB,1
redmi 13 8 128 midnight black,redmi a5 4 128 ocean blue,0
Vivo Vivo V29,Smartfon Vivo Y200 512GB/16GB Cream,0
Poco X5 Pro 256GB - Gold,Xiaomi Poco X5 Pro Gold 256GB,1
Redmi Redmi K70 Pro 6GB/128GB Black,Redmi Redmi 12 6GB/128GB Black,0
Realme C53 128GB (White),Realme Realme C53 4GB+128GB,1
Smartfon Xiaomi Xiaomi 13T Pro 64GB Gold,Xiaomi 14 64GB - Gold,0
Galaxy Z Flip 4 64GB Starlight,Samsung Galaxy Z Flip 4 Starlight 64GB,1
смартфон honor x9b 5g 12 256gb moroccan orange,honor x8d 8 128gb velvet gray,0
Vivo Vivo Y200 Pro 64GB Green,Vivo Vivo Y200 Pro,1
Xiaomi Poco M6 Pro,Xiaomi Poco X5,0
samsung galaxy a07 green 4 128gb,samsung galaxy 4 green a07 128gb,1
Smartfon Samsung Galaxy A14 512GB Blue,Galaxy A14 512GB (Blue),1
смартфон honor x5c plus 4 128 midnight black,honor x5c plus 4 128 midnight black,1
Redmi Redmi Note 13 Pro Silver 128GB,Redmi Note 13 Pro 128GB Silver,1
Vivo Y200 Pro 256GB - Deep Purple,Vivo Vivo Y200 Pro Deep Purple 256GB,1
Смартфон Tecno Tecno Spark 20 Pro 64GB Titanium,Honor Honor 90 Lite 16GB+1TB,0
смартфон samsung galaxy s24 8 128gb dual esim black,смартфон galaxy s24 8 128gb dual esim black,1
смартфон honor 400 lite 5g 12gb 256gb mars green,samsung s25 ultra,0
Smartfon Vivo V30 Pro 256GB/6GB Midnight,Xiaomi 12 Pro 512GB (Green),0
Oppo Oppo A58 16GB+64GB,Oppo Oppo A58 512GB Cream,0
Apple iPhone 11 12GB/512GB Natural,Redmi Note 12 1TB - Blue,0
vivo v23 5g 8 4 operativka xotira 128 talik,vivo v23 5g 8 4 operativka talik 128 xotira,1
Smartfon Redmi Redmi Note 13 Pro+ 1TB Deep Purple,Smartfon Redmi Note 13 Pro+ 1TB/12GB Deep Purple,1
samsung galaxy a04e,samsung a04e,1
Smartfon Honor 200 Pro 1TB/6GB Green,Honor Honor X8b Green 1TB,0
Смартфон Tecno Tecno Pova 5 1TB Starlight,Realme Realme 12 Pro+,0
Смартфон Samsung Galaxy Z Flip 5 256GB Lavender,Smartfon Samsung Galaxy Z Flip 5 256GB Lavender,1
honor 400 8 256 desert gold,honor desert 8 256 400 gold,1
samsung kafolat bilan,samsung bilan kafolat,1
держатель для телефона baseus sugx a0 magnetic air vent silver,смартфон vivo v29e 5g 8 256gb dual nano sim rose gold,0
Honor Honor 80 Pro 512GB Silver,Honor Honor 80 Pro 3GB+512GB,0
Realme GT 5 1TB - Gold,Redmi Redmi Note 13 64GB Blue,0
Honor Honor X7a 8GB+64GB,Honor Honor X7a 8GB/64GB White,1
Redmi Redmi Note 12 Pro+ 64GB Natural,Смартфон Infinix Infinix Zero 20 512GB Cream,0
Oppo Oppo Reno 10 Pro+ Natural 1TB,Oppo Oppo Reno 10 Pro+,1
Vivo Vivo V30 Pro 12GB/1TB Lavender,Vivo Vivo V30 Pro 12GB/1TB Lavender,1
Smartfon Samsung Galaxy S21 FE 512GB Coral,Galaxy S21 FE 512GB - Coral,1
Realme Realme GT 5 Pro 512GB Purple,Smartfon Realme Realme GT 5 Pro 128GB Midnight,0
Honor Honor X7b Purple 1TB,Honor X7b 1TB (Purple),1
смартфон samsung galaxy a56 256gb olive,смартфон samsung galaxy 256gb olive,1
Smartfon Vivo Y200 512GB/3GB Deep Purple,Vivo Y200 256GB (Purple),0
redmi note13 8 512,redmi 15c twilight orange 8 256gb,0
Redmi A3 64GB - Titanium,Smartfon Redmi A3 64GB/6GB Titanium,1
смартфон honor x5 2 32gb orange,смартфон honor x5 32gb orange,1
Smartfon Honor 90 Pro 256GB/4GB Midnight,Honor Honor 90 Pro 512GB Deep Purple,0
Vivo V29 Pro 256GB (Black),Vivo V29 Pro 256GB Black,1
Vivo V29 128GB Gold,Vivo V29 128GB Gold,1
Xiaomi 12T Pro 1TB - Titanium,Smartfon Xiaomi Xiaomi 14T Pro 1TB Titanium,0
смартфон infinix zero 30 5g 12 256gb golden hour,смартфон zero 30 5g 12 256gb golden hour,1
redmi not 12 ideal,смартфон redmi note 15 pro 12 256gb black,0
Vivo V27 Pro 64GB Blue,Vivo Vivo V27 Pro 3GB/64GB Blue,1
Samsung Galaxy A05 256GB Lavender,Samsung Galaxy A05 12GB/256GB Lavender,1
Apple iPhone SE 3,iPhone SE 3 128GB - Deep Purple,1
redmi note 15 pro 8 256 mocha brown,redmi not 13 128gb aybi steklo ozigina chatnagan bilinmaydi naxt,0
Vivo Y35 64GB (Black),Vivo Y35 128GB (Silver),0
Tecno Tecno Camon 30 Black 512GB,Tecno Camon 30 512GB - Black,1
redmi 15 6 128 8 128 8 256,redmi note 11 продам уступка есть,0
Смартфон Infinix Infinix Zero 30 128GB Silver,Infinix Infinix Zero 30 6GB+128GB,1
huawei pura 70 12 256gb pink,256gb pura 70 12 huawei pink,1
Infinix Infinix Smart 8 16GB+1TB,Infinix Smart 8 256GB - Gold,0
Smartfon Infinix Note 40 Pro 512GB/4GB Green,Infinix Infinix Note 40 Pro 4GB/512GB Green,1
Redmi Note 12 1TB (Coral),Realme Realme 11 Pro+ Silver 256GB,0
беспроводные наушники redmi buds 5 pro moonlight white,redmi note 15 доставка 8 256gb 6 128gb,0
смартфон xiaomi 14 12 256 white,256 xiaomi 14 12 смартфон white,1
Redmi Redmi K70 Pro 3GB/512GB Blue,Redmi Redmi Note 11 Pro 512GB Blue,0
Samsung Galaxy S23 128GB Starlight,Galaxy S23 FE 128GB (Starlight),0
Vivo X100 Pro 256GB - Cream,Vivo X100 Pro 256GB (Cream),1
Смартфон Realme Realme C33 256GB Deep Purple,Realme Realme GT 5 Pro Deep Purple 256GB,0
Vivo Vivo V27 Coral 128GB,Vivo V27 1TB Graphite,0
Smartfon Infinix Smart 8 Plus 512GB/12GB Lavender,Infinix Infinix Note 40 Pro 12GB/512GB Lavender,0
Oppo Reno 11 256GB Coral,Realme Realme 9 Pro+ 4GB/1TB Green,0
xiaomi 15 white 12 256gb,xiaomi white 15 12 256gb,1
смартфон xiaomi redmi note 6 pro 4 64gb mix,смартфон honor x7a plus 6 128 гб titanium silver,0
Smartfon Oppo Oppo Reno 10 64GB White,Oppo Oppo Reno 10 12GB+64GB,1
Смартфон Apple iPhone 13 mini 512GB Graphite,Apple iPhone 13 mini 8GB/512GB Graphite,1
Smartfon Tecno Pop 8 256GB/16GB Black,Tecno Tecno Pop 8 16GB+128GB,0
смартфон samsung galaxy a37 light violet,смартфон samsung galaxy a37 light,1
Xiaomi Poco F5 Silver 128GB,Poco F5 512GB Gold,0
Vivo Vivo V30,Smartfon Vivo V30 64GB/16GB Green,1
Смартфон Infinix Infinix Note 30 Pro 128GB Blue,Infinix Note 30 Pro 128GB - Blue,1
Honor Honor X9a 8GB+64GB,Honor Honor X9a Starlight 64GB,1
Smartfon Infinix Note 30 512GB/12GB Lavender,Смартфон Samsung Galaxy M14 1TB Deep Purple,0
Tecno Tecno Spark 10 3GB/256GB Blue,Tecno Spark 10 256GB Blue,1
Смартфон Xiaomi Xiaomi 11T 512GB Purple,Smartfon Poco F5 Pro 512GB/12GB Purple,0
Oppo Reno 11 Pro 128GB (Silver),Oppo Oppo Reno 10,0
honor x5d plus midnight black 4 128gb,x5d honor plus midnight black 4 128gb,1
Xiaomi 13T 256GB White,Смартфон Xiaomi Xiaomi 13T 256GB White,1
Oppo Reno 10 64GB Graphite,Smartfon Samsung Galaxy A05 256GB Natural,0
Samsung Galaxy S24+ 64GB Natural,Infinix Infinix Hot 40 Starlight 512GB,0
Redmi Redmi Note 13 Pro+ 12GB+128GB,Redmi Redmi Note 13 Pro+ 128GB Green,1
Honor X8a 1TB - Titanium,Smartfon Honor Honor X8a 1TB Titanium,1
Infinix Infinix Hot 30 Play Blue 256GB,Infinix Note 40 Pro 256GB - Blue,0
Redmi Redmi Note 13 128GB Purple,Redmi Redmi Note 13 128GB Purple,0
Vivo Vivo V30 1TB Cream,Vivo Vivo V30,1
Смартфон Infinix Infinix Zero 20 256GB Lavender,Infinix Infinix Zero 20 8GB+512GB,0
apple iphone 17 lavender 256gb sim esim,смартфон vivo y11d 4 256gb black,0
Vivo V29 512GB Deep Purple,Смартфон Vivo Vivo V27 Pro 512GB Deep Purple,0
Smartfon Oppo Reno 10 Pro+ 512GB/6GB Starlight,Oppo Reno 10 Pro+ 256GB Black,0
Galaxy S23+ 1TB - White,Samsung Galaxy S23+ 12GB/64GB Starlight,0
oppo reno12 f cph2687,reno12 f cph2687,1
xiaomi 17t pro black 12 256gb,смартфон poco c65 6gb 128gb,0
Смартфон Oppo Oppo A38 64GB Titanium,Oppo A38 64GB Titanium,1
Oppo Oppo A79 5G 1TB Natural,Oppo A79 5G 1TB Natural,1
смартфон honor 70 8 256gb global emerald green,смартфон 70 8 256gb global emerald green,1
Vivo Vivo V29 Pro Coral 1TB,Apple iPhone 12 16GB/256GB Purple,0
Apple iPhone 15 Plus 128GB Natural,Vivo Vivo Y35 512GB Purple,0
huawei nova 12i 8 256gb black,nova 12i 8 256gb black,1
Смартфон Samsung Galaxy S23 1TB Gold,Samsung Galaxy S23 1TB Gold,1
Vivo Vivo Y36 Midnight 64GB,Vivo V27 Pro 64GB (Midnight),0
redmi 9 telefon sotiladi,redmi 8 4 64gb 2021 yil,0
Samsung Galaxy A14 64GB Blue,Smartfon Samsung Galaxy A14 64GB Blue,1
смартфон camon 50 pro 8 256gb nebula titanium,смартфон camon 50 pro 256gb nebula titanium,1
Smartfon Samsung Galaxy S23 128GB Cream,Samsung Galaxy S23 128GB Cream,1
смартфон apple iphone 12 64gb белый,смартфон apple 12 iphone 64gb белый,1
Realme Realme GT 5 Pro 6GB/1TB Graphite,Smartfon Realme Realme GT 5 Pro 1TB Graphite,1
redmi note 15 pro доставка проверка при получении,redmi note 14 8 128 midnight black,0
Realme Realme 12 Pro 3GB/128GB Gold,Smartfon Galaxy A05s 1TB/3GB Blue,0
Смартфон Redmi Redmi Note 13 Pro 128GB Midnight,Смартфон Redmi Redmi Note 13 Pro 128GB Midnight,1
Realme 12 Pro+ 256GB Black,Smartfon Apple iPhone 13 64GB Gold,0
Honor Honor X9a 3GB+64GB,Smartfon Honor Honor 200 64GB Gold,0
Honor Honor 80 Pro 6GB+64GB,Smartfon Honor 90 Lite 64GB/6GB Gold,0
smartfon redmi note 14 pro 5g 12 512gb lavender purple,redmi note 11pro,0
Infinix Infinix Hot 40 Pro 3GB+64GB,Infinix Infinix Hot 40 Pro 3GB/64GB Gold,1
samsung s25 ultra,ultra s25 samsung,1
redmi 15c 8 256gb midnight black,смартфон xiaomi redmi a3 4 128gb green,0
смартфон honor 200 8 256gb moonlight белый,honor x6c 6 256gb midnight black 100gb of internet 3 months of tv com for free,0
samsung galaxy a17 grey 6 128gb,iphone xr ishlashi zor 128gb,0
Smartfon Tecno Phantom V Fold 256GB/12GB Deep Purple,Smartfon Vivo Vivo V27 Pro 128GB Green,0
samsung galaxy a26 5g mint 6 128gb,смартфон samsung galaxy a34 5g 6 128gb black,0
Infinix Infinix Smart 8 Pro 64GB Purple,Smartfon Infinix Infinix Smart 8 Plus 64GB Purple,0
Vivo Vivo V27 Pro 64GB Silver,Smartfon Vivo Vivo V27 Pro 64GB Silver,1
Смартфон Tecno Tecno Pova 5 64GB Midnight,Smartfon Tecno Pop 8 64GB/16GB Midnight,0
Смартфон Redmi Redmi 13C 1TB Gold,Redmi 13C 1TB (Gold),1
Redmi Redmi Note 12 Pro Starlight 128GB,Redmi Note 12 Pro 128GB (Starlight),1
galaxy samsung a21 s,redmi 15c 4 128 midnight black,0
Vivo Vivo V29 6GB/1TB Lavender,Honor Honor 90 Lite Silver 512GB,0
Vivo X100 1TB Blue,Vivo X100 1TB Blue,1
Honor Honor X9b Black 512GB,Honor X9b 512GB Black,1
realme c3 sotiladi,смартфон samsung sm s928b s24 ultra 256gb titanium violet,0
смартфон xiaomi redmi note 13 5g 8 256gb graphite black,xiaomi смартфон redmi note 13 5g 8 256gb graphite black,1
Poco M5 128GB (Graphite),Poco M5 128GB - Graphite,1
Smartfon Apple iPhone 14 Pro Max 512GB Natural,iPhone 14 Pro Max 64GB (Coral),0
телефон novey s70r red,телефон red s70r novey,1
Xiaomi 12 Pro 256GB Graphite,Xiaomi 11T 256GB - Graphite,0
Redmi Note 13 4G 128GB (Blue),Redmi Redmi Note 13 4G 3GB+128GB,1
Xiaomi Xiaomi 14T 16GB+64GB,Smartfon Xiaomi 14T 64GB/16GB Black,1
Realme Realme 12+,Realme Realme 12+,0
Realme C33 1TB - Gold,Realme C33 256GB - Coral,0
redmi 14c midnight black 6 128gb,redmi note 15 8 256gb glacier blue,0
Смартфон Xiaomi Poco M5 1TB Black,Poco M5 256GB - Starlight,0
apple iphone 17 pro max 256gb 1 sim 1 esim cosmic orange smartfoni,apple iphone 11,0
Xiaomi Poco F5 Pro,Oppo A38 128GB Coral,0
смартфон honor x8c 6 128 гб черный,смартфон honor 6 128 гб черный,1
Tecno Tecno Camon 30,Tecno Camon 30 128GB - Deep Purple,1
Oppo Oppo A38 1TB Green,Oppo A38 1TB - Green,1
Redmi K70 Pro 256GB Coral,Smartfon Redmi Redmi K70 Pro 256GB Coral,1
Poco X5 512GB (Midnight),Xiaomi Poco X5 4GB/512GB Midnight,1
redmi 14c midnight black 4 128gb,redmi a5 4 128 lake green,0
Redmi Redmi 12C 3GB+512GB,Oppo Oppo A58,0
беспроводные наушники ttec airbeat free black,наушники ttec airbeat free black,1
honor x6a 4 128gb sky silver,смартфон honor x5 plus 4 64 green,0
Смартфон Samsung Galaxy S24 Ultra 128GB Gold,Samsung Galaxy S24 Ultra 512GB Purple,0
samsung galaxy a16 6 128gb black 100gb of internet 3 months of free tv com as a gift,samsung galaxy a16 6 128gb black 100gb of internet 3 months of free com tv as a gift,1
honor x7d 8 256gb desert gold smartfoni oq sim karta sovg a 3 oyga 100gb,huawei nova 12i 8 128gb green,0
Tecno Tecno Camon 30 Pro 128GB Silver,Redmi Redmi Note 12 Pro+ Green 512GB,0
Смартфон Apple iPhone 15 Pro Max 512GB Purple,Apple iPhone 13 12GB/512GB Purple,0
Galaxy A05 512GB (Coral),Samsung Galaxy A05 12GB/128GB Graphite,0
смартфон xiaomi redmi note 14s 8 256gb midnight black,смартфон apple iphone 17 pro max 256gb sim e sim,0
Redmi Redmi K60 16GB/1TB White,Redmi Redmi K60 Lavender 64GB,0
Smartfon iPhone 11 Pro 512GB/3GB Blue,iPhone 11 Pro 512GB Blue,1
Poco X5 128GB Black,Xiaomi Poco X5 4GB/128GB Black,1
Smartfon Redmi Redmi K70 Pro 512GB Coral,Redmi Redmi K70 Pro 512GB Coral,1
Смартфон Redmi Redmi Note 13 4G 512GB Cream,Smartfon Redmi Note 13 4G 64GB/6GB Starlight,0
Oppo Oppo Reno 12 Pro 4GB+1TB,Oppo Oppo Reno 12 Pro 4GB/64GB Purple,0
honor x8c midnight black 8 128gb,honor x7d 6 128gb velvet black smartfoni oq sim karta sovg a 3 oyga 100gb,0
смартфон iphone 12 128gb white,смартфон iphone 12 128gb,1
беспроводные наушники belkin soundform rise blue,смартфон apple iphone 16 plus 128gb,0
Infinix Infinix Smart 8 Plus,Infinix Infinix Smart 8 Plus 6GB/1TB Green,1
Redmi Redmi 13 8GB/512GB Black,Smartfon Redmi Redmi 13 512GB Black,1
redmi 15 titan grey 6 128gb,redmi note 9 3 1 64 narxi 1 100 000 kelishamiz,0
Smartfon Tecno Camon 30 Pro 128GB/3GB Titanium,Apple iPhone 15 Pro Max,0
itel a100 black,itel black a100,1
Смартфон Oppo Oppo A58 128GB Blue,Oppo Oppo A58 12GB/64GB Deep Purple,0
Samsung Galaxy M34 5G,Смартфон Samsung Galaxy M34 5G 256GB Coral,0
Honor Honor 80 Pro,Smartfon Honor 80 Pro 1TB/16GB Starlight,1
Vivo V30 512GB (Deep Purple),Vivo V29 512GB (Deep Purple),0
Vivo Y100 256GB (Graphite),Vivo Vivo Y100 16GB/256GB Graphite,1
смартфон infinix smart 8 plus 4 128gb timber black,смартфон infinix 128gb 8 plus 4 smart timber black,1
Infinix Infinix Hot 30 Play 16GB/512GB Green,Smartfon Infinix Infinix Hot 30 Play 512GB Green,1
Redmi Note 12 512GB Black,Tecno Tecno Spark 10 6GB/256GB Coral,0
смартфон infinix note 10 pro 8 128gb black,смартфон infinix note 10 8 pro 128gb black,1
смартфон apple iphone 15 pro 1tb white titanium,смартфон apple iphone pro 1tb white titanium,1
Xiaomi Xiaomi 13 Pro,Infinix Infinix Smart 8 Plus,0
Vivo Vivo Y100,Vivo Y100 1TB - Cream,0
redmi note 14s midnight black 8 128gb,redmi note 15 pro 5g 8 256gb titanium color,0
Smartfon Xiaomi Poco X5 Pro 1TB Black,Xiaomi Poco X5 Pro,1
Infinix Hot 40 Pro 512GB - Deep Purple,Redmi Redmi A2+ 12GB/256GB Lavender,0
Smartfon Samsung Galaxy M34 5G 256GB Starlight,Galaxy F14 5G 256GB (Starlight),0
Xiaomi Poco M6 Pro 128GB Lavender,Redmi 12C 1TB Silver,0
Smartfon Xiaomi Poco F5 64GB Starlight,Xiaomi Poco F5 4GB/64GB Starlight,1
Oppo Reno 11 Pro 256GB - Cream,Oppo Find X7 Ultra 256GB Cream,0
беспроводные наушники xiaomi buds 5 graphite black,xiaomi poco x7 pro black 12 256gb,0
Smartfon Vivo Y200 64GB/8GB Graphite,Vivo Y200 128GB (Black),0
Oppo Oppo Find X7 16GB+512GB,Oppo Oppo Find X7 128GB White,0
Redmi Redmi Note 13 Pro 512GB Natural,Smartfon Redmi Redmi Note 13 Pro 1TB Coral,0
Oppo Oppo Reno 11 8GB/256GB Titanium,Oppo Reno 11 256GB Titanium,1
Смартфон Tecno Tecno Phantom V Fold 512GB Silver,Tecno Tecno Phantom V Fold 12GB+128GB,0
apple iphone 17 air 256gb esim esim sky blue smartfoni tpu transparent g ilof sovg aga,смартфон apple iphone 15 256gb green,0
Samsung Galaxy A05 White 128GB,Galaxy A05 64GB Green,0
Oppo Reno 12 256GB (Lavender),Смартфон Oppo Oppo Reno 12 256GB Lavender,1
samsung galaxy a57 5g awesome navy 8 128gb,samsung galaxy a57 5g awesome 8 128gb,1
Samsung Galaxy M34 5G 64GB Coral,Samsung Galaxy Z Fold 4,0
honor 600 lite velvet black 8 256gb,honor x6b 6 256gb midnight black,0
honor x8b midnight black 8 256gb,honor x5b plus,0
Galaxy S24+ 64GB - Natural,Samsung Galaxy S24+ 3GB/64GB Natural,1
Tecno Tecno Pop 8 4GB/1TB Deep Purple,Tecno Tecno Pop 8 4GB+1TB,1
iphone 17 pro max cosmic orange 256gb,17 iphone pro max cosmic orange 256gb,1
Smartfon Vivo V27 512GB/8GB Cream,Vivo Vivo V27 8GB+512GB,1
смартфон apple iphone 14 plus 6 512gb красный,смартфон samsung galaxy a06 4 128gb black,0
Smartfon Vivo V27 256GB/3GB Gold,Смартфон Vivo Vivo Y36 256GB Gold,0
Realme Realme 11 Pro+ 256GB White,Смартфон Realme Realme 11 256GB White,0
Tecno Tecno Camon 30 Pro 16GB/64GB Starlight,Smartfon Tecno Camon 30 Pro 64GB/16GB Starlight,1
Smartfon Infinix Zero 30 128GB/6GB Starlight,Infinix Infinix Zero 30 6GB+128GB,1
Realme Realme C55 6GB+64GB,Realme Realme C55 6GB+64GB,1
Vivo Vivo X90 Pro 12GB/256GB Coral,Vivo Vivo X90 Pro Coral 256GB,1
Vivo Vivo Y22s,Смартфон Vivo Vivo X90 Pro 64GB Purple,0
Poco X6 64GB - Purple,Poco X6 64GB Purple,1
honor x9c 5g purple 8 256gb,honor x8d 8 128gb velvet gray,0
Smartfon Apple iPhone 12 mini 1TB Purple,Infinix Smart 8 128GB (Blue),0
samsung galaxy a16 gray 8 256gb,samsung galaxy a16 256gb 8 gray,1
Apple iPhone 12 256GB Silver,Smartfon iPhone 12 256GB/4GB Silver,1
смартфон honor x5 plus 4 64gb cyan lake,смартфон honor x6b 6 128gb midnight black,0
Honor Magic6 Pro 1TB Black,Honor X9a 1TB (Black),0
Vivo Vivo Y35 16GB+128GB,Vivo Vivo Y35 16GB+128GB,1
Oppo Oppo Reno 11 Pro 128GB Gold,Samsung Galaxy A34 8GB/256GB Green,0
прода тся телефон redmi note 13 pro,redmi not 11 pro,0
Honor 200 256GB (Starlight),Honor Honor 200 6GB+256GB,1
Xiaomi Xiaomi 12 6GB/64GB Lavender,Xiaomi 12 64GB Lavender,1
Tecno Pova 5 64GB (Gold),Смартфон Tecno Tecno Pova 5 64GB Gold,1
Xiaomi 12X 512GB Graphite,Xiaomi 12X 1TB (Lavender),0
Honor Honor 200 256GB Lavender,Honor 90 256GB Lavender,0
Smartfon Infinix Note 30 128GB/4GB Natural,Infinix Smart 8 128GB (Natural),0
iPhone 12 Pro Max 256GB Starlight,Apple iPhone 12 Pro Max 4GB+256GB,1
redmi not 8 128gb,redmi 8 128gb,1
Oppo Oppo A38 12GB/64GB Cream,Smartfon Oppo Oppo A38 64GB Cream,1
Poco F5 512GB - Graphite,Samsung Galaxy Z Flip 5,0
Redmi Redmi K70 Pro Black 512GB,Redmi Redmi K70 Pro,1
Смартфон Xiaomi Xiaomi 12 Pro 128GB Lavender,Tecno Spark 20 Pro+ 256GB Gold,0
Realme 12+ 128GB Green,Smartfon Realme 12+ 128GB/6GB Green,1
Smartfon Vivo Vivo V30 Pro 128GB Black,Smartfon Vivo V30 Pro 128GB/12GB Black,1
Smartfon Apple iPhone 14 Pro 1TB Blue,Smartfon iPhone 14 Pro 512GB/6GB Cream,0
Смартфон Xiaomi Xiaomi 13T Pro 128GB Purple,Xiaomi Xiaomi 13T Pro 128GB Purple,1
Infinix Infinix Zero 20 16GB/1TB Black,Smartfon Infinix Infinix Zero 20 1TB Black,1
Samsung Galaxy A34 512GB White,Smartfon Realme Note 50 128GB/4GB Natural,0
smartfon redmi a5 4 128gb midnight black,redmi note 14 pro 5g midnight black 8 256gb,0
Realme Realme Note 50 12GB/64GB Lavender,Realme Realme Note 50 12GB+64GB,1
Tecno Tecno Spark 20,Tecno Phantom X2 Pro 128GB - Gold,0
Oppo Oppo Reno 12 Pro 12GB+64GB,Oppo Oppo Reno 12 Pro 64GB Titanium,1
Tecno Tecno Spark 20 Pro+ Purple 128GB,Tecno Tecno Spark 20 Pro+ 8GB/512GB Midnight,0
Infinix Infinix Zero 20,Smartfon Infinix Infinix Zero 20 512GB Coral,1
Vivo Vivo V30e 12GB/128GB Natural,Vivo V30e 128GB - Natural,1
redmi note 14 6 128 8 256 8 128,redmi note 13 pro midnight black 8 256gb,0
Redmi Redmi Note 13 Pro 12GB+128GB,Smartfon Redmi Redmi Note 13 Pro 64GB Starlight,0
iPhone 14 Plus 64GB Coral,iPhone 14 Plus 64GB - Coral,1
Смартфон Honor Honor Magic6 Pro 128GB Natural,Honor Magic6 Pro 128GB (Natural),1
vivo y04 4 128gb gold,gold y04 4 128gb vivo,1
Смартфон Xiaomi Poco X6 512GB Coral,Xiaomi Poco M5s Coral 512GB,0
Samsung Galaxy Z Fold 4 1TB Black,Smartfon Samsung Galaxy Z Flip 5 1TB Black,0
Realme Realme 12+ 64GB Titanium,Smartfon Realme 12+ 64GB/8GB Titanium,1
Oppo Oppo A58 12GB+256GB,Oppo A58 256GB (Coral),1
Смартфон Vivo Vivo Y200 1TB White,Vivo Vivo Y200 White 1TB,1
Xiaomi Xiaomi 13T,Xiaomi Xiaomi 13T,0
Infinix Infinix Note 40 Pro Midnight 512GB,Oppo Oppo A17 64GB Green,0
Oppo Oppo Reno 12 Pro 16GB+64GB,Oppo Oppo Reno 12 Pro 16GB+64GB,1
redmi note 15 sandy purple 6 128gb,redmi 15 titan grey 6 128gb,0
Redmi Redmi Note 13 Pro+ 512GB Black,Redmi Redmi Note 13 Pro+ 512GB Black,1
Infinix Note 30 Pro 512GB Silver,Smartfon Infinix Note 30 Pro 512GB/4GB Silver,1
смартфон samsung galaxy s22 ultra 5g 12 256gb red,смартфон vivo y02t 4 64 blue,0
кабель us0402 lighting micro type c,samsung a37 доставка проверка при получении,0
Honor Honor X7a 128GB Green,Honor X7a 64GB - Black,0
Xiaomi Xiaomi 12 Pro 12GB+256GB,Смартфон Xiaomi Xiaomi 11T Pro 256GB Blue,0
Realme Realme 11 Pro+ 3GB/256GB Cream,Samsung Galaxy F14 5G Natural 64GB,0
Smartfon Apple iPhone 15 Pro Max 256GB Purple,Смартфон Apple iPhone 15 Pro Max 256GB Purple,1
Realme 12 Pro 512GB Blue,Vivo Vivo Y200 256GB Cream,0
Smartfon Samsung Galaxy A15 1TB White,Galaxy A15 1TB - White,1
Realme 12 Pro 512GB (Gold),Realme 12 Pro 512GB (Gold),1
смартфон honor 400 lite 8 256 mars green,smartfon honor x9d 12 256gb sunrise gold,0
Infinix Zero 30 5G 256GB Natural,Infinix Infinix Zero 30 5G Natural 256GB,1
Smartfon Xiaomi 13 Pro 1TB/16GB Cream,Smartfon Xiaomi Xiaomi 13 Pro 1TB Cream,1
redmi not 8 hamma joyi ishlidi aybi yoq 128gb,смартфон redmi a5 4 128gb midnight black,0
Apple iPhone 15 Pro Coral 512GB,Tecno Tecno Camon 30 64GB Graphite,0
Honor Honor 90 4GB+64GB,Honor 90 1TB Natural,0
Смартфон Oppo Oppo Reno 10 Pro 512GB Natural,Oppo Reno 10 Pro 64GB - Graphite,0
Realme Realme 11 12GB/128GB Green,Honor Honor 90 Pro 12GB+1TB,0
redmi note 15 8 256 purple,свой redmi note 9 pro 6 128 гб цвет tropical green,0
Infinix Infinix Zero 30 5G 8GB/512GB Silver,Смартфон Infinix Infinix Zero 30 5G 512GB Silver,1
Smartfon Realme 11 256GB/16GB Midnight,Realme Realme 11 256GB Midnight,1
iPhone SE 3 512GB - White,Apple iPhone SE 3,1
смартфон infinix smart 8 4 64gb shiny gold,смартфон infinix smart 8 4 64gb shiny,1
Oppo Oppo Reno 10,Smartfon Oppo Reno 10 64GB/4GB Midnight,0
Smartfon Xiaomi 14 Pro 128GB/8GB Coral,Smartfon Xiaomi 14 Pro 128GB/8GB Coral,1
Smartfon Honor 200 1TB/4GB Purple,Honor Honor 90 Lite Purple 1TB,0
Apple iPhone 12 64GB Graphite,Apple iPhone 12,1
iPhone 15 Pro 512GB (Graphite),Smartfon Apple iPhone 15 Pro 512GB Graphite,1
смартфон xiaomi redmi 15c 8 256gb midnight black,смартфон xiaomi redmi 15c midnight 256gb 8 black,1
Tecno Tecno Pova 5 Pro,Tecno Tecno Spark 10,0
Apple iPhone 13 Pro Coral 64GB,Infinix Infinix Zero 30 5G 8GB+128GB,0
Redmi Redmi 12C Silver 64GB,Redmi 12C 64GB - Silver,1
Redmi Redmi Note 13 Pro+ 12GB+128GB,Smartfon Redmi Redmi Note 13 Pro+ 128GB Deep Purple,1
Smartfon Oppo A79 5G 1TB/16GB Blue,Xiaomi 11 Ultra 128GB (Midnight),0
смартфон apple iphone 17 pro 1tb deep blue,apple смартфон iphone 17 pro 1tb deep blue,1
Oppo Oppo A79 5G 256GB Blue,Oppo Oppo A79 5G 3GB/128GB Titanium,0
смартфон iphone xr 128gb white,128gb iphone xr смартфон white,1
Honor Honor 80 Pro 6GB/128GB Titanium,Infinix Smart 8 Pro 1TB - Starlight,0
smartfon samsung galaxy a17 8 256гб black,256гб samsung galaxy a17 8 smartfon black,1
Redmi Redmi Note 13 Pro+ 1TB Titanium,Redmi Note 13 Pro+ 1TB - Titanium,1
Smartfon Tecno Camon 30 Pro 256GB/8GB Deep Purple,Tecno Tecno Pova 5 Pro 256GB Deep Purple,0
Smartfon Samsung Galaxy M34 5G 64GB Green,Smartfon Samsung Galaxy Z Fold 4 64GB Green,0
Smartfon Realme Realme 9 Pro+ 64GB Natural,Смартфон Realme Realme 9 Pro+ 64GB Natural,1
Vivo Y35 256GB Starlight,Vivo Y35 128GB - Purple,0
смартфон huawei nova y63 4 128gb silver,смартфон poco c65 8gb 256gb,0
Apple iPhone 15 16GB+1TB,Apple iPhone 15 256GB Coral,0
Vivo V27 Pro 128GB (White),Smartfon Vivo V27 Pro 128GB/8GB White,1
Smartfon Realme Realme GT 5 Pro 128GB Lavender,Xiaomi Xiaomi 14T 12GB+1TB,0
Samsung Galaxy Z Fold 4 128GB Blue,Apple iPhone 11 3GB/512GB Graphite,0
Tecno Tecno Pova 6 Pro 12GB/512GB Graphite,Tecno Pova 6 Pro 1TB Black,0
Смартфон Infinix Infinix Note 40 64GB Deep Purple,Smartfon Infinix Note 40 64GB/12GB Deep Purple,1
смартфон honor x7b 8 128 emerald green,трипод jmary настольный штатив mt 27,0
Poco F5 128GB Midnight,Redmi Redmi Note 12 Pro,0
Tecno Tecno Camon 30 Pro 16GB/64GB Deep Purple,Tecno Tecno Camon 30 Pro 64GB Deep Purple,1
Xiaomi Poco X6 512GB Midnight,Poco M6 Pro 512GB (Midnight),0
Tecno Tecno Spark 10 12GB/1TB Cream,Tecno Spark 10 1TB - Cream,0
Смартфон Redmi Redmi Note 12 Pro 256GB Lavender,Redmi Redmi Note 12 Pro 8GB/256GB Lavender,1
Apple iPhone 15 Plus 1TB Blue,iPhone 11 Pro Max 1TB Blue,0
Смартфон Realme Realme 12 Pro+ 512GB Blue,Tecno Pova 6 Pro 64GB - Green,0
Honor 90 64GB - Lavender,Honor Honor Magic5 Lite Lavender 64GB,0
смартфон xiaomi redmi 10a 3 64gb gray,смартфон xiaomi 14 12 256gb dual nano sim cn pink,0
Oppo Reno 10 Pro+ 128GB Green,Oppo Reno 10 Pro+ 128GB - Green,1
Tecno Tecno Camon 20 Pro 6GB/64GB Natural,Tecno Camon 20 Pro 64GB - Natural,1
Realme 12 Pro+ 64GB (Lavender),Realme Realme 12 Pro+,1
смартфон samsung galaxy s26 ultra 16 1tb dual sim violet,смартфон samsung galaxy s26 ultra 16 dual sim violet,1
Tecno Phantom V Fold 256GB (Purple),Tecno Tecno Phantom V Fold Purple 256GB,1
apple iphone 17 pro max 256gb 1 sim 1 esim cosmic orange smartfoni,apple iphone max pro 17 256gb 1 sim 1 esim cosmic orange smartfoni,1
Realme Realme GT Neo 5 SE,Realme Realme GT 5 4GB/256GB White,0
Redmi A3 128GB - Deep Purple,Smartfon Redmi Redmi Note 11S 128GB Deep Purple,0
Oppo Oppo A38 Starlight 256GB,Oppo Oppo A38 8GB+256GB,1
Smartfon Vivo Vivo X100 Pro 64GB Coral,Vivo Vivo X100 Pro Coral 64GB,1
Redmi K70 Pro 512GB (Midnight),Redmi Redmi K70 Pro,1
Смартфон Realme Realme 12+ 512GB Blue,iPhone 12 64GB (White),0
Smartfon Honor Honor X9b 1TB Midnight,Honor X9b 1TB (Midnight),1
Xiaomi Xiaomi 14T Pro 512GB Natural,Xiaomi Xiaomi 14T Pro 3GB/512GB Natural,1
Smartfon Infinix Zero 30 5G 256GB/6GB Graphite,Infinix Zero 30 5G 256GB - Graphite,1
смартфон vivo y27s 8 128gb burgundy,y27s vivo смартфон 8 128gb burgundy,1
смартфон xiaomi 12t pro silver 12 256gb,смартфон 256gb 12t pro silver 12 xiaomi,1
Vivo Vivo Y36 512GB Lavender,Vivo Y36 512GB - Lavender,1
Vivo Vivo V29 Pro White 256GB,Vivo Vivo V29 Pro 256GB White,1
honor 600 black 8 256gb,honor 400 8 256gb midnight black juicer 100gb internet 3 months of free tv com,0
Tecno Tecno Phantom X2 Pro Purple 256GB,Tecno Phantom X2 Pro 256GB (Purple),1
Smartfon Redmi Note 12 64GB/12GB Cream,Redmi Redmi Note 12 64GB Cream,1
Xiaomi Poco X5 12GB+128GB,Xiaomi Poco X5 12GB/1TB White,0
смартфон honor x7b 8 128 emerald green,honor x9c 5g 12 256,0
Galaxy Z Fold 5 128GB - Starlight,Honor 90 Lite 512GB (Midnight),0
smartfon redmi a5 3 64gb sandy gold,продам телефоны redmi note 13 две штуки,0
Realme Realme C55 White 64GB,Poco X5 256GB - Natural,0
Smartfon Vivo Vivo Y100 256GB Titanium,Vivo Vivo Y100,1
Xiaomi 11 Ultra 512GB - Purple,Smartfon Xiaomi 11 Ultra 512GB/12GB Purple,0
Honor Honor 100 Pro,Smartfon Honor Honor 200 Pro 64GB Silver,0
Oppo Oppo Find X7 Silver 1TB,Tecno Tecno Pova 5 Pro,0
смартфон iphone 14 512gb blue,poco m8 5g 8 256 black,0
redmi note 14 8 256 lime green,huawei nova 12i green 8 128gb,0
Vivo X100 256GB Starlight,Vivo Vivo X100 Starlight 256GB,1
Smartfon Infinix Note 40 Pro 512GB/16GB Lavender,Infinix Note 40 Pro 512GB (Lavender),1
Smartfon Tecno Spark 20 Pro 64GB/8GB Deep Purple,Smartfon Tecno Tecno Spark 20 Pro 512GB Lavender,0
смартфон vivo y28 8 128 gleaming orange,смартфон vivo y28 128 gleaming orange,1
смартфон apple iphone 16 plus 128gb sim esim black,смартфон apple iphone 16 plus 128gb sim black,1
Smartfon Galaxy S23 FE 1TB/6GB Coral,Смартфон Samsung Galaxy S23 FE 64GB White,0
Vivo Vivo V27 Pro Blue 64GB,Vivo Vivo V27 Pro 1TB Natural,0
Redmi Redmi Note 11 64GB Titanium,Redmi Redmi Note 11 Titanium 64GB,1
Oppo Oppo Find X7 Graphite 512GB,Oppo Reno 12 512GB - Graphite,0
Smartfon Honor 90 Pro 64GB/6GB White,Smartfon Honor Honor 90 Lite 64GB White,0
Smartfon Honor Magic6 Pro 512GB/8GB Green,Honor Honor Magic6 Pro 8GB+512GB,1
Infinix Infinix Smart 8 Pro 16GB+64GB,Infinix Smart 8 Pro 256GB Silver,0
смартфон infinix note 30 8 256gb obsidian black,смартфон infinix 256gb 30 8 note obsidian black,1
смартфон apple iphone 16 128gb black,xiaomi redmi note 15 pro 4g 8 256gb titanium color,0
Honor Honor X9b 16GB+64GB,Vivo Y100 1TB (Black),0
смартфон xiaomi redmi 12 8 256gb global dual nano sim polar silver,смартфон xiaomi redmi 8 256gb global dual nano sim polar silver,1
Смартфон Samsung Galaxy A34 1TB Gold,iPhone 12 Pro 64GB (Purple),0
Apple iPhone 11 Pro Gold 512GB,iPhone 11 Pro 512GB Gold,1
redmi note 14 8 128 midnight black,redmi 12 128gb,0
Smartfon iPhone 11 Pro 256GB/16GB Green,iPhone 11 Pro 256GB - Green,1
Vivo Vivo V27 Pro,Vivo Vivo V27 Pro 8GB/128GB Natural,0
Honor Honor X7a,Honor Honor X7a 16GB/256GB Starlight,1
Smartfon Galaxy F14 5G 1TB/12GB Titanium,Smartfon Samsung Galaxy M14 1TB Titanium,0
Vivo Vivo X100 Pro 128GB Blue,Vivo X100 Pro 512GB - Gold,0
Smartfon iPhone 14 Pro Max 1TB/16GB Titanium,Realme Realme GT 5 Pro,0
Redmi Redmi Note 12 Pro+,Redmi Redmi Note 12 Pro+ 3GB+128GB,1
смартфон iphone 11 64gb green,смартфон iphone 64gb green,1
Smartfon Realme Realme C33 128GB Starlight,Realme C33 128GB (Starlight),1
Infinix Infinix Note 30 Pro Black 64GB,Infinix Infinix Note 30 Pro 6GB+128GB,0
Apple iPhone 13 Pro 16GB/64GB Natural,Смартфон Apple iPhone 13 Pro 64GB Natural,1
Смартфон Apple iPhone 13 Pro 256GB Green,Смартфон Apple iPhone 13 Pro 512GB Midnight,0
смартфон xiaomi redmi 15 8 256gb midnight black,смартфон xiaomi redmi 15 8 midnight black,1
Смартфон Vivo Vivo V30 Pro 512GB Starlight,Smartfon Vivo Vivo V30 Pro 1TB Lavender,0
Smartfon Realme Realme C33 128GB Black,Realme Realme C33 4GB+64GB,0
Infinix Infinix Hot 40 12GB+64GB,Infinix Infinix Hot 40 256GB Coral,0
Samsung Galaxy A54 5G,Galaxy A54 5G 512GB (Graphite),1
Apple iPhone 15 16GB+128GB,Apple iPhone 15 128GB Lavender,1
Tecno Pop 8 128GB (Coral),Tecno Tecno Pop 8 128GB Coral,1
Honor Honor 100 8GB+512GB,Samsung Galaxy A35 5G 8GB+128GB,0
смартфон xiaomi redmi note 14 pro 4g 8 128gb aurora purple,смартфон xiaomi redmi note 14 pro 4g 128gb aurora purple,1
Honor X9a 64GB (Gold),Honor Honor X9a Gold 64GB,1
Smartfon Galaxy A05 128GB/8GB Coral,Smartfon Galaxy A05 64GB/8GB Natural,0
Realme Realme C67 4GB+64GB,Realme Note 50 64GB (Green),0
Smartfon Infinix Infinix Note 30 Pro 128GB Silver,Honor Honor X7a 3GB/64GB Gold,0
Realme Realme C33 256GB Natural,Realme Realme C33 3GB+256GB,1
Infinix Infinix Zero 20 Cream 1TB,Smartfon Infinix Zero 20 128GB/4GB Silver,0
poco x7 5g silver 8 256gb,смартфон tecno spark 20 8 256,0
Infinix Infinix Note 40 8GB/512GB Deep Purple,Smartfon Infinix Note 40 512GB/8GB Deep Purple,1
Smartfon Xiaomi Poco X6 Pro 256GB Green,Xiaomi Xiaomi 14 Pro 8GB+256GB,0
Samsung Galaxy Z Fold 5 Silver 256GB,Galaxy Z Fold 5 256GB Silver,1
Tecno Tecno Spark 20 Pro+ 16GB/1TB Black,Tecno Tecno Spark 20 Pro+ 16GB+1TB,1
Infinix Infinix Smart 8 Pro 512GB Natural,Смартфон Infinix Infinix Smart 8 Pro 512GB Natural,0
Redmi Redmi A3 6GB+1TB,Redmi Redmi A3 6GB/1TB Blue,1
Xiaomi Xiaomi 14 Pro Green 1TB,Poco X6 1TB - Green,0
Smartfon Redmi Note 12 Pro 512GB/6GB Purple,Redmi Redmi Note 12 Pro 64GB Natural,0
Smartfon Realme Realme GT 5 1TB Blue,Смартфон Realme Realme GT 5 256GB Purple,0
Infinix Infinix Note 40 Pro Titanium 256GB,Infinix Infinix Note 40 16GB+256GB,0
Infinix Note 40 Pro 64GB Starlight,Infinix Infinix Note 40 16GB/64GB Starlight,0
iPhone 15 Pro 1TB - Green,Apple iPhone 15 Pro Max 1TB Green,0
Samsung Galaxy S22 512GB Coral,Smartfon Samsung Galaxy S22 512GB Coral,1
Vivo Vivo Y200 Pro Coral 64GB,Vivo Vivo Y200 Pro Coral 64GB,1
Smartfon Redmi Redmi Note 13 Pro+ 128GB Graphite,Redmi Redmi Note 11 Pro 128GB Graphite,0
Oppo Find X7 1TB Black,Smartfon Realme GT 5 128GB/4GB Starlight,0
Smartfon Realme Realme GT 5 512GB Purple,Smartfon Realme GT 5 512GB/4GB Purple,1
смартфон tecno camon 20 8 256gb serenity blue,смартфон 8 camon 20 tecno 256gb serenity blue,1
Redmi 12C 64GB Cream,Redmi Redmi 12C 16GB/64GB Cream,1
смартфон honor x9d 12 512gb midnight black,смартфон honor x7b 6 128gb shimmering silver,0
смартфон xiaomi redmi note 13 pro 5g 12 512gb dual nano sim aurora purple,смартфон iphone 12 128gb blue,0
Smartfon Realme Realme 12 64GB White,Realme Realme 12 3GB/64GB White,1
Redmi Redmi Note 11 Pro Cream 256GB,Redmi Redmi 12 256GB Cream,0
Infinix Infinix Hot 40 Pro 3GB/256GB Silver,Samsung Galaxy S22 Ultra 3GB+512GB,0
Honor Honor X9a 8GB/1TB Gold,Smartfon Honor X9a 1TB/8GB Gold,1
смартфон vivo v40 lite 8 256 green,смартфон v40 lite 8 256 green,1
смартфон samsung galaxy s26 ultra 5g black 512 гб,xiaomi 14t pro blue 12 1tb,0
Smartfon Infinix Infinix Hot 30 Play 64GB Black,Infinix Hot 30 Play 256GB - Blue,0
Xiaomi 11T Pro 128GB - Lavender,Smartfon Infinix Infinix Note 40 Pro 64GB Purple,0
Smartfon Poco X6 64GB/6GB Blue,Smartfon Poco X6 128GB/6GB Midnight,0
Tecno Pova 6 256GB Silver,Tecno Tecno Pova 6 3GB+128GB,0
смартфон samsung galaxy a36 5g 8 256 гб белый,смартфон samsung galaxy 256 5g 8 a36 гб белый,1
Honor Honor Magic5 Pro 12GB/256GB Coral,Honor Honor Magic5 Pro 12GB/256GB Coral,1
Oppo Oppo Reno 11 Pro 4GB+512GB,Oppo Reno 11 Pro 256GB Purple,0
Honor Honor X8b 1TB Titanium,Смартфон Honor Honor X8b 1TB Titanium,1
Smartfon Samsung Galaxy S23 FE 64GB Purple,Smartfon Galaxy S23+ 64GB/4GB Purple,0
Vivo V30 Pro 64GB - Lavender,Смартфон Vivo Vivo V30 Pro 128GB Cream,0
Infinix Infinix Smart 8 Pro 8GB/1TB White,Realme Realme C67 8GB+512GB,0
смартфон xiaomi redmi note 15 glacier,смартфон xiaomi 14 ultra 16 512 titanium gray,0
Смартфон Honor Honor 100 256GB Titanium,Smartfon Honor Honor 100 256GB Titanium,1
Vivo Vivo V29 Pro 16GB+512GB,Vivo Vivo V29 Pro,1
Realme 12 512GB - Lavender,Realme Realme 12 12GB+512GB,1
Smartfon Apple iPhone 15 Plus 256GB Titanium,Apple iPhone 15 Plus 4GB+256GB,1
Смартфон Honor Honor 90 512GB Midnight,Honor Honor Magic6 Pro 512GB Midnight,0
Smartfon Tecno Phantom V Fold 64GB/8GB Green,Tecno Tecno Phantom V Fold 8GB+64GB,1
беспроводные наушники green lion earbuds 2,беспроводные наушники green earbuds 2,1
Samsung Galaxy A35 5G 12GB/1TB Blue,Samsung Galaxy A35 5G 12GB/1TB Blue,1
Infinix Infinix Smart 8 Pro 3GB+512GB,Infinix Infinix Smart 8 Pro 3GB/512GB Cream,1
Smartfon Oppo A58 64GB/6GB Silver,Oppo A58 64GB - Silver,1
Smartfon iPhone 12 mini 256GB/12GB Lavender,Apple iPhone 12 mini 1TB Purple,0
honor x9c titanium black 8 256gb,смартфон honor x8b 8 256 silver,0
Realme Realme 12 4GB/64GB Coral,Smartfon Realme Realme 12 64GB Coral,1
Tecno Tecno Spark 20 Pro+ Deep Purple 1TB,Tecno Tecno Spark 20 Pro+ Deep Purple 1TB,1
Infinix Infinix Note 30 Pro 8GB/1TB Titanium,Infinix Zero 30 5G 1TB - Titanium,0
Redmi Redmi Note 13 4G Green 512GB,Redmi Note 13 4G 512GB Green,1
смартфон xiaomi redmi note 11 4 128gb graphite gray,128gb xiaomi redmi note 11 4 смартфон graphite gray,1
смартфон oppo a17 4 64gb lake blue,смартфон a17 4 64gb lake blue,1
Infinix Infinix Zero 30 White 128GB,Infinix Infinix Zero 30 12GB/128GB White,1
смартфон xiaomi poco c65 8 256gb dual nano sim global nfc blue,xiaomi poco c65 8 256gb dual nano sim global nfc blue,1
Samsung Galaxy A15,Samsung Galaxy A55 5G 16GB+1TB,0
Vivo Vivo Y35 16GB+512GB,Vivo Y35 512GB (Deep Purple),1
смартфон honor x6a 6 128gb dual nano sim серебристый,смартфон honor x6a 6 серебристый dual nano sim 128gb,1
смартфон xiaomi redmi note 13 pro 8 256gb lavender purple,смартфон xiaomi redmi note 13 pro 8 256gb purple,1
Смартфон Infinix Infinix Smart 8 64GB Coral,Infinix Smart 8 64GB Coral,1
смартфон xiaomi mi 11 lite 8 128gb 4g black global version,смартфон xiaomi redmi 5 plus 4 64gb china version,0
Vivo Vivo V30e Cream 128GB,Vivo Vivo V30e 3GB/128GB Cream,1
Tecno Pop 8 1TB - Lavender,Tecno Tecno Pova 5 1TB Lavender,0
Galaxy S21 FE 1TB (Graphite),Honor Honor 80 Pro 16GB/256GB Natural,0
Oppo Oppo Reno 12 Pro 256GB White,Oppo Oppo Reno 12 Pro 4GB+256GB,1
Infinix Zero 30 5G 512GB - Purple,Smartfon Infinix Zero 30 5G 64GB/4GB Silver,0
Honor Honor X8a,Honor X7b 128GB Green,0
смартфон samsung galaxy z fold5 12 1tb dual nano sim esim голубой,смартфон samsung galaxy z 12 1tb dual nano sim esim голубой,1
смартфон samsung galaxy a72 8 256gb blue,galaxy samsung смартфон a72 8 256gb blue,1
смартфон xiaomi redmi note 11s 6 128 гб global graphite,смартфон xiaomi 12 lite eea 8 256gb black,0
Apple iPhone 15 Pro 256GB Coral,Apple iPhone 15 Pro 16GB+256GB,1
смартфон honor x5 plus 4 64 black,iphone 13 pro graphite rangida 128 talik 82 hamma joyi ideal qirlmagn,0
Honor Honor X7a 1TB Gold,Смартфон Honor Honor X7a 1TB Gold,1
Смартфон Apple iPhone 11 Pro 1TB Starlight,Apple iPhone 11 Pro,1
Realme 12 Pro 128GB (Silver),Realme 12 Pro 128GB (Silver),1
Vivo Vivo V30 Pro,Smartfon Vivo Vivo V30 Pro 128GB Black,1
Tecno Tecno Spark 20 Pro+ 8GB+256GB,Tecno Tecno Spark 20 Pro+ 8GB/256GB Purple,1
redmi 15c 6 128gb mint green,redmi note 14 pro ocean blue 12 256gb,0
Смартфон Tecno Tecno Spark 20 Pro 64GB Natural,Tecno Tecno Pova 5 Pro 3GB/64GB Natural,0
Oppo Reno 12 64GB (Black),Oppo Oppo Reno 12 Black 64GB,1
samsung galaxy s24,galaxy s24,1
Smartfon Oppo Oppo Find X6 Pro 64GB Starlight,Oppo Find X6 Pro 256GB Natural,0
смартфон realme 10 4g 8 128gb clash white,clash realme 10 4g 8 128gb смартфон white,1
Poco X5 Pro 256GB (Titanium),Xiaomi Poco X5 Pro 4GB/256GB Titanium,1
honor x6c midnight black 6 128gb,смартфон honor 400 12 512gb midnight black,0
galaxy a57 8 128 dark blue sm a576bdbesoz,galaxy a57 8 dark 128 blue sm a576bdbesoz,1
Smartfon Vivo Vivo V30e 512GB Black,Honor Honor X9b Gold 256GB,0
Realme Realme GT Neo 5 SE 3GB+128GB,Realme GT Neo 5 SE 256GB (Black),0
беспроводной петличный микрофон green lion usb c gnwirtycbk,беспроводной петличный микрофон gnwirtycbk lion usb c green,1
Oppo Oppo A78 16GB/512GB Deep Purple,Oppo Oppo A78 Deep Purple 512GB,1
Xiaomi 14 Pro 256GB (Deep Purple),Xiaomi Xiaomi 14 Pro Deep Purple 256GB,1
смартфон xiaomi mi 10t lite 6 128gb black global version,xiaomi mi 10t lite 6 128gb black global version,1
Smartfon Xiaomi Poco X5 Pro 512GB Natural,Smartfon Xiaomi Poco X5 Pro 512GB Natural,0
samsung galaxy s25 fe 8 256gb black,s25 galaxy samsung fe 8 256gb black,1
Realme Note 50 128GB Natural,Realme GT 5 128GB - Natural,0
смартфон xiaomi 13 lite 8 128gb blue,смартфон xiaomi 13 lite 128gb 8 blue,1
смартфон samsung galaxy s26 12 256gb white,смартфон samsung galaxy a52 128gb white,0
беспроводные наушники belkin soundform move plus black,black наушники belkin soundform move plus беспроводные,1
Vivo Vivo Y100,Smartfon Vivo Vivo Y100 256GB Purple,0
Redmi 12 128GB - Deep Purple,Redmi 12 128GB Deep Purple,1
Oppo Oppo Reno 12 Pro 12GB/128GB Cream,Oppo Oppo A38 Cream 128GB,0
Honor 200 64GB Green,Honor Honor 200 12GB/64GB Green,1
Galaxy S23 FE 1TB - Purple,Oppo Reno 11 Pro 128GB - Blue,0
reno 15f 8 256 5g twilight blue,reno 15f 8 5g twilight blue,1
смартфон samsung galaxy a33 8 128gb blue,смартфон samsung galaxy a24 4 128gb black,0
Infinix Infinix Note 40 Pro 256GB Blue,Infinix Infinix Note 30 Pro 256GB Blue,0
Poco X6 Pro 1TB (White),Smartfon Xiaomi Poco X6 Pro 1TB White,1
iphone 11 pro 256gb sotiladi,iphone 11 pro sotiladi,1
Redmi Redmi 13 White 128GB,Infinix Infinix Note 40 Pro,0
Oppo A38 128GB Titanium,Oppo A38 128GB Titanium,1
redmi 15c 8 256 blue,redmi note 17 black 8 256gb рюкзак в подарок,0
Apple iPhone 13 Pro 16GB/1TB White,iPhone 13 Pro 64GB (Gold),0
honor x7c midnight black 6 128gb,смартфон honor x7d 6 128 velvet black,0
Oppo A17 64GB (Lavender),Oppo A17 128GB White,0
Tecno Pova 6 Pro 256GB (Blue),Tecno Tecno Pova 6 Pro 16GB/256GB Blue,1
Smartfon Honor X8a 256GB/4GB Lavender,Honor X9a 256GB (Lavender),0
Oppo Oppo Reno 11 Pro,Oppo Oppo A58 Black 1TB,0
Смартфон Honor Honor X8a 64GB Silver,Honor 90 64GB - Silver,0
Oppo Oppo Find X7 Ultra 6GB+1TB,Oppo Oppo Find X7 Ultra Starlight 1TB,1
Smartfon Tecno Tecno Spark 20 64GB Graphite,Смартфон Tecno Tecno Spark 20 64GB Graphite,1
redmi note 15 night black 8 128gb,black note 15 night redmi 8 128gb,1
Galaxy S23 128GB - Coral,Galaxy S23 128GB Coral,1
Honor 80 Pro 256GB Coral,Smartfon Honor Honor X8b 256GB Coral,0
Infinix Infinix Hot 30 Play 6GB/1TB Black,Smartfon Infinix Infinix Hot 40 Pro 1TB Black,0
кабель borofone bx51 triumph type c type c white,xiaomi 15 12 256gb white,0
Samsung Galaxy Z Fold 5 Blue 1TB,Samsung Galaxy Z Fold 5 6GB+1TB,1
Vivo X100 Pro 128GB Blue,Vivo Vivo X100 128GB Blue,0
Smartfon Vivo Y35 512GB/6GB Coral,Vivo Vivo Y35 512GB Coral,1
Infinix Note 40 256GB (Black),Смартфон Infinix Infinix Note 40 256GB Black,1
смартфон redmi note 15 pro 8 256gb black,redmi note 15 purple 6 128gb,0
Smartfon Xiaomi Poco F5 256GB Gold,Poco F5 512GB (Cream),0
Honor Honor 90 1TB Titanium,Honor 90 1TB (Titanium),1
смартфон samsung galaxy a36 5g 12 256gb black,смартфон samsung galaxy a36 256gb 12 5g black,1
ajib i15 4 64 blue smartfoni,ajib 4 i15 64 blue smartfoni,1
Realme Realme GT 5 Starlight 512GB,Oppo Reno 10 128GB (Blue),0
huawei nova 13i 8 128gb white,huawei 8 13i nova 128gb white,1
xiaomi 15 ultra 16 512gb black smartfoni,смартфон honor x8c 6 128gb midnight black,0
Realme Realme GT 5 Pro,Smartfon Realme Realme 12+ 64GB Graphite,0
Xiaomi 13 Pro 1TB (Natural),Xiaomi Poco X6 6GB/1TB Natural,0
Smartfon Galaxy Z Fold 5 512GB/12GB Titanium,Galaxy Z Fold 5 1TB (Gold),0
Redmi Redmi Note 13 Pro 64GB White,Smartfon Redmi Redmi Note 13 Pro 512GB Cream,0
Realme Realme C67 Green 64GB,Realme C67 64GB Green,1
Smartfon Tecno Tecno Phantom X2 Pro 128GB Graphite,Smartfon iPhone 14 Plus 64GB/8GB Silver,0
redmi 15c midnight black 8 256gb,смартфон samsung galaxy a15 8 256gb light blue,0
смартфон iphone 11 pro max 256gb dual gray,смартфон iphone 11 pro max 256gb gray,1
Samsung Galaxy A54 5G Starlight 512GB,Galaxy A54 5G 64GB (Blue),0
Xiaomi Xiaomi 12X 6GB/1TB Silver,Xiaomi Xiaomi 12X 6GB+1TB,1
Realme Realme 9 Pro+ 4GB+256GB,Smartfon Realme 9 Pro+ 256GB/4GB Natural,1
Redmi Redmi A3,Smartfon Redmi K60 64GB/6GB Deep Purple,0
Oppo Oppo Find X7 Ultra Black 512GB,Смартфон Oppo Oppo Find X7 Ultra 512GB Black,1
Apple iPhone 15 Pro Cream 512GB,iPhone 15 Pro 512GB (Cream),1
samsung a26 5 g sotiladi,samsung 5 g sotiladi,1
Apple iPhone 12 mini 16GB+64GB,Apple iPhone 12 mini 16GB+64GB,1
смартфон tecno spark 10 4 128gb orange,смартфон tecno spark 10 4 orange,1
Смартфон Realme Realme C65 64GB Natural,Smartfon iPhone 13 Pro Max 512GB/4GB Green,0
Redmi Redmi A3,Смартфон Apple iPhone 14 Pro 256GB Silver,0
Redmi K60 1TB (Gold),Smartfon Redmi Redmi K60 256GB Green,0
redmi nod 15 pro sotiladi,redmi 15 6 128 8 128 8 256,0
Xiaomi Xiaomi 12 Starlight 512GB,Смартфон Xiaomi Xiaomi 12 128GB Titanium,0
смартфон infinix smart 10 4 256gb silver,infinix смартфон smart 10 4 256gb silver,1
Смартфон Vivo Vivo Y35 256GB Purple,Smartfon Vivo Vivo Y35 1TB Starlight,0
honor 400 lite 5g 8 256gb velvet grey smartfoni oq sim kartasi sovg aga 100gb 3 oyga,honor x9d 5g 8 256gb qizil smartfoni,0
Smartfon Poco X5 128GB/3GB Coral,Xiaomi 11T 128GB (Coral),0
смартфон samsung galaxy z flip6 12 256gb nano sim esim серый,смартфон samsung galaxy z flip6 nano 256gb 12 sim esim серый,1
Apple iPhone 14 Pro Max,Apple iPhone 14 Pro Max Cream 64GB,0
Infinix Note 30 Pro 128GB Coral,Infinix Note 30 Pro 128GB - Coral,1
redmi not 13 128gb aybi steklo ozigina chatnagan bilinmaydi naxt,redmi note 15 8 256 6 128gb,0
Infinix Infinix Smart 8 Pro Graphite 64GB,Infinix Smart 8 Pro 64GB (Graphite),1
Tecno Tecno Phantom X2 Pro,Tecno Phantom X2 Pro 256GB (Natural),1
Смартфон Realme Realme C53 1TB Purple,Realme Realme C53 6GB+64GB,0
Vivo Y22s 64GB - Graphite,Poco F5 Pro 512GB - Starlight,0
Tecno Pova 6 Pro 256GB (Coral),Tecno Spark 20 Pro+ 256GB - Coral,0
Realme 12+ 512GB (White),Смартфон Realme Realme 12+ 512GB White,1
Smartfon Apple iPhone 15 Pro Max 128GB Green,Smartfon iPhone 15 Pro Max 128GB/16GB Green,1
Realme Realme GT 5 128GB Natural,Realme GT 5 64GB - White,0
Smartfon Oppo Reno 10 Pro+ 1TB/8GB Gold,Oppo Oppo Reno 10 Pro+ Gold 1TB,1
смартфон honor x6a 6 128gb dual nano sim черный,смартфон honor x6a 6 128gb sim nano dual черный,1
Samsung Galaxy Z Fold 4 12GB+128GB,Galaxy S23 128GB - White,0
iPhone 15 Plus 64GB (Gold),Apple iPhone 15 Plus 16GB+64GB,1
Infinix Smart 8 Pro 1TB - Natural,Infinix Smart 8 Pro 1TB (Natural),1
Xiaomi 12 256GB - Natural,Xiaomi Xiaomi 12 Cream 1TB,0
oppo a6x 4 128 ice blue,oppo 128 4 a6x ice blue,1
apple iphone 16 pro max 1tb white titanium 100gb of internet 3 months of tv com for free,смартфон samsung galaxy a04e 3 32gb copper,0
Oppo Oppo Reno 11 8GB/512GB Deep Purple,Oppo Reno 11 512GB - Deep Purple,1
Samsung Galaxy S24 8GB/128GB Silver,Galaxy S24 128GB Silver,1
Xiaomi Poco F5 12GB+256GB,Смартфон Xiaomi Poco F5 256GB Purple,1
Realme C67 64GB - Green,Realme Realme C67 Green 64GB,1
смартфон xiaomi redmi note 15 pro 5g 8 256 glacier blue,xiaomi 17t 12 512gb violet,0
Smartfon Infinix Note 40 Pro 64GB/6GB Blue,Infinix Note 40 Pro 64GB (Blue),1
Smartfon Galaxy A54 5G 1TB/16GB Lavender,Samsung Galaxy A54 5G 16GB+1TB,1
Smartfon Tecno Camon 20 Pro 128GB/6GB White,Smartfon Tecno Tecno Camon 20 Pro 128GB White,1
Xiaomi 14 Pro 64GB - Midnight,Xiaomi Xiaomi 14 Pro,1
Infinix Infinix Zero 30,Samsung Galaxy S24+,0
Honor Honor X8b 4GB/128GB Silver,Honor X8b 256GB Green,0
Oppo Oppo A78 6GB+1TB,Vivo X90 Pro 512GB Blue,0
samsung galaxy s25 ultra titanium grey 12 256gb,samsung s25 galaxy ultra titanium grey 12 256gb,1
Apple iPhone 11 Pro,Vivo X100 Pro 256GB (Graphite),0
Realme Realme 12+ 4GB+256GB,Tecno Tecno Pop 8 Gold 512GB,0
Realme Realme 11 Graphite 256GB,Honor Honor X9a 4GB+128GB,0
Smartfon Vivo Y200 Pro 1TB/8GB Natural,Redmi Redmi Note 13 Deep Purple 512GB,0
Xiaomi Xiaomi 14 12GB+512GB,Xiaomi Xiaomi 14 Blue 512GB,1
Galaxy S24 64GB - Titanium,Infinix Infinix Zero 30,0
Tecno Tecno Spark 20 Pro+ Titanium 1TB,Smartfon Tecno Tecno Spark 20 Pro+ 1TB Titanium,1
Apple iPhone SE 3 3GB+64GB,iPhone SE 3 64GB Green,1
Vivo Y200 1TB Silver,Smartfon Vivo Y200 1TB/16GB Silver,1
Poco X6 Pro 512GB (Starlight),Xiaomi Poco X6 Pro Starlight 512GB,1
Tecno Tecno Pova 5 Silver 256GB,Realme Realme C65 1TB Cream,0
Tecno Tecno Camon 30 Pro,Tecno Camon 30 Pro 512GB Titanium,1
Смартфон Samsung Galaxy S23 64GB Purple,Smartfon Galaxy S24 64GB/12GB Purple,0
Apple iPhone 15 Pro 128GB Gold,Smartfon iPhone 15 Pro 1TB/3GB Deep Purple,0
Realme 12+ 1TB (Black),Realme 12 Pro+ 1TB (Black),0
Xiaomi Poco X5 Pro,Xiaomi Xiaomi 14 Ultra 512GB Cream,0
Xiaomi Poco M6 Pro 4GB+64GB,Poco M6 Pro 64GB (Cream),1
Oppo Oppo Find X7,Infinix Infinix Zero 20 12GB/256GB Lavender,0
кабель borofone aux bl4 1m,кабель aux bl4 1m,1
Smartfon Infinix Hot 40 512GB/12GB Titanium,Smartfon Infinix Infinix Hot 40 512GB Titanium,1
Tecno Pova 5 Pro 256GB Lavender,Tecno Tecno Pova 5 Pro Black 512GB,0
Redmi Redmi K60 6GB/128GB Coral,Redmi K60 128GB Coral,1
iPhone 12 1TB Green,Apple iPhone 12,1
Smartfon Realme Realme 12 Pro 128GB Black,Realme 12 Pro 64GB (Blue),0
Oppo Oppo A78 128GB Cream,Oppo Oppo A58 4GB+128GB,0
Xiaomi 11T 512GB (Gold),Apple iPhone 14 Pro Max 64GB White,0
Infinix Infinix Note 40 64GB Blue,Smartfon Infinix Infinix Note 40 64GB Blue,1
Vivo Vivo V29 Gold 256GB,Redmi Redmi Note 12 Pro,0
smartfon redmi a5 3 64gb midnight black,redmi note 15 pro plus 5g доставка проверка при получении,0
honor 600 golden white 8 256gb,honor 600 golden 256gb 8 white,1
Galaxy A55 5G 64GB (Purple),Realme Realme GT Neo 5 SE 16GB+256GB,0
Oppo Reno 11 128GB Silver,Oppo Reno 11 128GB (Silver),1
смартфон iphone 13 pro 256gb sierra blue,iphone 13 pro 256gb sierra blue,1
Smartfon Apple iPhone 11 Pro Max 1TB Starlight,iPhone 11 Pro Max 512GB (Coral),0
Redmi Redmi A2+ 512GB Coral,Redmi Redmi Note 13 Pro 512GB Coral,0
honor x8d 8 128gb smartfoni black,смартфон honor x6c 6 256 ocean blue,0
apple iphone 13 128gb green 100gb of internet 3 months of tv com for free,samsung galaxy a27 5g black 8 256gb,0
Vivo Vivo X100 128GB Lavender,Xiaomi Poco X6 Pro,0
смартфон oppo a5 6 128 mist white,128 oppo a5 6 смартфон mist white,1
Redmi Note 12 Pro+ 1TB (Midnight),Smartfon Infinix Smart 8 Plus 64GB/6GB Coral,0
iPhone 13 Pro Max 128GB Graphite,iPhone 11 128GB (Graphite),0
Xiaomi Xiaomi 12 Pro 16GB/64GB Purple,Smartfon Xiaomi Xiaomi 12 Pro 512GB Gold,0
Poco M5 1TB (Cream),Poco M5 1TB - Cream,1
Redmi Redmi Note 13 Pro+ Starlight 512GB,Redmi Redmi Note 13 Pro+ Starlight 512GB,1
смартфон apple iphone 16 pro 256gb dual esim black titanium,смартфон apple iphone 16 256gb dual esim black titanium,1
Smartfon Infinix Infinix Note 30 Pro 512GB White,Infinix Note 30 Pro 512GB White,1
Honor Honor Magic6 Pro Coral 1TB,Honor Honor X7a 12GB+1TB,0
Vivo Y22s 256GB Coral,Smartfon Vivo Vivo Y22s 256GB Coral,1
смартфон iphone 7 32gb black,труба стальная д 57 мм,0
Xiaomi Xiaomi 11 Ultra,Xiaomi 12 512GB (White),0
Smartfon Infinix Note 30 64GB/4GB Blue,Infinix Infinix Note 30 1TB Green,0
Realme Realme C33 128GB Titanium,Smartfon Realme Realme C33 128GB Titanium,1
беспроводное зарядное устройство belkin magsafe 3 in 1 black,xiaomi redmi note 15 pro 8 256gb titanium color smartfoni,0
Honor Honor 90 Midnight 128GB,Honor Honor 90,0
Honor Honor 80 Pro 1TB White,Honor Honor 200 1TB White,0
Realme 11 Pro 256GB (Titanium),Smartfon Realme 11 Pro 256GB/12GB Titanium,1
Smartfon Samsung Galaxy M14 256GB Coral,Samsung Galaxy M14,1
redmi note 15 8 256 purple,redmi not 14 pro,0
Honor Honor X8a 256GB Green,Smartfon Honor Honor X8a 256GB Green,1
iPhone 13 Pro 128GB Deep Purple,iPhone 12 128GB - Deep Purple,0
Redmi Note 13 Pro 64GB Graphite,Redmi Note 13 Pro 64GB - Graphite,1
oppo a6s 8 256 cappuccino brown,oppo a6s 8 brown cappuccino 256,1
Oppo Oppo Reno 12,Oppo Oppo Reno 12,1
Tecno Pop 8 128GB Silver,Tecno Tecno Pop 8,1
Смартфон Samsung Galaxy S24 Ultra 512GB Silver,Смартфон Samsung Galaxy A55 5G 512GB Silver,0
Smartfon Xiaomi 14 Pro 128GB/8GB Lavender,Xiaomi Xiaomi 14 Pro 8GB/128GB Lavender,1
Oppo Reno 11 Pro 256GB - Midnight,Смартфон Oppo Oppo Reno 11 Pro 256GB Midnight,1
Vivo Vivo V27 Pro 12GB+512GB,Vivo Vivo V27 Pro,1
смартфон apple iphone 14 pro max 1tb e sim космический черный,смартфон apple космический 14 pro max 1tb e sim iphone черный,1
Tecno Pova 5 512GB (Gold),Tecno Pova 5 512GB (Gold),1
Smartfon Xiaomi Xiaomi 14 Pro 512GB Blue,Xiaomi Xiaomi 14 Pro Blue 512GB,1
Infinix Infinix Note 40,Infinix Infinix Note 40 4GB/64GB Deep Purple,1
смартфон xiaomi poco x8 pro max 12 512gb black,смартфон infinix hot 50 pro 8 256gb purple,0
Смартфон Tecno Tecno Pova 5 Pro 128GB Silver,Tecno Tecno Pova 6 Pro 16GB+128GB,0
samsung galaxy s25 fe,honor x8c 6 128 midnight black,0
Realme Realme C65 128GB Starlight,Tecno Tecno Pova 6 Pro 6GB/256GB Silver,0
redmi note 14 8 256gb lime green,green note 14 8 256gb lime redmi,1
Смартфон Samsung Galaxy S23+ 1TB Starlight,Vivo V30 64GB (Silver),0
Realme Realme C33 12GB/64GB Titanium,Realme C33 64GB - Titanium,1
Redmi Redmi Note 13 Pro+ Titanium 256GB,Redmi Note 13 Pro+ 256GB (Titanium),1
смартфон honor x8d blue 8 256gb,смартфон x8d blue 8 256gb,1
honor x8d 8 128gb velvet black,samsung galaxy a32,0
honor x7d 6 128 velvet black,sotiladi iphone 17 pro,0
Смартфон Honor Honor 100 64GB White,Infinix Infinix Hot 40 Deep Purple 1TB,0
apple iphone 17e white 8 256gb sim esim,honor x9d 8 256gb sunrise gold,0
смартфон tecno pova neo 3 4 128gb hurricane blue,смартфон pova neo 3 4 128gb hurricane blue,1
Apple iPhone 13 8GB/256GB Gold,Infinix Infinix Smart 8 Pro 8GB+128GB,0
смартфон infinix hot 60i 4 256 гб shadow blue,смартфон infinix 60i 4 256 гб shadow blue,1
смартфон apple iphone 15 plus 128gb black,смартфон apple 15 plus 128gb black,1
Vivo Vivo X100 6GB+512GB,Smartfon Vivo X100 512GB/6GB Black,1
Realme Realme GT 5 Pro,Realme GT 5 Pro 512GB (Midnight),1
Redmi Redmi Note 11,Redmi Redmi Note 11 512GB Midnight,0
iPhone 13 128GB - Lavender,Smartfon iPhone 13 128GB/6GB Lavender,1
xiaomi 15,xiaomi 15 black,1
Honor Honor Magic5 Lite 256GB Silver,Honor 90 Pro 256GB Silver,0
Infinix Infinix Note 30 Pro 6GB/128GB Cream,Infinix Infinix Note 30 Pro Cream 128GB,1
honor 400 pro 12 512 lunar grey,смартфон honor x9 6 128gb ocean blue,0
Smartfon Xiaomi Xiaomi 12 Pro 256GB Titanium,Xiaomi 12 Pro 1TB - Lavender,0
Tecno Camon 20 Pro 1TB Black,Smartfon Tecno Tecno Camon 20 Pro 1TB Black,1
Redmi Redmi Note 13 Pro 4GB/512GB Midnight,Smartfon Redmi Redmi Note 13 Pro 1TB Silver,0
смартфон honor x6c 6 128 black,смартфон 128 x6c 6 honor black,1
Honor Honor 90 Pro 512GB Graphite,Honor Honor 90 Pro,0
Realme Realme 12+ 16GB+256GB,Realme Realme 12+ 256GB Black,1
Oppo Reno 10 Pro+ 1TB - Coral,Oppo Oppo Reno 10 Pro+ 4GB+256GB,0
Смартфон Apple iPhone 12 Pro Max 512GB Black,iPhone 12 Pro Max 512GB - Black,1
смартфон xiaomi redmi 15c 4 256gb moonlight blue,смартфон redmi 15c 4 256gb moonlight blue,1
Tecno Spark 10 512GB - Blue,Smartfon Tecno Spark 10 512GB/16GB Blue,1
redmi not 12 pro 256gb,смартфон redmi a5 4 128 ocean blue,0
Смартфон Oppo Oppo Find X7 Ultra 128GB Graphite,Redmi Note 12 Pro+ 256GB Green,0
смартфон apple iphone 15 plus 256gb pink,смартфон iphone 15 plus 256gb pink,1
Смартфон Samsung Galaxy A35 5G 64GB Deep Purple,Samsung Galaxy A35 5G 6GB+1TB,0
Realme Realme 11 Pro,Realme Realme 11 Pro,1
Infinix Smart 8 Pro 256GB (Graphite),Oppo Oppo Reno 10,0
Infinix Smart 8 64GB - Blue,iPhone 13 mini 512GB - Graphite,0
Смартфон Tecno Tecno Pova 5 Pro 128GB Gold,Tecno Pova 5 Pro 512GB (Purple),0
Oppo Oppo Reno 10 Pro+,Oppo Reno 11 1TB (Starlight),0
Oppo Oppo Reno 10 Pro+,Oppo Reno 10 Pro+ 64GB - Graphite,1
Infinix Infinix Zero 30 5G Coral 1TB,Infinix Infinix Smart 8 1TB Coral,0
смартфон vivo y02t 4 128 blue,смартфон vivo y02t 4 128,1
Tecno Tecno Spark 20 Pro 64GB Cream,Tecno Tecno Spark 20 Pro 3GB+64GB,1
электронная книга pocketbook 700 stardust silver,infinix smart 10 4 64gb titanium silver,0
Infinix Infinix Hot 40 Pro 12GB/64GB Deep Purple,Infinix Hot 40 Pro 64GB - Deep Purple,1
redmi note 12 pro plus 5g 8gb 256gb midnight black,redmi note 14 pro 5g midnight black 8 256gb,0
Smartfon Vivo Vivo X90 Pro 128GB Deep Purple,Vivo Y100 128GB - Deep Purple,0
Oppo Oppo Find X6 Pro 16GB/128GB Black,Oppo Find X6 Pro 128GB (Black),1
Xiaomi 13 Pro 64GB (Deep Purple),Смартфон Xiaomi Xiaomi 12X 64GB Deep Purple,0
Vivo V30e 512GB (Cream),Infinix Infinix Hot 40 Pro 12GB+128GB,0
Смартфон Apple iPhone 14 Pro Max 128GB Purple,Apple iPhone 13 8GB/128GB Purple,0
Honor Honor Magic5 Lite 4GB+512GB,Xiaomi 14 Ultra 1TB Gold,0
Infinix Infinix Hot 40 6GB+256GB,Infinix Hot 40 128GB - Blue,0
Infinix Note 30 Pro 1TB (White),Infinix Infinix Smart 8 8GB+1TB,0
Honor 100 512GB (Blue),Смартфон Honor Honor X9b 512GB Blue,0
honor x6b 6 256gb midnight black,honor x8b 8 128gb midnight black,0
iPhone 12 256GB (Deep Purple),Oppo Oppo A78 128GB Midnight,0
смартфон xiaomi 15 12 512gb dual nano sim silver,беспроводные наушники xiaomi buds 5 graphite black,0
Honor Honor Magic5 Lite 1TB Graphite,Infinix Infinix Zero 30 Purple 256GB,0
iPhone SE 3 128GB - Blue,iPhone SE 3 1TB White,0
Tecno Camon 30 256GB (Deep Purple),Smartfon Tecno Tecno Camon 30 512GB Midnight,0
Xiaomi Xiaomi 14 Ultra 256GB Coral,Tecno Pova 5 Pro 128GB - Green,0
смартфон honor x7b 6 256 emerland green,honor 600 orange 8 512gb,0
Smartfon Vivo Vivo Y35 128GB Midnight,Vivo Vivo V29 Midnight 128GB,0
redmi 15c 4 128 midnight black,xiaomi 14t pro blue 12 1tb,0
Vivo Y22s 64GB - Black,Smartfon Vivo Vivo Y22s 64GB Black,1
Infinix Infinix Smart 8 6GB+256GB,Infinix Infinix Smart 8 256GB Lavender,1
Smartfon Redmi Redmi 12 1TB Purple,Смартфон Redmi Redmi 12 1TB Purple,1
Смартфон Tecno Tecno Pova 5 Pro 1TB Coral,Tecno Tecno Pova 5 Pro Coral 1TB,1
Samsung Galaxy S24 12GB/256GB White,Galaxy S24 256GB White,1
Tecno Tecno Spark 20 Midnight 256GB,Tecno Tecno Spark 20 Midnight 256GB,1
samsung galaxy a17 gray 6 128gb,iphone air 12 256gb cloud white,0
Tecno Spark 20 Pro 128GB - Midnight,Smartfon Tecno Spark 20 Pro 128GB/3GB Midnight,1
xiaomi 15,смартфон xiaomi redmi a7 pro 4 64gb black,0
Tecno Tecno Pova 5 Pro 12GB/128GB Black,Tecno Pova 5 Pro 64GB - Titanium,0
Infinix Infinix Smart 8 Pro 128GB Lavender,Infinix Hot 40 Pro 128GB (Lavender),0
Smartfon Samsung Galaxy A54 5G 1TB Starlight,Galaxy M14 1TB (Starlight),0
honor x7e light blue 6 256gb в подарок honor choice earbuds x8,honor x9d 5g red 12 256gb,0
Infinix Infinix Smart 8 Plus 8GB+64GB,Смартфон Infinix Infinix Smart 8 Plus 64GB Titanium,1
Xiaomi 13 Pro 512GB Natural,Смартфон Xiaomi Xiaomi 13 Pro 512GB Natural,1
Oppo Oppo Reno 11 Pro 512GB Graphite,Oppo Reno 11 Pro 512GB Graphite,1
Galaxy A55 5G 64GB Gold,Smartfon Samsung Galaxy A55 5G 1TB Starlight,0
Realme 12 512GB Lavender,Xiaomi Poco F5 Titanium 128GB,0
Смартфон Oppo Oppo A78 1TB Purple,Oppo Oppo Reno 10 Pro+,0
Infinix Note 40 1TB (Coral),Infinix Infinix Note 40,1
Smartfon Realme Realme 11 64GB Gold,Realme Realme 11 64GB Gold,1
смартфон honor 70 12 256gb global emerald green,70 honor смартфон 12 256gb global emerald green,1
Redmi Redmi Note 11S Coral 64GB,Redmi Note 11S 512GB (White),0
Redmi Redmi 13 16GB+1TB,Смартфон Oppo Oppo Reno 11 512GB Midnight,0
Oppo Oppo Reno 10,Смартфон Oppo Oppo Reno 10 512GB Black,1
Realme Realme GT 5 Pro,Smartfon Realme GT 5 Pro 1TB/12GB Starlight,1
смартфон samsung galaxy a03s 4 64gb синий,samsung galaxy a03s 4 64gb синий,1
смартфон infinix smart 9 4 128 mint green,смартфон xiaomi redmi note 15 pro mocha,0
Смартфон Realme Realme 12 256GB Green,Realme 12 256GB - Green,1
Xiaomi 14 Ultra 512GB - Lavender,Xiaomi 14 Ultra 64GB - Starlight,0
zte blade a56 celestial black 4 128gb,zte blade a56 black 4 128gb,1
Vivo X100 Pro 256GB Lavender,Смартфон Vivo Vivo X100 Pro 256GB Lavender,1
Galaxy A35 5G 1TB (Green),Xiaomi Xiaomi 12X 6GB+128GB,0
Xiaomi Xiaomi 14T Pro 6GB/128GB Titanium,Xiaomi 14T Pro 1TB Midnight,0
Infinix Infinix Zero 30 5G,Infinix Infinix Note 40 Pro 4GB+1TB,0
redmi note 15 pro 5g black 8 256gb,redmi note 15 glacier blue 6 128gb,0
смартфон honor x9d 8 256 гб золотистый,honor x6c 6 128gb midnight black,0
Samsung Galaxy A05s 6GB+256GB,Samsung Galaxy A05s 6GB+256GB,1
Tecno Tecno Pova 6 12GB+512GB,Tecno Tecno Spark 20 Pro+ 12GB/512GB Graphite,0
смартфон xiaomi redmi note 15 8 256 гб glacier blue,смартфон xiaomi redmi a7 pro 4 128 гб черный,0
смартфон samsung galaxy s24 8 256gb dual esim gray,esim samsung galaxy s24 8 256gb dual смартфон gray,1
смартфон samsung galaxy s26 ultra 12 512gb dual sim white,смартфон galaxy s26 ultra 12 512gb dual sim white,1
Smartfon Infinix Smart 8 128GB/3GB Gold,Smartfon Infinix Smart 8 128GB/3GB Gold,1
Redmi Redmi Note 13 Pro,Smartfon Vivo Y200 512GB/16GB Cream,0
Honor Honor 90 Lite 3GB+512GB,Honor 90 Lite 512GB (Deep Purple),1
Vivo Vivo V30,Vivo Vivo V30,1
Smartfon Redmi Redmi Note 12 Pro+ 1TB Purple,Redmi K70 Pro 1TB Purple,0
redmi 15c mint green 8 256gb,продам redmi note 15 pro plus 5g 12 512 brown,0
redmi note 14 lime green 6 128gb,redmi 15c midnight black 4 256gb,0
Apple iPhone 15 Plus 3GB+64GB,Smartfon Apple iPhone 15 Plus 256GB Silver,0
galaxy s26 12 256 black,смартфон apple iphone 16 256gb dual esim black,0
Смартфон Honor Honor Magic5 Pro 256GB Cream,Realme Realme 12 Pro+,0
Infinix Infinix Smart 8 Plus,Infinix Infinix Smart 8 Plus,0
силиконовый чехол apple magsafe iphone 13 pro max midnight,силиконовый чехол apple magsafe iphone 13 max midnight,1
Xiaomi 13 Ultra 256GB (Graphite),Xiaomi 13 Ultra 128GB Deep Purple,0
Samsung Galaxy S24+ 12GB+128GB,Samsung Galaxy S24+,1
смартфон samsung galaxy s25 5g 12 256 гб серебристый,смартфон samsung 12 s25 5g galaxy 256 гб серебристый,1
смартфон honor x7d 6 128 desert gold,смартфон honor 70 8 128gb midnight black,0
Infinix Note 40 64GB White,Infinix Note 40 256GB Graphite,0
Samsung Galaxy S24 Silver 512GB,Samsung Galaxy S24 4GB+512GB,1
xiaomi 15 ultra 16 512gb black,15 xiaomi ultra 16 512gb black,1
Vivo Vivo X90 Pro 16GB+256GB,Vivo Vivo X90 Pro,1
redmi 15c 8 256gb mint green,redmi note 15 pro 8 256 mocha brown,0
Tecno Tecno Camon 30 Pro 4GB/1TB Coral,Tecno Tecno Camon 30 Pro Coral 1TB,1
Smartfon Samsung Galaxy S23 1TB Coral,Galaxy S23 1TB - Coral,1
Smartfon Tecno Pova 5 1TB/12GB Deep Purple,Smartfon Tecno Spark 20 Pro 1TB/12GB Deep Purple,0
Смартфон Vivo Vivo X90 Pro 128GB Green,Vivo X90 Pro 128GB Green,1
Vivo Vivo V27 6GB/1TB Titanium,Smartfon Vivo Vivo V27 1TB Titanium,1
Smartfon Infinix Infinix Smart 8 Pro 256GB White,Smartfon Infinix Infinix Smart 8 Pro 256GB White,1
Oppo Oppo Reno 10 Pro+ White 1TB,Oppo Oppo Reno 10 Pro+ 1TB White,1
Tecno Tecno Phantom X2 Pro,Tecno Tecno Pova 5 6GB/256GB Cream,0
смартфон redmi note 15 pro 12 512gb black,note redmi смартфон 15 pro 12 512gb black,1
смартфон honor x8d 8 128gb grey,смартфон honor x9d 12 256 midnight black,0
Realme Realme 11 128GB Titanium,Смартфон Infinix Infinix Hot 40 Pro 1TB Natural,0
Smartfon Redmi Note 12 128GB/16GB Titanium,Infinix Infinix Hot 40 Pro 64GB Midnight,0
Realme Realme Note 50 Graphite 512GB,Realme Realme 9 Pro+ 8GB/512GB Graphite,0
смартфон samsung galaxy s24 8 256gb dual esim violet,смартфон xiaomi 14 8 256gb dual nano sim cn green,0
Oppo A38 256GB Green,Oppo A38 256GB Green,1
redmi note 12 pro plus 5g 8gb 256gb polar white,smartfon redmi a5 4 128gb ocean blue,0
Oppo Oppo Find X7 Ultra Graphite 512GB,Oppo Oppo Find X7 Ultra 4GB+512GB,0
honor x9d 5g,5g x9d honor,1
Redmi 12 256GB (Cream),Redmi Redmi 12,0
смартфон honor x6a 4 128gb dual nano sim серебристый,смартфон honor x6a 4 128gb nano sim серебристый,1
motorola moto g06 tapestry 4 128gb,смартфон vivo y04 4 128gb gold,0
Smartfon Tecno Spark 20 64GB/8GB Coral,Tecno Tecno Spark 20,1
Realme Realme C55 Graphite 256GB,Realme Realme C55 256GB Graphite,1
samsung a53 128,samsung 128,1
Samsung Galaxy Z Fold 5 Titanium 128GB,Samsung Galaxy Z Fold 5 64GB Midnight,0
Poco M6 Pro 512GB (Gold),Poco M6 Pro 512GB Gold,1
Xiaomi Xiaomi 12 Pro 256GB Midnight,Xiaomi Xiaomi 12 Pro Gold 512GB,0
Vivo Vivo V27 Pro 12GB+512GB,Vivo Vivo V27 Pro 512GB White,1
льдогенератор icematic cs40 w,oppo a6x 4 256gb ice blue,0
xiaomi redmi 15 8 256gb midnight black,смартфон xiaomi 12t pro 8 256 black,0
Smartfon Tecno Phantom V Fold 128GB/3GB Cream,Tecno Tecno Phantom V Fold Starlight 1TB,0
Smartfon Realme C55 1TB/16GB Cream,Smartfon Realme C55 1TB/16GB Cream,1
xiaomi redmi note 15 pro 4g 12 512gb smartfoni black,смартфон apple iphone 15 pro 1tb white titanium,0
Smartfon Galaxy A05 1TB/6GB Silver,Smartfon Galaxy A05 1TB/6GB Silver,1
Smartfon iPhone 11 Pro 1TB/8GB Blue,Apple iPhone 11 Pro 8GB/64GB Lavender,0
Smartfon Oppo Oppo Find X7 128GB Graphite,Oppo Oppo Find X7 16GB+128GB,0
honor x7d 8 256gb black,honor x7d 8 black,1
Apple iPhone 12 Pro Max Silver 512GB,Apple iPhone 14 Pro,0
Honor Honor 90 Pro White 256GB,Oppo A38 128GB Deep Purple,0
Smartfon Infinix Hot 30 Play 512GB/16GB Silver,Infinix Hot 30 Play 512GB Silver,1
zte nubia v80 max purple 4 128gb,zte nubia v80 purple 4 128gb,1
Oppo Oppo Reno 11 Pro Natural 128GB,Smartfon Oppo Oppo Reno 11 Pro 512GB Midnight,0
Samsung Galaxy A34 Graphite 512GB,Samsung Galaxy A25 4GB+512GB,0
смартфон xiaomi redmi note 15 6 128gb black,ajib i10 4 64 silver,0
Смартфон Vivo Vivo X100 256GB Midnight,Vivo Vivo X100 3GB+256GB,1
Xiaomi Poco M6 Pro 12GB+1TB,Honor Honor Magic6 Pro 64GB Black,0
смартфон samsung galaxy a15 6 128gb blue black,samsung galaxy a15 6 128gb blue black,1
смартфон samsung galaxy a57 256gb dark blue,смартфон samsung galaxy a57 256gb blue dark,1
смартфон honor 90 8 256gb cn dual nano sim emerald green,смартфон honor x6 4 64gb midnight black,0
Vivo Y35 256GB - Silver,Smartfon Vivo X90 Pro 256GB/16GB Silver,0
смартфон xiaomi 14t pro 12 1tb titan black,смартфон black 14t pro 12 1tb titan xiaomi,1
Smartfon Honor 100 128GB/8GB Starlight,Смартфон Honor Honor 100 128GB Starlight,1
Smartfon Poco M5s 128GB/6GB White,Poco M5s 128GB (White),1
xiaomi redmi note 14s,honor x9d sotiladi,0
Смартфон Realme Realme 12 Pro 128GB Deep Purple,Realme Realme 9 Pro+,0
Realme Realme GT Neo 5 SE 12GB/64GB Coral,Smartfon Oppo Oppo A38 512GB Black,0
Smartfon Tecno Camon 30 Pro 512GB/6GB Purple,Tecno Tecno Pop 8 Purple 512GB,0
Infinix Infinix Hot 30 Play 512GB Coral,Смартфон Infinix Infinix Hot 30 Play 512GB Coral,1
samsung galaxy s26 ultra 5g 12 512gb smartfoni qora sm s948bzkcsoz,samsung galaxy s26 sm 5g 12 512gb smartfoni qora ultra s948bzkcsoz,1
Honor 200 64GB - Cream,Vivo Vivo Y36 128GB Coral,0
Infinix Smart 8 256GB - Titanium,Redmi Redmi K70 Pro Gold 64GB,0
Honor Magic5 Pro 1TB (White),Smartfon Honor Honor Magic5 Pro 1TB White,1
Infinix Note 30 Pro 256GB - Green,Смартфон Infinix Infinix Note 30 Pro 256GB Green,1
Xiaomi Xiaomi 13T 16GB+512GB,Smartfon Xiaomi Xiaomi 13T 1TB Graphite,0
honor x5c 4 64 ocean cyan blue,xiaomi redmi a5 3 64gb midnight black,0
Oppo A38 1TB Green,Smartfon Oppo A38 64GB/8GB Silver,0
смартфон xiaomi 14 12 512gb dual nano sim cn pink,смартфон honor x9c smart 8 256 blue,0
Apple iPhone 12 3GB/512GB Deep Purple,iPhone 12 512GB - Deep Purple,1
Oppo Oppo Find X7 1TB Titanium,Oppo Find X7 1TB - Titanium,1
беспроводные наушники belkin soundform flow white,смартфон honor x9 6 128gb ocean blue,0
Xiaomi Xiaomi 14T 12GB+128GB,Xiaomi 14T 128GB - Lavender,1
Xiaomi 13 Ultra 64GB Deep Purple,Xiaomi Xiaomi 13 Ultra,1
Tecno Camon 30 128GB - Black,Tecno Tecno Camon 30 3GB/128GB Black,1
Tecno Camon 30 Pro 256GB (Silver),Smartfon Tecno Tecno Camon 30 Pro 128GB Titanium,0
Смартфон Tecno Tecno Camon 30 Pro 512GB Lavender,Apple iPhone 14 8GB+128GB,0
xiaomi 17t 12 256gb violet smartfoni,xiaomi 17t 12 256gb smartfoni violet,1
Xiaomi Poco M5s Blue 64GB,Xiaomi Poco M5s 8GB/64GB Blue,1
Vivo Y36 512GB (Titanium),Smartfon Oppo Oppo Reno 11 Pro 64GB Black,0
смартфон samsung galaxy z flip 7 12 256gb red,смартфон samsung galaxy flip 7 12 256gb red,1
Honor Honor 200 Pro 3GB+128GB,Honor 200 Pro 128GB (Purple),1
Infinix Note 40 Pro 64GB (Graphite),Infinix Infinix Note 40 Pro 16GB+64GB,1
Samsung Galaxy Z Flip 4 Natural 256GB,Samsung Galaxy Z Flip 4,0
смартфон honor 90 12 512gb cn dual nano sim ч рный,смартфон honor 90 12 512gb cn dual nano sim рный ч,1
Samsung Galaxy S24+ Starlight 128GB,Samsung Galaxy S24+ 3GB/512GB Natural,0
смартфон samsung galaxy a37 5g 8 256gb gray,смартфон honor x6c 6 128 гб black,0
iPhone 14 64GB Purple,Apple iPhone 14 6GB/64GB Purple,1
nova 12 se 8 256 white,nova 12 se 8 white,1
redmi a7 pro mist blue 4 128gb,смартфон xiaomi redmi note 14 8 128 гб черный,0
redmi note 14 midnight black 8 256gb,redmi note 15 pro 8 256 black,0
Oppo Oppo Find X7 Deep Purple 128GB,Realme Realme C53 512GB Lavender,0
смартфон tecno spark 20 8 128 gravity black,смартфон tecno camon 18p,0
смартфон huawei nova y61 4 128 гб синий,huawei смартфон nova y61 4 128 гб синий,1
Honor Honor X9a,Honor Honor X9a 512GB White,1
samsung galaxy a26 mint 8 256gb,samsung 256gb a26 mint 8 galaxy,1
honor 400 5g midnight black 8 256gb,honor x6b 4 128gb midnight black,0
Smartfon Honor 200 64GB/12GB Cream,Смартфон Apple iPhone 14 Pro Max 1TB Blue,0
Смартфон Oppo Oppo Reno 11 512GB Coral,Smartfon Oppo Reno 11 512GB/4GB Coral,1
Smartfon Honor 200 64GB/12GB White,Honor Honor 200 64GB White,1
Honor Honor X9a 256GB Cream,Honor Honor X9a 1TB Coral,0
смартфон honor x8с 6 128gb midnight black,honor 600 lite 8 256gb velvet black ча,0
Smartfon Realme Realme 11 Pro+ 512GB Natural,Realme Realme 11 Pro+ 512GB Natural,1
Smartfon Infinix Infinix Note 40 Pro 128GB Blue,Infinix Infinix Note 40 Pro 4GB+128GB,1
Смартфон Samsung Galaxy A54 5G 256GB Black,Smartfon Samsung Galaxy A54 5G 256GB Black,1
смартфон samsung galaxy a17 5g 6 128gb gray,samsung смартфон galaxy a17 5g 6 128gb gray,1
tecno spark 30c 4 128gb orbit black,смартфон spark go 2 km4 128 4 turquoise green,0
телефон novey x77 red,смартфон honor x5 plus 4 64 green,0
iPhone 15 Pro 128GB (Gold),iPhone 15 Pro 128GB - Gold,1
powerbank xiaomi mi 10000mah 22 5w black pb100dzm,смартфон tecno spark go 2024 4 64,0
смартфон iphone 14 pro max 1tb gold,iphone 14 pro max 1tb gold,1
Realme Realme GT 5 Pro 16GB+64GB,Смартфон Tecno Tecno Pova 6 Pro 512GB Gold,0
Xiaomi Xiaomi 14 6GB+512GB,Tecno Camon 30 64GB Silver,0
redmi note 14 pro ocean blue 12 256gb,redmi note 11r ajoyib telefon avaylab ishlatilgan,0
Xiaomi Xiaomi 13 Ultra 128GB Black,Xiaomi Xiaomi 13 Ultra 4GB+128GB,1
Samsung Galaxy S24 Ultra 1TB Green,Galaxy S24 Ultra 1TB (Green),1
Smartfon Infinix Infinix Note 30 Pro 64GB Blue,Infinix Note 30 Pro 64GB (Blue),1
Smartfon iPhone 11 512GB/12GB White,Apple iPhone 11 12GB+512GB,1
iPhone 14 64GB (Black),Apple iPhone 12 12GB+64GB,0
iPhone 13 Pro 64GB (Deep Purple),Apple iPhone 13 Pro 128GB Green,0
Honor Honor 100 Pro,Смартфон Honor Honor Magic6 Pro 64GB Cream,0
Smartfon Apple iPhone 14 128GB Lavender,Apple iPhone 14 8GB/128GB Lavender,1
honor x5c plus,honor 400 12 256gb 5g midnight black smartfoni honor ryukzagi sovg aga,0
iPhone 12 Pro 64GB (Green),iPhone 12 Pro 64GB - Green,1
smartfon redmi a5 4 128gb midnight black,smartfon redmi a5 midnight 128gb 4 black,1
Honor 100 Pro 256GB - Graphite,Honor Honor 100 Pro 16GB/256GB Graphite,1
Смартфон Honor Honor X8a 128GB Graphite,Honor Honor X8a 128GB Graphite,1
Смартфон Honor Honor Magic6 Pro 64GB Starlight,Smartfon Honor Honor Magic6 Pro 512GB Graphite,0
Infinix Infinix Note 30 3GB+64GB,Смартфон Infinix Infinix Note 30 64GB Purple,1
смартфон realme c75 8 256gb black,смартфон black c75 8 256gb realme,1
honor magic8 pro 12 512gb sunrice gold,смартфон honor x6a 4 64gb dual nano sim черный,0
смартфон apple iphone 11 64gb green,смартфон apple iphone 64gb green,1
Xiaomi Xiaomi 13 Pro 12GB+256GB,Смартфон Xiaomi Xiaomi 13 Pro 512GB Black,0
Vivo Y35 1TB (Starlight),Redmi Redmi K70 Pro,0
Vivo Vivo V27 1TB Midnight,Samsung Galaxy M34 5G Lavender 512GB,0
honor x6c black 6 256gb,honor x6c 6 256gb,1
Redmi Redmi 13 Silver 64GB,Smartfon Redmi 13 1TB/6GB Blue,0
Smartfon Samsung Galaxy A25 128GB Black,Смартфон Samsung Galaxy A25 128GB Black,1
Realme 9 Pro+ 128GB Gold,Realme Realme 9 Pro+ 6GB/128GB Gold,1
oppo a5 cph2727 aurora green 128 гб 6 гб,a5 cph2727 aurora green 128 гб 6 гб,1
motorola moto g06 tapestry 4 128gb,смартфон iphone 11 pro 64gb green,0
Oppo Oppo Reno 12 Pro 16GB+64GB,Oppo Oppo Reno 12 Pro 64GB Midnight,1
Realme Realme C65 64GB White,Smartfon Realme Realme C65 128GB Gold,0
Xiaomi 12 Pro 128GB Black,Xiaomi Xiaomi 12 Pro Gold 64GB,0
Vivo Vivo V30e Lavender 512GB,Smartfon Vivo Vivo V30e 512GB Lavender,1
honor 400 8 256 midnight black,honor 400 8 256gb 5g desert gold smartfoni,0
Redmi Note 13 4G 1TB - Deep Purple,Redmi Redmi Note 13 4G 12GB/1TB Deep Purple,1
Realme Realme C65 Black 1TB,Smartfon Realme Realme C55 1TB Black,0
Oppo Oppo Reno 10 Pro 4GB+1TB,Oppo Find X7 Ultra 1TB White,0
Samsung Galaxy A55 5G 3GB/128GB Cream,Galaxy A55 5G 512GB Purple,0
Apple iPhone 12 8GB/64GB Coral,iPhone 12 64GB (Coral),1
Смартфон Honor Honor X9b 1TB Green,Смартфон Honor Honor X9b 1TB Green,1
Oppo Oppo Reno 12,Oppo Oppo Reno 12 Green 256GB,0
Apple iPhone 14 Pro Max 128GB Purple,Apple iPhone 14 Pro Max,1
Xiaomi 12 512GB - Graphite,Smartfon Xiaomi 12 256GB/6GB Midnight,0
redmi note 15 night black 8 256gb,redmi 14c midnight black 6 128gb,0
Oppo Reno 11 1TB Purple,Смартфон Oppo Oppo Reno 11 64GB Gold,0
Smartfon Tecno Pova 5 Pro 512GB/8GB Green,Tecno Pova 5 Pro 512GB Green,0
Apple iPhone 12 Pro Max 512GB Starlight,iPhone 12 Pro Max 512GB - Starlight,1
Honor 200 64GB - Lavender,Honor 200 64GB - Lavender,1
Tecno Tecno Spark 20 256GB Cream,Tecno Tecno Spark 20 Pro+ 16GB/256GB Cream,0
Smartfon Honor Honor 90 Lite 512GB Midnight,Honor 90 Lite 512GB - Midnight,1
honor x9d 12 256gb midnight black,smartfon honor 600 lite 8 256gb velvet black ryukzak sovg aga,0
Смартфон Realme Realme 11 Pro+ 64GB Blue,Realme Realme 11 Pro+ 64GB Blue,1
Smartfon iPhone 15 Pro 1TB/8GB Green,Oppo Oppo A58 8GB/128GB Coral,0
Honor Honor X8b,Honor Honor X8b 512GB Natural,1
Apple iPhone 13 Pro Max 6GB/64GB Deep Purple,iPhone 13 Pro Max 512GB (Graphite),0
смартфон apple iphone 17 256gb black hn a 1 sim,смартфон samsung galaxy a04 3 32gb green,0
Oppo Reno 11 Pro 1TB Blue,Oppo Reno 11 Pro 1TB - Blue,1
Apple iPhone 15 Pro 12GB+64GB,Samsung Galaxy A05s Cream 1TB,0
Xiaomi 13 Ultra 1TB (Blue),Xiaomi 13 Ultra 256GB (Cream),0
xiaomi redmi 15c midnight black 8 256gb,смартфон honor x9d 8 256 sunsire gold,0
Tecno Tecno Camon 30 3GB/1TB Lavender,Смартфон Oppo Oppo A17 64GB Blue,0
Tecno Pova 5 Pro 128GB - Starlight,Tecno Tecno Pova 5 Pro 128GB Starlight,1
смартфон samsung galaxy s26 ultra 5g white 512 гб,смартфон samsung galaxy s26 ultra 5g 512 гб,1
honor x8c midnight black 6 128gb,honor x8c black 6 128gb,1
Galaxy S23 FE 1TB Lavender,Vivo V29 Pro 64GB - Blue,0
Redmi Note 11 128GB Blue,Redmi Redmi K70 Pro 6GB/128GB Blue,0
Redmi Redmi Note 12 Pro+ 1TB Starlight,Redmi Redmi Note 12 Pro+ Starlight 1TB,1
Samsung Galaxy A35 5G,Galaxy A35 5G 1TB Lavender,0
смартфон honor 400 lite 8 256 mars green,honor 50 lite 128 6 pamet yahshi,0
Infinix Infinix Zero 30 5G,Infinix Infinix Zero 30 5G 4GB+256GB,1
Honor 200 256GB - Black,Honor 200 256GB (Black),1
Tecno Phantom X2 Pro 512GB Silver,Smartfon Tecno Tecno Phantom X2 Pro 512GB Silver,1
Tecno Tecno Spark 20 Pro+ 16GB/128GB Cream,Смартфон Tecno Tecno Spark 20 Pro+ 128GB Cream,1
Smartfon Redmi Redmi Note 13 1TB Blue,Redmi K70 Pro 1TB Blue,0
беспроводные наушники defender freemotion b540,беспроводные наушники defender b540,1
poco c85 purple 6 128gb,poco purple 6 128gb,1
смартфон honor 600 lite 8 256gb light gold,смартфон lite 600 honor 8 256gb light gold,1
Infinix Smart 8 Plus 1TB - Blue,Infinix Infinix Smart 8 Plus 12GB+1TB,1
Tecno Tecno Spark 20 Pro Midnight 128GB,Redmi Note 11 Pro 1TB - Titanium,0
Vivo Vivo V27 Pro 256GB Gold,Vivo V27 Pro 256GB Gold,0
Smartfon Vivo Vivo Y200 64GB Titanium,Vivo Vivo Y200 64GB Titanium,1
Tecno Tecno Pova 6 Deep Purple 128GB,Smartfon Realme 12 Pro 256GB/8GB Midnight,0
смартфон samsung a04s 4 128gb white,смартфон samsung a04s 128gb white,1
смартфон oppo a18 4 128 glowing blue,смартфон oppo a18 4 glowing blue,1
смартфон apple iphone 17 pro 512gb silver,смартфон xiaomi 17 black 256 гб,0
Samsung Galaxy S23 12GB+512GB,Смартфон Samsung Galaxy S23 512GB Purple,1
Smartfon Tecno Tecno Camon 20 Pro 256GB Blue,Tecno Tecno Camon 20 Pro 4GB/1TB Midnight,0
Samsung Galaxy A14 Purple 256GB,Samsung Galaxy S24+ 6GB/256GB Purple,0
смартфон samsung galaxy a04 4 64gb green,samsung смартфон galaxy a04 4 64gb green,1
Honor Honor 100 Green 256GB,Honor Honor Magic5 Lite Green 256GB,0
Samsung Galaxy A05s Cream 512GB,Samsung Galaxy A34 3GB+512GB,0
Redmi Redmi Note 12 Pro+,Redmi Redmi Note 12 Pro+ 4GB/64GB Midnight,1
Honor X7b 64GB - Deep Purple,Honor Honor 80 Pro,0
смартфон realme 11 pro 5g 12 512 rmx3741 beige,realme 11 pro 5g 12 512 rmx3741 beige,1
xiaomi redmi 15c blue 4 256gb,redmi 15c blue 4 256gb,1
iPhone 15 Plus 512GB Black,Смартфон Apple iPhone 15 Plus 64GB Blue,0
смартфон honor x7d 6 128 гб серебристый,oppo reno12 f cph2687 256 гб matte grey,0
смартфон honor x9c smart 8 256 blue,honor x6c 6 128 ocean cyan,0
Smartfon Honor 80 Pro 512GB/6GB White,Honor 80 Pro 128GB (Gold),0
Смартфон Redmi Redmi Note 12 Pro 1TB Starlight,Smartfon Redmi Note 12 Pro 1TB/3GB Starlight,1
Galaxy A05 64GB - Purple,Galaxy A05 64GB Purple,1
iphone 14 pro max ga korpus 17 pro max niki 1ga 1 tushadi,iphone 14 pro ga korpus 17 pro max niki 1ga 1 tushadi,1
Смартфон Redmi Redmi Note 13 Pro+ 64GB Green,Redmi Note 13 Pro+ 64GB (Green),1
телефон novey z1 black,смартфон xiaomi mix 12gb 512gb flip black,0
Smartfon Vivo Y200 256GB/4GB Lavender,Vivo Y200 128GB (Silver),0
Oppo Oppo Reno 10 Pro+ 6GB/512GB Graphite,Oppo Oppo Reno 10 Pro 6GB+512GB,0
Infinix Smart 8 64GB (Gold),Smartfon Infinix Infinix Smart 8 64GB Gold,1
Apple iPhone 15 Natural 64GB,Samsung Galaxy S21 FE 6GB+1TB,0
Smartfon Vivo Y200 128GB/6GB Natural,Vivo Y200 256GB Black,0
смартфон iphone 11 pro 64gb gold,pro iphone 11 смартфон 64gb gold,1
Tecno Tecno Spark 20 Pro 4GB+256GB,Redmi Note 13 4G 512GB (Silver),0
redmi redm 10 c,redm 10 c,1
карта памяти kingston sdcs2 16gb,смартфон xiaomi 14t pro 12 512gb titan black,0
Oppo Oppo A58 128GB Deep Purple,Oppo A58 128GB - Deep Purple,1
смартфон samsung galaxy z fold6 12 256 гб dual nano sim esim navy,смартфон samsung galaxy z fold6 12 256 гб esim nano sim dual navy,1
Oppo Reno 10 128GB - Natural,Oppo Find X7 Ultra 128GB - Natural,0
zte blade a55 blue 4 64gb,zte blade a55 blue 4,1
Xiaomi Xiaomi 13T Pro 8GB+512GB,Xiaomi 13 512GB Midnight,0
Vivo V30 256GB White,Смартфон Vivo Vivo V30 256GB White,1
Xiaomi Poco X6 Pro Silver 256GB,Смартфон Xiaomi Poco X6 Pro 256GB Silver,1
Redmi Redmi Note 11 Pro White 64GB,Смартфон Redmi Redmi Note 13 64GB White,0
смартфон google pixel 9 pro fold 512gb obsidian,512gb google pixel 9 pro fold смартфон obsidian,1
honor 400 lite 8 256gb velvet black на,honor magic 8 lite yupqa uzoq vaqt xizmat qiladigan zamonaviy,0
Smartfon iPhone 15 Pro 128GB/3GB Starlight,Смартфон Honor Honor 80 Pro 256GB Titanium,0
Vivo Vivo V30 Purple 64GB,Vivo Vivo V30e 64GB Purple,0
Honor Honor 90 Pro,Infinix Smart 8 Plus 512GB - Lavender,0
смартфон realme note 70 4 128gb black,смартфон 128gb note 70 4 realme black,1
Tecno Tecno Spark 10 128GB Cream,Tecno Tecno Spark 10 1TB Black,0
Smartfon Xiaomi 11 Ultra 512GB/4GB Gold,Redmi Redmi A2+ 4GB/64GB Black,0
Smartfon Galaxy S22 Ultra 256GB/12GB Titanium,Samsung Galaxy S22 Ultra 12GB+256GB,1
парфюм 212 vip are you on the list nyc,парфюм on vip are you 212 the list nyc,1
Smartfon Tecno Tecno Pova 6 1TB Graphite,Tecno Tecno Pova 6,0
redmi note 15 pro 5g 8 256 titanium,смартфон xiaomi redmi note 11 4 64g mix,0
redmi note 12 pro,redmi 17 4g deep blue 8 256gb,0
Xiaomi Poco X6,Xiaomi Poco X6 256GB Graphite,1
Vivo V27 128GB - Cream,Smartfon Vivo V27 128GB/3GB Cream,1
Смартфон Apple iPhone 13 Pro Max 512GB White,iPhone 13 Pro Max 512GB - White,1
Smartfon Infinix Hot 30 Play 256GB/16GB Deep Purple,Infinix Infinix Hot 30 Play 16GB+256GB,1
Galaxy S23 FE 256GB Silver,Samsung Galaxy S23 FE Titanium 512GB,0
redmi redm 10 c,redmi note 15 pro 8 256 titanium,0
Realme Realme C33,Smartfon Realme C33 1TB/16GB Lavender,1
Smartfon Realme C55 256GB/12GB Silver,Smartfon Realme Realme 12 Pro+ 256GB Silver,0
Apple iPhone 13 Pro Max 16GB+256GB,Smartfon iPhone 15 Pro Max 256GB/16GB Blue,0
iPhone 15 Plus 512GB (Silver),Apple iPhone 15 Plus 12GB/1TB Cream,0
смартфон realme 11 pro 5g 8 256gb beige,смартфон realme 11 pro 8 256gb beige,1
Смартфон Realme Realme GT 5 512GB Cream,Smartfon Xiaomi 13T Pro 64GB/3GB Gold,0
smartfon samsung galaxy a17 8 256gb grey,xiaomi 15 ultra white 16 512gb,0
Vivo Vivo X100 64GB Graphite,Vivo X100 64GB - Graphite,1
Infinix Smart 8 Pro 128GB - Gold,Смартфон Infinix Infinix Smart 8 Pro 128GB Gold,1
honor x5c 4 64gb midnight black,honor x7d velvet black 8 256gb,0
Realme Realme C53 12GB/1TB Lavender,Realme Realme C53 1TB Lavender,1
Tecno Tecno Camon 30 128GB Lavender,Смартфон Tecno Tecno Camon 30 64GB Silver,0
Samsung Galaxy A54 5G Coral 128GB,Infinix Note 30 1TB Natural,0
телефон novey 225 jet black,225 novey телефон jet black,1
смартфон grandstream wp856,смартфон apple iphone 16 plus 256gb sim esim pink,0
Oppo Oppo Find X7 16GB/512GB Midnight,Smartfon Oppo Find X7 Ultra 512GB/16GB Midnight,0
Honor Honor X8a 6GB+64GB,Honor Honor Magic5 Pro 6GB/64GB Natural,0
Tecno Tecno Phantom X2 Pro Cream 128GB,Tecno Tecno Phantom X2 Pro 128GB Cream,1
Smartfon Tecno Tecno Spark 20 Pro 64GB Gold,Tecno Spark 20 Pro 64GB Gold,1
Смартфон Tecno Tecno Pova 5 128GB Graphite,Oppo Reno 11 Pro 512GB (Cream),0
Tecno Tecno Phantom V Fold 12GB+128GB,Tecno Phantom V Fold 128GB - Coral,1
смартфон xiaomi redmi note 14 8 256gb midnight black blue,смартфон xiaomi redmi note 14 8 256gb black blue,1
Xiaomi Poco F5 Pro,Honor Honor X9a 1TB Coral,0
смартфон samsung galaxy s22 ultra 5g 12 256gb white,смартфон galaxy samsung s22 ultra 5g 12 256gb white,1
Xiaomi Xiaomi 13T Pro 4GB+1TB,Oppo Reno 10 256GB (Blue),0
Honor Honor X8a Coral 64GB,Smartfon Honor X8a 64GB/16GB Coral,1
Infinix Smart 8 Pro 512GB Natural,Infinix Smart 8 Pro 512GB Natural,1
iPhone 15 Plus 64GB (Starlight),Apple iPhone 15 Plus,1
Xiaomi Xiaomi 14T Pro 1TB Lavender,Smartfon Xiaomi Xiaomi 14T Pro 1TB Lavender,1
Infinix Infinix Hot 40 White 256GB,Infinix Hot 40 256GB - White,1
honor 600 8 256 orange,смартфон honor x6b 4 128gb midnight black forest green,0
Poco F5 Pro 128GB - Lavender,Smartfon Poco F5 Pro 128GB/16GB Lavender,1
Galaxy A14 512GB (Black),Smartfon Galaxy A14 128GB/4GB Natural,0
Vivo V30 512GB - Midnight,Infinix Infinix Zero 30 256GB Black,0
Smartfon Redmi Redmi 12C 128GB Cream,Redmi Redmi Note 11 Cream 128GB,0
Vivo Vivo Y35 3GB+1TB,Vivo V30 1TB (Titanium),0
Honor 100 1TB - White,Honor Honor 100 Graphite 64GB,0
Redmi Note 13 Pro+ 512GB (Midnight),Vivo Vivo Y35 1TB Titanium,0
Oppo Oppo A58 12GB+64GB,Oppo Oppo A58 Lavender 64GB,1
Смартфон Oppo Oppo Reno 12 Pro 512GB Coral,Смартфон Oppo Oppo Reno 12 Pro 256GB Silver,0
Honor X8b 256GB Coral,Honor Honor X8b 12GB/64GB White,0
Apple iPhone 11 Pro Purple 256GB,Apple iPhone SE 3 256GB Purple,0
Tecno Tecno Camon 20 Pro 12GB/256GB Gold,Tecno Camon 30 256GB (Gold),0
Smartfon Xiaomi 14 1TB/16GB Deep Purple,Смартфон Xiaomi Xiaomi 14 Ultra 1TB Deep Purple,0
Xiaomi Xiaomi 13 Lavender 128GB,Xiaomi 13 128GB - Lavender,1
Apple iPhone SE 3 6GB+256GB,iPhone SE 3 256GB (Cream),1
прода тся телефон redmi note 13 pro,смартфон redmi a5 4 128gb green,0
Смартфон Realme Realme 11 Pro+ 256GB Black,Realme Realme 11 Pro+ 16GB/512GB Deep Purple,0
Realme 9 Pro+ 512GB Green,Смартфон Realme Realme 9 Pro+ 512GB Green,1
смартфон honor 600 lite 5g 8 256gb desert gold,honor 400 8 256gb midnight black,0
смартфон apple iphone 15 128gb blue,смартфон vivo v23e 8 128gb moonlight,0
Honor Honor Magic6 Pro 4GB/1TB White,Honor Honor Magic6 Pro 4GB/1TB White,1
смартфон tecno camon 50 pro malachite,смартфон camon 50 pro malachite,1
Vivo V29 Pro 512GB (Blue),Vivo V29 Pro 512GB - Blue,1
Smartfon Xiaomi Xiaomi 12 Pro 256GB Natural,Xiaomi Xiaomi 12 Pro 256GB Natural,1
Vivo Vivo V30e,Смартфон Infinix Infinix Zero 30 1TB Coral,0
Redmi Redmi Note 11 12GB/64GB Midnight,Redmi Redmi Note 11S 12GB+64GB,0
honor x9c 12 256 jade cyan smartfoni,honor x7d 8 256gb gold,0
Xiaomi Xiaomi 11T Pro Gold 128GB,Xiaomi Xiaomi 11T Pro Midnight 64GB,0
Honor 100 Pro 512GB Cream,Honor Honor 100 Pro Blue 1TB,0
Samsung Galaxy S23+ 64GB Deep Purple,Xiaomi Poco X6 6GB/128GB Midnight,0
смартфон apple iphone 16 pro max 512gb sim esim desert titanium,смартфон apple iphone 16 pro max 512gb sim titanium desert esim,1
телефон novey 118 gray,телефон 118 novey gray,1
Realme Realme 12+,Redmi Note 11S 256GB (White),0
смартфон honor 400 8 256gb meteor silver,смартфон honor x7b 8 128 midnight black,0
Redmi Note 12 64GB Gold,Redmi Note 12 64GB (Gold),1
Oppo A58 1TB - Coral,Oppo Oppo A58,0
Smartfon Oppo Oppo Find X7 1TB Coral,Vivo Y22s 256GB - Graphite,0
Honor 90 1TB (Black),Honor 90 1TB - Black,1
xiaomi redmi note 15 pro 12 256gb titani,xiaomi note 15 pro 12 256gb titani,1
Realme Realme C65,Realme Realme C65 8GB/64GB Starlight,1
Xiaomi Xiaomi 14 Pro 256GB Purple,Xiaomi 13T Pro 256GB (Purple),0
huawei pura 80 12 256gb white,white pura 80 12 256gb huawei,1
Smartfon Oppo Reno 11 512GB/3GB Blue,Smartfon Oppo Reno 11 1TB/3GB Titanium,0
Смартфон Infinix Infinix Note 30 1TB Blue,Infinix Infinix Note 30 Blue 1TB,1
Oppo Oppo Find X6 Pro,Oppo Oppo Find X6 Pro 12GB+512GB,0
Samsung Galaxy S23 Purple 128GB,Samsung Galaxy S23 Midnight 512GB,0
Smartfon Redmi Redmi 12 512GB Gold,Redmi 12 512GB (Gold),1
honor 600 lite desert gold 8 256gb,honor x6c green 6 128gb,0
Realme GT 5 512GB (Titanium),Realme Realme GT 5,1
Xiaomi 14 Ultra 64GB (Coral),Infinix Zero 30 5G 512GB - Deep Purple,0
redmi 9c 32 2gb dac full,samsung galaxy a56 5g 8 256 awesome olive smartfoni,0
Xiaomi Xiaomi 11T Cream 64GB,Xiaomi Xiaomi 11T,0
Apple iPhone 15 Plus,Apple iPhone 12 Pro,0
Smartfon Oppo Oppo A58 128GB Coral,Smartfon Oppo Oppo A58 128GB Coral,1
Oppo Oppo Reno 11 Pro,Oppo Oppo Reno 11 Pro 3GB/128GB Purple,0
Realme Realme 12 Pro,Смартфон Apple iPhone 12 Pro 64GB Natural,0
Smartfon Oppo Oppo A17 128GB Gold,Oppo Oppo A17 12GB/128GB Gold,1
смартфон samsung galaxy a54 5g 8 256gb black,смартфон a54 galaxy samsung 5g 8 256gb black,1
Infinix Note 40 128GB Purple,Infinix Infinix Note 40 4GB/64GB Midnight,0
Vivo Vivo V30e 512GB Coral,Smartfon Vivo Vivo V30e 512GB Coral,1
redmi note 15 pro plus 5g доставка проверка при получении,redmi 15 yangi 2026 y 05 04,0
Infinix Zero 30 5G 512GB - Black,Смартфон Infinix Infinix Smart 8 Plus 512GB Black,0
Realme Realme C55,Realme Realme C55,1
Realme Realme 12 Pro Starlight 256GB,Smartfon Xiaomi Xiaomi 13 Pro 512GB White,0
Infinix Infinix Note 40 Green 64GB,Smartfon Infinix Zero 20 64GB/4GB Green,0
Apple iPhone 13 Pro,Смартфон Apple iPhone 13 Pro 128GB Graphite,1
Xiaomi 14T 256GB (Coral),Xiaomi 14 Pro 256GB Coral,0
Oppo Oppo A79 5G 4GB/256GB Cream,Oppo Reno 11 256GB (Cream),0
Infinix Infinix Note 40 Pro,Infinix Infinix Note 40 Pro Titanium 256GB,1
iPhone 14 Pro 256GB - Lavender,Смартфон Apple iPhone 14 Pro 256GB Lavender,1
Samsung Galaxy S23 FE 16GB/512GB Cream,Смартфон Samsung Galaxy S23 FE 512GB Cream,1
redmi redm 10 c,redmi note 14 pro midnight black 8 256gb,0
Oppo Oppo A38 4GB/512GB Blue,Smartfon Oppo Oppo Reno 10 512GB Blue,0
телефон novey s77 blue,s77 novey телефон blue,1
Smartfon Honor Magic5 Pro 128GB/4GB Graphite,Infinix Smart 8 Pro 512GB Lavender,0
Tecno Pova 5 Pro 128GB Gold,Tecno Tecno Pova 5 Pro,1
Vivo Y36 512GB - Cream,Smartfon Vivo Vivo Y36 512GB Cream,1
Apple iPhone 13 Pro Cream 128GB,Honor X7b 256GB - White,0
Smartfon Oppo Find X7 Ultra 64GB/4GB Green,Apple iPhone 15 Pro 128GB Cream,0
Smartfon Vivo Vivo X100 Pro 64GB Blue,Vivo Vivo V30e 6GB/64GB Blue,0
Vivo V27 Pro 512GB (Silver),Vivo V27 Pro 512GB (Silver),1
Redmi K70 Pro 256GB (Gold),Redmi Redmi K70 Pro Gold 256GB,1
Tecno Spark 20 512GB (Gold),Smartfon Tecno Spark 20 512GB/16GB Gold,1
смартфон apple iphone 14 pro 256gb dual sim серебристый,смартфон apple iphone 17 pro max 512gb sim e sim,0
Smartfon Oppo Find X7 Ultra 256GB/6GB Graphite,Oppo Oppo A17 6GB/256GB Graphite,0
Смартфон Redmi Redmi K60 256GB Midnight,Redmi K60 256GB - Midnight,1
Smartfon iPhone 12 Pro Max 512GB/3GB Gold,Oppo Oppo Find X7 Ultra Black 1TB,0
Tecno Camon 30 Pro 1TB Midnight,Tecno Camon 30 Pro 1TB - Midnight,1
Xiaomi Poco M5s Cream 512GB,Poco M5s 256GB (Silver),0
Смартфон Samsung Galaxy S22 512GB Natural,Samsung Galaxy S22 12GB+64GB,0
Apple iPhone 11 Pro 512GB Titanium,iPhone 11 Pro 512GB Titanium,1
Galaxy Z Fold 5 512GB Graphite,Honor Honor 90 Lite 16GB+1TB,0
Redmi Redmi A3 8GB+512GB,Redmi A3 512GB (Deep Purple),1
Smartfon iPhone 12 Pro 64GB/12GB Black,Smartfon Infinix Note 40 128GB/12GB Silver,0
Galaxy A15 512GB (Coral),Samsung Galaxy A15 8GB+512GB,1
Apple iPhone 12 mini 16GB+128GB,Apple iPhone 15 Graphite 128GB,0
смартфон oppo reno 7 8 128gb black,смартфон oppo 7 8 128gb black,1
смартфон honor x8b 8 256gb titanium silver,смартфон honor x9c 8 256 titanium purple,0
samsung galaxy a27 5g blue 6 128gb,samsung 128gb a27 5g blue 6 galaxy,1
Smartfon Honor 200 64GB/3GB Lavender,Honor Honor 200 128GB Green,0
Oppo Reno 10 Pro 1TB (Midnight),Realme Realme Note 50 256GB Natural,0
смартфон realme c71 8 128gb green,128gb realme c71 8 смартфон green,1
Tecno Pova 6 Pro 128GB - Cream,Apple iPhone 14 Pro,0
Smartfon Redmi Redmi Note 13 Pro 1TB Deep Purple,Realme 12 256GB Gold,0
Smartfon Oppo Oppo Reno 10 64GB White,Smartfon Oppo Reno 10 512GB/8GB Starlight,0
смартфон honor 400 lite 5g 8gb 256gb mars green,смартфон honor x5c plus 4 128 гб ocean cyan,0
Honor Honor X7b Purple 1TB,Honor 200 1TB - Purple,0
Smartfon Xiaomi 12 Pro 256GB/4GB Lavender,Xiaomi 12 Pro 256GB Lavender,1
смартфон honor x9d 5g 12 256 гб черный,honor x6c midnight black 6 128gb,0
redmi a7 pro 4 128 black,redmi 17 4g deep blue 4 256gb,0
redmi 13 6 128 ocean blue,смартфон redmi a5 4 128gb midnight black,0
смартфон samsung galaxy s25 ultra 12 512gb titan black,смартфон 12 galaxy s25 ultra samsung 512gb titan black,1
Smartfon Realme Realme C55 64GB Gold,Realme C55 64GB Gold,1
Смартфон Apple iPhone 14 Pro Max 1TB Cream,Смартфон Apple iPhone 14 1TB Cream,0
Smartfon Realme Realme 12 128GB Coral,Realme Realme 12 6GB/128GB Coral,1
Infinix Note 40 Pro 128GB - Graphite,Infinix Infinix Note 40 Pro,0
Smartfon Infinix Infinix Hot 30 Play 512GB Midnight,Smartfon Infinix Hot 30 Play 512GB/4GB Midnight,1
Oppo Oppo Find X7 Ultra Black 64GB,Smartfon Oppo Find X7 Ultra 64GB/6GB Black,1
Realme Realme 11 3GB+1TB,Smartfon Realme Realme 11 64GB Graphite,0
Infinix Note 40 256GB Silver,Infinix Infinix Note 40 3GB+256GB,0
Xiaomi 13 Pro 1TB (Lavender),Xiaomi 13 Pro 1TB - Lavender,1
Vivo Vivo X100 Pro 3GB+256GB,Vivo Vivo X100 Pro 256GB Titanium,1
iPhone 11 Pro Max 64GB (Titanium),Apple iPhone 11 Pro Max 8GB+64GB,1
смартфон honor x9 6 128gb синий,смартфон honor 128gb 6 x9 синий,1
iPhone 15 Pro Max 1TB Lavender,Apple iPhone 15 Pro Max,0
смартфон xiaomi redmi 13 6 128gb sandy gold,смартфон xiaomi redmi 13 6 sandy gold,1
Infinix Infinix Zero 30 5G Gold 1TB,Infinix Infinix Zero 30 5G,0
смартфон redmi note 15 pro 12 256gb black,redmi 15c 8 256gb midnight black,0
смартфон spark 40c km4k 128 4 ripple blue,смартфон honor 200 lite 8 256gb black,0
Samsung Galaxy A05,Galaxy A05 512GB - Deep Purple,0
Smartfon Honor 80 Pro 512GB/12GB Coral,Honor 80 Pro 1TB (Midnight),0
Honor Honor 100 Pro Graphite 256GB,Смартфон Realme Realme 12 512GB Titanium,0
Honor 90 Pro 512GB (Lavender),Смартфон Honor Honor 90 Pro 64GB Cream,0
беспроводное зарядное устройство ugreen 2 in 1 magnetic wireless charger,беспроводное зарядное ugreen устройство 2 in 1 magnetic wireless charger,1
смартфон huawei nova 13 pro 12 512 green,смартфон huawei 13 pro 12 512 green,1
Smartfon Samsung Galaxy Z Flip 4 1TB Starlight,Galaxy Z Flip 4 64GB Lavender,0
Redmi 13 1TB - Purple,Smartfon Redmi 13 1TB/8GB Purple,1
xiaomi redmi note 15 pro 5g 8 256gb mocha brown smartfoni,xiaomi pro note 15 redmi 5g 8 256gb mocha brown smartfoni,1
Смартфон Realme Realme 11 Pro+ 1TB Natural,Realme 11 Pro+ 1TB (Natural),1
Smartfon Galaxy A35 5G 128GB/6GB Purple,Samsung Galaxy A25 Purple 128GB,0
смартфон honor x7a 4 128gb titanium silver,honor x6c 6 256gb ocean blue 100gb of internet 3 months of tv com for free,0
Realme Realme C67 Deep Purple 128GB,Smartfon Realme Realme C67 512GB Purple,0
смартфон xiaomi poco m6 pro 8 256gb global dual nano sim blue,смартфон xiaomi poco m6 pro 8 256gb global dual sim blue,1
смартфон honor 400 lite 5g 8gb 256gb velvet black,смартфон honor lite 5g 8gb 256gb velvet black,1
Infinix Infinix Note 30 Pro Green 64GB,Infinix Infinix Note 30 Pro Green 64GB,1
Honor 100 1TB (Coral),Honor Honor 100 Coral 1TB,1
Xiaomi Xiaomi 14 Ultra 256GB Lavender,Poco F5 256GB - Lavender,0
samsung s22 vetnam,samsung s22,1
Vivo Vivo Y200 3GB/64GB Gold,Smartfon Vivo Vivo Y200 64GB Gold,1
Smartfon iPhone 13 mini 128GB/6GB Blue,Apple iPhone 11 Pro 128GB Blue,0
новый apple iphone 17 pro max доставка,pro apple iphone 17 новый max доставка,1
Realme GT 5 Pro 1TB Green,Realme GT 5 Pro 1TB (Green),1
Redmi Redmi 13C 3GB/1TB Coral,Redmi 13C 1TB Coral,1
Tecno Tecno Spark 20,Tecno Tecno Spark 20 6GB/256GB Midnight,1
Smartfon Honor Honor 90 Lite 512GB Lavender,Redmi Redmi 13C 128GB Purple,0
smartfon note 15 pro 8 256gb blue,smartfon note 15 8 256gb blue,1
Infinix Note 30 Pro 512GB (Silver),Infinix Infinix Note 30 Pro 16GB/512GB Silver,1
Смартфон Samsung Galaxy Z Fold 4 1TB White,Smartfon Galaxy Z Fold 4 1TB/12GB White,1
Honor Honor 90 Lite 16GB+256GB,Honor 90 Lite 256GB (Graphite),1
Samsung Galaxy S24+ 8GB/512GB Green,Samsung Galaxy S24+ 8GB/512GB Green,1
смартфон samsung galaxy z fold 7 black 12 256,iphone 12 128gb juda yaxshi telefon,0
беспроводные наушники redmi buds 6 play white,беспроводные наушники redmi buds 6 play,1
смартфон xiaomi redmi note 15 8 256 purple,смартфон xiaomi 256 note 15 8 redmi purple,1
Smartfon Vivo Vivo Y100 512GB Gold,Vivo Y100 512GB (Gold),1
Смартфон Xiaomi Poco X5 Pro 128GB Deep Purple,iPhone 12 Pro 512GB Titanium,0
Samsung Galaxy S23 16GB/1TB Midnight,Galaxy S24 1TB Midnight,0
Redmi Redmi 13 4GB+256GB,Redmi Redmi 13 Graphite 256GB,1
надстоечный водонагреватель с краном marco mt4,надстоечный mt4 с краном marco водонагреватель,1
смартфон samsung galaxy z flip 7 black 256 гб,смартфон samsung z flip 7 black 256 гб,1
Smartfon Galaxy A15 1TB/3GB Graphite,Redmi 13 512GB (Titanium),0
Oppo Oppo Find X6 Pro Blue 64GB,iPhone 15 Plus 1TB (Coral),0
smartfon samsung galaxy a56 5g 8 128 awesome graphite,5g samsung galaxy a56 smartfon 8 128 awesome graphite,1
Redmi Redmi 13C Graphite 1TB,iPhone 15 Pro 256GB - Starlight,0
Apple iPhone 14 Pro Max,Apple iPhone 14 Pro Max 12GB+128GB,0
xiaomi redmi note 15 smartfoni 8 256gb forest green,xiaomi note 15 smartfoni 8 256gb forest green,1
iPhone SE 3 128GB - Purple,Smartfon iPhone 12 128GB/3GB Purple,0
Tecno Tecno Camon 30 12GB/1TB Starlight,Smartfon Tecno Camon 30 1TB/12GB Starlight,1
Smartfon Oppo Reno 10 Pro+ 128GB/12GB Purple,Smartfon Oppo Oppo Reno 10 Pro+ 64GB Gold,0
беспроводные наушники xiaomi mi earbuds basic 2,беспроводные наушники ugreen hitune t3 pro anc,0
Vivo Vivo Y100 16GB/128GB Midnight,Smartfon Samsung Galaxy A14 1TB Silver,0
Tecno Spark 10 1TB (Lavender),Tecno Spark 10 1TB (Lavender),1
Tecno Tecno Pova 5 128GB Graphite,Tecno Tecno Pova 5 Pro 16GB+128GB,0
Oppo Reno 11 128GB Starlight,Smartfon Oppo A17 128GB/12GB Starlight,0
Redmi Redmi Note 13 256GB Deep Purple,Redmi Redmi Note 13 4GB/256GB Deep Purple,1
iPhone 11 512GB (Deep Purple),Apple iPhone 11 6GB+128GB,0
Smartfon Redmi Note 12 256GB/6GB Starlight,Смартфон Redmi Redmi Note 12 256GB Starlight,1
смартфон xiaomi 17t pro 12 1tb violet,смартфон apple iphone 16 128gb sim esim ultramarine,0
Oppo Oppo Reno 10,Oppo Reno 10 64GB - Black,0
Realme Realme Note 50 256GB Coral,Realme Realme Note 50,1
Smartfon Infinix Smart 8 Pro 256GB/6GB Blue,Смартфон Infinix Infinix Smart 8 Pro 256GB Blue,1
Smartfon Honor X9b 256GB/8GB Blue,Honor Honor X9b 8GB+256GB,1
Infinix Hot 40 256GB - Midnight,Смартфон Infinix Infinix Hot 40 256GB Midnight,1
Honor X7a 512GB White,Smartfon Honor Honor X7a 512GB White,1
смартфон iphone 13 pro max 512gb silver,смартфон iphone pro max 512gb silver,1
смартфон infinix smart 10 3 64gb silver,xiaomi 13 lite 2m so m kami yo q,0
Realme Realme 12+,Realme Realme 12+ Purple 128GB,0
Smartfon Infinix Infinix Hot 30 Play 128GB Cream,Infinix Infinix Zero 20 Cream 128GB,0
Apple iPhone 15 Pro 1TB Midnight,Smartfon Apple iPhone 15 Pro 1TB Midnight,1
xiaomi redmi note 14s 8 256gb ocean blue,redmi note 14s 8 256gb ocean blue,1
Infinix Infinix Zero 30 Silver 1TB,Oppo Reno 11 Pro 128GB - White,0
Apple iPhone 14 Plus,Smartfon iPhone 14 Plus 512GB/3GB Green,0
redmi 15c mint green 4 256gb,redmi note 17 4g 2026 new super skidka garantiya dastavka,0
redmi note 15 6 128gb glacier blue,redmi not 8 hamma joyi ishlidi aybi yoq 128gb,0
Vivo Vivo X90 Pro White 1TB,Vivo X90 Pro 1TB - White,1
Smartfon Samsung Galaxy Z Flip 5 64GB Deep Purple,Smartfon Samsung Galaxy S24+ 64GB Deep Purple,0
Redmi Redmi Note 12 Pro 12GB+512GB,Redmi Redmi 13 12GB/512GB White,0
Samsung Galaxy S23+ 8GB/512GB Natural,Galaxy S23+ 512GB Natural,1
Redmi Redmi Note 12 Cream 64GB,Redmi Redmi Note 12 Cream 64GB,1
iPhone 11 Pro Max 1TB - Coral,Smartfon Tecno Pova 5 Pro 512GB/12GB Black,0
Tecno Tecno Camon 20 Pro 3GB+64GB,Tecno Tecno Camon 20 Pro Cream 64GB,1
смартфон iphone 11 pro 64gb dual green,смартфон iphone 11 pro 64gb green dual,1
Samsung Galaxy S22 Ultra 6GB+512GB,Samsung Galaxy S22 Ultra,1
honor 400 lite,смартфон honor x7b 8 128 midnight black,0
Realme 11 128GB - Natural,Realme Realme GT 5 128GB Natural,0
Vivo V29 64GB - Cream,Vivo V29 1TB Deep Purple,0
смартфон vivo v27 5g 12 256 гб dual nano sim благородный черный,смартфон vivo v27 5g 12 nano гб dual 256 sim благородный черный,1
Смартфон Apple iPhone 12 mini 256GB Blue,Smartfon iPhone 11 Pro 256GB/12GB Blue,0
Смартфон Tecno Tecno Phantom V Fold 128GB White,Tecno Phantom V Fold 128GB White,1
Tecno Pova 6 512GB (Deep Purple),Tecno Spark 20 Pro+ 512GB Deep Purple,0
Смартфон Xiaomi Xiaomi 14 Pro 128GB Silver,Poco X6 128GB (Silver),0
Smartfon Vivo Y22s 1TB/3GB Blue,Vivo Vivo Y22s 1TB Blue,1
Vivo Vivo X100 4GB/256GB Deep Purple,Smartfon Vivo X100 256GB/4GB Deep Purple,1
сварочный аппарат ресанта саи 190пн 65 19,сварочный аппарат ресанта саи 190пн 19,1
honor x7d 8 256gb silver,honor x8d grey 8 128gb,0
Smartfon Redmi Note 12 256GB/6GB Titanium,Redmi Note 12 256GB - Titanium,1
Смартфон Vivo Vivo Y36 1TB Midnight,Smartfon Infinix Infinix Note 40 128GB Titanium,0
Smartfon Honor X9b 1TB/6GB Starlight,Honor X9b 64GB - Deep Purple,0
Oppo Reno 12 64GB - Midnight,Oppo Reno 12 256GB - White,0
Samsung Galaxy S24+,Samsung Galaxy S24+,1
Смартфон Xiaomi Poco X6 Pro 1TB Midnight,Xiaomi Poco F5 Pro,0
Tecno Tecno Spark 10,Tecno Tecno Spark 10 12GB+128GB,1
смартфон xiaomi redmi 15c 8 256 mint green,смартфон xiaomi redmi 15c 8 mint green,1
Oppo Oppo A17 3GB/1TB Lavender,Oppo A17 256GB (White),0
Vivo Vivo V27 6GB/1TB Titanium,Vivo Vivo V29 1TB Titanium,0
Realme Realme C65 8GB/128GB Purple,Smartfon Realme C65 64GB/8GB Blue,0
Smartfon Tecno Tecno Pova 5 64GB Black,Tecno Tecno Pova 5 16GB+256GB,0
Smartfon Tecno Tecno Phantom V Fold 256GB Silver,Tecno Phantom V Fold 256GB - Silver,1
iPhone 12 Pro Max 64GB (Coral),Smartfon iPhone 12 Pro Max 64GB/4GB Coral,1
смартфон xiaomi poco c65 6 128gb dual nano sim global black,смартфон xiaomi redmi 13 8gb 256gb,0
Xiaomi Xiaomi 13 8GB/256GB Deep Purple,Смартфон Xiaomi Xiaomi 13 256GB Deep Purple,1
Tecno Tecno Camon 30 Pro 6GB+1TB,Tecno Camon 20 Pro 1TB Green,0
Xiaomi Xiaomi 11T 12GB+64GB,Xiaomi Xiaomi 11T Silver 64GB,1
Samsung Galaxy A34 1TB Deep Purple,Samsung Galaxy A34 Deep Purple 1TB,1
смартфон xiaomi redmi 15 6 128 snady purple,смартфон 6 redmi 15 xiaomi 128 snady purple,1
Apple iPhone 14,iPhone 14 512GB Graphite,1
Smartfon Galaxy A34 512GB/4GB Black,Smartfon Galaxy A34 512GB/4GB Black,1
Vivo Vivo V30 Pro 12GB/64GB Midnight,Vivo V30 Pro 64GB - Midnight,1
Xiaomi Poco M6 Pro Black 256GB,Smartfon Xiaomi Poco M6 Pro 128GB Purple,0
Realme GT 5 64GB - Cream,Realme Realme GT 5 64GB Cream,1
Smartfon Samsung Galaxy A35 5G 1TB White,Galaxy A35 5G 1TB - White,1
Poco M5s 128GB Graphite,iPhone 11 64GB - Green,0
samsung galaxy a10s,a10s galaxy samsung,1
galaxy a27 5g 6 128 blue,смартфон apple iphone 16 pro 256gb sim esim natural titanium,0
honor x9c titanium black 8 256gb,honor 200 12 512gb white 100gb of internet 3 months of tv com for free,0
Realme Realme C55 128GB Deep Purple,Vivo Vivo X100 256GB Starlight,0
смартфон honor 200 lite 8 256gb starry blue,смартфон honor 200 16 512gb emerald green,0
смартфон xiaomi redmi note 15 pro 12 256gb white,iphone 14pro max gold dual sim karta,0
Смартфон Xiaomi Xiaomi 14 512GB Lavender,Smartfon Xiaomi 14 512GB/16GB Lavender,1
cмартфон huawei p60 pro 8 256 white,oppo reno 8t 5g 8 256gb sunrise gold,0
смартфон samsung galaxy a37,смартфон a37 galaxy samsung,1
смартфон xiaomi poco x8 pro max 12 512gb black,смартфон poco x8 pro max 12 512gb black,1
honor x7d 6 128 meteor silver,128 x7d 6 honor meteor silver,1
Xiaomi Xiaomi 13 Pro 1TB Green,Realme Realme C53 512GB Natural,0
honor x7c forest green 6 128gb,honor x6b 4 128gb forest green,0
Infinix Smart 8 128GB (White),Infinix Infinix Smart 8 128GB White,1
Redmi Note 11 256GB Blue,Smartfon Redmi Note 11 256GB/4GB Blue,1
Smartfon Oppo A17 512GB/16GB Starlight,Oppo A17 512GB Starlight,1
Infinix Infinix Zero 20 6GB+256GB,Infinix Infinix Note 30 256GB Purple,0
honor x5b 4 64 ocean blue,honor x6c 6 128 ocean cyan,0
Смартфон Honor Honor 200 1TB Cream,Smartfon Honor 200 1TB/6GB Cream,1
смартфон iphone 13 pro max 256gb green,смартфон iphone 13 max 256gb green,1
Oppo Oppo A58 Gold 128GB,Oppo Oppo A58 Gold 128GB,1
смартфон apple iphone 16 pro 128gb dual esim black titanium,смартфон apple iphone dual pro 128gb 16 esim black titanium,1
новый xiaomi 17t 5g доставка,новый xiaomi 5g 17t доставка,1
Honor Honor X9a,Honor Honor X9a 12GB/64GB White,1
Honor X8a 1TB - Green,Смартфон Honor Honor 100 Pro 1TB Green,0
Oppo Oppo A17 6GB/1TB Coral,Смартфон Oppo Oppo A17 1TB Coral,1
Смартфон Samsung Galaxy Z Flip 5 512GB Black,Samsung Galaxy Z Flip 5,1
Смартфон Oppo Oppo Find X6 Pro 1TB Deep Purple,Oppo Reno 10 Pro+ 1TB Deep Purple,0
Redmi Redmi K60 8GB/128GB Blue,Vivo X90 Pro 1TB (Starlight),0
Smartfon Honor Magic5 Pro 512GB/6GB Natural,Honor Magic5 Pro 512GB (Natural),1
redmi note 17 black 4 128gb рюкзак в подарок,redmi note 14 8 128 midnight black,0
tecno spark 30 8 128gb astral ice smartfoni,tecno spark 30 8 128gb astral smartfoni,1
Galaxy S24+ 512GB (Lavender),Смартфон Samsung Galaxy S24+ 1TB Green,0
смартфон huawei p60 8 256gb black,смартфон huawei p60 8 256gb,1
Smartfon Oppo Oppo A78 128GB Starlight,Oppo Oppo A78 16GB+64GB,0
Infinix Smart 8 Pro 1TB - Green,Смартфон Infinix Infinix Smart 8 Pro 256GB Coral,0
smartfon honor magic 8 pro 12 512gb oltin rang,смартфон xiaomi 14 5g 12 256gb black,0
Redmi Redmi 13C 4GB/128GB Graphite,Redmi Redmi 13C 4GB+128GB,1
Vivo Vivo V27 Pro 16GB+64GB,Vivo Vivo V27 Pro Blue 64GB,1
honor x9d 8 256 reddish,смартфон honor x8c 8 128gb green,0
iphone 15 pro 256gb,xiaomi 17t pro deep blue 12 512gb,0
Xiaomi Xiaomi 14T White 512GB,Смартфон Xiaomi Xiaomi 14T 512GB White,1
Redmi Redmi 12C 8GB+1TB,Redmi Redmi 12C,1
Realme Realme 12,Realme Realme 12 12GB/512GB Purple,0
смартфон xiaomi poco x6 5g 12 256gb black,смартфон xiaomi poco x6 5g 12 256gb,1
Vivo Y200 Pro 256GB (Deep Purple),Vivo Y200 Pro 256GB Deep Purple,1
Smartfon Infinix Hot 40 1TB/8GB Cream,Infinix Infinix Smart 8 1TB Cream,0
redmi 15 6 128gb titan gray,redmi 13 c phone,0
Infinix Smart 8 64GB (Starlight),Infinix Infinix Smart 8 12GB/128GB Natural,0
Vivo Vivo Y35 256GB Titanium,Vivo Y35 256GB - Titanium,1
Realme Realme C55,Realme Realme C55 6GB+256GB,0
Tecno Tecno Spark 20 8GB/1TB Silver,Tecno Tecno Spark 20 Silver 1TB,1
apple iphone air 12 256gb light gold,apple iphone 12 256gb light gold,1
Vivo V29 128GB - Midnight,Smartfon Vivo V29 128GB/4GB Midnight,1
redmi 15c 6 128gb moonlight blue,redmi note 8 pro 2019,0
Smartfon iPhone 13 Pro 128GB/6GB Lavender,Vivo V29 Pro 256GB (Blue),0
Galaxy S23 Ultra 256GB Black,Galaxy S23 Ultra 512GB - Gold,0
Smartfon Oppo A58 512GB/8GB Starlight,Oppo A58 512GB (Starlight),1
смартфон iphone 12 pro 256gb silver,смартфон pro 12 iphone 256gb silver,1
Redmi A3 256GB - Midnight,Tecno Tecno Spark 20 Pro Silver 64GB,0
смартфон honor 70 8 128gb global blue,honor x7d velvet black 6 128gb,0
смартфон samsung galaxy s21 fe 8 256gb white,смартфон samsung a022 galaxy a02 2 32gb black,0
Tecno Tecno Phantom V Fold,Tecno Tecno Spark 20 Pro,0
смартфон honor 200 12 256gb black,смартфон samsung galaxy a54 5g 6 128gb white,0
смартфон realme c25y 4 128gb blue,смартфон 128gb c25y 4 realme blue,1
Poco M5s 1TB (Green),Xiaomi Poco M5s Purple 128GB,0
Smartfon Vivo V30 1TB/12GB Black,Vivo Vivo Y22s 1TB Black,0
Xiaomi Xiaomi 14 128GB Cream,Xiaomi 14 128GB - Cream,0
honor x6c 6 128 midnight black,honor 128 6 x6c midnight black,1
Smartfon Xiaomi 14 Ultra 512GB/3GB White,Смартфон Xiaomi Poco X5 512GB White,0
honor x7a plus 6 128gb kulrang,smartfon honor x6c 6 256gb ocean blue,0
Smartfon Xiaomi Poco F5 Pro 64GB Starlight,Xiaomi Poco F5 Pro 3GB+128GB,0
Смартфон Oppo Oppo A58 1TB Starlight,Oppo Reno 11 Pro 1TB (Starlight),0
Tecno Tecno Pova 6 8GB/128GB Green,Tecno Tecno Pova 6 Green 128GB,1
смартфон samsung galaxy a15 8 128gb yellow,samsung galaxy a15 8 128gb yellow,1
samsung galaxy a56 5g 8 256gb 8 128gb,смартфон xiaomi redmi a3 4 128gb black,0
Redmi Note 13 64GB - Lavender,Redmi Note 13 64GB (Lavender),1
redmi note 15 pro 5g 8 256 black,redmi note black pro 5g 8 256 15,1
Smartfon Oppo Oppo A58 64GB Graphite,Oppo A58 64GB Graphite,1
Смартфон Vivo Vivo Y35 1TB Deep Purple,Vivo Vivo Y35 Deep Purple 1TB,1
смартфон honor x8d 8 256gb midnight black,смартфон honor x9b 5g 12 256gb emerald green,0
Smartfon Redmi Redmi K60 64GB Green,Smartfon Redmi Note 13 Pro+ 64GB/8GB Green,0
смартфон iphone 14 pro 1tb deep purple,purple iphone 14 pro 1tb deep смартфон,1
Xiaomi Poco M5s 64GB Graphite,Xiaomi Poco M5s 12GB+64GB,1
Tecno Tecno Spark 20 12GB/128GB Green,Tecno Spark 20 128GB (Green),1
Infinix Hot 40 Pro 64GB Graphite,Смартфон Infinix Infinix Hot 40 Pro 64GB Graphite,1
Samsung Galaxy S22 Ultra,Samsung Galaxy S22 Ultra 8GB/64GB Purple,0
Redmi A2+ 64GB Silver,Redmi A2+ 64GB (Silver),1
Poco M5 1TB - Gold,Смартфон Vivo Vivo X100 256GB Coral,0
Tecno Spark 20 128GB - Natural,Смартфон Tecno Tecno Spark 20 512GB Midnight,0
Honor X7b 64GB - White,Смартфон Honor Honor X7b 256GB Green,0
redmi note 13telfon sotiladi,redmi 13telfon sotiladi,1
Smartfon Xiaomi 12 1TB/6GB Titanium,Xiaomi 12 256GB (Midnight),0
Infinix Infinix Zero 30 8GB+256GB,Смартфон Infinix Infinix Zero 30 512GB Titanium,0
Apple iPhone 15 Pro Max,Apple iPhone 15 Pro Max 6GB/128GB Deep Purple,1
Poco F5 Pro 128GB (Titanium),Xiaomi Poco F5 Pro 3GB+128GB,1
Galaxy Z Flip 4 128GB - Gold,Samsung Galaxy S22 Ultra Gold 128GB,0
Smartfon Samsung Galaxy A15 1TB Natural,Galaxy A15 128GB Lavender,0
Tecno Pova 6 Pro 64GB - Purple,Tecno Tecno Spark 20 Pro 6GB+64GB,0
Realme Realme 11,Smartfon Realme 11 128GB/16GB Starlight,1
Oppo A17 128GB (Black),Oppo Oppo A17 128GB Black,1
смартфон oppo a78 8 256gb aqua green,смартфон oppo a78 256gb aqua green,1
Honor Honor X7a 1TB Green,Смартфон Tecno Tecno Camon 20 Pro 256GB White,0
iPhone 15 Plus 512GB Natural,Smartfon Apple iPhone 15 Plus 512GB Natural,1
Smartfon Tecno Camon 20 Pro 1TB/12GB Black,Tecno Camon 20 Pro 1TB (Black),1
Smartfon Redmi Redmi A2+ 512GB Black,Redmi A2+ 512GB - Black,1
Smartfon Realme 12 Pro+ 64GB/12GB Coral,Realme Realme 12 Pro+ Coral 64GB,1
Oppo Reno 12 256GB Coral,Oppo Reno 12 256GB - Coral,1
Infinix Smart 8 Plus 128GB - White,Honor Magic6 Pro 512GB Cream,0
redmi note 15 pro night black 8 256gb,redmi note 14 pro 5g midnight black 12 512gb,0
смартфон samsung galaxy s22 8 128g mix,128g samsung galaxy s22 8 смартфон mix,1
Realme Realme 11 3GB+128GB,Realme 11 1TB (Gold),0
смартфон samsung galaxy s22 ultra 5g 12 128gb red,apple iphone 16 pro max 256gb 1 sim 1 esim black titanium smartfoni,0
смартфон vivo y28 8 128 agate green,смартфон y28 8 128 agate green,1
Realme Realme 12 Pro 6GB/1TB Starlight,Realme 12 Pro 512GB (Midnight),0
Xiaomi Xiaomi 14T,Xiaomi 13 512GB Deep Purple,0
redmi 15c 6 128gb midnight black,redmi note 15 pro 5g,0
Smartfon Vivo Y36 512GB/3GB Titanium,Vivo Y36 256GB - Black,0
смартфон honor h200 pro 12 512gb ocean cyan black,смартфон 512gb h200 pro 12 honor ocean cyan black,1
Xiaomi Xiaomi 14 Ultra 12GB+1TB,Smartfon Xiaomi Xiaomi 14 Ultra 1TB White,1
Apple iPhone 13 Pro 12GB/256GB Green,Xiaomi 11T 1TB - Graphite,0
Apple iPhone 11 Pro Max 8GB/128GB Silver,Apple iPhone 11 Pro Max 8GB/512GB Coral,0
Redmi Redmi Note 13 12GB/256GB Purple,Смартфон Redmi Redmi Note 13 256GB Purple,1
смартфон samsung galaxy a12 32gb white,смартфон samsung galaxy a37 256gb light violet,0
Infinix Smart 8 64GB (Lavender),Smartfon Galaxy A25 128GB/3GB Coral,0
smartfon honor x8d 8 256gb velvet gray,смартфон honor x7a 4 128gb ocean blue,0
Honor Honor Magic5 Pro 12GB+256GB,Honor Honor Magic5 Pro 12GB/512GB Blue,0
Realme Realme 11 Pro+ 3GB+1TB,Realme 11 Pro+ 1TB Gold,1
Samsung Galaxy A55 5G Lavender 512GB,Samsung Galaxy A55 5G 256GB Coral,0
Xiaomi Xiaomi 11T 3GB/256GB Starlight,Smartfon Xiaomi 11T 256GB/3GB Starlight,1
Tecno Tecno Spark 20 Pro 256GB Graphite,Smartfon Tecno Tecno Spark 20 Pro 128GB Green,0
Smartfon Honor X9a 64GB/8GB Silver,Honor X9a 64GB Silver,1
redmi 14c midnight black 6 128gb,redmi 8 4 64gb 2021 yil,0
Apple iPhone 13 Pro Max 512GB Coral,Smartfon iPhone 13 Pro Max 512GB/12GB Coral,1
Smartfon Xiaomi Poco M5s 512GB White,Смартфон Tecno Tecno Pop 8 1TB Midnight,0
Samsung Galaxy A25 4GB/256GB Starlight,Smartfon Galaxy A25 256GB/4GB Starlight,1
смартфон iphone xr 128gb blue dual,смартфон iphone xr 128gb dual blue,1
Xiaomi 14T Pro 64GB Cream,Смартфон Xiaomi Xiaomi 14T Pro 64GB Cream,1
смартфон honor 600,600 honor смартфон,1
Infinix Infinix Zero 30 5G Deep Purple 256GB,Infinix Infinix Zero 30 5G 256GB Deep Purple,1
смартфон xiaomi redmi 12c 4 128gb gray,4 xiaomi redmi 12c смартфон 128gb gray,1
Smartfon Redmi Note 13 4G 64GB/3GB Starlight,Redmi Note 13 4G 64GB Starlight,1
смартфон samsung galaxy s22 ultra 5g 12 256gb black,смартфон infinix hot 30i 8 128gb black,0
Realme Realme 9 Pro+ 512GB Titanium,Realme 9 Pro+ 512GB - Titanium,1
Infinix Infinix Hot 40 Natural 64GB,Infinix Infinix Hot 40 16GB/64GB Natural,1
Redmi K70 Pro 256GB (Lavender),Redmi K70 Pro 256GB Lavender,1
Realme 12+ 128GB Blue,Realme Realme 12+ 8GB/128GB Blue,1
смартфон realme c53 128gb 6gb nfc mighty black,смартфон realme 128gb 6gb nfc mighty black,1
Oppo Oppo A58 12GB+64GB,Oppo Oppo A58 64GB Cream,1
Vivo Y22s 1TB - Blue,Redmi Redmi A3 256GB Coral,0
Смартфон Samsung Galaxy M34 5G 1TB Purple,Infinix Infinix Zero 20 8GB/64GB Black,0
Смартфон Vivo Vivo Y22s 64GB Coral,Vivo Y22s 64GB Coral,1
Honor Honor 90 Pro,Honor Honor 90 Pro,1
Apple iPhone SE 3,Смартфон Apple iPhone SE 3 128GB Green,0
Samsung Galaxy S24 Ultra,Galaxy M14 512GB Deep Purple,0
Vivo Vivo V30e 12GB/128GB Green,Vivo V30e 128GB - Green,1
Samsung Galaxy S24 Ultra 8GB/512GB Black,Smartfon Samsung Galaxy S24 Ultra 512GB Black,1
xiaomi redmi note 14 pro 5g 12 512gb frost blue,xiaomi redmi note pro 5g 12 512gb frost blue,1
Apple iPhone 15 512GB Gold,Apple iPhone 15 12GB+512GB,1
смартфон honor 70 8 128gb midnight black,смартфон honor 8 128gb midnight black,1
Smartfon Xiaomi Xiaomi 12T Pro 64GB White,Xiaomi 12T Pro 64GB (White),1
huawei nova 14i 8 256gb black,huawei nova 8 256gb black,1
iphone 13 128gb midnight smartfoni yangi,midnight 13 128gb iphone smartfoni yangi,1
iPhone 14 Pro 128GB Green,Apple iPhone 14 Pro Green 128GB,1
смартфон honor x7a plus 6 128gb titanium silver,смартфон honor x5 plus 4 64 black,0
Smartfon Infinix Note 40 512GB/12GB Gold,Infinix Smart 8 512GB - Gold,0
Realme Realme C67 Starlight 1TB,iPhone 14 Pro 128GB - Natural,0
Smartfon Redmi 12C 64GB/3GB Gold,Смартфон Redmi Redmi 12C 512GB Cream,0
Infinix Infinix Zero 30 512GB Graphite,Infinix Infinix Zero 30 512GB Graphite,1
смартфон xiaomi redmi note 11 4 64gb gray blue,смартфон infinix smart 10 4 128gb silver,0
смартфон samsung galaxy a06 4 128gb green,смартфон samsung galaxy green 4 128gb a06,1
Vivo Vivo X100 4GB+128GB,Vivo Vivo X100 4GB/128GB Black,1
Tecno Tecno Pova 6 Coral 1TB,Tecno Tecno Pova 6 12GB+1TB,1
Samsung Galaxy Z Fold 5 Titanium 64GB,Samsung Galaxy Z Flip 5 64GB Titanium,0
Oppo A58 1TB (Natural),Oppo Oppo Reno 10 Pro 1TB Natural,0
Smartfon Tecno Tecno Pop 8 64GB Black,Tecno Tecno Pop 8 64GB Black,1
Honor Honor X9a 512GB Blue,Honor Honor X9a Blue 512GB,1
Realme 9 Pro+ 1TB (Starlight),Realme 9 Pro+ 1TB Starlight,1
смартфон realme 11 4g 8 256 rmx3636 black,realme 11 4g 8 256 rmx3636 black,1
honor x6b 4 128 forest green,смартфон honor x7d 6 128 гб meteor silver,0
Smartfon Samsung Galaxy S24 Ultra 256GB Midnight,Samsung Galaxy Z Flip 5 6GB/256GB Midnight,0
Vivo Vivo X90 Pro,Smartfon Vivo Vivo X90 Pro 512GB Cream,1
Infinix Infinix Zero 30 64GB Green,Infinix Infinix Smart 8 Pro,0
Apple iPhone 13 Pro 3GB+1TB,Apple iPhone 13 Pro 1TB Titanium,1
Vivo V30e 256GB (Blue),Vivo Vivo V30e 12GB/1TB Coral,0
Tecno Spark 10 128GB - Starlight,Smartfon Tecno Tecno Spark 10 128GB Starlight,1
Realme Realme 9 Pro+ 512GB Lavender,Realme Realme 9 Pro+ 6GB/512GB Lavender,1
смартфон xiaomi mi 12 lite 6 128gb green,xiaomi 17t pro 12gb 256gb smartfoni,0
Redmi Redmi 12C 3GB/64GB Purple,Redmi Redmi K60 3GB/64GB Purple,0
Tecno Spark 20 Pro+ 128GB Black,Tecno Spark 20 Pro+ 128GB - Black,1
Xiaomi Xiaomi 12 Blue 256GB,Xiaomi 12 256GB Blue,1
honor 400 pro midnight black 12 512gb,смартфон honor x8d 8 128gb blue,0
Honor Honor X9b,Realme 12 Pro+ 256GB Lavender,0
Vivo Vivo X90 Pro 512GB Black,Vivo Vivo X90 Pro 3GB+64GB,0
xiaomi redmi note 15 pro 5g 8 256gb smartfoni mocha brown,xiaomi redmi note 15 pro 8 256gb smartfoni mocha brown,1
Realme Realme 11 Pro+ 512GB Natural,Infinix Infinix Hot 40 3GB/64GB Graphite,0
Honor Honor X9a,Honor Honor X9a 12GB+64GB,1
Smartfon Realme GT 5 Pro 512GB/8GB Lavender,Smartfon Realme Realme GT 5 Pro 512GB Lavender,1
Infinix Infinix Note 40 Green 64GB,Infinix Note 40 64GB Green,1
Tecno Tecno Pova 5 512GB Deep Purple,Tecno Pova 5 512GB - Deep Purple,1
смартфон xiaomi redmi note 15 8 128gb purple,смартфон xiaomi redmi note 15 purple 128gb 8,1
Honor Honor 200 Pro Silver 512GB,Honor Honor 200 Pro,0
Realme Realme C65 16GB/512GB Black,Tecno Tecno Pova 5 Pro 1TB Green,0
Smartfon Galaxy S23 FE 128GB/8GB Natural,Smartfon Samsung Galaxy A14 128GB Natural,0
Infinix Note 40 512GB - White,Infinix Infinix Hot 40 4GB/512GB White,0
Smartfon Vivo V30 1TB/3GB Deep Purple,Vivo Vivo X90 Pro Deep Purple 1TB,0
смартфон honor x8 6 128gb black в подарок зонт термос кольцо держатель,smartfon honor x9d 12 256gb midnight black,0
Realme Note 50 128GB - Blue,Smartfon Realme Realme Note 50 128GB Blue,1
redmi 9a holati alo,redmi holati 9a alo,1
Smartfon Infinix Note 40 128GB/3GB Blue,Infinix Smart 8 Pro 128GB (Blue),0
Smartfon Apple iPhone 12 Pro 128GB Midnight,Apple iPhone 12 Pro Midnight 128GB,1
Smartfon Xiaomi 14 64GB/6GB Coral,Infinix Zero 30 1TB - Midnight,0
Realme Realme GT 5 6GB+1TB,Realme Realme GT 5 Silver 1TB,1
Vivo Y35 256GB (Deep Purple),Vivo Vivo Y35 8GB+256GB,1
смартфон iphone xr 128gb coral,iphone xr 128gb coral,1
Honor 200 128GB (Silver),Redmi Redmi Note 12 Pro+ Gold 512GB,0
смартфон apple iphone 17 8 256gb sim e sim,смартфон apple iphone 8 17 256gb sim e sim,1
Vivo Y200 Pro 128GB Natural,Смартфон Vivo Vivo V30 128GB Natural,0
Realme Realme 11 Deep Purple 64GB,Realme Realme 11 Deep Purple 64GB,1
Infinix Note 40 128GB - Titanium,Смартфон Infinix Infinix Smart 8 Plus 128GB Titanium,0
Realme Realme C67 3GB+64GB,Realme C65 64GB (Graphite),0
Tecno Spark 20 Pro 256GB Graphite,Tecno Spark 20 Pro 256GB Graphite,1
смартфон google pixel 10a 8 256gb lavender,spark go 1 3 64 glittery white,0
Смартфон Honor Honor 100 1TB Purple,Smartfon Honor Honor 100 1TB Purple,1
смартфон apple iphone 14 plus 6 256gb красный,6 apple iphone 14 plus смартфон 256gb красный,1
Infinix Zero 30 5G 64GB (Titanium),Infinix Infinix Zero 30 5G 512GB Black,0
Смартфон Infinix Infinix Smart 8 Pro 512GB Purple,Infinix Smart 8 Pro 512GB (Purple),1
Smartfon Samsung Galaxy Z Flip 4 64GB Lavender,Galaxy Z Flip 4 1TB (Silver),0
Infinix Hot 40 1TB (White),Infinix Infinix Hot 40 3GB/1TB White,1
Smartfon Poco X5 Pro 128GB/3GB White,Xiaomi Poco X5 Pro Cream 512GB,0
ajib i25 titanium grey 6 128gb,ajib i25 titanium grey 128gb,1
Oppo Reno 10 Pro+ 256GB - Coral,Smartfon Oppo Oppo Reno 10 256GB Coral,0
Apple iPhone 14 Plus 256GB Blue,Honor Honor Magic5 Pro Black 64GB,0
Смартфон Infinix Infinix Smart 8 Plus 512GB Blue,Infinix Infinix Smart 8 Plus,0
Infinix Zero 20 512GB Lavender,Смартфон Infinix Infinix Zero 20 512GB Lavender,1
iPhone 14 Plus 512GB (Cream),Apple iPhone 14 Pro Max Cream 512GB,0
Vivo Vivo V29 Pro 4GB/256GB Green,Vivo V29 Pro 256GB (Green),1
Vivo Y100 64GB (Black),Oppo Reno 10 Pro 256GB Deep Purple,0
Smartfon Infinix Infinix Zero 30 5G 64GB Green,Infinix Infinix Zero 30 5G,1
смартфон samsung galaxy a32 4 64gb white,смартфон samsung a32 4 64gb white,1
графический планшет huion inspiroy rte 100 cosmo black,смартфон honor 200 lite 12 256gb starry blue,0
смартфон infinix smart 10 4 256gb gold,honor x7d 8 256gb black,0
Oppo Oppo Find X7 Ultra 1TB Coral,Oppo Reno 12 Pro 1TB (Coral),0
Smartfon Realme C33 512GB/4GB Black,Infinix Note 30 Pro 256GB - White,0
Smartfon Vivo Vivo V30 128GB Lavender,Honor Honor 90 4GB+64GB,0
Смартфон Oppo Oppo Reno 11 Pro 1TB Black,Oppo Reno 11 Pro 1TB (Black),1
Honor X8b 512GB (White),Smartfon Honor X8b 64GB/4GB Starlight,0
Redmi 12C 512GB (Blue),Redmi Redmi 12C,1
смартфон samsung galaxy a07 6 128gb light violet фиолетовый,смартфон samsung 6 a07 galaxy 128gb light violet фиолетовый,1
Смартфон Apple iPhone 11 Pro Max 64GB Midnight,Apple iPhone 12,0
Realme GT 5 Pro 512GB (Graphite),Realme GT 5 Pro 512GB Graphite,1
xiaomi 15 ultra 16 512gb black smartfoni,xiaomi 15 ultra 16 smartfoni black 512gb,1
Tecno Camon 30 64GB (Titanium),Smartfon Tecno Tecno Pova 6 Pro 64GB Titanium,0
Honor Honor 200 Pro 512GB Midnight,Realme Realme 12+ Titanium 128GB,0
Смартфон Redmi Redmi Note 12 512GB Graphite,Redmi Note 12 512GB Graphite,1
Apple iPhone 15 Pro,Apple iPhone 15 Pro Midnight 128GB,0
Galaxy S21 FE 1TB (Midnight),Samsung Galaxy S21 FE 6GB/1TB Midnight,1
Realme 12+ 64GB - Gold,Smartfon Realme Realme 12+ 512GB Green,0
Smartfon Galaxy S22 Ultra 1TB/12GB Deep Purple,Smartfon Vivo X100 128GB/12GB Black,0
Xiaomi Poco M5 6GB+512GB,Galaxy M14 128GB - Green,0
Vivo V30e 64GB - Green,Vivo Vivo V30e 64GB Green,1
Xiaomi Xiaomi 14 Ultra 8GB+512GB,Xiaomi 14 Ultra 512GB (Cream),1
Redmi Note 12 Pro+ 1TB - Starlight,Xiaomi Xiaomi 14 512GB White,0
samsung galaxy a26 5g 6 128gb black,смартфон xiaomi redmi 13c 8 256 navy blue,0
Apple iPhone 12 Pro White 1TB,Smartfon Apple iPhone 12 Pro 1TB White,1
Smartfon Oppo Find X7 Ultra 256GB/16GB Silver,Oppo Oppo Find X7 Ultra Midnight 512GB,0
Honor Honor 80 Pro Graphite 128GB,Смартфон Honor Honor Magic6 Pro 128GB Graphite,0
смартфон infinix hot 30i 4 64gb black,iphone 14 pro deep purple sotiladi,0
смартфон apple iphone 15 plus 512gb blue,смартфон google pixel 6 8gb 256gb kinda coral,0
смартфон apple iphone 14 plus 6 128gb фиолетовый,смартфон 14 iphone apple plus 6 128gb фиолетовый,1
Redmi Redmi 13 Purple 64GB,Redmi 13 64GB - Purple,1
Apple iPhone 11,Apple iPhone 11 8GB+1TB,1
Smartfon Tecno Tecno Pova 5 1TB Deep Purple,Smartfon Tecno Phantom V Fold 1TB/12GB Deep Purple,0
смартфон apple iphone 17 pro 1tb silver,смартфон xiaomi redmi 5x,0
смартфон honor x7a plus 6 128gb ocean blue,смартфон honor x7a 6 128gb ocean blue,1
apple iphone 16 pro 1tb natural titanium 100gb of internet 3 months of tv com for free,apple iphone pro 1tb natural titanium 100gb of internet 3 months of tv com for free,1
honor 400 pro 12 512gb 5g lunar grey smartfoni honor ryukzaki sovg aga,iphone xs gold svet,0
смартфон honor 200 16 512gb coral pink,смартфон oppo a17 4 64gb lake blue,0
Xiaomi Poco X5 Purple 128GB,Xiaomi Xiaomi 14 Ultra 16GB+128GB,0
Смартфон Tecno Tecno Spark 20 Pro+ 256GB Silver,Tecno Tecno Spark 20 Pro+ 12GB/256GB Silver,1
смартфон apple iphone 6s 32gb gold,gold apple iphone 6s 32gb смартфон,1
redmi note 12 s sotiladi,redmi note 12 pro,0
honor x7d 6 128gb velvet black smartfoni oq sim karta sovg a 3 oyga 100gb,honor x7d oq 128gb velvet black smartfoni 6 sim karta sovg a 3 oyga 100gb,1
Smartfon Realme 12+ 64GB/3GB Blue,Смартфон Realme Realme 12+ 64GB Blue,0
Honor Honor X7a 6GB/1TB Green,Honor Honor X7a Purple 256GB,0
Smartfon iPhone 11 Pro 512GB/3GB Lavender,Smartfon Apple iPhone 11 Pro 512GB Lavender,1
galaxy s25 fe 8 128 navy,redmi note 17 new 2026 super skidkagarantiya dastavka,0
Realme 12 Pro 256GB Starlight,Смартфон Realme Realme 12 Pro 64GB Blue,0
vivo y28 8 128gb gleaming orange,vivo y28 128gb gleaming orange,1
Honor Honor 100 Pro 4GB/256GB Silver,Honor 100 Pro 256GB - Silver,1
Samsung Galaxy A14 256GB Coral,Samsung Galaxy A14 256GB Coral,1
Honor Magic5 Lite 256GB - Deep Purple,Honor Magic5 Lite 256GB - Deep Purple,1
Tecno Pova 6 128GB (Purple),Smartfon Tecno Tecno Spark 10 128GB Purple,0
смартфон infinix note 30 8 128gb obsidian black,смартфон infinix note 30 8 128gb black,1
смартфон xiaomi redmi note 15 pro 5g 8 256 black,смартфон xiaomi redmi note 5g pro 15 8 256 black,1
смартфон samsung galaxy a22 4 64gb white,смартфон samsung a22 galaxy 4 64gb white,1
Realme Realme Note 50 6GB/512GB Titanium,Realme Realme Note 50 6GB+512GB,1
iphone 14 pro 256,iphone pro 256,1
смартфон samsung galaxy s24 fe 8 256gb dual sim blue,смартфон realme c35 4 128gb rmx3511 glowing black,0
Samsung Galaxy Z Fold 4 1TB Lavender,Смартфон Samsung Galaxy Z Fold 4 128GB Natural,0
смартфон realme c71,realme c71,1
смартфон samsung galaxy a16 8 256gb grey,смартфон samsung galaxy a16 256gb 8 grey,1
Realme Realme Note 50 64GB Lavender,Realme Note 50 64GB Lavender,1
Смартфон Realme Realme C55 1TB Coral,Realme C55 1TB (Coral),1
Realme 11 64GB Cream,Realme Realme 11 8GB/64GB Cream,0
Infinix Infinix Hot 40 12GB/128GB Titanium,Smartfon Infinix Infinix Hot 40 128GB Titanium,1
Smartfon Vivo Vivo V30e 512GB Natural,Samsung Galaxy A55 5G 128GB Coral,0
Honor Honor X8b 128GB Lavender,Smartfon Honor X8b 128GB/6GB Lavender,1
Realme C33 1TB (Blue),Realme Realme C65 12GB+1TB,0
honor 600 8 512 orange,honor 600 8 orange,1
Oppo Oppo Reno 10 Titanium 1TB,Oppo Oppo Reno 10 Titanium 1TB,1
Realme 11 Pro 64GB (Graphite),Smartfon Realme Realme 11 Pro+ 64GB Graphite,0
Samsung Galaxy F14 5G 6GB/64GB White,Смартфон Samsung Galaxy F14 5G 256GB Black,0
Tecno Spark 20 Pro 1TB Black,Tecno Camon 30 1TB Black,0
Galaxy M34 5G 128GB (Silver),Смартфон Samsung Galaxy S23 FE 128GB Silver,0
Honor Honor Magic5 Pro 3GB/64GB White,Honor Honor Magic5 Pro 3GB+1TB,0
xiaomi mix flip 12 512gb black,redmi a5 3 64 ocean blue,0
смартфон honor 400 pro 12 512gb midnight black,смартфон honor x9d 5g 12 256 гб черный,0
Realme Realme 12+ Gold 64GB,Realme Realme 12+,1
Tecno Camon 30 512GB Deep Purple,Tecno Spark 20 Pro 512GB - Deep Purple,0
Smartfon iPhone 15 Pro Max 128GB/3GB Starlight,Apple iPhone 15 Pro Max Starlight 128GB,1
xiaomi 17 t pro 12 512,xiaomi 17 t 12 pro 512,1
Smartfon Vivo Y200 Pro 256GB/12GB Deep Purple,Smartfon Vivo Y200 Pro 1TB/12GB Blue,0
Смартфон Tecno Tecno Camon 30 Pro 512GB Deep Purple,Tecno Tecno Camon 30 Pro,1
Smartfon Redmi Note 11 Pro 64GB/16GB Purple,Redmi Redmi Note 11 Pro 16GB+64GB,1
samsung galaxy a07 green 6 128gb,смартфон samsung galaxy a36 5g 6 128gb lavender,0
Galaxy A34 512GB Deep Purple,Galaxy A34 512GB Deep Purple,1
iPhone SE 3 512GB Green,Apple iPhone SE 3 8GB+512GB,1
Tecno Pova 6 128GB (Starlight),Tecno Tecno Pova 6 6GB+128GB,1
honor x8b 8 256gb midnight black,honor 200 lite 8 256gb starry blue,0
Smartfon Honor Honor 90 Pro 256GB Black,Honor 90 Pro 256GB Black,1
oppo a 57s ideal 1qol,oppo a5x 4 128gb laser white,0
смартфон xiaomi mi max 3 4 64gb black,смартфон xiaomi mi max 4 3 64gb black,1
Honor Honor X8b 12GB/64GB Green,Honor Honor X8b 12GB/64GB Green,1
Xiaomi Xiaomi 14 6GB+256GB,iPhone 12 mini 64GB Deep Purple,0
смартфон xiaomi poco x8 pro max 12 256gb blue,смартфон xiaomi poco x8 pro max blue 256gb 12,1
Xiaomi Xiaomi 12X,Xiaomi 12X 64GB (Natural),1
Infinix Infinix Smart 8 Pro 128GB Graphite,Vivo Vivo V30 Pro 6GB+256GB,0
Honor Honor X8a 64GB Titanium,Xiaomi 14 Pro 128GB (Natural),0
Smartfon Apple iPhone 12 512GB Deep Purple,iPhone 12 512GB - Deep Purple,1
Redmi Redmi K60 512GB Silver,Redmi K70 Pro 512GB Silver,0
Xiaomi Xiaomi 12 Pro,Xiaomi Xiaomi 12 Pro 128GB Coral,1
Realme Realme Note 50 Gold 256GB,Smartfon Realme Realme Note 50 256GB Gold,1
iPhone SE 3 256GB Graphite,iPhone SE 3 256GB - Graphite,1
Smartfon Samsung Galaxy A25 128GB Deep Purple,Samsung Galaxy A25 Deep Purple 128GB,1
Vivo Vivo Y200 16GB+1TB,Tecno Tecno Pova 6 Pro 16GB/256GB Graphite,0
Oppo Reno 10 Pro 128GB (Natural),Oppo Reno 10 Pro 128GB (Natural),1
планшет blackview tab a5 kids 8 0 3 64,планшет blackview 8 a5 kids tab 0 3 64,1
Apple iPhone 15 6GB+256GB,Apple iPhone 15 6GB+256GB,1
Honor X8a 256GB (Midnight),Honor X8a 256GB (Midnight),1
redmi 17 4g lotus purple 4 128gb,redmi 4g lotus purple 4 128gb,1
Apple iPhone 13 Pro 8GB+512GB,iPhone 13 Pro 512GB - Cream,1
Honor 90 Pro 128GB (Cream),Honor Honor 90 Pro,1
redmi not 11 satiladi,redmi not 11,1
Oppo Oppo Reno 11 Pro 3GB/512GB Gold,Oppo Oppo A78,0
Xiaomi Xiaomi 11T Pro,Xiaomi Xiaomi 11T Pro 4GB/256GB Natural,0
беспроводное зарядное устройство belkin magsafe 3 in 1 black,зарядное устройство belkin magsafe 3 in 1 black,1
смартфон honor 90 lite 8 256 silver,смартфон lite 90 honor 8 256 silver,1
Смартфон Infinix Infinix Hot 30 Play 512GB Midnight,Smartfon Infinix Smart 8 512GB/6GB Midnight,0
Xiaomi Xiaomi 13 Pro Graphite 256GB,Смартфон Xiaomi Poco X5 256GB Graphite,0
apple iphone 11 64gb yengi,apple iphone 11 64gb,1
Smartfon iPhone 14 Pro Max 512GB/4GB White,iPhone 14 Pro Max 512GB (White),1
смартфон apple iphone 16 pro 1tb dual esim natural titanium,смартфон apple iphone 16 pro dual esim natural titanium,1
Honor X9a 64GB - Starlight,Smartfon Honor Honor X9a 64GB Starlight,1
Apple iPhone 12,Smartfon iPhone 12 64GB/6GB Starlight,1
Realme Realme 12 Pro+ 8GB/128GB Silver,Realme GT 5 Pro 128GB - Silver,0
Xiaomi Poco X5 Pro,Смартфон Xiaomi Poco X5 Pro 1TB Silver,0
Realme Realme GT Neo 5 SE 512GB Lavender,Realme 9 Pro+ 512GB - Lavender,0
Infinix Infinix Note 30 Pro 256GB Gold,Infinix Infinix Note 40 Pro 12GB/256GB Gold,0
samsung galaxy z fold 7 12 256gb blue shadow 365gb internet 3 oy bepul tv com,samsung galaxy z fold 7 12 blue shadow 365gb internet 3 oy bepul tv com,1
Smartfon Redmi Note 13 64GB/4GB Deep Purple,Redmi Note 13 64GB - Deep Purple,1
iPhone 14 Pro Max 128GB - Gold,Apple iPhone SE 3,0
Смартфон Apple iPhone 11 Pro Max 128GB Silver,iPhone 11 Pro Max 512GB (Deep Purple),0
Smartfon Realme 12+ 1TB/16GB Starlight,Realme Realme 12+ 1TB Starlight,1
iPhone 12 256GB (Lavender),Smartfon Realme Realme GT 5 Pro 1TB Starlight,0
смартфон huawei nova 12s 8 256 black,смартфон huawei nova 8 256 black,1
iPhone 15 Pro Max 256GB - Titanium,Смартфон Xiaomi Xiaomi 13 64GB Natural,0
смартфон xiaomi redmi note 12 pro 5g 8 256 blue,samsung a16 holati idial,0
телефон novey s88 gray,телефон s88 novey gray,1
iphone 17 pro max dubai,pro 17 iphone max dubai,1
Apple iPhone 15 Green 512GB,Apple iPhone 15 Green 512GB,1
Apple iPhone 12,iPhone 12 1TB (Starlight),1
Xiaomi Xiaomi 12T Pro 64GB Purple,Xiaomi 13 64GB Purple,0
redmi 15c 8 256gb mint green,redmi not 12 pro 256gb,0
телефон nokia 110 dual sim 2021 4g aqua,apple iphone 16 pro 256gb 1 sim 1 esim desert titanium smartfoni,0
Apple iPhone 13 mini 256GB Starlight,iPhone 13 mini 256GB - Starlight,1
Redmi Note 13 512GB Black,Redmi Redmi 12C Black 512GB,0
Honor 100 512GB - Cream,Smartfon Honor 100 128GB/6GB Blue,0
Oppo Oppo Reno 11 64GB Black,Redmi 12C 1TB - Natural,0
смартфон honor 70 5g 8 128 гб зеленый,смартфон honor x6c 6 128 black,0
Redmi Redmi Note 11 Pro 64GB Graphite,Redmi Note 11 Pro 1TB (Coral),0
Xiaomi Xiaomi 13T Pro 4GB/1TB Black,Xiaomi 13T Pro 128GB (Gold),0
Smartfon Galaxy A05 256GB/6GB Midnight,Смартфон Samsung Galaxy A05 256GB Midnight,1
Oppo Oppo Find X7 Ultra,Oppo Oppo Find X7 Ultra 6GB/1TB Blue,1
Xiaomi 12 1TB Natural,Xiaomi Xiaomi 12,1
Tecno Tecno Spark 20 Pro+ 4GB/512GB Lavender,Tecno Tecno Spark 20 Pro+ 4GB+512GB,1
redmi note 13 midnight black 6 128gb,note 13 midnight black 6 128gb,1
Realme C33 512GB - Titanium,Realme Realme C33 12GB+128GB,0
Honor Honor 100,Honor Magic6 Pro 128GB - Black,0
Redmi Redmi Note 13 Pro,Redmi Redmi Note 13 Pro 3GB+1TB,1
Смартфон Realme Realme Note 50 512GB Midnight,Smartfon Realme Realme Note 50 512GB Midnight,1
Infinix Infinix Note 40 Pro Lavender 256GB,Smartfon Infinix Infinix Note 40 Pro 256GB Lavender,1
Infinix Infinix Note 30 Pro Titanium 512GB,Infinix Infinix Note 30 Pro 6GB+512GB,1
Infinix Note 40 64GB Cream,Infinix Infinix Note 40 4GB/64GB Cream,1
смартфон tecno camon 50 ultra moonshadow,смартфон xiaomi redmi note 15 pro 5g 8 512 гб ч рный,0
Honor Honor 200 Titanium 64GB,Smartfon Honor Honor 200 64GB Titanium,1
Redmi Note 13 Pro 256GB - Lavender,Redmi Note 13 Pro 64GB - Silver,0
iphone 12 128g sim 92 sotiladi,смартфон honor x8d 8 256gb velvet black,0
Vivo Vivo V29 Pro,Vivo Vivo V29 Pro Lavender 64GB,1
Redmi K60 512GB Lavender,Redmi Redmi K60 6GB/512GB Lavender,1
Oppo Oppo Reno 11 Pro,Smartfon Oppo Oppo Reno 11 Pro 1TB Gold,1
смартфон iphone 13 pro 256gb graphite dual,samsung a8 2018 4 32,0
Realme Note 50 256GB Blue,Смартфон Redmi Redmi 13 512GB Midnight,0
смартфон apple iphone 16 pro max 512gb dual esim white titanium,смартфон apple 512gb 16 pro max iphone dual esim white titanium,1
Realme Realme C33 8GB+64GB,Honor Honor 200 Pro White 256GB,0
Realme Realme 12 Pro+ 6GB+128GB,Realme Realme 12 Pro+,1
Oppo Oppo Reno 10 12GB+512GB,Oppo Reno 10 256GB (Coral),0
Oppo Oppo A78,Oppo Oppo A78,1
смартфон realme c55 6 128 rmx3710 sunshower,смартфон realme c55 6 128 sunshower,1
Apple iPhone 13 Pro Max Coral 1TB,Apple iPhone 13 Pro Max 3GB/256GB Cream,0
Смартфон Oppo Oppo A79 5G 64GB Coral,Smartfon Oppo A79 5G 1TB/12GB Natural,0
Tecno Spark 10 1TB (Lavender),Смартфон Tecno Tecno Spark 10 1TB Lavender,1
смартфон honor x9d 12 256gb midnight black,honor x8d 8 128gb velvet gray,0
Smartfon Redmi Note 13 1TB/6GB Cream,Smartfon Redmi Redmi Note 13 256GB Purple,0
xiaomi redmi note 15 pro 5g 8 256gb glacier blue smartfoni,xiaomi note 15 pro 5g 8 256gb glacier blue smartfoni,1
Realme Realme 12 Pro 12GB+512GB,Smartfon Realme 12 Pro 512GB/12GB Cream,1
Galaxy M34 5G 256GB (Lavender),Samsung Galaxy M34 5G,1
Honor 90 Pro 1TB - Purple,Honor 90 Pro 1TB Purple,1
samsung a 12 ideal,samsung 12 ideal,1
Oppo Oppo Find X6 Pro 1TB Lavender,Смартфон Oppo Oppo Find X6 Pro 1TB Lavender,1
iphone 11 pro max 64 ideal,iphone pro max 64 ideal,1
смартфон samsung galaxy a04e 32gb copper,смартфон samsung galaxy a04e 32gb,1
Smartfon Apple iPhone 11 Pro 512GB Green,iPhone 15 Plus 512GB Green,0
Realme Realme 12+ 64GB Titanium,Realme Realme 12 Pro Titanium 64GB,0
poco m8 pro 5g green 12 512gb,poco 12 pro 5g green m8 512gb,1
Smartfon Redmi Note 12 Pro+ 128GB/8GB White,Redmi Redmi Note 12 Pro+,1
Redmi Note 11 1TB Cream,Redmi Redmi Note 12 Pro 16GB+1TB,0
Infinix Note 40 Pro 128GB - Midnight,Infinix Note 40 Pro 128GB (Midnight),1
Oppo Oppo Reno 10 Pro,Oppo Oppo Reno 10 Pro 128GB Green,0
Honor Honor 100 16GB+512GB,Honor Honor 90 Pro Gold 512GB,0
Vivo Vivo Y35 12GB/128GB Titanium,Vivo Y35 128GB - Titanium,1
Tecno Spark 20 Pro+ 64GB Natural,Smartfon Tecno Spark 20 Pro+ 64GB/4GB Natural,1
redmi 14c midnight black 4 128gb,redmi note 14 full ideal holatda,0
Oppo A58 128GB (Graphite),Oppo A58 128GB Graphite,1
Vivo Vivo Y200 Purple 512GB,Смартфон Vivo Vivo V27 512GB Purple,0
redmi note 12 pro plus 5g 8gb 256gb midnight black,redmi a5 4 128 lake green,0
смартфон honor x6a 4 128 green,смартфон honor x5c 4 64gb midnight black,0
смартфон samsung a025 galaxy a02s 3 32gb white,смартфон samsung a025 a02s 3 32gb white,1
Oppo Oppo Reno 10 Pro Green 256GB,Смартфон Oppo Oppo Reno 10 Pro 512GB Black,0
смартфон xiaomi redmi 13 8 256 pink,смартфон xiaomi redmi 8 256 pink,1
Smartfon Tecno Camon 30 Pro 512GB/6GB Cream,Smartfon Redmi Redmi K70 Pro 1TB Starlight,0
Xiaomi 14T 128GB - Graphite,Smartfon Xiaomi Xiaomi 14T 128GB Graphite,1
Smartfon Honor 100 128GB/4GB Purple,Smartfon Honor Honor 100 128GB Purple,1
ajib i10 titanium 4 128gb,смартфон iphone 13 pro max 1tb gold dual,0
смартфон samsung galaxy a37 5g 8 256gb lilac,смартфон samsung galaxy s23 ultra 12 1tb lavender,0
Infinix Smart 8 Plus 512GB (Purple),Смартфон Honor Honor X9b 128GB Starlight,0
iPhone 15 Pro 512GB - Starlight,Smartfon iPhone 15 Pro 512GB/4GB Starlight,1
смартфон iphone 13 pro 256gb silver dual,honor 600 lite 8 256 velvet black,0
Oppo Reno 11 64GB - Gold,Smartfon Xiaomi 11T Pro 1TB/8GB Deep Purple,0
Honor Honor X9b 1TB Natural,Smartfon Honor Honor X9b 1TB Natural,1
Oppo Oppo A38 8GB+1TB,Oppo A38 1TB (Black),1
Xiaomi Xiaomi 13T Pro 128GB Coral,Xiaomi 13T Pro 128GB - Coral,1
смартфон xiaomi 15 ultra 16 512gb nano sim esim black,смартфон ultra 15 xiaomi 16 512gb nano sim esim black,1
смартфон xiaomi redmi note 8 4 128gb,смартфон xiaomi redmi 8 4 128gb,1
honor magic v3 12 512gb qora smartfoni premyera,смартфон honor 70 8 256gb global crystal silver,0
Smartfon Oppo Oppo Reno 12 Pro 128GB Green,Oppo Oppo Reno 12 Pro,1
iPhone 15 Plus 1TB Gold,Apple iPhone 13 mini 1TB Gold,0
Смартфон Apple iPhone 11 64GB White,Смартфон Apple iPhone 11 256GB Green,0
Samsung Galaxy A55 5G,Galaxy A55 5G 256GB (Green),1
Tecno Tecno Phantom V Fold 3GB+64GB,Tecno Tecno Phantom V Fold 1TB Green,0
смартфон iphone 11 64gb yellow,смартфон yellow 11 64gb iphone,1
Smartfon Realme GT 5 Pro 512GB/8GB Titanium,Realme Realme GT 5 Pro Titanium 512GB,1
телефон novey 107 white,novey 107 white,1
Honor Magic5 Pro 128GB (Natural),Samsung Galaxy S24 Ultra 8GB+64GB,0
Smartfon Tecno Tecno Phantom V Fold 512GB Cream,Tecno Tecno Phantom V Fold 8GB+512GB,1
Smartfon Honor Honor Magic6 Pro 512GB Coral,Honor Magic6 Pro 512GB (Coral),1
honor x9d 12 256gb midnight black,смартфон honor x9d 8 256 гб черный,0
Samsung Galaxy Z Fold 5 Black 256GB,Xiaomi Xiaomi 13 Pro 12GB/64GB Titanium,0
Realme Realme 11 Pro+ 512GB Deep Purple,Realme Realme C67 16GB/512GB Deep Purple,0
Honor Honor X9b,Honor X9b 128GB Titanium,1
Poco M5s 128GB (Cream),Samsung Galaxy A55 5G 1TB Midnight,0
смартфон apple iphone 16 plus 256gb sim esim ultramarine,смартфон samsung galaxy z fold 7 12 512gb silver,0
Infinix Infinix Hot 40 Pro 1TB Green,Infinix Hot 40 Pro 128GB Purple,0
Apple iPhone 14 Pro,Galaxy Z Fold 5 128GB - Blue,0
Infinix Infinix Note 40 Green 128GB,Vivo Y200 64GB Midnight,0
honor x7d 8 256gb desert gold smartfoni oq sim karta sovg a 3 oyga 100gb,смартфон xiaomi redmi note 15 pro 5g 8 256 гб purple,0
redmi 15c 6 128gb,redmi 15 midnight black 6 128gb,0
Redmi Redmi A3 8GB+512GB,Smartfon Redmi Redmi A3 512GB Silver,1
смартфон xiaomi redmi note 14 8 256gb lime green,redmi xiaomi смартфон note 14 8 256gb lime green,1
Oppo Reno 11 64GB (Purple),Oppo Reno 11 64GB - Purple,1
Smartfon Redmi Redmi 13 64GB Green,Redmi 13 64GB - Green,1
Smartfon Vivo Y35 1TB/3GB Green,Vivo Vivo Y35,1
Smartfon Oppo Oppo A38 64GB Silver,Smartfon Oppo A38 64GB/3GB Silver,1
смартфон honor x7c 8 256gb midnight black moonlight white forest green,смартфон xiaomi redmi note 13 6 128gb mint green,0
Oppo A38 1TB - Gold,Oppo A38 1TB Gold,1
redmi note 15 pro 5g night black 12 512gb,redmi not 11 6 128,0
Apple iPhone 11 Pro 64GB Purple,iPhone 11 Pro 64GB Purple,1
Poco X6 64GB (Coral),Poco X6 128GB (Silver),0
Xiaomi 14 Ultra 512GB (Gold),Xiaomi Xiaomi 13 Gold 512GB,0
смартфон huawei nova y91 8 256gb global 2 sim ч рный,смартфон huawei nova y91 global 256gb 8 2 sim ч рный,1
Vivo V29 1TB Midnight,Vivo Vivo V29 1TB Midnight,1
Realme Realme 12+ Starlight 256GB,Smartfon Realme Realme 12+ 256GB Starlight,1
Tecno Spark 10 1TB - Coral,Smartfon Tecno Spark 20 1TB/4GB Coral,0
Apple iPhone 12 Pro Deep Purple 512GB,Смартфон Honor Honor Magic5 Pro 64GB Natural,0
Honor Honor 90 Cream 64GB,Honor Honor 90,1
смартфон apple iphone se 2022 128g red,смартфон apple iphone 2022 se 128g red,1
Honor Honor X8b,Honor X8b 512GB Natural,1
honor x8d 8 256gb velvet gray,honor x8d 8 128gb velvet grey,0
Apple iPhone 14 Silver 256GB,iPhone 14 128GB - Natural,0
iPhone 15 1TB (Deep Purple),Redmi Redmi Note 13 Pro+ Starlight 128GB,0
Realme Realme C65 4GB+1TB,Realme Realme C65 1TB Blue,1
Vivo Vivo X90 Pro 6GB+1TB,Vivo X90 Pro 128GB Lavender,0
Apple iPhone 13 Pro,Redmi Redmi 12 16GB+64GB,0
Honor Honor Magic6 Pro Deep Purple 512GB,Smartfon Vivo X90 Pro 256GB/12GB Midnight,0
Vivo Y22s 64GB - Deep Purple,Vivo Vivo Y22s Deep Purple 64GB,1
Samsung Galaxy S24+ 256GB Lavender,Galaxy S24+ 256GB Lavender,1
redmi a5 3 64 ocean blue,свой redmi note 9 pro 6 128 гб цвет tropical green,0
смартфон xiaomi redmi note 13 pro 12 512gb midnight black,xiaomi redmi note 14s smartfoni 12 512gb ocean blue,0
смартфон xiaomi redmi 5 plus 4 64gb china version,смартфон xiaomi redmi 5 plus 64gb china version,1
карта памяти kingston sdcs 16gb,карта kingston памяти sdcs 16gb,1
apple iphone 16 pro max 256gb 1 sim 1 esim black titanium smartfoni,смартфон xiaomi redmi note 14 8 128 blue,0
Samsung Galaxy A25 1TB Natural,Samsung Galaxy A25,1
Apple iPhone 12 Pro 4GB+64GB,Apple iPhone 12 Pro,0
Honor Honor Magic6 Pro,Smartfon Honor Honor Magic6 Pro 1TB Titanium,1
Samsung Galaxy S22 512GB Titanium,Galaxy S22 512GB (Titanium),1
смартфон samsung galaxy z fold5 12 256gb dual nano sim esim голубой,samsung galaxy s25 ultra 12 256gb titanium silver,0
Realme Realme 11 12GB/64GB Natural,Realme Realme 11 12GB+64GB,1
Infinix Note 40 64GB - Blue,Infinix Infinix Note 30 Pro 16GB/64GB Blue,0
Xiaomi Xiaomi 13 Ultra 6GB/256GB Silver,Smartfon Xiaomi Poco M5 256GB Silver,0
смартфон vivo v60 lite 8 256gb blue,смартфон apple iphone 13 512gb сияющая звезда,0
Smartfon Redmi Redmi Note 11 1TB Silver,Vivo V30e 128GB (Purple),0
Смартфон Vivo Vivo V29 Pro 1TB Purple,Vivo Vivo V29 Pro 16GB/1TB Purple,1
smartfon redmi a5 3 64gb sandy gold,redmi note 17 sky teal 6 256gb рюкзак в подарок,0
Smartfon Galaxy A05 512GB/8GB White,Samsung Galaxy S23 FE,0
Apple iPhone 15 3GB/256GB Lavender,Smartfon Infinix Smart 8 Pro 1TB/3GB Black,0
смартфон poco x7 5g 8 256gb black,смартфон poco 5g 8 256gb black,1
смартфон samsung galaxy z flip6 12 512gb nano sim esim голубой,смартфон xiaomi redmi note 13 5g 8 256gb arctic white,0
Realme Realme C67 8GB+128GB,Realme Realme C67 8GB+128GB,1
Vivo Vivo V30,Smartfon Realme GT 5 512GB/12GB Graphite,0
Смартфон Samsung Galaxy A05 64GB Graphite,Samsung Galaxy A05 White 256GB,0
Infinix Hot 40 Pro 1TB - Gold,Smartfon Infinix Hot 40 Pro 1TB/4GB Gold,1
смартфон iphone 16 128gb white hx a 1 sim,смартфон iphone 16 128gb hx a 1 sim,1
Honor Magic5 Lite 1TB (Natural),Honor Magic5 Lite 1TB Natural,1
honor x7d 6 128gb velvet black smartfoni oq sim karta sovg a 3 oyga 100gb,смартфон honor 70 8 256gb midnight black,0
Смартфон Honor Honor 90 128GB Black,Tecno Tecno Pova 5 Pro 512GB Coral,0
Oppo Oppo A38 Green 64GB,Oppo Oppo A38 8GB/512GB White,0
Redmi Redmi 12C Blue 512GB,Smartfon Redmi 12C 256GB/8GB Coral,0
Redmi Redmi Note 13 6GB+128GB,Redmi Note 13 128GB (Titanium),1
смартфон xiaomi redmi note 15 8 128gb glacier blue,iphone 17 pro max deep blue 256gb,0
Honor 90 Pro 1TB Titanium,Смартфон Honor Honor 90 Pro 1TB Titanium,1
Realme Realme C53 Starlight 1TB,Realme Realme C53 1TB Starlight,1
Smartfon Redmi Note 13 4G 128GB/8GB Natural,Redmi Redmi Note 13 4G 8GB+128GB,1
смартфон vivo v23 8 128gb black star,смартфон vivo v23 8 star black 128gb,1
Samsung Galaxy M34 5G White 64GB,Samsung Galaxy M34 5G 6GB+64GB,1
Smartfon Tecno Phantom V Fold 128GB/12GB Deep Purple,Tecno Tecno Phantom V Fold 12GB/128GB Deep Purple,1
Honor Honor 200 512GB Lavender,Honor 200 Pro 512GB Lavender,0
смартфон apple iphone 16 256gb sim esim black,смартфон iphone 16 256gb sim esim black,1
Poco F5 Pro 512GB - Coral,Смартфон Xiaomi Poco M5 512GB Coral,0
Apple iPhone 13 12GB+128GB,Apple iPhone 13 12GB/128GB Silver,1
apple iphone 14 plus 256gb e sim темная ночь,apple iphone 14 plus 256gb sim темная ночь,1
ajib i10 black 4 128gb,honor x9d 12 256 sunrise gold,0
Vivo V30 512GB (Black),Vivo Vivo V30 8GB/128GB Cream,0
honor 600 black 8 512gb,honor black 600 8 512gb,1
смартфоны samsung galaxy a73 sm a736 8 256g menthol,смартфоны samsung a73 sm a736 8 256g menthol,1
Galaxy M34 5G 1TB - Graphite,Samsung Galaxy M34 5G Graphite 1TB,1
Infinix Smart 8 256GB (Lavender),Infinix Infinix Smart 8,0
Realme Realme GT 5,Realme Realme GT 5 1TB Lavender,1
Oppo A58 256GB (Blue),Oppo Oppo A58 3GB/1TB Deep Purple,0
Oppo Oppo A78 16GB+128GB,Vivo Y36 1TB Starlight,0
redmi note 14 6 128 midnight black,redmi note 15 pro 12 512 mocha brown,0
Infinix Infinix Zero 30 5G 256GB Cream,Infinix Hot 40 256GB - Cream,0
Honor Honor 90 Pro Purple 64GB,Smartfon Honor Honor 90 Pro 64GB Purple,1
Realme Realme 12+ 8GB/1TB Cream,Realme 12+ 1TB Cream,1
Redmi Redmi 12C 8GB/128GB Green,Redmi Redmi 12C,0
Xiaomi Xiaomi 12X 12GB+256GB,Xiaomi Xiaomi 12X 12GB/256GB Lavender,1
Tecno Pova 6 512GB (Silver),Tecno Tecno Pova 6 Silver 512GB,1
Realme 12 64GB Green,Смартфон Realme Realme 12 64GB Green,1
Смартфон Apple iPhone 14 128GB Deep Purple,Smartfon iPhone 14 128GB/4GB Deep Purple,1
redmi note 14 8 256 lime green,redmi note 14s midnight black 8 128gb,0
Galaxy A54 5G 1TB Natural,Galaxy A54 5G 1TB (Natural),1
Honor X8a 256GB (Blue),Honor X9b 256GB - Blue,0
Tecno Spark 20 Pro 128GB Green,Смартфон Tecno Tecno Camon 20 Pro 128GB Green,0
smartfon honor 600 lite 8 256gb grey ryukzak sovg aga,honor x9d 5g 8 256gb sunrise gold 365gb internet 3 oy bepul tv com sovg a,0
Oppo Oppo A79 5G Deep Purple 512GB,Oppo Oppo A79 5G 6GB+64GB,0
Смартфон Tecno Tecno Pova 5 Pro 512GB Midnight,Tecno Pova 5 Pro 512GB Midnight,1
Infinix Infinix Hot 40,Smartfon Infinix Hot 40 128GB/6GB Silver,1
Redmi Redmi 12C 16GB+64GB,Redmi Redmi A3 64GB Graphite,0
honor 400,смартфон honor x8d 8 128gb corduroy black,0
смартфон xiaomi redmi 15c 8 256 moonlight blue,смартфон apple iphone 17 pro 256gb silver,0
Smartfon Infinix Smart 8 128GB/12GB Midnight,Infinix Infinix Smart 8 128GB Midnight,1
телефон novey 225 jet white,novey 225 jet white,1
Smartfon Honor 200 Pro 128GB/4GB Natural,Smartfon Honor Honor Magic6 Pro 128GB Natural,0
Tecno Phantom V Fold 1TB Deep Purple,Smartfon Tecno Camon 20 Pro 1TB/16GB Deep Purple,0
Vivo Vivo V30 Pro 16GB/1TB Titanium,Vivo Vivo V30 Pro Silver 64GB,0
Smartfon iPhone 13 mini 256GB/3GB Silver,Apple iPhone 13 mini 256GB Silver,1
Smartfon iPhone 13 Pro 256GB/12GB Gold,Apple iPhone 13 Pro 512GB Green,0
oppo a5x 4 128gb midnight blue,oppo a5x midnight 128gb 4 blue,1
Infinix Infinix Zero 30 5G 16GB/1TB Green,Infinix Infinix Zero 30 5G 16GB+1TB,1
Vivo V29 Pro 256GB (Titanium),Vivo Vivo X100 Pro 4GB/256GB Titanium,0
Samsung Galaxy S23+ 6GB/256GB Natural,Samsung Galaxy S23+,0
Realme Realme 12 Pro Coral 1TB,Oppo Oppo A79 5G 8GB+128GB,0
xiaomi 17t 12 512gb black,xiaomi 17t 12 black 512gb,1
xiaomi redmi 15 6 128gb kulrang 100gb internet 3 oy bepul tv com sovg a,xiaomi redmi 15 6 com kulrang 100gb internet 3 oy bepul tv 128gb sovg a,1
Oppo Oppo Reno 12 Pro 3GB+256GB,Oppo Oppo Reno 12 Pro Green 256GB,1
Oppo A78 512GB (Lavender),Smartfon Oppo Oppo A79 5G 512GB Lavender,0
Redmi 13 1TB (Cream),Redmi Redmi 13 Cream 1TB,1
Смартфон Vivo Vivo Y22s 512GB Midnight,Vivo Vivo Y22s 512GB Midnight,1
смартфон samsung galaxy m10 3 32gb blue,3 samsung galaxy m10 смартфон 32gb blue,1
Oppo Oppo Reno 10 Pro+ 256GB Gold,Oppo Reno 10 Pro+ 256GB - Gold,1
смартфон xiaomi redmi 7 3 32gb black,redmi 14c midnight black 4 128gb,0
Vivo V29 Pro 256GB - Purple,Vivo Vivo V29 Pro 128GB Deep Purple,0
xiaomi redmi note 14 pro 5g 12 512gb frost blue,смартфон xiaomi poco c81 pro 4 128gb gold,0
Realme C67 1TB - Graphite,Смартфон Realme Realme C67 1TB Graphite,1
Tecno Pova 5 Pro 512GB (Gold),Tecno Tecno Phantom X2 Pro Gold 512GB,0
Honor X7a 128GB - Black,Honor Honor X7a 8GB/128GB Black,1
Realme Realme 9 Pro+ White 1TB,Realme Realme 9 Pro+ 8GB+1TB,1
redmi 17 4g oak green 8 256gb,redmi 15 6 128gb sandy purple,0
Smartfon Realme C65 128GB/3GB Green,Smartfon Realme Realme C65 128GB Green,1
Smartfon Apple iPhone 14 256GB Natural,iPhone 14 256GB Natural,1
смартфон honor x7a plus 6 128 гб titanium silver,смартфон honor гб plus 6 128 x7a titanium silver,1
Smartfon Honor X9b 64GB/4GB Natural,Honor Honor X7a 4GB+64GB,0
Смартфон Apple iPhone 14 Pro Max 1TB Green,Apple iPhone 14 Pro Max Green 1TB,1
смартфон xiaomi redmi note 15 8 128gb white,смартфон xiaomi redmi note 8 15 128gb white,1
смартфон huawei p50 pro 8 256gb black,huawei смартфон p50 pro 8 256gb black,1
Honor Honor 200 Pro 512GB Purple,Honor Honor 200 Pro Green 1TB,0
redmi note 15 purple 8 128gb,redmi note 15 6 128 glacier blue,0
смартфон samsung sm a256e a25 5g 128gb black,смартфон realme c53 6 128 rmx3760 mighty black,0
Honor 90 Lite 64GB (Purple),Redmi Note 12 1TB Titanium,0
Realme C67 512GB (Coral),Realme Realme C67 16GB+512GB,1
Vivo Vivo V30 Pro 512GB Cream,Смартфон Vivo Vivo V29 Pro 512GB Cream,0
Tecno Tecno Spark 20 Pro+,Smartfon Tecno Tecno Spark 20 Pro+ 64GB White,1
Honor X8b 256GB - Purple,Honor Honor X8b,1
Xiaomi Xiaomi 13 Pro 1TB Lavender,Xiaomi 13 Pro 1TB (Lavender),1
Apple iPhone 11 12GB/256GB Lavender,Смартфон Apple iPhone 13 mini 256GB Lavender,0
Apple iPhone 15 Plus 16GB/128GB White,Apple iPhone 15 Plus,1
смартфон google pixel 6a 6gb 128gb charcoal,6a google pixel смартфон 6gb 128gb charcoal,1
смартфон redmi note 15 pro 12 256gb black,продам телефоны redmi note 13 две штуки,0
ajib i10 4 64 silver,ajib 4 64 silver,1
Tecno Pova 5 128GB (Deep Purple),Tecno Tecno Pova 5 12GB+128GB,1
смартфон samsung galaxy s26 12 256gb dual esim black,смартфон infinix zero 30 5g 12 256gb fantasy purple,0
Samsung Galaxy A54 5G 6GB+128GB,Samsung Galaxy A05s 128GB Black,0
Honor Honor Magic5 Pro 8GB/1TB Natural,Honor Magic5 Pro 1TB Natural,1
Vivo Vivo Y200,Oppo Oppo Reno 10 Cream 128GB,0
Смартфон Infinix Infinix Note 30 64GB Black,Smartfon Infinix Infinix Note 30 64GB Black,1
Honor Honor 90 12GB+128GB,Honor Honor 90 12GB/128GB Gold,1
Tecno Phantom X2 Pro 64GB - Deep Purple,Tecno Phantom X2 Pro 128GB (Cream),0
Smartfon Honor X9a 128GB/3GB Natural,Honor Honor Magic6 Pro,0
samsung galaxy z fold4 12 512gb черный,samsung 12 z fold4 galaxy 512gb черный,1
смартфон vivo y04 4 128gb gold,смартфон vivo 4 y04 128gb gold,1
Smartfon Galaxy S24 256GB/12GB Natural,Смартфон Samsung Galaxy S24 256GB Natural,1
Apple iPhone 14 Plus 256GB Titanium,Apple iPhone 14 Plus,1
Poco M5s 512GB - Black,Smartfon Poco M5s 512GB/8GB Black,1
смартфон xiaomi redmi 12 8 128gb global dual nano sim sky blue,powerbank xiaomi mi 10000mah 22 5w black pb100dzm,0
honor 400,смартфон xiaomi redmi 15 8 128gb titan gray,0
Smartfon Redmi A2+ 512GB/12GB Silver,Honor Honor X8b 12GB/128GB Titanium,0
smartfon redmi note 14 pro 5g 12 512gb frost blue,redmi note 11 4 64gb срочна сотилади,0
iphone 17 256gb sage,смартфон vivo v50 lite 8 256 gold,0
Смартфон Redmi Redmi 12 1TB Deep Purple,Smartfon Redmi 12 1TB/12GB Deep Purple,1
Realme Realme 12+ 12GB+64GB,Smartfon Realme 12 64GB/12GB Natural,0
Смартфон Infinix Infinix Note 40 Pro 256GB Titanium,Infinix Note 40 Pro 1TB - Deep Purple,0
xiaomi 14t pro 12 256gb titan gray,смартфон xiaomi poco m8 5g 8 512gb black,0
Смартфон Infinix Infinix Zero 30 5G 512GB Starlight,Infinix Infinix Zero 30 5G 512GB Starlight,1
honor x7c,смартфон samsung galaxy a32 6 128gb black,0
смартфон itel a90 4 256gb black,смартфон itel a90 4 256gb,1
Смартфон Infinix Infinix Zero 30 5G 1TB Deep Purple,Infinix Infinix Zero 30 5G,0
Смартфон Redmi Redmi Note 12 Pro+ 128GB Cream,Redmi Redmi Note 12 Pro+ 256GB Lavender,0
Смартфон Infinix Infinix Zero 30 256GB Starlight,Infinix Infinix Zero 30 4GB+1TB,0
Oppo Reno 12 64GB (Blue),Oppo Oppo Reno 12 256GB Silver,0
iPhone 14 Pro 512GB (Cream),Apple iPhone 14 Pro 8GB/512GB Cream,1
смартфон vivo y31d 8 128 grey,смартфон vivo 128 8 y31d grey,1
Redmi Note 12 256GB (White),Redmi Redmi Note 12 1TB Deep Purple,0
xiaomi redmi 15c 4 128gb qora 100gb internet 3 oy bepul tv com sovg a,xiaomi redmi 15c 4 128gb qora internet 3 oy bepul tv com sovg a,1
Смартфон Redmi Redmi 13C 256GB Starlight,Smartfon Redmi 13C 256GB/6GB Starlight,1
oppo a5 6 128gb mist white,oppo white 6 128gb mist a5,1
смартфон xiaomi redmi note 15 pro 5g 8 512 гб titanium,смартфон samsung a125 galaxy a12 4 64gb blue,0
Samsung Galaxy S23 FE 8GB/256GB Purple,Galaxy A35 5G 256GB Purple,0
Смартфон Vivo Vivo V30 Pro 1TB Coral,Smartfon Vivo X100 Pro 1TB/8GB Coral,0
смартфон xiaomi poco c81 pro 4 128gb gold,смартфон xiaomi redmi 13 8 256gb sandy gold,0
Infinix Infinix Zero 30 5G,Smartfon Infinix Infinix Zero 30 5G 1TB Cream,1
Xiaomi 12 64GB Deep Purple,Xiaomi Xiaomi 12 Deep Purple 64GB,1
Realme 12 Pro 128GB - Midnight,Realme C55 128GB - Midnight,0
Smartfon Oppo Oppo Reno 10 Pro 512GB Lavender,Oppo Reno 10 Pro 512GB (Lavender),1
Смартфон Vivo Vivo Y35 64GB Cream,Tecno Spark 20 Pro 256GB (Graphite),0
смартфон apple iphone se 2022 128gb midnight,se apple iphone смартфон 2022 128gb midnight,1
Realme Realme 12+,Смартфон Realme Realme 12+ 512GB Black,0
Apple iPhone 15 Plus,Apple iPhone 15 Plus 3GB/64GB Graphite,0
телефон novey a20r matt black,телефон novey a20r matt,1
Oppo Oppo Reno 12 1TB Green,iPhone 12 Pro Max 256GB Natural,0
Xiaomi Xiaomi 11 Ultra 4GB+64GB,Смартфон Xiaomi Xiaomi 13 Ultra 64GB Deep Purple,0
Tecno Tecno Pova 6 Pro,Смартфон Tecno Tecno Pova 6 Pro 64GB Blue,1
Tecno Phantom X2 Pro 512GB Cream,Smartfon Tecno Phantom X2 Pro 512GB/3GB Cream,1
Смартфон Infinix Infinix Note 30 Pro 256GB Green,Smartfon Infinix Infinix Note 30 Pro 256GB Green,1
Xiaomi Xiaomi 12T Pro 8GB+64GB,Redmi Redmi Note 12 Pro 256GB White,0
Infinix Note 40 Pro 1TB - Starlight,Infinix Infinix Note 40 Pro 3GB/1TB Starlight,1
redmi note 15 6 128 glacier blue,ajib i15 4 64 blue smartfoni,0
Tecno Tecno Pova 6,Tecno Tecno Pova 6 White 64GB,1
Realme Realme 12 Pro 128GB Starlight,Realme Realme 12 Pro 4GB/128GB Starlight,1
Смартфон Redmi Redmi Note 13 4G 64GB Black,Redmi Redmi Note 13 4G Lavender 512GB,0
redmi note 15 black 6 128gb,redmi 15c 6 128gb,0
redmi 15 6 128 8 128 8 256,redmi note 15 pro 12 512 black,0
Vivo Vivo Y200 Gold 256GB,Xiaomi Xiaomi 13T Pro 64GB Titanium,0
Honor Magic5 Lite 1TB (Graphite),Honor Honor Magic5 Lite 4GB/512GB Natural,0
смартфон redmi a5 4 128gb sandy gold,redmi note 15 pro night black 8 256gb,0
Смартфон Realme Realme 11 256GB Blue,Smartfon Realme Realme 11 256GB Blue,1
Tecno Tecno Spark 20 Pro+ 3GB/256GB Green,Tecno Spark 20 Pro+ 256GB - Green,1
смартфон honor x7d 6 128 гб desert gold,смартфон honor 200 pro 16 512gb moonlight white,0
Vivo Y36 256GB (Midnight),Vivo V30 256GB Midnight,0
Samsung Galaxy S24,Galaxy S24 1TB - Black,1
Smartfon Redmi Redmi Note 13 4G 512GB Cream,Redmi Redmi Note 13 4G 6GB+512GB,1
Smartfon Tecno Tecno Camon 30 Pro 64GB Silver,Tecno Tecno Camon 30 Pro,1
Smartfon Redmi K70 Pro 512GB/6GB Purple,Xiaomi Xiaomi 12X 1TB Gold,0
Smartfon Xiaomi Xiaomi 14 Ultra 1TB Lavender,Xiaomi 14 Ultra 128GB Silver,0
huawei nova y61 4 128gb black,huawei black y61 4 128gb nova,1
Smartfon Samsung Galaxy S24 64GB White,Samsung Galaxy S24,0
Honor Honor X8a 12GB+64GB,Honor Honor X7a 12GB+64GB,0
смартфон honor x9 6 128gb silver,samsung a90 128gb,0
Smartfon Infinix Infinix Note 30 512GB Purple,Смартфон Infinix Infinix Note 30 512GB Purple,1
Смартфон Samsung Galaxy Z Fold 4 512GB Gold,Samsung Galaxy Z Fold 4 Gold 512GB,1
Xiaomi Xiaomi 11 Ultra Titanium 256GB,Xiaomi 11 Ultra 256GB Titanium,1
беспроводные наушники canyon tws 8 white,huawei pura 80 ultra 16 512gb black,0
Samsung Galaxy A25 128GB Coral,Redmi Redmi 12 256GB Green,0
Tecno Tecno Spark 20 Pro 8GB+64GB,Смартфон Tecno Tecno Spark 20 Pro+ 64GB Graphite,0
Samsung Galaxy S22 Ultra Natural 1TB,Oppo Oppo A58 4GB+512GB,0
Смартфон Vivo Vivo Y36 256GB Starlight,Vivo Vivo Y36 Starlight 256GB,1
телефон novey a20r matt black,смартфон honor 90 5g 12 512gb midnight black,0
Xiaomi Poco M5s,Xiaomi Poco M5s 256GB Titanium,1
apple iphone 17 pro silver 256gb sim esim,apple 17 pro silver 256gb sim esim,1
Smartfon Samsung Galaxy S21 FE 128GB Coral,Samsung Galaxy S21 FE Coral 128GB,1
Smartfon Oppo A79 5G 64GB/4GB Blue,Realme C33 256GB - Titanium,0
iphone 15 pro 256gb,apple iphone 17 pro max 12 256gb cosmic orange,0
honor x6c green 6 128gb,128gb x6c green 6 honor,1
redmi 13 8 128 ocean blue,redmi 13 8 128 ocean,1
Honor Honor 90 Lite Black 1TB,Honor Honor X8b 1TB Black,0
Oppo Oppo Reno 10 Pro+ 12GB/128GB Gold,Smartfon Oppo Oppo Find X7 Ultra 128GB Gold,0
Apple iPhone 15 Pro Max 12GB/128GB Titanium,Tecno Tecno Pova 5 Green 256GB,0
Galaxy A25 64GB (Cream),Samsung Galaxy A25,0
Smartfon Tecno Tecno Pova 6 128GB Midnight,Tecno Tecno Pova 6 Titanium 512GB,0
Infinix Smart 8 Plus 128GB (Silver),Infinix Infinix Smart 8 Plus 128GB Silver,1
redmi 10 2022 deyarli yangi,redmi note 15 purple 6 128gb,0
Smartfon Poco M6 Pro 128GB/4GB Natural,Apple iPhone 12 Pro Coral 1TB,0
Poco M5s 1TB - Purple,Смартфон Xiaomi Poco M5s 1TB Purple,1
Tecno Tecno Pova 6 Pro,Tecno Tecno Pova 6 Pro 8GB/1TB Titanium,0
Infinix Infinix Hot 40 Pro,Infinix Smart 8 Pro 1TB (Blue),0
смартфон honor x5c plus 4 128 ocean cyan,смартфон honor x5c plus 4 128 cyan,1
Tecno Tecno Spark 20 Purple 512GB,Tecno Phantom V Fold 512GB - Purple,0
Смартфон Honor Honor X8b 128GB Graphite,Honor X9a 128GB Graphite,0
Tecno Spark 20 64GB White,Tecno Spark 20 256GB Silver,0
Xiaomi 14 Pro 128GB - Black,Xiaomi 11 Ultra 128GB - Black,0
Xiaomi 13 Ultra 128GB - Natural,Xiaomi Xiaomi 14 Natural 128GB,0
Apple iPhone 15 Lavender 64GB,Apple iPhone 15 Lavender 64GB,1
iPhone 12 mini 64GB - Graphite,iPhone 12 mini 128GB Coral,0
Honor Honor 100 64GB Blue,Honor 100 64GB - Blue,1
Vivo Y22s 128GB - Gold,Vivo Y22s 128GB Gold,1
Xiaomi 14 Pro 128GB - Green,Xiaomi Xiaomi 14 Pro 128GB Green,1
Infinix Infinix Note 40,Infinix Note 40 256GB (Cream),1
Samsung Galaxy S24 4GB+1TB,Samsung Galaxy S24 4GB/1TB Natural,1
смартфон samsung galaxy a56 5g 8 256gb,смартфон xiaomi redmi note 14 8 256gb midnight black,0
Smartfon Xiaomi Poco X5 Pro 64GB Purple,Смартфон Xiaomi Poco X5 Pro 1TB Starlight,0
смартфон google pixel 6a 6gb 128gb sage,vivo y31 4 64gb xotira,0
Smartfon Honor Honor 90 Pro 256GB Blue,Honor Honor 90 Pro 256GB Blue,1
Galaxy M14 256GB (Cream),Smartfon Galaxy M14 256GB/3GB Cream,1
Redmi Redmi Note 11 Pro White 256GB,Redmi Redmi Note 11 Pro 16GB/1TB Natural,0
iPhone 14 64GB (Gold),Xiaomi Xiaomi 13 Pro 16GB/128GB Lavender,0
Infinix Smart 8 Pro 512GB (Coral),Смартфон Apple iPhone 15 Pro 128GB Starlight,0
Realme Realme 11 Pro+ 12GB+1TB,Realme 11 Pro+ 1TB Blue,1
смартфон iphone 12 pro 128gb silver dual,смартфон pro 12 iphone 128gb silver dual,1
Smartfon Apple iPhone 15 1TB Natural,iPhone 15 256GB (Coral),0
смартфон honor x7a plus 6 128gb shimmery silver,smartfon honor x7d 6 128gb gold,0
Apple iPhone 11 Pro 6GB+256GB,Apple iPhone 11 Pro,1
Oppo A58 1TB (Deep Purple),Oppo Oppo A58 1TB Deep Purple,1
Samsung Galaxy M14 16GB/256GB Midnight,Poco X5 Pro 512GB - Graphite,0
Смартфон Oppo Oppo Reno 10 128GB Cream,Смартфон Oppo Oppo Reno 10 512GB Starlight,0
Poco X5 Pro 512GB (Titanium),Smartfon Poco X5 Pro 512GB/6GB Titanium,1
Honor Honor X7a 64GB Starlight,Galaxy S23 FE 128GB (Gold),0
Smartfon Redmi Redmi Note 13 4G 256GB Graphite,Redmi Note 13 4G 128GB Midnight,0
Tecno Tecno Pova 6 12GB+64GB,Tecno Camon 20 Pro 64GB Purple,0
Tecno Tecno Phantom V Fold 8GB/1TB Purple,Смартфон Tecno Tecno Phantom V Fold 1TB Purple,1
Redmi Redmi 13C,Redmi Redmi 13C 3GB+1TB,1
Infinix Infinix Note 40,Smartfon Infinix Note 40 256GB/12GB Black,1
Realme Realme C53 4GB+1TB,Realme Realme C53,1
Xiaomi Poco F5 Pro 6GB+256GB,Poco X6 Pro 256GB - Coral,0
Honor Honor 90 Pro 64GB Purple,Smartfon Honor 90 Pro 64GB/6GB Purple,1
xiaomi 17t pro 12 512 deep blue ideal 53 sikl,xiaomi 17t pro 12 512 deep sikl ideal 53 blue,1
Honor Honor X7a 1TB Coral,Honor Honor X7a Cream 256GB,0
Redmi 13C 128GB Cream,Redmi 13C 128GB (Cream),1
Vivo Vivo Y22s Titanium 512GB,Vivo Vivo Y22s 8GB/128GB Gold,0
Smartfon Oppo Find X6 Pro 256GB/4GB Lavender,Oppo Reno 10 Pro 256GB - Lavender,0
смартфон apple iphone 16 pro 1tb dual esim desert titanium,смартфон apple iphone 16 pro 1tb esim dual desert titanium,1
Apple iPhone 11 Pro Max Deep Purple 64GB,Смартфон Apple iPhone 11 Pro Max 512GB Titanium,0
redmi 17 4g deep blue 8 256gb,redmi 13 c 8 256gb 2024 new model,0
samsung galaxy s25 ultra 12 256gb titanium blue,samsung titanium s25 ultra 12 256gb galaxy blue,1
redmi note 15 pro 5g glacier blue 8 256gb,redmi not 13 128gb aybi steklo ozigina chatnagan bilinmaydi naxt,0
Oppo Oppo A78,Oppo Oppo A78 White 128GB,1
Oppo Find X7 Ultra 64GB - Green,Oppo Find X7 Ultra 64GB (Green),1
Xiaomi 14T Pro 512GB Silver,Galaxy Z Fold 4 64GB - Blue,0
смартфон samsung galaxy s23 ultra 12 256gb black,смартфон samsung galaxy s23 ultra 12 black,1
Смартфон Tecno Tecno Camon 20 Pro 512GB Deep Purple,Tecno Tecno Camon 20 Pro 512GB Deep Purple,1
Apple iPhone 11 Pro Max 1TB Silver,Apple iPhone 11 Pro Max,1
Realme Realme GT 5,Realme Realme GT 5 12GB/512GB Graphite,1
redmi 15 6 128gb sandy purple,redmi 15c 8 256gb mint green,0
смартфон xiaomi redmi 12 8 128gb global dual nano sim midnight black,смартфон xiaomi redmi 12 8 128gb dual nano sim midnight black,1
iphone 13 pra max 128 oq,13 pra max 128 oq,1
Realme 12 Pro 256GB - Silver,Honor 200 512GB Starlight,0
Xiaomi Xiaomi 12T Pro 6GB+128GB,Смартфон Xiaomi Xiaomi 12T Pro 128GB Black,1
redmi note 15 8 256 black,redmi a5 4 128 sandy gold,0
смартфон samsung galaxy a53 5g 6 128gb awesome black,смартфон galaxy a53 5g 6 128gb awesome black,1
Realme Realme C53 Starlight 1TB,Smartfon Realme C53 512GB/12GB Titanium,0
Smartfon Realme 11 Pro+ 64GB/12GB Deep Purple,Realme 11 Pro+ 64GB - Deep Purple,1
Redmi Note 13 256GB Titanium,Redmi Redmi Note 13 Titanium 256GB,1
Apple iPhone 15 Pro Max,Apple iPhone 14 Pro 256GB Titanium,0
смартфон infinix hot 40i 16 256gb horizon gold,смартфон xiaomi redmi a3 3 64gb black,0
Oppo Oppo Reno 10 Pro+ Black 512GB,Oppo Reno 10 Pro+ 128GB Silver,0
Oppo A17 1TB Lavender,Смартфон Redmi Redmi A3 64GB Coral,0
смартфон honor x8a 6 128 blue,смартфон tecno spark 10 8 128gb white,0
Смартфон Vivo Vivo X100 Pro 128GB Gold,Смартфон Vivo Vivo X100 Pro 1TB Blue,0
honor 200 lite 5g,honor 600 lite 8 256 velvet black,0
honor x9d 12 256gb midnight black,honor 400 pro 12 512gb 5g velvet black smartfoni sifatli honor ryukzaki sovg aga,0
honor x5b plus,honor plus,1
Infinix Infinix Note 30 256GB Deep Purple,Smartfon Infinix Zero 30 5G 256GB/16GB Deep Purple,0
samsung a57 5g 128,5g a57 samsung 128,1
smartfon redmi note 14 pro 5g 12 512gb frost blue,redmi 12 128gb,0
смартфон xiaomi redmi note 14 pro 4g 12 256gb aurora purple,смартфон xiaomi redmi 14 pro 4g 12 256gb aurora purple,1
honor 600 orange 8 512gb,смартфон honor 90 8 256gb cn dual nano sim ч рный,0
Vivo Y200 1TB - Starlight,Smartfon Vivo Vivo Y200 1TB Starlight,1
Infinix Infinix Smart 8 Plus,Infinix Infinix Hot 30 Play 16GB/1TB Midnight,0
samsung galaxy a36 awesome white 8 256gb,samsung white a36 awesome galaxy 8 256gb,1
Redmi Redmi Note 12,Redmi Note 12 512GB (Graphite),1
Смартфон Tecno Tecno Phantom X2 Pro 256GB Natural,Tecno Phantom X2 Pro 256GB Natural,1
смартфон samsung galaxy a07 4 128 гб ч рный,смартфон samsung galaxy a07 ч 128 гб 4 рный,1
Redmi Redmi K60,Redmi Redmi K60 3GB/1TB Coral,1
Infinix Infinix Smart 8 Plus 4GB/64GB Midnight,Infinix Smart 8 Plus 64GB - Midnight,1
iphone 17 pro,huawei nova 13 12 256gb white,0
Realme Realme 12 6GB+1TB,Realme 12 Pro+ 1TB Blue,0
Smartfon Vivo V27 1TB/12GB Blue,Smartfon Apple iPhone 15 256GB Midnight,0
xiaomi redmi a5 3 64gb smartfoni ocean blue,smartfon samsung galaxy a17 6 128gb gray,0
Galaxy A55 5G 64GB - Silver,Redmi Redmi Note 13 Pro+ Purple 1TB,0
iPhone 14 256GB - Titanium,iPhone 15 Pro Max 256GB - Titanium,0
Apple iPhone 15 Plus 256GB Purple,Tecno Tecno Pop 8 512GB White,0
Redmi Redmi A2+ 8GB+1TB,Смартфон Redmi Redmi Note 13 4G 1TB Titanium,0
Honor Honor 100 Pro 6GB/256GB Titanium,Honor Honor 100 Pro,1
Xiaomi 14 Ultra 1TB (Midnight),Xiaomi 14T Pro 1TB Midnight,0
Redmi Note 12 Pro+ 64GB - Black,Smartfon Redmi Redmi K70 Pro 64GB Black,0
смартфон honor x6a 4 64gb dual nano sim синий,смартфон honor x6a синий 64gb dual nano sim 4,1
Redmi 12 512GB (Green),Redmi Note 13 Pro 512GB - Green,0
Infinix Infinix Note 40 3GB+1TB,Infinix Note 40 1TB (Silver),1
Infinix Infinix Note 40 Coral 256GB,Infinix Infinix Note 40 4GB+256GB,1
iPhone 12 Pro Max 256GB (Graphite),Apple iPhone 12 Pro Max 256GB Graphite,1
смартфон vivo y11d 4 256 platinum,смартфон vivo platinum 4 256 y11d,1
honor x8c 8 256gb black gift box 100gb internet 3 months of free tv com,honor 400 lite зеленый 8 256gb,0
Redmi Redmi K70 Pro Purple 256GB,Redmi Redmi K70 Pro 256GB Purple,1
Realme Realme C33,Realme Realme C33 256GB Coral,1
Apple iPhone 15 Plus,Смартфон Tecno Tecno Spark 10 128GB Black,0
apple iphone 16 pro max 512gb white titanium 100gb of internet 3 months of tv com for free,honor x8b midnight black 8 256gb,0
Apple iPhone 13 mini 3GB+512GB,Apple iPhone 13 mini,0
Honor Magic5 Lite 256GB Cream,Honor Magic5 Lite 256GB (Cream),1
samsung s26 ultra,zte nubia v60 black 8 256gb,0
смартфон honor x9b 8 256gb midnight black,honor x9b 8 256gb midnight black,1
Xiaomi 13T 256GB (Deep Purple),Xiaomi Poco M5s 16GB/256GB Deep Purple,0
xiaomi 15 12 512gb black,смартфон xiaomi redmi note 14 pro 5g 8 256 гб сиреневый,0
Realme GT 5 256GB - White,Realme Realme GT 5 Pro 6GB+256GB,0
Smartfon Vivo Vivo Y200 Pro 128GB Midnight,Смартфон Vivo Vivo Y200 Pro 128GB Midnight,1
Smartfon Vivo Vivo Y36 64GB Purple,Tecno Tecno Phantom V Fold,0
Smartfon Redmi Redmi 12C 512GB Coral,Redmi 13 512GB (Coral),0
Oppo Oppo A78 Gold 1TB,Смартфон Honor Honor X9a 128GB Deep Purple,0
Smartfon Honor Honor 100 Pro 512GB Natural,Tecno Tecno Pop 8,0
Смартфон Oppo Oppo A58 1TB Starlight,Smartfon Oppo Oppo A58 1TB Starlight,1
redmi note 15 6 128 glacier blue,redmi note 6 128 glacier blue,1
Oppo Oppo A78,Smartfon Realme Realme 11 Pro 256GB White,0
cмартфон huawei p60 pro 8 256 black,cмартфон huawei p60 pro 256 black,1
oppo find x8s 12 256,oppo 256 x8s 12 find,1
смартфон infinix smart 10 4 64gb blue,смартфон infinix 10 4 64gb blue,1
смартфон infinix gt 50 pro 12 256gb black abyss,смартфон infinix gt 50 pro 12 black abyss,1
смартфон honor 200 lite 12 256gb starry blue,смартфон honor x7b 6 256 flowing silver,0
Smartfon Oppo Oppo A78 512GB Green,Smartfon Oppo A78 1TB/4GB Silver,0
Redmi Redmi K70 Pro 4GB+256GB,Redmi Note 13 4G 256GB (Titanium),0
Vivo Vivo V30 Pro 4GB+512GB,Tecno Tecno Pop 8 4GB+256GB,0
смартфон tecno spark 10 4 128 meta black,смартфон tecno 4 10 spark 128 meta black,1
смартфон samsung galaxy a01 2 16gb blue,смартфон samsung galaxy a01 2 16gb,1
смартфон iphone 13 mini 128gb midnight,смартфон iphone 13 mini midnight 128gb,1
смартфон apple iphone 15 pro max 512gb white titanium,смартфон pro iphone 15 apple max 512gb white titanium,1
Vivo Vivo V27 Graphite 128GB,Smartfon Vivo Vivo V27 1TB Blue,0
Xiaomi Poco X5 Midnight 256GB,Смартфон Xiaomi Poco X5 256GB Midnight,1
iphone 17e,iphone 17e new,1
смартфон samsung galaxy s26 ultra 5g black 256 гб,смартфон honor 200 lite 16 256gb cyan lake,0
Redmi K60 512GB - Cream,Redmi K60 512GB Cream,1
Smartfon Xiaomi 12X 128GB/12GB Graphite,Xiaomi Xiaomi 13 Ultra,0
Realme Realme C33,Realme Realme C33 6GB+128GB,0
Oppo Reno 11 64GB (Coral),Smartfon Oppo Reno 11 64GB/16GB Coral,1
смартфон honor 200 pro 12 256gb moonlight white,honor x7e light blue 6 256gb в подарок honor choice earbuds x8,0
Apple iPhone 13 Pro White 64GB,iPhone 13 Pro 64GB (White),1
Redmi Redmi Note 13 4G Blue 128GB,Смартфон Redmi Redmi K60 128GB Blue,0
Xiaomi Xiaomi 12X 12GB+128GB,Xiaomi Xiaomi 12X 128GB Lavender,1
Infinix Infinix Zero 20 Midnight 512GB,Смартфон Infinix Infinix Zero 30 5G 512GB Midnight,0
Samsung Galaxy A14 1TB Silver,Smartfon Samsung Galaxy A14 1TB Silver,1
Samsung Galaxy S21 FE,Smartfon Galaxy S21 FE 1TB/3GB Purple,1
смартфон xiaomi redmi note 14 pro plus 5g 8 256gb purple,смартфон xiaomi redmi plus 14 pro note 5g 8 256gb purple,1
Realme Note 50 1TB Black,Realme Realme Note 50 4GB/1TB Black,1
Смартфон Xiaomi Xiaomi 11T 64GB Starlight,Xiaomi Xiaomi 11T 64GB Starlight,1
Smartfon Tecno Camon 20 Pro 512GB/8GB Starlight,Smartfon Tecno Tecno Camon 20 Pro 512GB Starlight,1
Honor Honor X7b 64GB Green,Smartfon Honor X7b 64GB/12GB Green,1
redmi a5 4 128 lake green,redmi note 15 8 256gb glacier blue,0
Смартфон Infinix Infinix Smart 8 Plus 256GB Natural,Infinix Smart 8 Plus 256GB Natural,1
смартфон xiaomi redmi note 13 pro 5g 12 512 purple,смартфон xiaomi redmi 13 pro 5g 12 512 purple,1
смартфон samsung galaxy a16 8 256gb grey,samsung galaxy s26 black 12 512gb,0
Samsung Galaxy Z Fold 4 8GB/512GB Cream,Galaxy Z Fold 4 512GB (Cream),1
Vivo Vivo V30e 8GB/256GB Silver,Vivo Vivo V30e 8GB/128GB Coral,0
Oppo Oppo A17 64GB Silver,Smartfon Oppo A17 64GB/8GB Silver,1
Oppo Oppo Reno 11 8GB/64GB White,Oppo Reno 11 128GB (Natural),0
Smartfon Vivo Vivo V30 64GB Lavender,Vivo Vivo V30 12GB/64GB Lavender,1
iphone 12 mini ideal xolat,iphone ideal mini 12 xolat,1
Smartfon Redmi 13 512GB/12GB Purple,Smartfon Redmi 13 512GB/12GB Purple,1
samsung galaxy a27 5g 2026 new super skidka garantiya dastavka,samsung galaxy a27 skidka 2026 new super 5g garantiya dastavka,1
Galaxy S22 1TB Midnight,Samsung Galaxy S24+ Midnight 1TB,0
смартфон honor x6b 12 256gb midnight black,honor 200 pro 5g 12 512gb black,0
смартфон samsung galaxy s23 ultra 12 512gb лаванда,смартфон samsung galaxy ultra 12 512gb лаванда,1
смартфоны xiaomi redmi note 11 pro 5g 8 128g atlantic blue,смартфоны xiaomi redmi note 11 pro 5g 8 128g atlantic,1
Apple iPhone 15 Pro 3GB+512GB,iPhone 15 Pro 256GB - Lavender,0
Infinix Infinix Note 40 Midnight 128GB,Infinix Note 40 128GB Midnight,1
Смартфон Honor Honor 200 64GB Black,Infinix Note 30 512GB (Cream),0
Infinix Smart 8 Plus 128GB - Green,Infinix Infinix Smart 8 Plus Green 128GB,1
Honor 100 Pro 128GB Coral,Honor Honor 100 Pro 1TB Graphite,0
смартфон honor x8d 8 128gb grey,honor x9d 5g 8 256gb reddish brown 365gb internet 3 oy bepul tv com sovg a,0
Xiaomi Xiaomi 12 Pro 64GB Midnight,Xiaomi Xiaomi 12 Pro 12GB/64GB Midnight,1
смартфон xiaomi poco x8 pro 12 512gb black,смартфон xiaomi poco x8 pro 12 black,1
смартфон xiaomi 14t 12 1tb titan black,смартфон xiaomi 14t 12 black titan 1tb,1
Tecno Camon 30 Pro 64GB Cream,Tecno Tecno Camon 30 Pro Purple 512GB,0
Honor 90 Lite 1TB Black,Honor Honor 90 Lite 4GB+1TB,1
смартфон huawei nova 12i 8 128 black,смартфон huawei nova 12i 8 128,1
Xiaomi Xiaomi 11 Ultra,Xiaomi Xiaomi 11 Ultra 1TB Titanium,1
Смартфон Oppo Oppo Find X7 Ultra 64GB Midnight,Samsung Galaxy A15 256GB Lavender,0
Galaxy Z Fold 5 1TB Purple,Oppo Reno 12 Pro 128GB Deep Purple,0
Смартфон Samsung Galaxy A35 5G 128GB Blue,Samsung Galaxy S24+ 128GB Blue,0
Infinix Infinix Note 30,Infinix Note 30 64GB - Black,1
Smartfon Tecno Tecno Pop 8 256GB Gold,Apple iPhone 12 mini Deep Purple 1TB,0
Infinix Infinix Smart 8 Midnight 512GB,Infinix Infinix Smart 8 4GB+1TB,0
смартфон xiaomi redmi note 13 pro 5g 12 512gb dual nano sim midnight black,смартфон xiaomi redmi note 13 pro 5g 12 512gb dual midnight sim nano black,1
телефон novey senat sc1 black,sc1 novey senat телефон black,1
Apple iPhone 11 256GB Graphite,Apple iPhone 11 64GB Purple,0
смартфон apple iphone 16e 8gb 512gb white,смартфон poco x7 5g 8gb 256gb green,0
Oppo Oppo A79 5G,Oppo Oppo A79 5G Graphite 64GB,0
Samsung Galaxy M14 128GB Titanium,Smartfon Galaxy M14 128GB/12GB Titanium,1
Vivo X100 128GB - Silver,Vivo X100 128GB - Silver,1
redmi note 14 6 128gb mist purple,redmi not 13 128gb aybi steklo ozigina chatnagan bilinmaydi naxt,0
Smartfon iPhone 12 Pro 256GB/4GB Natural,iPhone 12 Pro 256GB (Natural),1
Smartfon Honor Magic6 Pro 64GB/6GB Purple,Honor Magic6 Pro 64GB Purple,1
honor 600 orange 8 512gb,смартфон honor 600 lite 8 256gb velvet grey,0
Vivo Y35 256GB - White,Poco F5 128GB (Coral),0
Honor 90 Lite 512GB (Blue),Honor X7a 512GB Blue,0
Смартфон Apple iPhone SE 3 256GB Blue,Apple iPhone SE 3 3GB/512GB Gold,0
Realme GT 5 Pro 512GB - Starlight,Realme Realme GT 5 Pro 3GB/512GB Starlight,1
huawei nova 13 pro loden green 12 512gb,зарядное устройство huntkey smart c 4 usb ports 1 type c ports,0
Galaxy A25 128GB - Gold,Samsung Galaxy A15,0
Redmi Redmi 12C,Redmi 12C 1TB - Natural,1
Honor 80 Pro 256GB - Silver,Смартфон Xiaomi Xiaomi 14 128GB Titanium,0
смартфон samsung galaxy a34 6 128gb graphite,смартфон samsung a325 galaxy a32 4 64gb black,0
фитнес браслет huawei honor band 6 sandstone grey,смартфон honor x9d 12 256 midnight black в ташкенте,0
redmi note 13 pro puls 5g,redmi note 14 midnight black 6 128gb,0
Vivo V27 Pro 256GB - Silver,Vivo Vivo V27 Pro 256GB Silver,1
смартфон poco c85,смартфон c85,1
Vivo Vivo V30e 6GB/64GB Lavender,Vivo Vivo V30e,1
Oppo Oppo Reno 10 256GB Titanium,Oppo Reno 10 256GB Titanium,1
Smartfon Oppo Oppo Reno 10 Pro 1TB Cream,Oppo Reno 10 Pro 128GB (Deep Purple),0
Apple iPhone 12 Pro 12GB/1TB Green,Apple iPhone 12 Pro,1
Infinix Infinix Smart 8 Pro 512GB Graphite,Infinix Infinix Smart 8 Pro,1
Realme Realme C55 8GB+1TB,Realme C55 1TB - Deep Purple,1
Redmi Redmi 12C 512GB Green,Smartfon Redmi 12C 512GB/16GB Green,1
Tecno Tecno Spark 10,Tecno Spark 10 512GB Silver,1
Infinix Zero 30 256GB - Black,Смартфон Infinix Infinix Zero 30 256GB Black,1
Xiaomi Xiaomi 12T Pro 512GB Lavender,Xiaomi Xiaomi 12T Pro 4GB/512GB Lavender,1
смартфон honor x8d 8 128gb corduroy grey,смартфон honor 400 12 256gb desert gold,0
Realme Realme 12 Pro+ 12GB/1TB Purple,Realme Realme 12 Pro+ 12GB/1TB Purple,1
Poco F5 Pro 1TB - Graphite,Poco F5 Pro 1TB Graphite,1
смартфон infinix hot 40 pro 8 256gb horizon gold,смартфон infinix hot 40 pro 8 horizon gold,1
Смартфон Infinix Infinix Zero 30 512GB Cream,Infinix Infinix Hot 40 Pro 3GB/512GB Cream,0
Xiaomi Xiaomi 14,Smartfon Xiaomi 14 64GB/12GB Green,1
Honor Honor X9a 16GB+1TB,Smartfon Honor Honor X9a 1TB Natural,1
Honor Honor X8b 12GB/256GB Purple,Smartfon Honor Honor X8b 256GB Purple,1
iPhone 15 256GB - Cream,Smartfon iPhone 15 256GB/3GB Cream,1
Xiaomi Poco M5,Xiaomi Poco M5,1
redmi redm 10 c,смартфон redmi note 15 pro 8 256gb black,0
iPhone 11 Pro 128GB - Gold,Smartfon Apple iPhone 11 Pro 128GB Gold,1
Vivo Vivo Y22s 8GB/256GB Silver,Smartfon Vivo Vivo Y22s 256GB Silver,1
Samsung Galaxy A25 8GB/512GB Coral,Smartfon Galaxy A25 512GB/8GB Coral,1
Samsung Galaxy A54 5G 128GB Midnight,Galaxy A54 5G 128GB (Midnight),1
Redmi Note 11S 1TB Purple,Smartfon Redmi Note 11S 1TB/16GB Purple,1
Infinix Zero 30 1TB Starlight,Infinix Infinix Zero 30,1
Samsung Galaxy S23 Ultra 4GB+512GB,Galaxy S23 Ultra 512GB (Gold),1
Xiaomi Xiaomi 13T,Xiaomi Xiaomi 13T 6GB+1TB,1
Honor Honor 90,Honor Honor 90 1TB Graphite,1
redmi note 14 6 128gb lime green,redmi 14 pro 1 yil ishlatildi,0
смартфон novey force g20 8 128gb pearly white,смартфон xiaomi redmi note 14 pro plus 5g 12 256gb purple,0
Vivo Vivo V29 Silver 128GB,Смартфон Vivo Vivo V29 Pro 128GB Silver,0
Smartfon iPhone 14 Plus 64GB/4GB Green,Smartfon iPhone 14 Plus 64GB/4GB Green,1
Samsung Galaxy S24 Midnight 64GB,Samsung Galaxy S24 64GB Midnight,1
Realme GT 5 Pro 128GB - Starlight,Realme Realme GT 5 Pro,1
Infinix Smart 8 256GB White,Smartfon Infinix Smart 8 256GB/12GB White,0
Xiaomi 12 Pro 512GB Lavender,Redmi Redmi A3 16GB/256GB Midnight,0
Poco M6 Pro 1TB (Deep Purple),Xiaomi Poco M6 Pro 8GB+1TB,1
xiaomi redmi note 14 pro 5g 8 256gb midnight black smartfoni,xiaomi redmi note 14 5g 8 256gb midnight black smartfoni,1
смартфон infinix note 40 pro 5g 8 256gb racing grey,apple iphone 17 pro max 12 256gb silver,0
Xiaomi 13 Ultra 256GB Blue,Xiaomi Xiaomi 13 Ultra,1
смартфон vivo y33s 4 128gb black,смартфон vivo black 4 128gb y33s,1
Galaxy M34 5G 1TB - Starlight,Galaxy M34 5G 1TB Starlight,1
honor 200 pro 5g 12 512gb ocean cyan,honor 200 5g 12 512gb ocean cyan,1
Honor Honor X9b,Smartfon Honor X9b 64GB/4GB Coral,0
Smartfon Realme Realme 9 Pro+ 64GB Cream,Realme Realme 9 Pro+ 3GB/64GB Cream,1
Realme C53 512GB (Starlight),Oppo Oppo Find X6 Pro Natural 64GB,0
Oppo A38 1TB - Titanium,Смартфон Oppo Oppo A38 1TB Titanium,1
Smartfon Realme Realme 11 Pro 1TB Titanium,Realme Realme 12,0
xiaomi 17t pro 12 512 deep blue ideal 53 sikl,автомобильный пылесос 12v car use vacuum cleaner,0
смартфон xiaomi redmi note 13 pro 5g 8 256gb dual nano sim aurora purple,iphone se 2020 64 tali,0
смартфон apple iphone 14 pro max 128gb e sim фиолетовый,смартфон apple фиолетовый 14 pro max 128gb e sim iphone,1
смартфон apple iphone 14 plus 256gb e sim синий,смартфон apple iphone 14 256gb e sim синий,1
poco x7 pro black 12 256gb,1302 смартфон samsung galaxy a14 4 64gb silver,0
Honor Magic5 Pro 64GB Black,Smartfon Honor Magic5 Pro 64GB/4GB Black,1
смартфон honor x9a 5g 6 128gb silver,смартфон 128gb x9a 5g 6 honor silver,1
Смартфон Samsung Galaxy Z Flip 5 128GB Cream,Samsung Galaxy Z Flip 5 16GB+512GB,0
Smartfon Realme Realme GT 5 Pro 1TB Gold,Realme Realme GT 5 Pro 6GB+64GB,0
Redmi Redmi Note 11S Silver 256GB,Redmi Redmi Note 11S 12GB+128GB,0
Honor 90 Lite 1TB Cream,Smartfon Honor 90 Lite 1TB/16GB Cream,1
Vivo Vivo V30 Pro 8GB/512GB Graphite,Vivo Vivo V30 Pro,1
Xiaomi Xiaomi 14 Pro,Poco X6 Pro 512GB (Deep Purple),0
Vivo Vivo V30e 512GB Starlight,Smartfon Vivo Vivo V30e 512GB Starlight,1
vivo y11d 4 256gb platinum,смартфон iphone 11 pro 256gb dual green,0
Poco M6 Pro 256GB Deep Purple,Xiaomi Poco M6 Pro 6GB/256GB Deep Purple,1
Honor Honor 90 Lite 128GB Deep Purple,Honor 90 Pro 128GB Deep Purple,0
Realme Realme 11 Pro 64GB Lavender,Realme 11 Pro 64GB - Lavender,1
Realme GT Neo 5 SE 64GB Midnight,Smartfon Realme GT Neo 5 SE 512GB/12GB Black,0
смартфон apple iphone 16 pro max 256gb sim esim desert titanium,смартфон apple desert 16 pro max 256gb sim esim iphone titanium,1
iPhone 11 Pro 64GB (Deep Purple),iPhone 11 Pro 64GB (Deep Purple),1
xiaomi redmi pad pro 5g 8 256gb graphite gray,смартфон xiaomi redmi note 15 8 128gb forest green,0
Redmi Redmi 12C White 512GB,Redmi Redmi 12C White 512GB,1
Xiaomi 11 Ultra 512GB - Gold,Xiaomi Xiaomi 11 Ultra 12GB+512GB,1
Vivo X90 Pro 1TB (Blue),Infinix Infinix Hot 40 Starlight 256GB,0
беспроводное зарядное устройство ugreen 2 in 1 magnetic wireless charger qi2,смартфон xiaomi redmi a3 3 64gb black,0
redmi note 15 pro glacier blue 12 512gb,smartfon redmi a5 3 64gb midnight black,0
Realme C67 1TB Blue,Vivo V27 128GB - Purple,0
Xiaomi Xiaomi 12X 12GB+256GB,Smartfon Xiaomi Xiaomi 11 Ultra 256GB Graphite,0
iphone xs max 256gb,iphone xs 256gb max,1
смартфон samsung galaxy s23 fe 8 128gb фиолетовый,смартфон samsung 128gb s23 fe 8 galaxy фиолетовый,1
xiaomi redmi note 15 6 128gb black,xiaomi redmi note 6 128gb black,1
Smartfon Honor X8b 256GB/12GB Purple,Honor X8b 256GB Purple,1
смартфон samsung galaxy s25 5g 12 128gb dual sim jet black,смартфон samsung galaxy s25 12 128gb dual sim jet black,1
смартфон honor 70 12 256gb global blue,honor 400 pro 12 512 lunar grey,0
Samsung Galaxy A14 16GB+64GB,Galaxy A14 256GB Black,0
Samsung Galaxy S24 12GB/512GB White,Galaxy S22 Ultra 512GB (White),0
смартфон honor h200 8 256gb moonlight white black,смартфон 8 h200 honor 256gb moonlight white black,1
Apple iPhone 15 Plus 3GB+128GB,Apple iPhone 15 Plus 128GB Natural,1
Смартфон Xiaomi Xiaomi 14T Pro 1TB White,Honor X8b 256GB Natural,0
смартфон infinix note 40 pro 5g 8 256gb racing grey,смартфон tecno camon 50 pro malachite,0
электронная книга pocketbook 743k inkpad color 3 stormy sea,cмартфон huawei p60 8 256 black,0
Oppo Oppo A38 256GB Silver,Oppo A38 128GB (Cream),0
Xiaomi Xiaomi 12X 4GB/64GB Midnight,Смартфон Apple iPhone 14 Pro 256GB Black,0
Realme 12 Pro 128GB (Cream),Смартфон Realme Realme Note 50 128GB Cream,0
huawei nova y73 black 8 128gb,huawei nova black y73 8 128gb,1
Infinix Smart 8 64GB Lavender,Infinix Infinix Smart 8 Plus 6GB+64GB,0
redmi 13c midnight black 8 256gb,redmi not 8 128gb,0
Smartfon Vivo Vivo Y36 1TB Blue,Vivo Vivo Y36 Blue 1TB,1
смартфон iphone 12 64gb red,iphone 12 64gb red,1
Galaxy S23+ 256GB (Black),Smartfon Galaxy S23+ 512GB/4GB Starlight,0
Infinix Infinix Hot 40 Midnight 64GB,Oppo A78 256GB Deep Purple,0
Galaxy Z Fold 5 512GB (White),Galaxy Z Fold 5 256GB (Cream),0
Smartfon Apple iPhone 15 Pro Max 64GB White,iPhone 13 mini 64GB - White,0
Smartfon Redmi Note 11 64GB/3GB Lavender,Смартфон Redmi Redmi Note 11 64GB Lavender,1
smartfon samsung galaxy a37 5g 8 128gb navy,smartfon 5g galaxy a37 samsung 8 128gb navy,1
смартфон grandstream wp856,wp856 grandstream смартфон,1
redmi7 sotiladi original tech narsasi almashmagan holati zo r,smartfon samsung galaxy a37 5g 8 128gb navy,0
Vivo Vivo X90 Pro,Apple iPhone 15 Plus 64GB Natural,0
Infinix Smart 8 Plus 64GB (Silver),Vivo V29 128GB (Graphite),0
Realme Realme C33 Silver 512GB,Smartfon Xiaomi 12 Pro 256GB/16GB Blue,0
honor x9c smart 8 256gb midnight black,honor 200 lite 8 256gb cyan lake,0
honor 400 lite velvet black 8 256gb,honor 400 lite 8 black velvet 256gb,1
smartfon honor x8d 8 128gb velvet black,smartfon honor 8 128gb velvet black,1
Smartfon Redmi Note 11 128GB/16GB Silver,Redmi Redmi Note 11 64GB Purple,0
Apple iPhone 15 Plus,Infinix Infinix Smart 8 Pro 3GB/256GB Silver,0
Infinix Zero 30 5G 64GB - Titanium,Infinix Infinix Smart 8 Plus,0
смартфон iphone 12 pro 256gb silver,oppo a5i cph2773,0
samsung a57 5g доставка 8 256gb 8 128gb,samsung a57 5g доставка 8 256gb 128gb,1
honor 600 lite 8 256gb velvet black,смартфон honor x7c 8gb 256gb midnight black dual card,0
Samsung Galaxy Z Fold 4 Midnight 512GB,Infinix Infinix Zero 30 64GB Purple,0
honor x9d 5g 12 256gb midnight black 365gb internet 3 oy bepul tv com sovg a,x9d 5g 12 256gb midnight black 365gb internet 3 oy bepul tv com sovg a,1
Smartfon Realme 11 256GB/8GB Silver,Realme 11 256GB - Silver,1
Oppo Oppo Reno 10 128GB White,Oppo Reno 10 128GB - White,1
Tecno Pova 6 64GB - Graphite,Tecno Pova 6 64GB Graphite,1
Infinix Note 40 256GB (Purple),Смартфон Infinix Infinix Note 40 1TB Cream,0
смартфон apple iphone 17e 256gb white,смартфон iphone 17e 256gb white,1
Смартфон Honor Honor 90 Pro 64GB Titanium,Honor 90 Pro 64GB (Titanium),1
samsung galaxy s25 5g 12 128gb icy blue blue 100gb of internet 3 months of tv com for free,смартфон samsung galaxy a36 5g 8 128gb,0
смартфон iphone 13 pro max 128gb sierra blue dual,смартфон iphone dual pro max 128gb sierra blue 13,1
смартфон apple iphone 16 pro max 256gb desert titanium,смартфон apple iphone 16 pro max titanium desert 256gb,1
смартфон xiaomi redmi 7 2 16gb black,смартфон xiaomi 7 2 16gb black,1
Infinix Infinix Zero 20,Infinix Zero 20 256GB (Deep Purple),1
Vivo Y35 128GB (Blue),Смартфон Vivo Vivo X100 Pro 128GB Blue,0
Redmi Note 11 1TB (Deep Purple),Redmi Redmi Note 11,1
Смартфон Tecno Tecno Pop 8 1TB Purple,Смартфон Tecno Tecno Pop 8 128GB Green,0
смартфон apple iphone 14 pro 1tb e sim золотистый,смартфон apple 1tb 14 pro iphone e sim золотистый,1
Xiaomi Poco M6 Pro 16GB+64GB,Xiaomi Poco X5 Pro,0
iPhone 15 Plus 512GB - Natural,Smartfon Apple iPhone 15 Plus 512GB Natural,1
Смартфон Tecno Tecno Camon 20 Pro 256GB Starlight,Tecno Tecno Camon 20 Pro,1
Samsung Galaxy Z Fold 4,Samsung Galaxy Z Fold 4 4GB/128GB White,0
мобильный телефон novey 102 зеленый,102 телефон novey мобильный зеленый,1
Смартфон Samsung Galaxy M34 5G 1TB Lavender,Smartfon Samsung Galaxy M34 5G 1TB Lavender,1
Honor Magic5 Lite 1TB - Titanium,Realme Realme 12 Pro 16GB/128GB Midnight,0
Tecno Spark 20 Pro 256GB Gold,Tecno Tecno Camon 20 Pro 4GB+256GB,0
Oppo Oppo A58 3GB/256GB Blue,Oppo Reno 10 Pro+ 256GB - Blue,0
смартфон vivo y18 6 128 mocha brown,vivo y18 6 128 mocha brown,1
Redmi Redmi 13C Black 64GB,Samsung Galaxy Z Fold 4,0
Realme Realme GT 5 3GB/64GB Starlight,Realme GT 5 256GB Graphite,0
Honor Honor X7a Purple 128GB,Smartfon Honor X7a 128GB/16GB Purple,1
смартфон xiaomi poco x3 6 64gb shadow gray,smartfon honor 600 lite 8 256gb desert gold,0
smartfon honor x7d 6 128gb gold,galaxy s25 12 128 silver shadow,0
Honor Honor X7b,Xiaomi Xiaomi 11T Pro 8GB+128GB,0
Redmi Redmi Note 11 12GB+512GB,Redmi Note 11 512GB - Deep Purple,1
Smartfon Honor Magic5 Lite 64GB/3GB Titanium,Smartfon Honor Honor Magic5 Lite 128GB Graphite,0
Realme Realme 11 Pro 4GB+64GB,Realme 11 Pro 64GB - Green,1
Smartfon Redmi Redmi 13 512GB Titanium,Redmi 13 512GB Titanium,1
смартфон honor x8с 6 128gb midnight black,смартфон honor 200 16 512gb coral pink,0
Smartfon Infinix Infinix Smart 8 64GB Cream,Smartfon Infinix Infinix Smart 8 512GB Midnight,0
Infinix Infinix Note 40 16GB/256GB Purple,Смартфон Honor Honor X9a 1TB Graphite,0
Honor Honor X7b,Honor Honor X7b 512GB Coral,1
смартфон samsung galaxy a17 light,honor x9d 5g 12 256gb gold oltin rang smartfoni,0
Honor Honor X9a,Oppo Oppo Reno 10 Titanium 64GB,0
смартфон samsung galaxy a03 4 64gb blue,смартфон iphone 7 plus 32gb jet black,0
Smartfon Tecno Tecno Pova 5 Pro 256GB Titanium,Tecno Phantom X2 Pro 256GB - Titanium,0
Smartfon iPhone 13 Pro 128GB/8GB Purple,Smartfon iPhone 13 Pro 512GB/8GB Blue,0
смартфон google pixel 7 pro 12 256gb снежно белый,смартфон google pixel 7 12 256gb снежно белый,1
Smartfon Galaxy S24 512GB/6GB Blue,Samsung Galaxy S24 Blue 512GB,1
Vivo X100 Pro 1TB - White,Vivo X100 Pro 1TB White,1
redmi a5 4 128 ocean blue,redmi note 12 pro 8 128,0
Samsung Galaxy A05,Galaxy A05 256GB (Natural),0
redmi note 15 sandy purple 6 128gb,redmi 15 sandy purple 6 128gb,1
Redmi Redmi Note 11,Redmi Redmi Note 11 6GB+256GB,1
samsung galaxy s25 12 256gb silver shadow,huawei y6 2019 sotiladi,0
Смартфон Oppo Oppo Reno 11 1TB Black,Oppo Reno 11 1TB Black,1
телефон novey a30r black,смартфон honor 400 pro 5g 12 512 lunar grey,0
Redmi Redmi 12 8GB+1TB,Redmi 12 1TB (Gold),1
Smartfon Samsung Galaxy A05s 128GB Starlight,Galaxy A05s 128GB Starlight,1
Realme C67 64GB (Titanium),Realme Realme C67 64GB Titanium,1
Vivo Vivo X100 Blue 512GB,Vivo Vivo V27 Pro 8GB/512GB Blue,0
Samsung Galaxy A14 1TB Blue,Samsung Galaxy A14 6GB/1TB Blue,1
Smartfon Xiaomi 12T Pro 256GB/3GB White,Xiaomi Poco X5 Pro White 256GB,0
honor 400 lite 8 256gb velvet grey нау,смартфон xiaomi redmi note 13 pro 12 512gb midnight black,0
Tecno Tecno Pova 6 6GB+1TB,Tecno Pova 5 Pro 1TB - Graphite,0
Realme Realme C55,Realme C55 256GB (Deep Purple),0
Tecno Camon 30 Pro 128GB Blue,Smartfon Tecno Tecno Camon 30 Pro 128GB Blue,1
iPhone 12 mini 256GB (Gold),iPhone 15 256GB - Gold,0
смартфон honor x7a plus 6 128gb titanium silver,телефон novey senat sc1 black,0
Honor Honor X8b 8GB/1TB Black,Honor Honor X8b 8GB+1TB,1
Honor X8a 1TB - White,Honor Honor X8a,0
Smartfon Poco X6 256GB/4GB Natural,Poco X6 256GB - Natural,1
Xiaomi 13T Pro 512GB (Deep Purple),Smartfon Xiaomi 13T Pro 512GB/12GB Deep Purple,1
Apple iPhone 14 Plus,iPhone 14 Plus 128GB (Green),0
Infinix Infinix Zero 30 5G 6GB/64GB Deep Purple,Infinix Infinix Zero 30 5G,0
Apple iPhone 15 8GB+128GB,Smartfon Apple iPhone 15 128GB Black,1
xiaomi 17t 12 256gb blue,17t xiaomi 12 256gb blue,1
Honor Honor 90 256GB Coral,Honor 90 256GB (Coral),1
Xiaomi Xiaomi 11T,Xiaomi 13 512GB - Blue,0
xiaomi redmi note 15 pro 12 256gb titani,iphone 15 pro max 512 sim e sim,0
Смартфон Xiaomi Poco F5 1TB Green,Смартфон Xiaomi Xiaomi 14T Pro 1TB Green,0
Samsung Galaxy A05 64GB Starlight,Smartfon Galaxy A55 5G 64GB/6GB Starlight,0
samsung galaxy a06 4 128gb light blue 100gb of internet 3 months of tv com for free,samsung galaxy a06 4 128gb light blue 100gb of internet 3 months of com for free,1
honor x9c 12 256 jade cyan smartfoni,смартфон infinix gt 50 pro 12 256gb black abyss,0
Tecno Tecno Spark 20 Pro 6GB/512GB Titanium,Смартфон Samsung Galaxy S24 Ultra 256GB Deep Purple,0
Vivo V27 Pro 512GB (White),Realme C33 128GB Lavender,0
Смартфон Apple iPhone 14 Pro 64GB Deep Purple,Xiaomi Xiaomi 12T Pro 512GB Silver,0
zte blade a75 basalt black 4 128gb,zte blade basalt a75 black 4 128gb,1
Samsung Galaxy A54 5G 8GB/512GB Titanium,Samsung Galaxy A54 5G 512GB Titanium,1
Vivo Vivo Y35 3GB+1TB,Смартфон Vivo Vivo Y22s 1TB Purple,0
Vivo Vivo Y36 16GB/64GB Black,Smartfon Vivo Vivo Y36 64GB Black,1
Xiaomi Xiaomi 12X 512GB Purple,Xiaomi 12X 512GB - Purple,1
Honor X9b 1TB (Purple),Honor Honor 200 Pro 4GB/1TB Purple,0
zte nubia v80 max gold 4 128gb,xiaomi redmi note 15 pro 5g 8 256gb titanium color,0
смартфон vivo y100 8 256 breeze green,смартфон vivo y100 green 256 breeze 8,1
Redmi 12 256GB - Lavender,Redmi 12 512GB (Coral),0
Realme Realme C65 Cream 1TB,Realme Realme C65 1TB Cream,1
Tecno Tecno Phantom V Fold 16GB+1TB,Смартфон Redmi Redmi 12C 512GB Black,0
Смартфон Vivo Vivo X100 Pro 512GB Blue,Смартфон Vivo Vivo X100 Pro 512GB Blue,1
iPhone 14 Pro 64GB - White,Apple iPhone 14 Pro White 64GB,1
Redmi Redmi 12C 512GB Coral,Smartfon Vivo Vivo V29 Pro 128GB Cream,0
Смартфон Redmi Redmi Note 11 64GB Cream,Smartfon Redmi Redmi Note 12 64GB Cream,0
Honor Honor 90 Pro 1TB Natural,Honor 90 Pro 512GB (Purple),0
redmi note 15 pro 8 256 titanium,redmi note 15 8 256 titanium,1
Realme Realme 12 Pro+ 12GB/128GB Purple,Vivo Vivo Y200 Pro 12GB/64GB Silver,0
Samsung Galaxy F14 5G 6GB/1TB Green,Samsung Galaxy A55 5G 6GB+1TB,0
Tecno Camon 30 128GB - Gold,Smartfon Tecno Tecno Camon 30 Pro 128GB Gold,0
Apple iPhone 12 Pro Max 12GB/1TB Silver,iPhone 12 Pro Max 1TB - Silver,1
Honor Honor 200 6GB/256GB Silver,Honor Honor 200 6GB+256GB,1
Smartfon Vivo Vivo X100 1TB Graphite,Smartfon Vivo X100 1TB/16GB Graphite,0
Tecno Tecno Phantom X2 Pro 12GB/256GB Purple,Smartfon Tecno Camon 30 256GB/12GB Purple,0
Smartfon Realme GT 5 256GB/16GB Green,Realme Realme GT 5 16GB/256GB Green,1
Смартфон Infinix Infinix Zero 30 5G 256GB Purple,Infinix Infinix Zero 30 5G 3GB+128GB,0
Redmi Redmi Note 11 6GB/512GB Blue,Redmi Redmi Note 11,1
Tecno Tecno Camon 20 Pro 16GB/1TB Starlight,Tecno Tecno Spark 10 1TB Starlight,0
sotiladi redmi not 12 s,кабель us0402 lighting micro type c,0
Apple iPhone 14 Pro Max 12GB+256GB,Apple iPhone 14 Pro Max 12GB+256GB,1
Smartfon Realme Realme 11 Pro 64GB Gold,Realme Realme 11 Pro Gold 64GB,1
смартфон honor x5c 4 64gb ocean cyan голубой,смартфон honor x9d 12 256gb gold,0
samsung a24 128gb,смартфон honor x7d 6 256 гб desert gold,0
смартфон honor x9a 5g 8 128gb emerald green,128gb honor x9a 5g 8 смартфон emerald green,1
Смартфон Samsung Galaxy A35 5G 1TB Titanium,Smartfon Galaxy A35 5G 1TB/12GB Titanium,1
смартфон infinix hot 60i 5g 4 128gb shadow blue,смартфон infinix hot 60i 4 128gb shadow blue,1
Oppo Oppo A78 Starlight 1TB,Oppo Oppo A78 8GB+1TB,1
Смартфон Samsung Galaxy A05s 128GB Green,Samsung Galaxy A05s 128GB Green,1
Infinix Infinix Hot 40 4GB/512GB White,Infinix Hot 40 128GB - Graphite,0
redmi 15c 8 256 blue,redmi note 15 pro titanium color 8 256gb,0
продам xiaomi redmi note 12s,смартфон xiaomi redmi 14c 5g 8 256gb dreamy purple,0
Redmi Redmi Note 13 6GB+64GB,Redmi Redmi Note 11 6GB+64GB,0
Samsung Galaxy Z Fold 5,Samsung Galaxy Z Fold 5 3GB/512GB Purple,1
Realme 12+ 128GB - Graphite,Smartfon Realme Realme 12+ 128GB Graphite,1
Vivo Vivo V30 Purple 1TB,Vivo Vivo V30 64GB Midnight,0
смартфон xiaomi 17 pro max 16 512gb black,смартфон 512gb 17 pro max 16 xiaomi black,1
redmi note 15 pro 8 256 black,redmi 15c 6 128gb,0
Xiaomi Xiaomi 12X 16GB+256GB,Xiaomi Xiaomi 12X Coral 256GB,1
смартфон tecno pova 6 pro 12 256,смартфон honor x9d 12 512gb burgundy,0
Redmi Redmi K70 Pro Gold 1TB,Смартфон Redmi Redmi K70 Pro 1TB Gold,1
Galaxy M34 5G 1TB (White),Смартфон Samsung Galaxy M34 5G 1TB White,1
смартфон samsung galaxy z flip5 8 256gb dual nano sim esim лаванда,samsung galaxy a17 6 128gb black smartfoni va oq sim kartasi 100gb,0
смартфон honor 200 8 256gb black,смартфон honor 70 8 256gb global blue,0
Honor Honor X8a,Vivo Vivo V30 Pro Graphite 64GB,0
Honor Honor 90 Pro Green 256GB,Honor Honor 90 Pro Blue 128GB,0
novey alpha a10 фиолетовый 4 128gb,смартфон apple iphone 16 512gb dual esim black,0
Realme Realme 11 Pro Graphite 128GB,Realme Realme 11 Pro 4GB+128GB,1
Redmi Redmi Note 13 Pro,Redmi Redmi 12 8GB/256GB Gold,0
Realme 12 Pro 256GB - Green,Smartfon Realme Realme C67 256GB Green,0
yengi новинка redmi note 17 4 128gb 8 256gb dostavka,redmi a5 lake green 4 128gb,0
смартфон samsung galaxy a26 8 256gb black,смартфон samsung 256gb a26 8 galaxy black,1
автомобильное зарядное устройство baseus с fm трансмиттером t typed s 16,автомобильное зарядное устройство baseus с fm трансмиттером t typed 16,1
Apple iPhone 11 Pro Max Starlight 256GB,Apple iPhone 11 Pro Max Blue 64GB,0
Realme Realme 9 Pro+ 4GB/128GB Black,Smartfon Realme Realme 9 Pro+ 128GB Black,1
Infinix Smart 8 Pro 64GB Gold,Infinix Infinix Hot 30 Play 64GB Gold,0
Infinix Infinix Smart 8 Plus 16GB/256GB Graphite,Smartfon Infinix Smart 8 Plus 256GB/16GB Graphite,1
Smartfon Redmi Redmi Note 11 512GB Lavender,Infinix Zero 30 64GB - Deep Purple,0
Apple iPhone 14 Midnight 256GB,Samsung Galaxy A14 Purple 128GB,0
honor x9d 5g 8 256gb qizil smartfoni,смартфон honor x7a plus 6 128gb ocean blue,0
Tecno Tecno Phantom V Fold Graphite 64GB,Tecno Tecno Pova 6 Graphite 64GB,0
смартфон honor x6 4 64gb ocean blue,смартфон honor 600 lite 5g 8 256gb corduroy grey,0
Smartfon Realme 12+ 1TB/3GB Green,Smartfon Realme 11 Pro 1TB/3GB Green,0
samsung a26 5 g sotiladi,смартфон tecno spark 8p 4 64 dazzle black,0
Vivo Vivo Y22s 4GB+1TB,Vivo Vivo V27 Pro 4GB+1TB,0
смартфон vivo y31d 8 128 grey,смартфон xiaomi redmi note 15 pro 12 512gb titanium,0
Смартфон Infinix Infinix Smart 8 Plus 512GB Gold,Infinix Infinix Note 30,0
Samsung Galaxy M34 5G,Samsung Galaxy M34 5G 4GB+512GB,0
honor x6b 4 128gb forest green,iphone xs 256gb,0
Oppo Oppo Reno 11 16GB+128GB,Oppo Oppo Reno 11 128GB Silver,1
redmi 14c dreamy purple 6 128gb,redmi 15c 8 256gb mint green,0
Samsung Galaxy S22 Ultra 6GB+128GB,Samsung Galaxy S24 Ultra,0
Smartfon Oppo Oppo Reno 12 256GB Purple,Oppo Reno 10 Pro 256GB - Purple,0
Redmi Note 13 Pro 256GB White,Redmi Redmi Note 13 Pro Green 1TB,0
смартфон samsung galaxy a55 5g 128gb blue,смартфон xiaomi 17 ultra 16 512gb green,0
Samsung Galaxy S22 6GB/64GB Cream,Samsung Galaxy S22 6GB/64GB Cream,1
Redmi Redmi Note 11S Gold 64GB,Smartfon Redmi Note 11S 64GB/3GB Gold,1
Honor Magic5 Lite 128GB (Green),Smartfon Honor Honor Magic5 Lite 128GB Green,1
смартфон iphone 13 pro max 128gb graphite dual,apple iphone 16 pro max 256 гб desert titanium,0
Vivo V30 64GB Cream,Smartfon Vivo V30 64GB/4GB Cream,1
смартфон honor 400 lite 5g 12gb 256gb velvet grey,смартфон honor x8b 8 256gb midnight black,0
смартфон tecno spark 6 go 2 32 aqua blue,смартфон samsung galaxy a72 8 256gb black,0
Xiaomi Poco X6 4GB+1TB,Poco X6 1TB - Midnight,1
Smartfon Oppo A78 1TB/8GB Titanium,Oppo Oppo A78 8GB+64GB,0
Vivo Vivo V29 6GB+128GB,Smartfon Vivo Vivo V29 128GB Blue,1
Apple iPhone 11 Pro Max Gold 1TB,Oppo Oppo Reno 11 Pro Graphite 128GB,0
xiaomi redmi note 15 4g 6 128gb smartfoni black,xiaomi redmi a5 4 128gb green 100gb of internet 3 months of tv com for free,0
Smartfon Xiaomi Xiaomi 12T Pro 128GB Cream,Xiaomi 12T Pro 128GB Cream,1
Vivo Vivo Y22s,Смартфон Vivo Vivo V27 64GB Gold,0
смартфон iphone 13 pro max 1tb sierra blue,1300 смартфон samsung galaxy a14 4 64gb light green,0
Apple iPhone 14 Plus 12GB/1TB Midnight,Samsung Galaxy A05 512GB Deep Purple,0
Samsung Galaxy Z Flip 4 12GB+128GB,Samsung Galaxy Z Flip 4,1
Infinix Infinix Smart 8 Pro 4GB+512GB,Honor Honor 90 Lite 1TB Titanium,0
Redmi Redmi Note 11S 8GB+1TB,Смартфон Redmi Redmi Note 11S 512GB Green,0
Xiaomi Xiaomi 14 16GB+512GB,Xiaomi Xiaomi 14 16GB+512GB,1
Realme GT 5 512GB - Midnight,Realme Realme C67,0
Redmi Redmi A2+ 64GB Graphite,Redmi Redmi A2+ 6GB+64GB,1
Samsung Galaxy S23+ 3GB/256GB White,Galaxy Z Flip 4 256GB White,0
Apple iPhone 14 Coral 1TB,Apple iPhone 14,0
Infinix Infinix Smart 8 Plus 6GB/64GB Natural,Infinix Infinix Smart 8 Plus Natural 64GB,1
Smartfon Vivo Vivo V29 512GB Gold,Vivo Vivo V29 8GB+512GB,1
Smartfon Oppo Reno 12 Pro 512GB/8GB Deep Purple,Oppo Oppo Reno 12 Pro 8GB+64GB,0
Vivo V30e 64GB Titanium,Vivo Vivo X100 Pro 4GB+64GB,0
беспроводные наушники redmi buds 6 active black,redmi note 17 4g 2026 new super skidka garantiya dastavka,0
Smartfon Realme Realme 9 Pro+ 256GB Silver,Realme Realme 9 Pro+ 8GB/256GB Silver,1
Redmi Redmi K70 Pro,Smartfon Redmi Redmi K70 Pro 128GB Deep Purple,1
Redmi 13 128GB Silver,Redmi Redmi 13,1
Смартфон Tecno Tecno Spark 20 Pro 128GB Lavender,Tecno Pova 6 Pro 128GB Lavender,0
Galaxy S24+ 256GB Deep Purple,Smartfon Samsung Galaxy S24+ 256GB Deep Purple,1
Redmi Redmi Note 12 Pro,Redmi Redmi 13 Coral 64GB,0
Смартфон Redmi Redmi 12 512GB Natural,Redmi Redmi 12,1
новый смартфон xiaomi redmi 15 6 8 128 256 запечатанный с гарантии,новый смартфон xiaomi 256 15 6 8 128 redmi запечатанный с гарантии,1
смартфон infinix hot 30 8 128gb global black,смартфон infinix hot 30 8 128gb global,1
Apple iPhone 11 128GB Purple,Apple iPhone 13 mini,0
Redmi 13C 256GB - Blue,Redmi 13C 1TB (White),0
Xiaomi 14 256GB White,Xiaomi 14 256GB White,1
iPhone 15 64GB - Silver,Apple iPhone 15 Silver 64GB,1
Smartfon Tecno Tecno Pova 6 512GB Coral,Infinix Smart 8 128GB - Gold,0
Vivo Vivo X100 Pro 4GB/64GB Silver,Vivo Vivo X100 Pro 128GB Midnight,0
Tecno Tecno Camon 30 6GB/1TB Purple,Smartfon Tecno Spark 10 1TB/6GB Purple,0
Vivo Vivo V29 Pro 256GB Purple,Oppo Oppo A58 12GB/1TB Green,0
Smartfon Realme Realme 11 Pro 64GB Starlight,Smartfon Realme Realme C67 64GB Starlight,0
Смартфон Infinix Infinix Note 30 Pro 64GB Green,Smartfon Infinix Infinix Note 30 Pro 128GB Coral,0
Redmi Redmi Note 13 Pro 6GB/1TB Midnight,Redmi Note 13 Pro 512GB (Titanium),0
redmi note 14 8 256 lime green,smartfon redmi a5 3 64gb ocean blue,0
Realme Realme GT 5 Pro Titanium 128GB,Realme Realme GT 5 Pro,1
смартфон samsung galaxy z flip 7 12 512gb jet black,смартфон samsung galaxy flip 7 12 512gb jet black,1
Xiaomi Xiaomi 12 Pro Cream 256GB,Xiaomi Poco X5 Pro 16GB+256GB,0
смартфон honor 70 8 128gb global black,honor 90 holati yangi,0
Infinix Infinix Note 30 Pro 8GB+512GB,Infinix Note 30 Pro 1TB (Silver),0
Apple iPhone SE 3,Apple iPhone SE 3 4GB+128GB,0
смартфон iphone 13 pro 512gb sierra blue,смартфон iphone 13 pro 1tb silver dual,0
Smartfon Infinix Infinix Hot 30 Play 128GB Midnight,Infinix Infinix Hot 30 Play 4GB+64GB,0
Apple iPhone 14 Pro 128GB Coral,Apple iPhone 14 Pro,1
Oppo Oppo Reno 10 Pro+ 4GB+512GB,Oppo Oppo Reno 10 Pro+ 4GB/512GB Natural,1
Tecno Tecno Pova 5 Deep Purple 1TB,Tecno Tecno Pova 5 Lavender 256GB,0
Honor X7b 512GB - Natural,Honor Honor X7b,1
Realme Realme 11 Pro,Smartfon Realme 11 Pro 128GB/8GB Cream,1
смартфон xiaomi redmi a7 pro 64gb оранжевый закат,смартфон xiaomi redmi a7 pro 64gb закат,1
Apple iPhone SE 3,Apple iPhone SE 3 White 256GB,1
Vivo Vivo V30 4GB+128GB,Vivo Vivo V30,1
Смартфон Infinix Infinix Note 30 128GB Green,Smartfon Infinix Note 30 128GB/16GB Green,1
Redmi Redmi 12,Redmi Redmi 12 256GB Coral,1
xiaomi 12lite sotiladi,продам срочно свой redmi note 15 pro 5g,0
Redmi Redmi Note 12 4GB+64GB,Redmi K60 64GB Cream,0
Galaxy A05 128GB (Graphite),Samsung Galaxy A05 128GB Graphite,1
Xiaomi Xiaomi 14T 6GB+256GB,Redmi Redmi A2+ 6GB/1TB Midnight,0
honor x7d 6 128 velvet black,смартфон apple iphone 17 pro max 256gb deep blue,0
Xiaomi Xiaomi 14 Ultra 3GB+512GB,Xiaomi 14 Ultra 128GB - Purple,0
Honor X8b 1TB Graphite,Honor Honor X8b 12GB+256GB,0
Смартфон Honor Honor 90 Lite 512GB Black,Honor Honor 80 Pro 3GB+512GB,0
smartfon xiaomi poco x8 pro 8 256gb black,smartfon xiaomi x8 pro 8 256gb black,1
Smartfon Infinix Infinix Smart 8 Pro 64GB White,Smartfon Infinix Infinix Smart 8 Pro 64GB White,1
Smartfon Realme 12 256GB/16GB Graphite,Realme 12 64GB (Silver),0
Smartfon Honor 100 Pro 512GB/16GB Silver,Honor Honor 100 Pro 16GB+256GB,0
Xiaomi Xiaomi 11T Pro 16GB+256GB,Smartfon Samsung Galaxy Z Flip 4 512GB Lavender,0
Smartfon Xiaomi Xiaomi 11 Ultra 1TB Silver,Xiaomi 11 Ultra 1TB (Silver),1
Tecno Tecno Camon 30 Pro 6GB+256GB,Smartfon Oppo Reno 12 1TB/6GB Deep Purple,0
Smartfon Apple iPhone 11 Pro 64GB Titanium,iPhone 11 Pro 1TB Midnight,0
Tecno Spark 10 256GB - Coral,Smartfon Tecno Spark 10 256GB/12GB Coral,1
Infinix Infinix Zero 20 64GB Lavender,Infinix Smart 8 Plus 64GB Lavender,0
Galaxy Z Fold 4 256GB Deep Purple,Galaxy Z Fold 4 128GB Lavender,0
Apple iPhone 12 mini 1TB Titanium,Apple iPhone 12 mini Titanium 1TB,1
Smartfon Honor Magic6 Pro 512GB/3GB White,Honor Magic6 Pro 512GB - White,1
Oppo Find X7 1TB - White,Oppo Find X7 64GB - Black,0
Realme Realme 12+ 16GB/512GB Blue,Realme 12+ 512GB (Blue),1
смартфон samsung galaxy s22 ultra 5g 12 128gb green,смартфон 128gb galaxy s22 ultra 5g 12 samsung green,1
смартфон xiaomi redmi 12 8 256gb global dual nano sim polar silver,smartfon xiaomi redmi 15c 8 256gb black,0
Tecno Tecno Pova 6 Pro 4GB+512GB,Tecno Tecno Pova 6 Pro 4GB/128GB Midnight,0
Samsung Galaxy Z Flip 4 6GB+256GB,Smartfon Samsung Galaxy Z Flip 4 256GB Green,1
Смартфон Honor Honor 100 Pro 64GB Cream,Honor 90 Lite 64GB Cream,0
Smartfon Vivo Vivo V30 256GB Gold,Oppo Oppo A58 Lavender 64GB,0
Realme Realme 12+ Black 256GB,Смартфон Realme Realme 12+ 256GB Black,0
Honor Magic5 Pro 128GB (Purple),Smartfon Honor Honor Magic5 Pro 128GB Purple,1
Vivo Vivo Y36,Smartfon Vivo Y36 256GB/6GB Deep Purple,1
смартфон honor x8d 8 128gb blue,honor 400 pro 12 512gb black juicer 100gb internet 3 months of free tv com,0
Smartfon Infinix Infinix Zero 20 256GB Black,Infinix Infinix Zero 20 3GB+256GB,1
Vivo Y35 512GB White,Vivo Vivo Y35 12GB+512GB,1
Realme GT 5 512GB Midnight,Realme Realme 11 Midnight 512GB,0
смартфон infinix hot 50 pro 8 256gb sleek black,xiaomi poco x7 pro 8 256gb qora smartfoni,0
смартфон realme c75 8 256gb lightning gold,смартфон realme c75 8 256gb gold,1
Vivo Y200 1TB - Purple,Vivo Vivo Y200 Purple 1TB,1
Oppo Oppo Find X7,Oppo Find X7 256GB - Coral,1
телефон novey s70r white,телефон novey s70r,1
Xiaomi Poco F5 Pro,Xiaomi Poco F5 Pro 3GB/128GB White,1
Smartfon Redmi Redmi 13C 512GB Lavender,Redmi 13C 512GB (Lavender),1
redmi note 17 black 4 128gb рюкзак в подарок,redmi 15c 4 128gb mint green,0
redmi 15 8 256gb sandy purple,redmi not 8 hamma joyi ishlidi aybi yoq 128gb,0
Vivo Vivo V30 Pro Graphite 128GB,Vivo Vivo V30 Pro,0
Realme Realme 12 Pro+ 8GB+512GB,Realme 12 Pro+ 512GB Lavender,1
Смартфон Redmi Redmi Note 11 Pro 128GB Natural,Redmi Note 13 128GB Natural,0
Smartfon iPhone 12 mini 128GB/12GB Coral,Смартфон Apple iPhone 12 mini 64GB Graphite,0
Redmi 13 256GB Purple,Redmi Redmi 13 256GB Purple,1
Redmi Note 11 Pro 1TB Purple,Redmi Redmi Note 11 Pro 3GB/512GB Starlight,0
redmi 15 8 256gb titan gray,redmi 13 8 128 midnight black,0
смартфон honor 200 12 512gb moonlight white,смартфон honor x9d 12 256 sunsire gold,0
Samsung Galaxy Z Flip 5 Midnight 1TB,Smartfon Redmi Redmi Note 13 4G 512GB Gold,0
смартфон vivo v29 5g 12 512gb dual nano sim красный бархат,смартфон apple iphone 16 128gb sim esim pink,0
Tecno Pop 8 512GB - Green,Smartfon Redmi A3 128GB/6GB Cream,0
Smartfon Infinix Infinix Hot 40 Pro 128GB Coral,Infinix Zero 30 128GB Coral,0
смартфон samsung galaxy a6 3 32gb black,смартфон samsung galaxy s24 fe 8 128gb dual esim grey,0
Vivo Y100 64GB Titanium,Vivo Vivo Y36 64GB Titanium,0
смартфон vivo y28 8 128 gleaming orange,xiaomi redmi note 15 pro 8 256gb smartfoni black,0
Galaxy A05 512GB - Starlight,Smartfon Samsung Galaxy A05 512GB Starlight,1
кабель recrsi ca 099 type c type c,c recrsi ca 099 type c type кабель,1
Smartfon Oppo Oppo Find X6 Pro 128GB Coral,Oppo Reno 10 Pro+ 128GB (Coral),0
Infinix Infinix Zero 30 5G,Smartfon Infinix Infinix Smart 8 Plus 512GB Purple,0
Honor Honor X8a 1TB Blue,Honor Honor X8a,1
iphone 7 samarkand,iphone 14 sotiladi,0
Smartfon Vivo Vivo Y35 512GB Cream,Vivo Y35 512GB - Cream,1
redmi 13c midnight black 8 256gb,redmi note 15 8 256gb glacier blue,0
смартфон honor 400 lite 8 256 mars green,смартфон honor x7b 8 128gb deep black,0
Xiaomi 14T 256GB - Blue,Xiaomi 14T 256GB - Blue,1
Vivo Vivo V27 256GB Lavender,Смартфон Samsung Galaxy S22 Ultra 512GB Green,0
samsung s26 5g доставка проверка при получении,samsung s26 5g проверка при получении,1
Tecno Camon 30 64GB - Midnight,Tecno Tecno Spark 20 Pro+ 64GB Midnight,0
Smartfon Redmi Redmi Note 11 Pro 64GB Coral,Смартфон Redmi Redmi Note 11 Pro 512GB Black,0
Realme Realme C33,Смартфон Honor Honor 90 128GB White,0
смартфон iphone xs 64gb gray,smartfon xiaomi poco x8 pro 8 256gb green,0
samsung galaxy a37 5g awesome greygreen 8 128gb,galaxy a37 5g awesome greygreen 8 128gb,1
Xiaomi Xiaomi 12 3GB/64GB Gold,Xiaomi 12 128GB - Silver,0
Oppo Oppo Reno 11 6GB+1TB,Oppo A78 1TB (Black),0
смартфон honor 400 12 256gb midnight black,смартфон honor x7b 6 128gb deep black,0
Smartfon Oppo A17 128GB/3GB Green,Apple iPhone SE 3 Titanium 512GB,0
Oppo Reno 10 1TB (White),Oppo Reno 10 1TB - White,1
задвижка чугунная ду50 pn16,задвижка чугунная ду50,1
iPhone 14 64GB - Gold,Oppo Oppo A79 5G Silver 128GB,0
Realme 12 Pro 1TB Graphite,Realme Realme 12 Pro Graphite 1TB,1
смартфон xiaomi redmi note 15 8 128gb sandy purple,смартфон xiaomi redmi 15 8 128gb sandy purple,1
Honor Honor X9a 4GB/64GB Cream,Redmi Redmi 13,0
Infinix Smart 8 128GB - Graphite,Infinix Infinix Note 30 128GB Graphite,0
Redmi Note 13 4G 512GB (Gold),Redmi Note 13 4G 1TB Natural,0
xiaomi 13pro pro,13pro xiaomi pro,1
Smartfon Honor Honor Magic6 Pro 64GB Green,Smartfon Honor Magic6 Pro 64GB/12GB Green,1
honor 400 midnight black 12 512gb,держатель для телефона borofone bh65 magnetic,0
Oppo Oppo A17 16GB/64GB Lavender,Vivo V29 128GB (Natural),0
Vivo Vivo Y200 Green 128GB,Vivo Y200 128GB Green,1
Redmi Redmi Note 12 Pro 1TB Deep Purple,Redmi Redmi Note 12 Pro Deep Purple 1TB,1
Samsung Galaxy S23+ 4GB/128GB Green,Samsung Galaxy S23+ 4GB/128GB Green,1
Смартфон Honor Honor Magic5 Lite 64GB Cream,Apple iPhone 12 mini Blue 128GB,0
телефон novey x100 gold,gold novey x100 телефон,1
Realme Realme 11 Natural 1TB,Realme 11 1TB Natural,1
Galaxy S24 128GB (Midnight),Смартфон Samsung Galaxy S23 FE 128GB Midnight,0
samsung galaxy s25 mint 12 256gb,mint galaxy s25 samsung 12 256gb,1
Smartfon Oppo Oppo Reno 10 Pro+ 64GB Deep Purple,Oppo Oppo Reno 10 Pro+ 128GB Green,0
смартфон honor x7c 6 128 moonlight white,смартфон honor 200 lite 8 256gb black,0
смартфон honor x9c smart 8 256 black,honor 400 pro 12 512gb lunar grey,0
смартфон honor 200 lite 8 256 green,смартфон apple iphone 17 pro 256 гб cosmic orange,0
смартфон samsung galaxy s25 5g s936 12 256gb navy,samsung смартфон samsung galaxy s25 5g 12 128 гб silver,0
Apple iPhone 15 Pro,Apple iPhone 15 Pro Lavender 512GB,0
Redmi Redmi 12 6GB+512GB,Redmi Note 12 Pro+ 512GB (Green),0
honor x9d 5g 8 256gb black smartfoni,смартфон honor x6a 4 128 black,0
Samsung Galaxy Z Fold 5 12GB/256GB Silver,Smartfon Tecno Tecno Pova 5 Pro 1TB Gold,0
Smartfon Apple iPhone 14 Pro 256GB Purple,Apple iPhone 14 Pro Purple 256GB,1
Смартфон Oppo Oppo Reno 10 128GB Deep Purple,Oppo Oppo Reno 10 Deep Purple 128GB,1
Honor Honor Magic5 Lite Midnight 1TB,Smartfon Honor Honor 100 Pro 1TB Midnight,0
Vivo Vivo V29 8GB+256GB,Smartfon Vivo V29 256GB/8GB Gold,1
Infinix Zero 20 1TB - White,Vivo X90 Pro 256GB (Green),0
Infinix Infinix Smart 8 Plus,Infinix Infinix Note 40 Pro 64GB Coral,0
Samsung Galaxy S22 6GB+512GB,Samsung Galaxy A14,0
Smartfon Galaxy S24 Ultra 128GB/6GB Natural,Smartfon Samsung Galaxy S24 Ultra 128GB Natural,1
infinix hot 50i 6 128gb sleek black,infinix hot 50i 6 128gb black,1
Smartfon Infinix Zero 20 128GB/4GB Deep Purple,Infinix Infinix Zero 20 4GB/128GB Deep Purple,1
смартфон xiaomi poco x6 pro 12 256gb white,смартфон x6 poco xiaomi pro 12 256gb white,1
Apple iPhone 11 Pro Max Cream 256GB,Apple iPhone 11 Pro Max 12GB+256GB,1
Xiaomi Xiaomi 11T Pro 3GB/64GB White,Xiaomi 11T Pro 64GB White,1
redmi 15c midnight black 4 256gb,redmi note 15 pro 5g titanium color 8 512gb,0
Smartfon Vivo Y22s 256GB/16GB Midnight,Vivo Vivo Y200 16GB+256GB,0
Smartfon Redmi Note 13 128GB/6GB Gold,Tecno Phantom V Fold 512GB (Blue),0
Smartfon Galaxy S23 FE 256GB/16GB Gold,Смартфон Infinix Infinix Hot 30 Play 128GB Black,0
Redmi Redmi Note 13 Pro 12GB+256GB,Redmi Note 13 Pro 128GB Deep Purple,0
Oppo A58 64GB Graphite,Oppo Oppo A58 64GB Graphite,1
Redmi Note 12 Pro+ 512GB - Gold,Redmi Note 12 Pro+ 512GB (Gold),1
Смартфон Infinix Infinix Hot 40 128GB Coral,Infinix Hot 40 128GB Coral,1
Tecno Tecno Phantom V Fold Lavender 1TB,Smartfon Tecno Tecno Phantom V Fold 1TB Lavender,1
Oppo Oppo Reno 10 1TB Purple,Oppo Reno 10 1TB Purple,1
Vivo Vivo V30e 12GB+1TB,Smartfon Vivo Y35 1TB/12GB Green,0
смартфон infinix hot 50i 4 256 sleek black,смартфон infinix sleek 50i 4 256 hot black,1
Vivo V29 256GB (Gold),Смартфон Vivo Vivo V29 1TB Cream,0
смартфон samsung galaxy a56 256gb graphite,redmi note 14 8 256gb lime green,0
Redmi Redmi Note 12 Pro 6GB+1TB,Smartfon Redmi Note 12 Pro+ 1TB/6GB Deep Purple,0
смартфон xiaomi mi 11 lite 8 128gb green,смартфон mi 11 lite 8 128gb green,1
смартфон iphone 12 pro max 512gb blue,xiaomi poco c65 8 256gb black,0
iPhone 14 Pro Max 1TB (Gold),Apple iPhone 11 Pro Max,0
Смартфон Oppo Oppo A38 512GB Natural,Oppo Oppo A38 Natural 512GB,1
смартфон honor x9b 5g 12 256gb emerald green,смартфон honor x9b 5g 256gb emerald green,1
Apple iPhone 15 Pro 16GB/512GB Silver,iPhone 15 Pro 512GB Silver,1
Smartfon Redmi Redmi Note 11S 128GB Black,Smartfon Redmi 13 128GB/4GB Black,0
Redmi Redmi K70 Pro 512GB Silver,Redmi Redmi Note 11S,0
Смартфон Samsung Galaxy S21 FE 1TB Graphite,Smartfon Samsung Galaxy S21 FE 1TB Graphite,1
смартфон honor x8a 6 128gb ocean blue,honor 90 holati yangi,0
Apple iPhone 15 Pro Max Blue 256GB,Redmi Redmi Note 12 Gold 128GB,0
Смартфон Vivo Vivo X90 Pro 64GB Coral,Vivo Vivo X90 Pro 512GB Titanium,0
Смартфон Realme Realme C55 256GB Green,Smartfon Vivo Y36 128GB/12GB Purple,0
Smartfon Redmi Note 13 4G 64GB/4GB Graphite,Смартфон Redmi Redmi 13C 64GB Graphite,0
Xiaomi 13 Pro 64GB (Green),Smartfon Xiaomi Xiaomi 13 Pro 64GB Green,1
Realme Realme GT Neo 5 SE 3GB/128GB Black,Realme Realme 12+ 128GB Black,0
Infinix Infinix Note 30 6GB/128GB Lavender,Infinix Infinix Hot 40 Pro 6GB+128GB,0
redmi note 15 pro titanium color 12 256gb,redmi 14 pro 1 yil ishlatildi,0
Smartfon Vivo Vivo Y35 512GB Graphite,Vivo Vivo Y35 Graphite 512GB,1
Vivo V30 1TB (Cream),Vivo Vivo V30,0
Redmi Redmi Note 11 Pro,Smartfon Redmi Note 11 Pro 64GB/8GB Graphite,1
Apple iPhone 13 6GB/256GB Deep Purple,iPhone 13 256GB Deep Purple,1
Смартфон Vivo Vivo Y100 1TB Silver,Vivo Vivo Y100 Silver 1TB,1
Smartfon Vivo Y36 64GB/8GB Lavender,Vivo Y36 64GB - Lavender,1
Smartfon Realme Realme C53 64GB Graphite,Realme C53 64GB (Graphite),1
redmi note 15 pro glacier blue 8 256gb,redmi note 15 black 8 256gb,0
Smartfon Xiaomi Xiaomi 11T Pro 512GB Blue,Xiaomi 11T Pro 512GB Blue,1
Tecno Pova 6 64GB (Graphite),Смартфон Tecno Tecno Pova 6 512GB Lavender,0
Smartfon Apple iPhone 12 Pro Max 512GB Starlight,Смартфон Apple iPhone 12 Pro Max 512GB Starlight,1
смартфон samsung galaxy s26 ultra 16 1tb dual esim black,смартфон apple iphone 14 plus 6 512gb сияющая звезда,0
смартфон iphone 13 pro max 1tb green,смартфон iphone pro max 1tb green,1
Smartfon Vivo Vivo Y35 128GB Black,Vivo Y35 128GB (Black),1
Honor Honor X7b 4GB+64GB,Honor X7b 128GB Natural,0
Samsung Galaxy Z Flip 5 Starlight 256GB,Samsung Galaxy Z Flip 5 16GB/256GB Starlight,1
Infinix Zero 30 128GB - Silver,Infinix Zero 30 1TB - Midnight,0
Infinix Smart 8 Pro 512GB (Purple),Infinix Infinix Smart 8 Pro 512GB Purple,1
Vivo Y200 256GB (Gold),Смартфон Vivo Vivo Y35 256GB Gold,0
Galaxy A35 5G 256GB Lavender,Galaxy A35 5G 256GB Lavender,1
Smartfon Vivo Vivo Y22s 256GB Coral,Samsung Galaxy A55 5G Black 1TB,0
Honor 200 Pro 128GB Lavender,Honor Honor Magic5 Lite,0
Vivo V29 256GB Starlight,Vivo Vivo V29 8GB+512GB,0
Vivo Vivo Y200 Pro 64GB Titanium,Vivo Vivo Y200 Pro 4GB/64GB Titanium,1
Oppo Find X7 256GB - Green,Oppo Oppo Find X7 256GB Green,1
Realme Realme 12+ 512GB Starlight,Smartfon Realme 12+ 512GB/4GB Starlight,1
Samsung Galaxy S24,Galaxy S24 128GB (Titanium),0
смартфон iphone 13 pro 1tb graphite dual,смартфон dual 13 pro 1tb graphite iphone,1
Oppo A58 512GB - Coral,Oppo Oppo A58 16GB+512GB,1
Honor Magic5 Lite 64GB (Coral),Smartfon Honor Honor Magic5 Lite 256GB Lavender,0
Tecno Camon 30 64GB - Purple,Tecno Tecno Camon 30 4GB/64GB Purple,1
Apple iPhone 11 8GB/256GB Natural,Apple iPhone 11 64GB Midnight,0
Galaxy M14 64GB (Titanium),Samsung Galaxy S24 12GB+64GB,0
смартфон samsung galaxy s24 ultra 12 512gb dual nano sim gray titan,смартфон samsung galaxy s24 12 512gb dual nano sim gray titan,1
Smartfon Oppo Oppo Find X7 512GB Green,Oppo Find X7 512GB (Green),1
Smartfon Infinix Infinix Hot 40 64GB Lavender,Infinix Infinix Note 30 3GB/64GB Lavender,0
смартфон realme 9i 4 128gb prism black,смартфон realme 4 128gb prism black,1
Honor X9a 64GB White,Honor Honor X9b 64GB White,0
Smartfon Vivo V27 128GB/8GB Gold,Redmi Note 11 64GB - Silver,0
Vivo Vivo Y100 Cream 128GB,Смартфон Vivo Vivo Y100 1TB Starlight,0
Vivo Y36 128GB - Green,Vivo Y35 128GB - Green,0
Honor Honor 100 64GB Silver,Honor 100 64GB (Silver),1
Apple iPhone 12 mini 4GB+64GB,Apple iPhone 12 mini 4GB+64GB,1
Smartfon iPhone 11 Pro Max 128GB/3GB White,Apple iPhone 14 Plus 3GB+128GB,0
Smartfon Xiaomi Xiaomi 12 Pro 256GB Green,Xiaomi Xiaomi 12 Pro,1
Oppo Reno 11 128GB Cream,Smartfon Oppo Oppo Reno 11 256GB Natural,0
Samsung Galaxy S22 3GB+64GB,Samsung Galaxy S22 64GB Lavender,1
смартфон samsung galaxy s24 fe 8 128gb dual sim green,смартфон samsung galaxy fe 8 128gb dual sim green,1
redmi note 14 8 128 lime green,redmi 14c midnight black 8 256gb,0
смартфон samsung galaxy s20 fe 6 128gb cloud white,смартфон samsung galaxy s20 fe 128gb cloud white,1
Xiaomi 12X 256GB Blue,Smartfon Xiaomi Xiaomi 12X 256GB Blue,1
Honor Honor 80 Pro 4GB/64GB Natural,Honor X7b 64GB - Natural,0
смартфон samsung galaxy s23 ultra 12 1tb black,смартфон galaxy samsung s23 ultra 12 1tb black,1
Oppo Oppo Reno 12 Pro 16GB/1TB Graphite,Smartfon Oppo Oppo Reno 12 Pro 1TB Graphite,1
redmi 9 telefon sotiladi,смартфон redmi 15 6 128gb sunday purple,0
Smartfon Tecno Pova 6 256GB/12GB Green,Tecno Tecno Pova 6,0
Redmi Redmi Note 12,Smartfon Redmi Redmi Note 12 64GB Purple,1
Infinix Infinix Smart 8 Plus 512GB Green,Infinix Infinix Smart 8 Plus,1
Honor Honor X8b,Honor X8b 1TB (Black),0
iPhone 14 256GB Midnight,Apple iPhone 14 12GB+256GB,1
Смартфон Redmi Redmi K70 Pro 128GB Titanium,Redmi K70 Pro 128GB Titanium,1
смартфон apple iphone 16 plus 128gb sim esim pink,смартфон apple iphone 16 plus 128gb sim esim,1
смартфон huawei nova 12i 8 256 green,смартфон honor x5b 4 64 ocean blue,0
Redmi 13 256GB - Black,Redmi 13 256GB Black,1
Смартфон Realme Realme 12 128GB Midnight,Realme Realme 12 4GB/128GB Midnight,1
смартфон huawei mate 70 pro 12 512gb,huawei mate 70 pro 12 512gb,1
Xiaomi Xiaomi 13 Ultra Natural 128GB,Smartfon Xiaomi 13 Ultra 128GB/8GB Natural,1
Vivo V27 512GB - Cream,Vivo Vivo V27,1
Honor Honor 90 Pro,Tecno Spark 20 512GB (White),0
Oppo Oppo A58 12GB/128GB Coral,Smartfon Oppo Oppo A58 128GB Coral,1
Смартфон Vivo Vivo V30 128GB Silver,Vivo V30 128GB Silver,1
Xiaomi 14 512GB (Starlight),Xiaomi 14 512GB - Starlight,1
Realme 11 Pro+ 256GB (Silver),Smartfon Realme 11 Pro+ 256GB/8GB Silver,1
Oppo Oppo Reno 10 Gold 128GB,Oppo Reno 10 128GB - Gold,1
Galaxy S23 FE 1TB - Gold,Samsung Galaxy S23 FE,0
Samsung Galaxy A14 512GB Coral,Smartfon Galaxy A14 512GB/3GB Coral,1
honor 400 lite 8 256gb marrs green,honor x9d 12 256 reddish,0
смартфон honor 200 pro 16 1tb black,смартфон honor x7a 4 128gb midnight black,0
Xiaomi Xiaomi 14 Pro,Galaxy S24 Ultra 1TB - Gold,0
смартфон honor x6с 6 128 ocean cyan,смартфон cyan x6с 6 128 ocean honor,1
Redmi 12C 512GB - Purple,Смартфон Apple iPhone 14 128GB Starlight,0
Honor Honor X9a 64GB Gold,Honor X9a 64GB - Gold,1
motorola moto g75 green 8 256gb,смартфон xiaomi mi9 6 64gb,0
смартфон poco f7 ultra 16gb 512gb black,смартфон spark go 2 km4 128 3 veil white,0
Redmi Redmi Note 11 Pro,Redmi Redmi K70 Pro 6GB/1TB Deep Purple,0
смартфон infinix hot 50 pro 8 256gb titanium grey,смартфон infinix hot 256gb pro 8 50 titanium grey,1
Apple iPhone 14 Plus 16GB/512GB Blue,Smartfon iPhone 13 512GB/16GB Blue,0
Oppo Reno 12 Pro 64GB - Starlight,Oppo Reno 12 Pro 64GB (Starlight),1
Samsung Galaxy S24 Black 128GB,Samsung Galaxy S24,1
Oppo Oppo A79 5G,Oppo Oppo A79 5G Natural 1TB,1
Смартфон Infinix Infinix Note 40 Pro 1TB Deep Purple,Honor Honor X9b 128GB Silver,0
смартфон iphone 13 pro 256gb graphite dual,apple iphone 16 pro 128gb 1 sim 1 esim desert titanium smartfoni,0
Honor Honor Magic6 Pro Graphite 128GB,Honor 80 Pro 128GB - Graphite,0
Realme GT 5 Pro 64GB (Blue),Realme Realme GT 5 Pro 4GB+64GB,1
Смартфон Apple iPhone 14 256GB Black,Apple iPhone 14 12GB+64GB,0
Redmi Redmi 13 16GB+256GB,Redmi Redmi 13 512GB Gold,0
смартфон honor x7b 6 256 flowing silver,смартфон honor x8с 8 256gb midnight black,0
iPhone 14 Pro Max 512GB (Deep Purple),Apple iPhone 14 Pro Max 12GB+512GB,1
Infinix Note 40 Pro 512GB Deep Purple,Infinix Note 40 Pro 512GB - Deep Purple,1
Samsung Galaxy A25,Vivo Vivo Y200 Pro,0
Vivo V30 Pro 512GB (Purple),Vivo V30 Pro 64GB (Starlight),0
Realme Realme 12 256GB Graphite,Smartfon Realme 12 256GB/12GB Graphite,1
Oppo Oppo A38 Purple 256GB,Tecno Spark 20 512GB - Midnight,0
oppo a3 6 256gb sparkle black,a3 6 256gb sparkle black,1
автомобильное зарядное устройство belkin 75w car charger with usb c cable,galaxy s25 12 128 silver shadow,0
смартфон tecno spark 20c 4 128,spark tecno смартфон 20c 4 128,1
Apple iPhone SE 3 Titanium 512GB,iPhone SE 3 512GB (Titanium),1
Realme Realme C67 8GB+256GB,Realme Realme C67 Black 128GB,0
redmi pad se 128gb келиштириб бервораман,redmi not 8 128gb,0
Infinix Smart 8 Pro 512GB Midnight,Infinix Infinix Smart 8 Pro 16GB+256GB,0
Smartfon Vivo Vivo V29 512GB Green,Vivo V29 512GB (Green),1
Oppo Oppo Reno 11 Pro 1TB Purple,Smartfon Oppo Reno 11 Pro 1TB/6GB Purple,1
Vivo Vivo V30 Pro,Vivo Vivo V30 Pro 16GB/1TB Cream,1
Смартфон Tecno Tecno Camon 30 Pro 1TB Titanium,Honor Honor 100 4GB+64GB,0
смартфон apple iphone 16 256gb dual esim black,dual apple iphone 16 256gb смартфон esim black,1
Smartfon Galaxy A55 5G 256GB/4GB Black,Samsung Galaxy A34 256GB Black,0
Xiaomi Xiaomi 14T Pro 16GB+128GB,Xiaomi Xiaomi 14T Pro 16GB+256GB,0
samsung galaxy s26 ultra cobalt violet 12 256gb,samsung galaxy s26 ultra cobalt violet 12,1
смартфон honor 200 lite 8 256gb cyan lake,смартфон honor x8с 8 256gb marrs green,0
iphone 15 pro max 256 zpa,iphone max pro 15 256 zpa,1
Redmi Redmi 12 8GB+1TB,Smartfon Redmi 12 256GB/8GB Coral,0
nova 11 8 256 black,смартфон oppo a78 8 256 aqua green,0
смартфон apple iphone 11 64gb yellow,смартфон camon 50 pro 8 256gb malachite green,0
смартфон apple iphone 16 128gb dual esim white,honor x6b 128gb uz,0
Smartfon Xiaomi Xiaomi 13T Pro 64GB Deep Purple,Xiaomi 13T Pro 64GB (Deep Purple),1
Honor X8b 512GB - Deep Purple,Honor X8b 512GB Deep Purple,1
Poco F5 Pro 256GB (Silver),Xiaomi Poco F5 Pro,0
Oppo Oppo A17 6GB+512GB,Oppo A17 512GB Coral,1
redmi note12 telefon,note12 telefon,1
redmi 13 6 128 midnight black,redmi note 14 pro 5g lavender purple 8 256gb,0
Oppo A38 512GB (Gold),Oppo A38 512GB (Gold),1
Redmi 12C 256GB Purple,Redmi Redmi 12C 256GB Purple,1
Infinix Infinix Smart 8 16GB/512GB Black,Tecno Tecno Pova 5 16GB+128GB,0
Realme C67 256GB Blue,Realme C67 256GB - Blue,1
Tecno Camon 20 Pro 1TB Coral,Tecno Tecno Camon 20 Pro 1TB Coral,1
redmi note 11 4 64gb срочна сотилади,redmi nod 15 pro sotiladi,0
Smartfon Realme 12 256GB/4GB Cream,Realme Realme 12 256GB Cream,1
Redmi 12 64GB (White),Smartfon Honor Honor X7b 128GB Cream,0
Tecno Pop 8 64GB - Graphite,Tecno Tecno Pop 8 Cream 1TB,0
смартфон honor x7d 8 256gb velvet black,смартфон honor x9b 12 256gb black eac,0
iPhone 14 Pro Max 64GB Silver,Smartfon Honor X8b 512GB/12GB Green,0
Infinix Infinix Hot 40 Pro 256GB Natural,Smartfon Infinix Hot 40 Pro 256GB/12GB Natural,1
смартфон xiaomi redmi 15c 8 256gb green,смартфон xiaomi redmi 15c 8 green,1
смартфон apple iphone 16 pro 128gb dual esim desert titanium,смартфон apple iphone 16 pro 128gb dual esim desert,1
vivo v23 5g 8 4 operativka xotira 128 talik,смартфон oppo reno 13f 8 256 gray,0
Honor Honor X7b,Honor Honor X7b 8GB/256GB Lavender,1
Tecno Tecno Spark 20 Pro+,Tecno Spark 20 Pro+ 64GB - Graphite,1
Smartfon Galaxy S21 FE 512GB/12GB Green,Samsung Galaxy S21 FE 12GB+512GB,1
redmi 9 telefon sotiladi,redmi note 15 pro night black 12 512gb,0
Smartfon Infinix Infinix Note 40 64GB Cream,Infinix Note 40 64GB - Cream,1
Smartfon Redmi Redmi A3 256GB Titanium,Smartfon Redmi Redmi A3 256GB Titanium,1
iPhone 11 Pro Max 256GB - Natural,Apple iPhone 11 Pro Max 6GB+256GB,1
Smartfon Samsung Galaxy S22 256GB Purple,Smartfon Samsung Galaxy S22 256GB Purple,1
redmi note 14 8 256gb lime green,смартфон xiaomi redmi note 15 8 128gb glacier blue,0
Samsung Galaxy M14 12GB+256GB,Смартфон Honor Honor X8a 64GB Green,0
смартфон xiaomi redmi a7 pro темно синий 128 гб,смартфон infinix note 60 ultra 12 256gb torino black,0
смартфон samsung galaxy a36 5g 8 128gb a,смартфон samsung galaxy s25,0
Смартфон Realme Realme Note 50 64GB Green,Smartfon Realme Realme Note 50 64GB Green,0
Tecno Spark 20 1TB - Cream,Tecno Tecno Spark 20,0
spark go 1 3 64 startrail black,spark go 64 3 1 startrail black,1
Xiaomi Xiaomi 11 Ultra 512GB Deep Purple,Xiaomi Xiaomi 11 Ultra 16GB+512GB,1
Honor Honor 100 Pro,Smartfon Honor Honor 100 Pro 64GB Graphite,1
Smartfon Infinix Infinix Zero 30 5G 256GB Starlight,Infinix Infinix Zero 30 5G,1
Redmi K60 128GB - Cream,Redmi Redmi K60,1
Смартфон Xiaomi Xiaomi 14T Pro 128GB Black,Xiaomi Xiaomi 14T Pro 4GB/128GB Black,1
Galaxy A05 64GB Blue,Galaxy A05 64GB (Blue),1
Honor 90 Lite 64GB Natural,Apple iPhone 15 Pro Max 4GB/1TB Coral,0
Xiaomi Poco M5 16GB+256GB,Xiaomi Poco M5 Purple 256GB,1
Honor 90 Lite 1TB (White),Honor Honor X8a 4GB/1TB White,0
Smartfon Galaxy M14 512GB/16GB Coral,Oppo Oppo Reno 12 Pro,0
Smartfon Oppo Oppo Find X7 Ultra 128GB Titanium,Oppo Oppo A38 6GB/128GB Titanium,0
смартфон samsung galaxy a17 8 256gb,смартфон galaxy a17 8 256gb,1
huawei pura 80 pro white 12 512gb,huawei pura pro white 12 512gb,1
Galaxy S21 FE 64GB - Deep Purple,Smartfon Samsung Galaxy S21 FE 128GB Lavender,0
motorola edge 70 gadget grey 12 512gb,motorola edge 70 gadget 12 512gb,1
Infinix Smart 8 256GB (Titanium),Infinix Infinix Smart 8 256GB Titanium,1
Infinix Infinix Zero 30 5G 3GB+256GB,Infinix Note 30 Pro 256GB - Blue,0
Smartfon Oppo A79 5G 128GB/16GB Coral,Smartfon Samsung Galaxy S22 64GB Graphite,0
Samsung Galaxy A55 5G Titanium 64GB,Oppo Oppo Reno 11 Pro 256GB Natural,0
Vivo Vivo Y36 4GB/512GB Starlight,Смартфон Vivo Vivo V27 Pro 512GB Starlight,0
смартфон samsung galaxy z fold6 12 1tб dual nano sim esim navy,samsung galaxy a55 8 128gb awesome lilac,0
смартфон iphone 16 128gb white hx a 1 sim,apple iphone 14 512gb dual 1 sim фиолетовый,0
realme c35 новый,realme c35,1
Vivo Vivo X90 Pro Blue 512GB,Смартфон Vivo Vivo X90 Pro 512GB Blue,1
Realme C55 256GB (Graphite),Realme Realme C55,1
смартфон xiaomi mix 12gb 512gb flip black,смартфон xiaomi flip 12gb 512gb mix black,1
смартфон samsung galaxy s26 ultra 16 1tb nano sim esim violet,смартфон itel a90 4 256gb black,0
Smartfon Realme C33 128GB/12GB Black,Realme Realme C33,1
iPhone 15 1TB - Deep Purple,Apple iPhone 15,1
honor 400 pro 12 512gb gray juicer 100gb internet 3 months of free tv com,xiaomi 14t pro grey 12 1tb,0
Samsung Galaxy Z Fold 5 12GB+64GB,Galaxy Z Fold 5 64GB (White),1
redmi 15 midnight black 6 128gb,redmi note 12 pro plus 5g 8gb 256gb polar white,0
Smartfon Tecno Spark 10 256GB/4GB Silver,Tecno Tecno Spark 10,1
смартфон vivo v60 lite 8 256 blue,смартфон vivo v60 lite 8 blue,1
смартфон redmi a5 4 128 ocean blue,redmi a7 pro black 4 64gb,0
Realme Realme Note 50 Green 64GB,Smartfon Realme Note 50 64GB/16GB Green,1
redmi note 15 pro 5g night black 12 512gb,redmi note 15 black 8 256gb,0
Smartfon Oppo A79 5G 256GB/4GB Cream,Smartfon Oppo A79 5G 256GB/4GB Cream,1
Redmi Redmi Note 13 Pro+ Gold 1TB,Смартфон Redmi Redmi Note 13 Pro+ 512GB Graphite,0
smartfon honor 600 8 256gb orange,смартфон honor 200 pro 12 256gb moonlight white,0
Redmi Redmi Note 13 Pro,Smartfon Redmi Redmi Note 13 Pro 512GB Blue,1
смартфон samsung galaxy s24 12 512gb dual nano sim black,телефон novey n 880 черный,0
Xiaomi Poco M6 Pro 128GB Starlight,Poco M6 Pro 512GB - Purple,0
Infinix Zero 30 5G 512GB - Coral,Oppo Reno 11 Pro 64GB (Midnight),0
Infinix Infinix Zero 20 3GB/128GB Starlight,Smartfon Infinix Infinix Zero 20 128GB Starlight,1
Vivo Vivo Y200 Pro 16GB+1TB,Vivo Vivo Y200 Pro 1TB Silver,1
Смартфон Vivo Vivo X100 256GB Starlight,Vivo Y100 256GB Starlight,0
Honor Honor X8a Blue 128GB,Galaxy Z Fold 4 1TB Gold,0
Honor X8a 64GB - Blue,Honor Honor X8a,1
honor x 8 a holati zor,honor zor 8 a holati x,1
Realme Realme 11 8GB/256GB Gold,Realme Realme 11,0
Smartfon Samsung Galaxy S22 128GB Purple,Samsung Galaxy S23+ 8GB+128GB,0
Realme GT 5 Pro 1TB - Black,Смартфон Realme Realme C67 1TB Black,0
huawei nova 12i 8 128gb green,nova 12i 8 128gb green,1
смартфон apple iphone 17 256gb black hx a 1 sim,смартфон a iphone 17 256gb black hx apple 1 sim,1
Honor Honor 200 Pro,Смартфон Honor Honor 200 Pro 512GB Deep Purple,0
Smartfon Xiaomi Xiaomi 11 Ultra 512GB Titanium,Smartfon Xiaomi 11 Ultra 64GB/12GB Silver,0
apple iphone 17 white 256gb sim esim,apple iphone 17 256gb white sim esim,1
Realme GT 5 Pro 128GB (Green),Realme Realme GT 5 Pro Green 128GB,1
Смартфон Infinix Infinix Hot 30 Play 64GB Midnight,Infinix Infinix Hot 30 Play 8GB/64GB Midnight,1
Smartfon Redmi Note 12 Pro+ 128GB/4GB Blue,Redmi Note 11 128GB Blue,0
смартфон apple iphone 16 256gb sim esim teal,смартфон esim iphone 16 256gb sim apple teal,1
Smartfon Tecno Tecno Camon 20 Pro 128GB Deep Purple,Tecno Tecno Camon 20 Pro 128GB Deep Purple,1
смартфон iphone 11 256gb purple,purple iphone 11 256gb смартфон,1
Realme Note 50 64GB (Midnight),Realme Realme 12 Pro+,0
Tecno Tecno Pova 5 Pro 128GB Coral,Smartfon Tecno Pova 5 Pro 1TB/12GB Silver,0
Oppo Oppo Find X6 Pro 64GB Graphite,Oppo Oppo Find X6 Pro,1
смартфон spark 40 pro km6 256 8 ink black,смартфон spark 40 pro km6 256 8 ink,1
honor 50 lite 128 6 pamet yahshi,смартфон honor 600 lite 5g 8 256gb black,0
смартфон tecno pova 6 12 256 meteorit grey,iphone 12 128gb juda yaxshi telefon,0
Smartfon Samsung Galaxy A15 128GB Black,Realme C67 1TB (Purple),0
Tecno Tecno Phantom X2 Pro 512GB Natural,Смартфон Realme Realme 11 Pro 256GB Coral,0
беспроводное зарядное устройство belkin 25w qi2 3 in 1 wireless charging stand black,смартфон iphone 14 pro max 512gb silver,0
смартфон tecno camon 19 neo 6 128gb ice mirror,смартфон tecno camon 19 neo 6 mirror ice 128gb,1
Smartfon Honor Magic6 Pro 1TB/6GB Purple,Oppo A78 512GB (Gold),0
Smartfon Vivo Vivo Y22s 64GB Lavender,Smartfon Vivo Y22s 64GB/6GB Lavender,1
Honor Honor 200 Pro Midnight 1TB,Smartfon Honor 200 Pro 512GB/6GB Starlight,0
honor 400 8 256gb midnight black juicer 100gb internet 3 months of free tv com,смартфон honor 70 5g 8 128 гб зеленый,0
Tecno Spark 20 Pro+ 128GB Gold,Tecno Tecno Spark 20 Pro+ Gold 128GB,1
Smartfon Tecno Pova 5 1TB/3GB Purple,Smartfon Tecno Tecno Pova 5 1TB Purple,1
huawei y7 ideal usta kormagan,huawei y7 usta ideal kormagan,1
Smartfon Tecno Spark 20 Pro 256GB/16GB Titanium,Tecno Tecno Spark 20 Pro Silver 1TB,0
Apple iPhone 14 Pro 16GB/256GB Silver,Apple iPhone 15 Plus 256GB Silver,0
Samsung Galaxy S23 FE 1TB White,Samsung Galaxy S23 FE 8GB/1TB White,1
Infinix Infinix Zero 20 Coral 256GB,Infinix Infinix Zero 20 Coral 256GB,1
Realme Realme GT 5 128GB Graphite,Realme C67 128GB (Graphite),0
honor 200 12 512gb white 100gb of internet 3 months of tv com for free,honor x7d 8 256gb black,0
honor x8d 8 128gb smartfoni blue,смартфон honor 400 pro 5g 12 512 lunar grey,0
Infinix Zero 30 512GB Black,Смартфон Infinix Infinix Zero 30 512GB Black,1
Oppo Reno 10 Pro 64GB - Midnight,Oppo Oppo Reno 10 Pro 12GB+1TB,0
Apple iPhone 12,Apple iPhone 12 Green 256GB,0
смартфон samsung galaxy a37 5g 8 256 гб черный,смартфон samsung a37 5g 8 256 гб черный,1
Smartfon Samsung Galaxy Z Flip 5 64GB Gold,Samsung Galaxy Z Flip 5 1TB Natural,0
смартфон honor 400 lite 5g 12gb 256gb velvet black,смартфон honor 200 16 256gb emerald green,0
Smartfon Vivo X100 64GB/3GB Midnight,Vivo X100 64GB (Midnight),1
Tecno Spark 20 Pro 128GB Green,Tecno Tecno Spark 20 Pro 8GB+64GB,0
Honor 100 Pro 1TB (Titanium),Smartfon Apple iPhone 12 Pro Max 128GB Silver,0
Apple iPhone 12 6GB+128GB,Realme Realme GT 5 Pro Gold 256GB,0
Smartfon Tecno Tecno Spark 20 Pro+ 512GB Silver,Poco X6 Pro 256GB - White,0
Smartfon Infinix Infinix Hot 40 Pro 256GB Natural,Smartfon Infinix Infinix Hot 40 Pro 256GB Natural,1
Xiaomi Xiaomi 13 16GB/64GB Coral,Xiaomi 13 64GB (Coral),1
Infinix Infinix Hot 40 Pro 8GB/256GB Green,Infinix Hot 40 Pro 256GB - Green,1
Tecno Spark 20 Pro 512GB (Black),Tecno Tecno Spark 20 Pro 3GB/512GB Black,1
Smartfon Galaxy S23 256GB/4GB Blue,Tecno Spark 20 64GB (Silver),0
redmi note 11 4 64gb срочна сотилади,redmi note 64gb 4 11 срочна сотилади,1
redmi 15c 8 256gb mint green,apple iphone 17 pro max cosmic orange 512gb sim esim,0
Honor Honor X8a Coral 128GB,Tecno Tecno Pova 6 Pro 4GB/64GB Deep Purple,0
Smartfon Samsung Galaxy S23 Ultra 512GB Starlight,Samsung Galaxy F14 5G 512GB Starlight,0
Poco M5s 64GB (Midnight),Poco X6 Pro 64GB - Midnight,0
Honor Honor 90 Lite 4GB+64GB,Honor Honor 90 Lite Silver 256GB,0
Realme C33 512GB - Cream,Realme C33 512GB - Cream,1
Poco X5 Pro 256GB Blue,Smartfon Xiaomi Poco X5 Pro 256GB Blue,1
iphone 7 srochna ideal,iphone srochna ideal,1
Vivo Vivo Y36 3GB/1TB Midnight,Oppo Oppo Find X6 Pro 3GB+128GB,0
xiaomi 11 lite 5g ne 8 256,realme 15t 8 256gb silver,0
samsung s 23 ultra 256,samsung s 23 256,1
Infinix Zero 30 1TB - Lavender,Smartfon Infinix Infinix Zero 30 64GB Coral,0
Oppo Find X6 Pro 512GB - Titanium,Oppo Oppo Find X6 Pro,0
смартфон realme 11 256gb 8gb glory gold,смартфон realme 11 256gb glory gold,1
Redmi Redmi Note 11 6GB+1TB,Redmi Note 11 1TB Starlight,1
Smartfon Oppo Oppo A38 64GB Gold,Oppo A38 512GB (Silver),0
смартфон honor 200 pro 12 256gb pink,honor 400 5g desert gold 8 256gb,0
наросан мини со вкусом апельсина swiss nahrin швейцария,наросан мини со вкусом swiss апельсина nahrin швейцария,1
Oppo Oppo A79 5G 12GB/256GB Green,Oppo A79 5G 256GB (Green),1
Смартфон Redmi Redmi 12C 1TB Green,Redmi Redmi 12C 1TB Green,1
Realme 11 Pro+ 128GB Cream,Realme 11 Pro+ 128GB Cream,1
redmi 15c midnight black 4 128gb,redmi not 12 pro 256gb,0
Realme Note 50 256GB (Natural),Realme Realme Note 50 Titanium 1TB,0
Xiaomi 12 Pro 1TB Graphite,Xiaomi 12 Pro 1TB Graphite,1
Tecno Tecno Spark 20 Pro Deep Purple 256GB,Tecno Spark 20 Pro 128GB Gold,0
Smartfon Redmi A2+ 512GB/4GB Green,Смартфон Redmi Redmi Note 11 Pro 512GB Green,0
смартфон samsung galaxy s26 plus,смартфон galaxy s26 plus,1
Realme Realme C67 Coral 256GB,Realme GT Neo 5 SE 256GB (Coral),0
Vivo Vivo V27 64GB Purple,Vivo Vivo V27 12GB/64GB Purple,1
смартфон xiaomi 17t 12 512gb black,смартфон tecno camon 19 pro 8 128gb polar blue,0
Samsung Galaxy A14,Samsung Galaxy A14 Starlight 1TB,1
Oppo Find X7 512GB (Silver),Oppo Oppo Find X7 Silver 512GB,1
смартфон xiaomi redmi note 15 pro 12 512 гб titanium,смартфон 512 redmi note 15 pro 12 xiaomi гб titanium,1
смартфон xiaomi redmi note 13 6 128gb ice blue,смартфон xiaomi note 13 6 128gb ice blue,1
Smartfon Oppo Oppo A58 256GB Lavender,Oppo Oppo A58 8GB+256GB,1
смартфон huawei nova y90 4 128gb blue crystal,смартфон huawei nova 4 128gb blue crystal,1
смартфон honor 200 16 256gb emerald green,honor choice t10 sliver 4 64gb,0
смартфон apple iphone 17 256gb white,смартфон samsung galaxy z fold5 12 1tb dual nano sim esim голубой,0
Vivo Vivo Y36 Cream 1TB,Realme Realme GT 5 64GB Black,0
Tecno Spark 20 Pro+ 512GB - Titanium,Смартфон Realme Realme 12 128GB Black,0
смартфон samsung galaxy s26,samsung a54 5g 6 128,0
смартфон honor 200 pro 16 512gb black,honor x9d 8 256 midnight black,0
смартфон xiaomi redmi note 15 8 128gb forest green,смартфон xiaomi redmi green 15 8 128gb forest note,1
Tecno Tecno Spark 20 Pro,Apple iPhone 12 Black 512GB,0
iPhone 15 Pro 512GB - Black,Tecno Tecno Phantom V Fold 6GB/256GB Gold,0
oppo reno 8t 8 128gb sunset orange,беспроводные наушники xiaomi mi earbuds basic 2,0
Redmi Redmi 12 12GB+64GB,Redmi Redmi 12,1
Honor 200 512GB - Blue,Honor 90 512GB Blue,0
Realme Realme 12 6GB/64GB Natural,Realme 12 64GB Natural,1
Tecno Tecno Pova 5 Pro Blue 128GB,Tecno Tecno Camon 30 Pro 12GB/128GB Blue,0
телефон novey x70 dark blue,honor x7e midnight black 6 256gb в подарок honor choice earbuds x8,0
redmi note 15 pro 8 256 mocha brown,redmi 15 8 256gb titan gray,0
Redmi Redmi Note 12 Pro 6GB+256GB,Redmi Redmi Note 12 Pro Green 1TB,0
кабель baseus simple usb a usb c 0 2m,simple baseus кабель usb a usb c 0 2m,1
льдогенератор icematic cs40 w,льдогенератор icematic cs40,1
Samsung Galaxy S21 FE 6GB/512GB Titanium,Смартфон Realme Realme 11 Pro+ 128GB Graphite,0
Smartfon Tecno Pova 5 Pro 1TB/12GB Green,Tecno Tecno Camon 30 Pro 12GB+1TB,0
Oppo Oppo A58 Lavender 512GB,Honor 200 Pro 1TB - Cream,0
Honor Magic5 Lite 256GB - Purple,Honor Honor Magic5 Lite 6GB+256GB,1
Smartfon Xiaomi 12 1TB/3GB Coral,Xiaomi Xiaomi 12 3GB+1TB,1
Realme Realme C65 8GB+1TB,Смартфон Realme Realme C65 1TB Silver,1
Apple iPhone 14 Coral 256GB,Smartfon Apple iPhone 14 256GB Coral,1
Redmi Redmi Note 13 16GB/512GB Silver,Redmi Note 13 1TB (Blue),0
Redmi Redmi Note 12 Blue 128GB,Redmi Note 12 128GB (Blue),1
Tecno Tecno Pova 5 Pro 64GB Titanium,Tecno Tecno Pova 5 Pro 8GB/64GB Titanium,1
Oppo A78 512GB (Silver),Smartfon Oppo Oppo A78 512GB Silver,1
Infinix Zero 20 256GB Deep Purple,Смартфон Realme Realme GT Neo 5 SE 1TB Natural,0
смартфон xiaomi redmi note 13 pro 5g 8 256gb nano sim esim midnight black,смартфон xiaomi redmi note 13 pro sim 8 256gb nano 5g esim midnight black,1
смартфон honor x6a 4 128gb dual nano sim черный,смартфон honor x8d 8 128 гб синий,0
Samsung Galaxy A35 5G,Samsung Galaxy A35 5G Graphite 1TB,0
Smartfon Realme Realme GT Neo 5 SE 256GB White,Realme Realme GT Neo 5 SE 256GB White,1
Xiaomi Xiaomi 14,Xiaomi Xiaomi 14 8GB/64GB Graphite,1
iPhone 15 Pro Max 64GB (Gold),Apple iPhone 15 Pro Max Gold 64GB,1
Smartfon Galaxy A35 5G 128GB/12GB Natural,Samsung Galaxy A35 5G 1TB Coral,0
смартфон tecno spark 10 pro 8 256 starry black,tecno spark 10 pro 8 256 starry black,1
смартфон iphone 12 pro 128gb gold dual,смартфон gold 12 pro 128gb iphone dual,1
Oppo Oppo Reno 12 Pro 8GB+128GB,Смартфон Oppo Oppo Reno 12 Pro 256GB Purple,0
Tecno Spark 10 64GB - Purple,Smartfon Tecno Tecno Spark 10 64GB Purple,1
Tecno Camon 30 Pro 256GB - Blue,Tecno Tecno Camon 30 Pro 8GB/512GB Deep Purple,0
Xiaomi Xiaomi 11T 256GB Graphite,Xiaomi Xiaomi 11T 64GB Purple,0
Honor Honor X7b Midnight 256GB,Smartfon Honor Honor 80 Pro 256GB Midnight,0
Apple iPhone 13 mini Gold 256GB,iPhone 13 mini 256GB Gold,1
Smartfon Realme C65 512GB/3GB White,Smartfon Realme Realme 12 512GB White,0
Poco X5 Pro 512GB - Deep Purple,Xiaomi Poco X5 Pro 512GB Deep Purple,1
смартфон samsung galaxy a03 3 32gb синий,смартфон samsung a03 3 32gb синий,1
redmi note 14 pro 5g midnight black 12 512gb,redmi note 14,0
смартфон apple iphone 16 256gb sim esim pink,смартфон apple iphone 16 256gb sim pink,1
Smartfon Realme 11 Pro+ 256GB/16GB Cream,Realme Realme GT Neo 5 SE Cream 256GB,0
смартфон samsung galaxy s21 fe 6 128gb olive,oppo a58 8 128gb dazzling green,0
iPhone 13 Pro Max 1TB (Titanium),iPhone 13 Pro Max 1TB (Titanium),1
Redmi Redmi 12 12GB+256GB,Redmi Redmi 12 Black 256GB,1
redmi a5 3 64 midnight black,redmi note 15 night black 8 128gb,0
Oppo Oppo Find X6 Pro 6GB+512GB,Smartfon Oppo A38 512GB/6GB Silver,0
смартфон samsung galaxy a26 8 256gb mint,смартфон galaxy a26 8 256gb mint,1
смартфон google pixel 6 8gb 128gb stormy black,redmi note 14s midnight black 8 128gb,0
xiaomi redmi a5 4 128gb gold smartfoni,xiaomi redmi a5 4 gold 128gb smartfoni,1
смартфон samsung galaxy a36 128gb white,128gb samsung galaxy a36 смартфон white,1
Realme GT 5 Pro 128GB (Deep Purple),Realme GT 5 Pro 128GB (Deep Purple),1
Redmi Redmi Note 11 3GB+512GB,Xiaomi 12 128GB Green,0
Xiaomi 12 Pro 128GB - Starlight,Smartfon Vivo V30 1TB/4GB Titanium,0
zte nubia v80 max black 8 256gb,zte nubia max black 8 256gb,1
Samsung Galaxy S23+ 12GB+1TB,Smartfon Oppo Reno 10 Pro 128GB/12GB Blue,0
Tecno Tecno Camon 30,Xiaomi 11T Pro 1TB Silver,0
Oppo Oppo A38 256GB Starlight,Oppo Oppo A38,1
Samsung Galaxy Z Fold 4,Galaxy Z Fold 4 256GB Starlight,1
Apple iPhone 12 Pro,Смартфон Vivo Vivo Y200 Pro 128GB Gold,0
Infinix Infinix Note 40,Infinix Note 40 512GB (Green),1
Vivo Vivo V30 Pro 6GB/256GB Natural,Vivo Vivo V30 Pro 1TB Deep Purple,0
Infinix Infinix Note 40 16GB/1TB Silver,Infinix Note 40 1TB Silver,1
смартфон infinix hot 50i 4 256 sleek black,motorola moto g06 power tapestry 4 256gb,0
Xiaomi Poco M6 Pro 12GB/256GB Titanium,Xiaomi Poco M6 Pro 12GB+256GB,1
Xiaomi 12X 128GB (Starlight),Xiaomi Xiaomi 12X Starlight 128GB,1
Xiaomi 11T 1TB - Coral,Smartfon Xiaomi 12T Pro 1TB/6GB Coral,0
смартфон honor x7c 6 128gb midnight black moonlight white,смартфон apple iphone 16 128gb pink,0
Tecno Pova 6 Pro 128GB - Purple,Tecno Tecno Pova 6 Pro Natural 1TB,0
Смартфон Vivo Vivo V27 Pro 128GB Midnight,Vivo Vivo V30 128GB Midnight,0
Tecno Phantom V Fold 128GB (Lavender),Tecno Phantom V Fold 1TB (Silver),0
смартфон xiaomi redmi 15 8 256 midnight black,iphone x 64gb srocni sotiladi,0
Smartfon iPhone 13 Pro 128GB/12GB Gold,Smartfon Apple iPhone 13 Pro 128GB Gold,1
Realme Realme C53 Gold 256GB,Смартфон Realme Realme C53 256GB Gold,1
Apple iPhone 14 Pro 256GB Blue,Apple iPhone 14 Plus,0
Smartfon Tecno Pova 6 Pro 512GB/6GB Graphite,Tecno Tecno Pova 6 Pro 6GB+512GB,1
nova y72s 8 128 blue,телефон novey t515 черный,0
Samsung Galaxy Z Fold 5 Gold 256GB,Galaxy Z Fold 5 1TB - Lavender,0
Xiaomi Xiaomi 13 Pro 128GB Starlight,Xiaomi 14T 128GB (Starlight),0
смартфон apple iphone 17 256gb white,apple смартфон iphone 17 256gb white,1
Tecno Spark 10 64GB White,Smartfon Vivo Y22s 256GB/3GB Black,0
Redmi Redmi 13 128GB Titanium,Redmi Redmi 13 128GB Titanium,1
Redmi Redmi 12C 4GB+64GB,Redmi Redmi Note 11,0
Redmi Redmi K70 Pro 1TB Purple,Redmi Redmi 12C Purple 1TB,0
Infinix Zero 30 512GB (Coral),Smartfon Infinix Infinix Zero 30 512GB Coral,1
смартфон samsung galaxy s25 12 256gb icyblue,xiaomi redmi a5 3 64gb smartfoni ocean blue,0
смартфон xiaomi redmi note 15 8 256 black,смартфон redmi note 15 8 256 black,1
Honor 100 Pro 1TB - Black,Смартфон Honor Honor 100 Pro 1TB Black,1
Xiaomi 14 Pro 1TB (Cream),Xiaomi Xiaomi 14 Pro 1TB Cream,1
xiaomi poco x7 pro 12 256gb yashil smartfoni,pro poco x7 xiaomi 12 256gb yashil smartfoni,1
Infinix Infinix Smart 8 128GB Blue,Смартфон Infinix Infinix Smart 8 128GB Blue,1
Oppo Oppo Reno 10 Pro 6GB+256GB,Смартфон Oppo Oppo Reno 10 Pro+ 256GB Titanium,0
Смартфон Oppo Oppo A38 128GB Gold,Smartfon Oppo Reno 12 Pro 128GB/3GB Gold,0
смартфон infinix smart 9 3 64 mint green,смартфон infinix smart green 3 64 mint 9,1
Infinix Smart 8 256GB - Deep Purple,Infinix Infinix Smart 8 Titanium 1TB,0
Honor Honor 200 Pro Graphite 256GB,Smartfon Honor 200 Pro 256GB/16GB Graphite,1
Tecno Tecno Pop 8,Smartfon Tecno Tecno Pop 8 64GB Midnight,0
смартфон honor x8c 8 128 гб marrs green,honor 600 lite 8 256gb velvet grey,0
Tecno Phantom V Fold 128GB (Lavender),Tecno Tecno Phantom V Fold,1
Oppo Reno 11 512GB (Graphite),Tecno Pova 6 Pro 1TB - Natural,0
Apple iPhone 13 mini Coral 1TB,Smartfon iPhone 13 mini 64GB/6GB Natural,0
Honor Honor X8b,Смартфон Honor Honor Magic5 Lite 64GB Natural,0
Redmi Redmi Note 13 Pro+,Redmi Note 13 Pro+ 128GB Natural,1
смартфон samsung galaxy a15 5g 8 128gb blue,смартфон galaxy a15 5g 8 128gb blue,1
iPhone 11 1TB Blue,Smartfon Apple iPhone 11 1TB Blue,1
iPhone 12 Pro 1TB - Green,Apple iPhone 13 Pro,0
смартфон samsung galaxy z flip6 12 512gb nano sim esim голубой,смартфон samsung galaxy z flip6 12 512gb nano sim голубой,1
Infinix Infinix Smart 8 Titanium 1TB,Infinix Smart 8 1TB - Titanium,1
Tecno Camon 30 64GB Titanium,Tecno Camon 30 128GB (Purple),0
Infinix Infinix Smart 8 1TB Cream,Infinix Infinix Smart 8,1
Infinix Note 30 Pro 64GB - Purple,Infinix Infinix Smart 8 Plus,0
Vivo Y200 1TB Lavender,Vivo Y200 1TB (Lavender),1
Смартфон Oppo Oppo Reno 10 Pro+ 256GB Black,Samsung Galaxy F14 5G 512GB Starlight,0
vivo v60 5g 12 512gb gold,v60 5g 12 512gb gold,1
Oppo A58 128GB (Purple),Xiaomi Xiaomi 12 Pro 512GB Midnight,0
Galaxy M34 5G 512GB - Coral,Smartfon Redmi Redmi 13C 128GB Blue,0
redmi note 15 black 6 128gb,redmi 13c midnight black 8 256gb,0
Apple iPhone 11 Pro Max 64GB Starlight,Apple iPhone 11 Pro Max Starlight 64GB,1
Galaxy M14 128GB Titanium,Apple iPhone 12 Pro 6GB/1TB Lavender,0
Xiaomi Xiaomi 14 Ultra Titanium 64GB,Xiaomi Xiaomi 14 Ultra 4GB/64GB Titanium,1
Tecno Tecno Phantom V Fold Coral 128GB,Tecno Tecno Spark 20 Pro+ 128GB Coral,0
Realme Realme 12 Pro+ 256GB Black,Смартфон Realme Realme 12 Pro+ 256GB Black,1
Xiaomi Poco X5 Pro 6GB/256GB Graphite,Realme Realme 11 Pro+ 6GB+512GB,0
Smartfon Vivo Vivo V30e 64GB Natural,Vivo V30e 512GB (Titanium),0
Poco M5s 128GB (Green),Poco M5s 128GB Green,1
Xiaomi 14 Ultra 1TB - Deep Purple,Smartfon Xiaomi 14 Ultra 1TB/12GB Deep Purple,1
Samsung Galaxy S22 Ultra Blue 512GB,Xiaomi Xiaomi 14 12GB/1TB Green,0
1265 смартфон samsung galaxy a14 4 64gb black,смартфон infinix note 11 6 128gb graphite black,0
honor x7c forest green 8 512gb,смартфон honor x6 4 64gb titanium silver,0
Tecno Tecno Camon 30 8GB+1TB,Смартфон Tecno Tecno Pop 8 1TB Graphite,0
Xiaomi Xiaomi 12T Pro,Infinix Infinix Hot 30 Play,0
Infinix Infinix Note 30 128GB Green,Infinix Note 30 128GB (Green),1
Redmi Redmi Note 13 4G 128GB Silver,Redmi Note 12 Pro+ 128GB (Silver),0
смартфон honor x6a 4 128gb dual nano sim серебристый,honor choice t10 black 4 64gb,0
смартфон apple iphone 13 mini 128gb синий,смартфон apple синий 13 mini 128gb iphone,1
смартфон honor 400 12 512gb desert gold,смартфон honor x8b 8 256 silver,0
смартфон xiaomi redmi note 13 pro 8 256 midnight black,смартфон xiaomi redmi note 13 pro 256 8 midnight black,1
Smartfon Tecno Tecno Camon 20 Pro 512GB Green,Tecno Tecno Camon 20 Pro 512GB Green,1
Infinix Smart 8 1TB - Deep Purple,Смартфон Infinix Infinix Smart 8 1TB Deep Purple,1
телефон novey a70r red,red novey a70r телефон,1
смартфон iphone 14 512gb red,смартфон iphone 512gb red,1
беспроводное зарядное устройство belkin 25w qi2 3 in 1 wireless charging stand black,беспроводное зарядное устройство 1 25w qi2 3 in belkin wireless charging stand black,1
смартфон honor x7c 6 128 midnight black,смартфон samsung galaxy s22 8 256gb green,0
Xiaomi 12 512GB (Purple),Smartfon Xiaomi 12 512GB/16GB Purple,1
Смартфон Xiaomi Xiaomi 14 256GB Green,Xiaomi Xiaomi 12X 3GB/256GB Green,0
oppo reno13 5g cph2689,oppo 5g cph2689,1
Tecno Tecno Camon 30 Pro 12GB+1TB,Tecno Tecno Camon 30 Pro 1TB Lavender,1
Smartfon Poco F5 256GB/4GB Lavender,Smartfon Realme Realme C53 1TB Blue,0
Smartfon Realme Realme C33 256GB Graphite,Realme Realme C33 256GB Graphite,1
Smartfon Honor Honor X8a 1TB Lavender,Honor X8a 1TB - Lavender,1
Smartfon Infinix Infinix Hot 40 Pro 64GB White,Infinix Infinix Hot 40 Pro,1
Redmi Note 12 Pro+ 1TB (White),Redmi Redmi Note 12 Pro+,1
смартфон infinix note edge 5g 8 256gb stellar blue,note infinix смартфон edge 5g 8 256gb stellar blue,1
смартфон apple iphone 16 128gb sim esim ultramarine,смартфон apple iphone 16 sim esim ultramarine,1
Tecno Pova 5 Pro 128GB (Purple),Tecno Tecno Camon 30 3GB/128GB Purple,0
смартфон honor x9c 8 256 titanium purple,смартфон honor x9c 8 256 purple,1
Realme C65 1TB (Coral),Realme C65 1TB - Coral,1
Tecno Pop 8 128GB Graphite,Tecno Tecno Pop 8 4GB/128GB Graphite,1
Infinix Infinix Note 30 4GB+128GB,Infinix Infinix Note 30 Green 128GB,0
смартфон xiaomi poco x6 5g 12 512gb white,смартфон samsung a013 galaxy a01 core 1 16gb blue,0
Redmi Note 12 Pro 128GB Cream,Redmi Note 12 Pro 128GB Cream,1
Tecno Tecno Pova 5 64GB Deep Purple,Smartfon Tecno Tecno Pova 5 64GB Deep Purple,1
Apple iPhone 14 Plus 4GB+512GB,Vivo Vivo V30e,0
Smartfon Honor 80 Pro 128GB/12GB Starlight,Honor Honor 80 Pro 12GB+256GB,0
Xiaomi 14T Pro 1TB - Blue,Smartfon Xiaomi 14T Pro 1TB/4GB Blue,1
Infinix Note 30 Pro 512GB (Green),Infinix Infinix Note 30 Pro 512GB Green,1
смартфон honor x6b 6 128gb midnight black,смартфон honor x6b midnight 128gb 6 black,1
смартфон samsung galaxy s21 fe white,смартфон samsung galaxy s21 fe,1
смартфон samsung galaxy a37 5g 8 256gb,смартфон galaxy a37 5g 8 256gb,1
Infinix Hot 40 512GB (Green),Infinix Hot 40 512GB - Green,1
Xiaomi Poco M5s 12GB/256GB Starlight,Xiaomi Poco M5s,1
Galaxy F14 5G 64GB Starlight,Oppo Oppo Reno 11 Pro Black 256GB,0
Tecno Phantom V Fold 128GB - Gold,Tecno Tecno Phantom V Fold Gold 128GB,0
Honor Honor X9b,Honor Honor X9a 8GB+1TB,0
Смартфон Samsung Galaxy A35 5G 512GB Lavender,Galaxy S23 512GB - Lavender,0
Vivo X100 Pro 1TB Silver,Smartfon Vivo Vivo V29 Pro 1TB Silver,0
смартфон redmi note 15 pro 12 512gb black,беспроводные наушники redmi buds 6 play white,0
Apple iPhone 12 4GB+1TB,iPhone 12 1TB Coral,1
Smartfon Oppo A58 64GB/12GB Gold,Realme Realme Note 50 12GB/128GB Graphite,0
Smartfon Realme C33 256GB/3GB Purple,Smartfon Realme C33 256GB/3GB Purple,1
apple iphone 17e white 8 256gb sim esim,motorola moto g86 power 5g golden cypress 8 512gb,0
Infinix Zero 30 64GB Silver,Infinix Zero 30 64GB (Silver),1
Vivo Vivo X100 4GB/128GB Lavender,Vivo X100 128GB Lavender,1
Smartfon iPhone 14 128GB/12GB Purple,iPhone 14 1TB Midnight,0
Xiaomi Xiaomi 11T Pro 3GB/1TB Lavender,Смартфон Realme Realme 9 Pro+ 512GB Black,0
Redmi A2+ 256GB (Natural),Redmi Redmi A2+ 12GB/256GB Natural,1
iPhone 13 mini 256GB (Black),Apple iPhone 13 mini Black 256GB,1
samsung galaxy s20 ultra,galaxy s20 ultra,1
Smartfon iPhone 11 Pro 128GB/16GB Green,Apple iPhone 11 Pro Green 128GB,1
Smartfon Oppo Find X6 Pro 1TB/6GB Green,Oppo Oppo Find X6 Pro 1TB Green,0
Infinix Infinix Note 30 Pro 16GB+64GB,Infinix Infinix Smart 8 16GB+64GB,0
Oppo Oppo Find X6 Pro Lavender 1TB,Oppo Oppo Find X6 Pro 3GB+1TB,1
Infinix Infinix Zero 30 6GB/256GB Titanium,Smartfon Infinix Zero 30 512GB/6GB Black,0
Смартфон Xiaomi Xiaomi 11T 512GB Silver,Realme Realme 11 Pro,0
Xiaomi Poco M6 Pro 512GB Coral,Smartfon Tecno Tecno Pop 8 1TB Blue,0
redmi 13 8 128 ocean blue,redmi 15c midnight black 4 256gb,0
Vivo Vivo X100 Pro Cream 128GB,Smartfon Vivo Vivo X100 Pro 128GB Cream,1
Xiaomi Xiaomi 14T 6GB/512GB Midnight,Xiaomi Xiaomi 14T 6GB+512GB,1
Vivo Vivo Y200 1TB Black,Honor Honor X9b,0
Smartfon Realme Realme 9 Pro+ 1TB White,Realme Realme 9 Pro+ 6GB/1TB White,1
Oppo Reno 11 Pro 128GB - Black,Смартфон Oppo Oppo A79 5G 128GB Black,0
Honor 200 512GB (Coral),Honor Honor 200 8GB+512GB,1
Smartfon Xiaomi 13 1TB/8GB Deep Purple,Xiaomi Xiaomi 13 Deep Purple 1TB,1
Galaxy S24+ 128GB Silver,Galaxy S24+ 128GB Silver,1
Redmi Redmi 12 8GB/128GB Green,Smartfon Redmi 12 128GB/8GB Green,1
Smartfon Honor 90 1TB/12GB Starlight,Honor 90 1TB - Starlight,1
Xiaomi Poco M6 Pro,Poco M6 Pro 128GB - Blue,1
Redmi Redmi Note 13 Pro+ Green 1TB,Smartfon Redmi Note 13 Pro+ 256GB/12GB Coral,0
Realme Realme Note 50,Realme Realme Note 50 Green 512GB,1
Oppo Oppo Reno 10 Pro 8GB/128GB Lavender,Smartfon Oppo Oppo Reno 10 Pro 128GB Lavender,1
Smartfon Samsung Galaxy S21 FE 128GB White,Smartfon Galaxy S21 FE 128GB/3GB White,1
Redmi Redmi A2+ Lavender 512GB,Redmi Redmi Note 11S 512GB Lavender,0
Smartfon Infinix Note 40 1TB/12GB Coral,Infinix Note 40 1TB Coral,1
Smartfon Redmi Redmi Note 12 Pro+ 128GB Blue,Redmi 12C 128GB Blue,0
смартфон honor 200 pro 16 1tb pink,honor 90 holati yangi,0
Vivo Y36 256GB (Purple),Infinix Infinix Note 40 4GB+512GB,0
Smartfon Vivo Vivo X100 256GB Midnight,Vivo Vivo X100 256GB Midnight,1
Oppo Reno 11 256GB Deep Purple,Apple iPhone 14,0
Smartfon Honor Honor X7b 64GB Lavender,Xiaomi 12T Pro 256GB Purple,0
galaxy samsung s22,samsung galaxy s22,1
Realme Realme C67 1TB Black,Смартфон Realme Realme C67 1TB Black,1
Samsung Galaxy S23+,Samsung Galaxy S23+ 1TB Natural,1
Honor Honor 100 Deep Purple 512GB,Oppo A79 5G 1TB - Green,0
Смартфон Apple iPhone 15 64GB Silver,Honor Honor 90 Lite Graphite 256GB,0
Tecno Tecno Spark 20 Pro+,Smartfon Tecno Spark 20 Pro+ 256GB/3GB Graphite,1
Смартфон Infinix Infinix Zero 20 256GB Blue,Infinix Infinix Zero 20,0
Realme Realme 11 Pro+ 12GB/512GB Lavender,Realme 11 Pro+ 512GB Lavender,1
Infinix Smart 8 Pro 64GB (Blue),Tecno Camon 30 Pro 512GB Deep Purple,0
redmi note 14 midnight black 8 128gb,redmi note 15,0
смартфон vivo v40 lite 8 256 silver,смартфон v40 lite 8 256 silver,1
redmi 15c 8 256 blue,redmi note 14 pro 5g 8 256 frost blue,0
Infinix Infinix Hot 40 256GB Natural,Smartfon Infinix Infinix Hot 40 256GB Natural,1
iphone 16 8 128 ultramarine,16 iphone 8 128 ultramarine,1
электронная книга pocketbook 743g inkpad 4 stardust silver,смартфон samsung galaxy a56 256gb olive,0
Smartfon Oppo A38 1TB/16GB Graphite,Oppo A79 5G 1TB (Graphite),0
Infinix Infinix Note 30 Pro 64GB Cream,Смартфон Infinix Infinix Note 30 Pro 64GB Cream,1
Smartfon Honor Honor 90 128GB Titanium,Smartfon Redmi K70 Pro 512GB/3GB Blue,0
Xiaomi 13 256GB - Gold,Xiaomi Xiaomi 13,0
Tecno Spark 20 Pro 128GB (Gold),Smartfon Tecno Tecno Spark 20 128GB Gold,0
poco c71 black 4 64gb,c71 black 4 64gb,1
Tecno Phantom X2 Pro 128GB (Starlight),Honor Honor X7a 8GB/64GB Black,0
Infinix Infinix Hot 30 Play,Smartfon Infinix Infinix Hot 30 Play 128GB Green,0
xiaomi redmi 15c green 8 256gb,xiaomi redmi green 8 256gb,1
Vivo Vivo V29,Redmi K70 Pro 512GB (Deep Purple),0
iPhone 12 Pro 128GB - Coral,Vivo Vivo V30 Pro 16GB/64GB Purple,0
Realme GT 5 64GB - White,Realme GT 5 64GB White,1
смартфон xiaomi redmi note 14s 8 256 midnight black,смартфон xiaomi redmi note 8 14s 256 midnight black,1
Realme Realme 12 Pro+ 3GB/512GB Deep Purple,Realme 12 Pro+ 512GB Deep Purple,1
Xiaomi Poco X5 Pro 6GB+256GB,Poco X5 Pro 256GB White,1
смартфон apple iphone 14 pro 512gb 1 sim золотистый,смартфон apple iphone 14 pro 512gb sim золотистый,1
Samsung Galaxy Z Fold 5 16GB+64GB,Смартфон Samsung Galaxy Z Fold 5 64GB Gold,1
Smartfon Poco X6 Pro 512GB/4GB Coral,Poco X6 Pro 512GB - Coral,1
iPhone 11 1TB - Cream,Смартфон Apple iPhone 11 1TB Cream,1
Galaxy S24 Ultra 64GB Cream,Vivo X90 Pro 128GB - Coral,0
Realme Realme 11 Pro+,Smartfon Realme 11 Pro+ 128GB/16GB White,1
Honor 90 Pro 512GB - Graphite,Honor 90 Pro 512GB - Graphite,1
galaxy a36 8 256gb black,galaxy a36 8 256gb,1
Honor Honor Magic6 Pro 128GB Blue,Smartfon Honor Magic6 Pro 128GB/3GB Blue,1
iPhone 11 Pro 512GB (Starlight),Apple iPhone 11 Pro 512GB Starlight,1
Infinix Infinix Note 30 3GB/64GB Midnight,Infinix Note 30 1TB Lavender,0
Redmi Note 12 Pro+ 1TB (Graphite),Смартфон Samsung Galaxy A34 512GB Deep Purple,0
Vivo Vivo Y200,Vivo Vivo Y200 Deep Purple 1TB,1
смартфоны samsung galaxy a13 a135 128g white,xiaomi 17 t pro 12 512,0
Smartfon Infinix Infinix Zero 20 256GB Black,Infinix Infinix Hot 40 4GB/256GB Black,0
Samsung Galaxy S24 Ultra Starlight 256GB,Galaxy S24 Ultra 256GB - Starlight,1
Smartfon Vivo Vivo V30 1TB Titanium,Smartfon Vivo V30 1TB/6GB Titanium,1
Oppo Oppo A79 5G 512GB Purple,Oppo Reno 12 512GB - Purple,0
49069 смартфон xiaomi redmi 12 8 256gb eu midnight black,49069 смартфон xiaomi redmi 8 256gb eu midnight black,1
Smartfon Samsung Galaxy Z Flip 5 1TB Purple,Samsung Galaxy Z Flip 5 128GB Natural,0
смартфон samsung galaxy a12 32gb white,смартфон samsung galaxy a12 32gb,1
Infinix Zero 20 256GB - Cream,Infinix Infinix Hot 40 Pro Cream 256GB,0
Infinix Note 30 Pro 512GB Lavender,Infinix Note 30 Pro 512GB - Lavender,1
Смартфон Oppo Oppo Reno 11 Pro 512GB Cream,Realme 11 Pro 256GB (Graphite),0
samsung galaxy s21 5g,samsung s21 galaxy 5g,1
Vivo Vivo V30 Pro Gold 128GB,Vivo Vivo Y100 Gold 128GB,0
Смартфон Honor Honor 200 Pro 512GB Gold,Honor Honor 200 Pro 3GB+512GB,1
Oppo Oppo Reno 10 Pro 128GB Green,Honor X9a 256GB (Black),0
Apple iPhone SE 3 Blue 512GB,Smartfon Apple iPhone SE 3 512GB Blue,1
телефон novey s88 silver,телефон novey silver s88,1
Honor Honor 90 3GB+256GB,Смартфон Honor Honor 90 128GB Coral,0
Oppo Oppo Reno 11,Oppo Reno 11 512GB Natural,0
Vivo V27 128GB Coral,Vivo V27 512GB - White,0
Tecno Spark 20 Pro 64GB - Purple,Tecno Spark 20 Pro 1TB - Gold,0
смартфон honor x7d 6 128gb black,honor 400 lite 5g 8 256gb velvet grey smartfoni oq sim kartasi sovg aga 100gb 3 oyga,0
Tecno Tecno Phantom V Fold Natural 64GB,Tecno Phantom V Fold 64GB (Natural),1
Smartfon Xiaomi 13 64GB/3GB White,Smartfon Xiaomi Xiaomi 13 1TB Lavender,0
Смартфон Tecno Tecno Phantom X2 Pro 1TB Gold,Tecno Tecno Phantom X2 Pro 4GB/1TB Gold,1
Oppo Oppo Reno 12 Pro 256GB Blue,Oppo Oppo Reno 12 Pro,1
смартфон zte blade a76 4 128gb black,смартфон zte a76 4 128gb black,1
Redmi Redmi 12 16GB+64GB,Redmi Redmi 12 16GB+64GB,1
Vivo Vivo V29 Pro 8GB+128GB,Vivo V29 Pro 128GB - Blue,1
Smartfon Redmi 12C 256GB/12GB White,Redmi 12C 256GB White,1
Смартфон Samsung Galaxy A35 5G 256GB Starlight,Samsung Galaxy A35 5G,1
продам xiaomi redmi note 12s,redmi note 13 pro midnight black 8 256gb,0
Smartfon Xiaomi 13T Pro 128GB/4GB Deep Purple,Xiaomi Xiaomi 13T Pro,1
смартфон google pixel 7 8gb 128gb lemongrass,смартфон samsung galaxy s23 fe 8 256gb графитовый,0
Galaxy S24 Ultra 128GB Natural,Galaxy S24 Ultra 128GB Natural,1
Redmi Redmi 12 Gold 512GB,Smartfon Redmi Redmi 12 512GB Gold,1
Tecno Phantom V Fold 64GB Midnight,Tecno Tecno Phantom V Fold 6GB/64GB Midnight,1
смартфон realme note 50 4 128 sky blue,смартфон realme 50 4 128 sky blue,1
Honor Honor 100 Pro 4GB+512GB,Honor Honor 100 Pro 128GB Coral,0
Apple iPhone 14 Plus 512GB Cream,Apple iPhone 14 Plus 8GB/128GB Graphite,0
Smartfon Honor Honor 200 Pro 256GB Deep Purple,Honor Honor 200 Pro 6GB/256GB Deep Purple,1
смартфон samsung galaxy s24 8 128gb dual nano sim black,смартфон samsung galaxy s25 5g 12 256 гб серебристый,0
Galaxy S21 FE 256GB Coral,Samsung Galaxy S21 FE Coral 256GB,1
Smartfon Honor X8b 128GB/16GB Cream,Honor Honor X8b Cream 128GB,1
Samsung Galaxy S23 FE 3GB/64GB White,Galaxy S23 FE 64GB (White),1
Xiaomi Xiaomi 14T 512GB Silver,Xiaomi Xiaomi 14T 12GB+256GB,0
смартфон apple iphone 14 pro 128gb 1 sim серебристый,смартфон apple iphone 14 pro 128gb 1 sim,1
Xiaomi 12 256GB Gold,Xiaomi 12 256GB (Gold),1
Redmi Note 13 256GB Natural,Redmi Redmi Note 13 12GB/256GB Natural,1
Smartfon Redmi Note 11 128GB/12GB White,Redmi Redmi Note 11 128GB White,1
Galaxy A34 1TB (Blue),Samsung Galaxy A34,1
смартфон iphone 13 pro max 256gb gold dual,redmi note 15 pro 4g,0
Smartfon Xiaomi 12 64GB/16GB Coral,Смартфон Apple iPhone SE 3 1TB Purple,0
Smartfon Xiaomi Poco F5 256GB Titanium,Xiaomi Poco M5 3GB/256GB Titanium,0
Xiaomi Xiaomi 12T Pro 3GB+1TB,Смартфон Tecno Tecno Camon 20 Pro 512GB Blue,0
Vivo X100 Pro 1TB Silver,Infinix Note 30 512GB - Blue,0
Xiaomi 14 128GB Silver,Realme C67 512GB Deep Purple,0
смартфон honor x6b 6 256 green,nova y72s 8 128 black,0
Smartfon Tecno Tecno Spark 10 256GB Cream,Смартфон Tecno Tecno Spark 10 256GB Cream,1
Смартфон Infinix Infinix Hot 40 Pro 1TB Purple,Infinix Hot 40 Pro 256GB Green,0
телефон nokia 230 blue,nokia 230 blue,1
Tecno Pova 5 64GB (Starlight),Tecno Pop 8 64GB - Starlight,0
смартфон iphone 11 64gb red,смартфон 11 64gb red,1
Smartfon Apple iPhone 13 Pro 512GB Starlight,Apple iPhone 13 mini Starlight 512GB,0
Vivo Vivo X100 512GB Silver,Smartfon Vivo X100 512GB/6GB Silver,1
iPhone 11 128GB (Titanium),Apple iPhone 15 Pro Max 12GB+128GB,0
honor win 5g 12 512gb black 365gb internet 3 oy bepul tv com sovg a,honor win 5g 12 512gb black 365gb internet oy bepul tv com sovg a,1
смартфон samsung galaxy a17 5g 8 128gb gray,redmi note 11pro,0
Vivo V30e 128GB (Natural),Vivo V27 Pro 128GB - Natural,0
Vivo V29 256GB - Purple,Vivo Vivo V29 256GB Purple,1
Oppo Oppo A78 128GB Coral,Oppo A78 128GB - Coral,1
Honor 200 Pro 64GB - Green,Vivo Vivo V30 Pro 8GB/1TB Purple,0
Realme C33 512GB Starlight,Realme GT 5 512GB (Starlight),0
беспроводные наушники redmi buds 5 pro midnight black,redmi note 15 pro 5g black 8 256gb,0
Smartfon Vivo Y200 Pro 128GB/4GB Natural,Smartfon Vivo Y200 Pro 128GB/4GB Natural,1
Xiaomi Poco F5 256GB Blue,Poco F5 512GB - Coral,0
Xiaomi Poco X5 Pro 6GB/256GB Starlight,Смартфон Infinix Infinix Note 30 64GB Cream,0
Samsung Galaxy S23 FE 8GB+1TB,Смартфон Samsung Galaxy A55 5G 1TB Silver,0
смартфон honor x8c 8 256gb midnight black,honor 400 8 256gb midnight black juicer 100gb internet 3 months of free tv com,0
Tecno Pova 6 Pro 256GB (Blue),Smartfon Tecno Pova 6 Pro 256GB/16GB Blue,1
смартфон xiaomi poco f3 8 256gb black,смартфон infinix note 10 pro 8 128gb nordic secret,0
смартфон realme note 70 4 128gb gold,смартфон note 70 4 128gb gold,1
tecno spark go 2024 gravity black 4 64gb,64gb spark go 2024 gravity black 4 tecno,1
Vivo Vivo Y36,Vivo Vivo Y36 64GB Starlight,1
Infinix Infinix Note 40 3GB+64GB,Infinix Infinix Note 40,1
смартфон realme c75 black 8 256gb,xiaomi redmi 15c 6 128gb qora 100gb internet 3 oy bepul tv com sovg a,0
Samsung Galaxy S23 FE 6GB/256GB Midnight,Samsung Galaxy A54 5G 256GB Midnight,0
Xiaomi Poco M5 Deep Purple 64GB,Poco X5 Pro 64GB Deep Purple,0
Смартфон Vivo Vivo V30 256GB Black,Vivo V30 256GB (Black),0
телефон novey senat gsm темно синий,телефон novey senat gsm темно,1
смартфон realme 15 pro 12 512 silver,смартфон realme 15 pro 12 silver,1
смартфон vivo v21 8 128gb sunset dazzle,смартфон vivo v21 8 dazzle sunset 128gb,1
Смартфон Oppo Oppo Reno 11 256GB Purple,Oppo Oppo Reno 11 Pro 256GB Purple,0
Tecno Tecno Pop 8,Tecno Pop 8 1TB - Graphite,1
redmi note 15 pro titanium color 12 512gb,redmi note 14 ocean blue 8 256gb,0
apple iphone 16 128gb 1 sim esim black smartfoni,vivo y19s 6 128gb black,0
Oppo Reno 10 128GB Coral,Oppo Reno 10 128GB Coral,1
Smartfon Poco M6 Pro 64GB/6GB Blue,Xiaomi Poco M6 Pro 64GB Blue,1
смартфон honor x7a 4 128 ocean blue,смартфон honor x5b 4 64gb midnight black,0
Smartfon Realme Realme 11 Pro 256GB Titanium,Realme Realme Note 50 256GB Titanium,0
Apple iPhone 14 Pro Max 128GB Titanium,Смартфон Apple iPhone 14 Pro Max 128GB Titanium,1
Xiaomi Poco F5 3GB/256GB Coral,Xiaomi Poco F5 Coral 256GB,1
Redmi Note 11S 512GB (Silver),Redmi Note 11S 512GB Silver,1
Smartfon Infinix Hot 40 64GB/8GB Silver,Smartfon Infinix Zero 30 5G 64GB/8GB Silver,0
Смартфон Realme Realme C33 128GB Black,Realme Realme C33 1TB Coral,0
Smartfon Xiaomi 11T 256GB/12GB Blue,Smartfon Xiaomi Poco F5 Pro 256GB Blue,0
Smartfon Tecno Tecno Pova 6 1TB Starlight,Tecno Spark 20 1TB - Starlight,0
Smartfon iPhone 11 Pro 512GB/6GB Cream,Apple iPhone 11 Pro,1
смартфон xiaomi redmi note 15 8 128gb black,note xiaomi redmi смартфон 15 8 128gb black,1
беспроводные наушники redmi buds 6 active black,yengi новинка redmi note 17 4 128gb 8 256gb dostavka,0
Vivo V27 256GB - Coral,Vivo V27 256GB - Coral,1
смартфон samsung galaxy s24 8 256gb dual nano sim gray,смартфон samsung galaxy s24 8 nano dual 256gb sim gray,1
Samsung Galaxy S23,Samsung Galaxy S23 8GB/256GB Purple,0
Samsung Galaxy A14 12GB/256GB Natural,Samsung Galaxy A14 Natural 256GB,1
Galaxy S24 128GB Purple,Samsung Galaxy S24 16GB/128GB Purple,1
Oppo Find X6 Pro 64GB Lavender,Smartfon Vivo Vivo X100 Pro 256GB Gold,0
redmi 15c 8 256 blue,redmi 15 8 256gb titan gray,0
Vivo Vivo V27 Pro Gold 256GB,Vivo V27 Pro 128GB (Coral),0
Redmi A2+ 128GB - Midnight,Redmi Redmi 13 128GB Midnight,0
Galaxy S23 512GB (White),Galaxy S23 512GB (White),1
смартфон honor x9c 5g 12 256gb dual sim jade cyan,honor x9d 12 256 reddish,0
Xiaomi Xiaomi 13 Ultra 12GB+1TB,Xiaomi Xiaomi 13 Ultra 12GB/1TB Midnight,1
смартфон vivo v40 12 256gb white,vivo v40 12 256gb white,1
Realme Realme 12+,Smartfon Realme 12+ 1TB/12GB Cream,1
Realme GT Neo 5 SE 1TB Cream,Realme Realme GT Neo 5 SE,0
Smartfon Realme 11 Pro+ 1TB/12GB Graphite,Xiaomi Xiaomi 12T Pro 12GB+256GB,0
Vivo V27 Pro 64GB (Starlight),Smartfon Vivo Vivo V27 Pro 256GB Deep Purple,0
Xiaomi Xiaomi 12 Pro Purple 1TB,Xiaomi Xiaomi 12 Pro Deep Purple 512GB,0
Apple iPhone 14 Pro Max Green 1TB,iPhone 14 Pro Max 1TB - Green,1
Samsung Galaxy A15,Galaxy A15 128GB (Coral),0
Tecno Tecno Pova 5 Pro 3GB+1TB,Smartfon Tecno Pova 5 Pro 1TB/3GB Natural,1
смартфон samsung galaxy a07 6 128gb light violet фиолетовый,смартфон infinix hot 40i 8 128gb starlit black,0
Смартфон Tecno Tecno Spark 20 Pro 256GB Silver,Tecno Tecno Spark 20 Pro,1
Infinix Infinix Note 40,Смартфон Infinix Infinix Note 40 1TB Gold,1
Honor 200 Pro 1TB - Deep Purple,Смартфон Honor Honor 200 Pro 1TB Deep Purple,1
redmi 15c mint green 8 256gb,redmi 15c green 8 256gb,1
redmi 14 pro 1 yil ishlatildi,redmi 14 pro 1 yil,1
Honor Honor 100 512GB Graphite,Honor 100 128GB (Titanium),0
Redmi Redmi Note 12 512GB Green,Redmi Redmi Note 12 Deep Purple 64GB,0
Smartfon Infinix Note 30 Pro 128GB/6GB Silver,Infinix Note 30 Pro 128GB - Silver,1
Xiaomi Xiaomi 13T Pro 12GB+1TB,Oppo Reno 12 512GB Cream,0
смартфон honor 200 pro 16 1tb pink,smartfon honor x7d 6 128gb mateor silver,0
Smartfon Tecno Tecno Phantom V Fold 128GB Natural,Tecno Tecno Phantom V Fold 8GB/256GB White,0
Apple iPhone SE 3 3GB/1TB Natural,Smartfon iPhone SE 3 1TB/3GB Natural,1
Realme Realme C55 12GB+64GB,Realme C55 64GB (Graphite),1
Infinix Hot 30 Play 256GB (Starlight),Oppo Oppo A58 12GB+512GB,0
Infinix Smart 8 Pro 512GB Purple,Infinix Infinix Zero 20,0
redmi 8 ideal holatda srochni sotiladi,8 ideal holatda srochni sotiladi,1
смартфон vivo y29 8 256 brown,смартфон vivo y29 8 brown 256,1
Smartfon Realme GT 5 Pro 128GB/16GB Silver,Realme Realme GT 5 Pro 16GB+128GB,1
Oppo Find X7 Ultra 256GB - Green,Oppo Find X7 Ultra 256GB (Green),1
Смартфон Redmi Redmi Note 12 Pro+ 64GB Blue,Redmi Redmi Note 12 Pro+ 512GB Deep Purple,0
Смартфон Honor Honor 90 Lite 512GB Deep Purple,Honor Honor 200 Pro,0
Smartfon Xiaomi Poco M5s 64GB Green,Xiaomi Poco M5s 64GB Green,1
xiaomi redmi a5 3 64gb black 100gb of internet 3 months of tv com for free,смартфон samsung galaxy a25 5g 8 256gb blue black,0
galaxy s26 12 256 black,s26 12 256 black,1
Smartfon Oppo Reno 11 64GB/6GB Blue,Oppo Reno 11 512GB (Gold),0
смартфон xiaomi poco x3 6 128gb,samsung s20 ultra sotiladi,0
смартфон samsung galaxy s26 ultra 12 512gb dual esim white,смартфон samsung galaxy s26 ultra 12 dual esim white,1
смартфон honor 200 16 256gb emerald green,смартфон xiaomi mi 5х 4 64gb gold,0
смартфон samsung galaxy a72 8 256gb violet,смартфон samsung galaxy a72 8 violet,1
Oppo A58 256GB (Cream),Oppo A58 256GB Cream,1
Xiaomi Xiaomi 14 16GB/128GB Green,Смартфон Xiaomi Xiaomi 14 128GB Green,1
Smartfon Realme Realme 11 64GB Cream,Realme 11 128GB Titanium,0
honor 400 lite velvet black 8 256gb,honor x8d 8 256gb smartfoni black,0
Smartfon Redmi 13 512GB/12GB Natural,Redmi 13 256GB (Midnight),0
Samsung Galaxy S22 Green 1TB,Смартфон Samsung Galaxy S22 1TB Green,1
Smartfon Realme GT Neo 5 SE 512GB/3GB Black,Smartfon Apple iPhone 15 Pro Max 1TB Midnight,0
кабель earldom et aux12 2m,кабель et aux12 2m,1
Realme Realme 12 16GB/256GB Lavender,Realme Realme 12 16GB+64GB,0
Smartfon Vivo Vivo V27 256GB White,Vivo Vivo V27 12GB+256GB,1
смартфон oppo reno 15 pro max 12 512gb aura gold,смартфон oppo a6s 8 256 ice white,0
смартфон realme 15t,15t realme смартфон,1
Honor Honor 90 Lite 12GB+256GB,Honor 90 Lite 256GB Deep Purple,1
Smartfon Samsung Galaxy S23 256GB Cream,Samsung Galaxy S23,1
Redmi Redmi Note 13,Redmi Note 13 256GB (Black),1
Apple iPhone 13 mini Titanium 64GB,Apple iPhone 13 mini 6GB+64GB,1
Smartfon Vivo Y36 1TB/6GB Deep Purple,Tecno Spark 20 Pro 256GB Midnight,0
Oppo Oppo Reno 10 Pro+ 12GB+256GB,Oppo Reno 10 256GB (Gold),0
Smartfon Xiaomi Xiaomi 13T Pro 1TB Lavender,Smartfon Xiaomi Xiaomi 13T Pro 1TB Lavender,1
Redmi Note 12 Pro+ 64GB - Starlight,Redmi Redmi Note 12 64GB Starlight,0
Realme 11 Pro+ 256GB Titanium,Smartfon Vivo Y200 128GB/12GB Purple,0
Смартфон Redmi Redmi Note 11S 512GB Titanium,Smartfon Redmi Redmi Note 11S 512GB Titanium,1
смартфон iphone 12 256gb green,смартфон 12 256gb green,1
Realme Realme Note 50,Realme Note 50 256GB Purple,1
Smartfon Vivo Vivo V29 64GB Coral,Vivo V29 64GB (Coral),1
смартфон google pixel 6 8gb 128gb stormy black,смартфон pixel google 6 8gb 128gb stormy black,1
смартфон oppo a57s 4 64gb starry black,смартфон apple iphone 17 pro max 256gb deep blue mfyp4zd a,0
Poco F5 Pro 256GB (White),Galaxy A34 512GB Gold,0
смартфон honor x8d 8 256gb velvet black,смартфон honor 200 lite 8 256gb starry blue,0
Galaxy Z Fold 4 1TB - Starlight,Samsung Galaxy Z Fold 4,1
Redmi K60 128GB - Lavender,Smartfon Redmi Redmi K60 128GB Lavender,1
Smartfon Galaxy S24+ 512GB/3GB Graphite,Galaxy S24+ 512GB (Graphite),1
Apple iPhone 13 mini Lavender 64GB,Apple iPhone 13 mini 16GB/64GB Lavender,1
Realme GT 5 Pro 512GB - Graphite,Realme Realme GT 5 Pro,0
Samsung Galaxy S23 Ultra 16GB+1TB,Smartfon Samsung Galaxy S23 Ultra 1TB Lavender,1
Smartfon Vivo Vivo X100 Pro 128GB Black,Смартфон Vivo Vivo Y36 128GB Black,0
Xiaomi 13 512GB - Cream,Xiaomi Poco X6 512GB Cream,0
Xiaomi 14T 64GB Starlight,Smartfon Xiaomi 14T 1TB/16GB Deep Purple,0
смартфон iphone 14 256gb blue,смартфон iphone 14 blue,1
Oppo Oppo A78 6GB/256GB Blue,Smartfon Oppo Oppo A78 256GB Blue,1
Смартфон Oppo Oppo Reno 10 256GB Midnight,Oppo Oppo Reno 10 256GB Midnight,1
Galaxy S23 Ultra 512GB - Blue,Смартфон Samsung Galaxy S23 Ultra 128GB Cream,0
Xiaomi 14 Pro 128GB - Gold,Smartfon Xiaomi Xiaomi 14 Pro 128GB Gold,1
Honor X8a 128GB Gold,Honor Honor X8a,1
Infinix Infinix Smart 8 16GB/256GB Cream,Infinix Infinix Smart 8 16GB+256GB,1
nothing phone 2 12 256gb dark grey sovg a nothing ear stick,nothing phone 2 12 256gb dark grey sovg a ear stick,1
смартфон honor x7c 8 256 moonlight white,смартфон honor x6с 6 128 ocean cyan,0
Vivo Vivo V30e Graphite 512GB,Vivo Vivo V30e Graphite 512GB,1
redmi a3 midnight black 3 64gb,redmi a5 3 64 midnight black,0
Tecno Tecno Spark 20 Cream 128GB,Tecno Tecno Pova 5,0
Oppo Oppo Reno 10 Pro+ White 64GB,Смартфон Oppo Oppo Reno 10 Pro+ 256GB Lavender,0
Smartfon Vivo Y36 128GB/16GB Lavender,Vivo Y36 128GB Lavender,1
Smartfon iPhone 14 Plus 1TB/12GB White,Smartfon Realme Realme C33 128GB Titanium,0
смартфон infinix note 60 pro 12 256gb deep ocean blue,смартфон infinix note 60 12 256gb deep ocean blue,1
galaxy s26 12 512 black,galaxy s26 12 512,1
Oppo Oppo Find X7 Ultra 12GB+128GB,Smartfon Oppo Find X7 Ultra 128GB/12GB Starlight,1
Xiaomi Poco F5 Titanium 1TB,Xiaomi Poco F5 Graphite 128GB,0
smartfon honor x7d 6 128gb mateor silver,honor x7c forest green 8 256gb,0
смартфон iphone xr 128gb red dual,смартфон xr 128gb red dual,1
samsung galaxy z fold4,samsung z galaxy fold4,1
Realme Realme C33 64GB Coral,Realme Realme C33 Coral 64GB,1
Smartfon Oppo Reno 10 Pro+ 128GB/12GB Lavender,Infinix Infinix Note 30 Pro 1TB Midnight,0
смартфон honor x6a 4 128 green,honor 200 lite 5g,0
смартфон samsung galaxy z flip 7 12 256gb black,samsung galaxy z flip 7 12 256gb black,1
Galaxy A05s 1TB Gold,Samsung Galaxy A05s 4GB+1TB,1
Honor Honor 100 1TB Cream,Honor Honor 100 12GB+1TB,1
Realme Realme GT 5 16GB/512GB Coral,Realme Realme GT 5 Deep Purple 1TB,0
Realme Realme 12 Cream 128GB,Realme Realme 12 128GB Cream,1
Redmi Redmi A3 Starlight 256GB,Smartfon Redmi 13 256GB/16GB Starlight,0
Oppo Reno 12 Pro 64GB Cream,Oppo Oppo Reno 12 Pro 16GB/64GB Cream,1
смартфон samsung galaxy s23 5g 8 256gb кремовый,смартфон samsung galaxy 5g 8 256gb кремовый,1
Infinix Hot 40 Pro 64GB (Green),Infinix Infinix Hot 40 Pro 4GB/64GB Green,1
Oppo Oppo Reno 10 64GB Gold,Oppo Reno 10 64GB Gold,1
Infinix Smart 8 Pro 512GB - Black,Infinix Smart 8 Pro 512GB Black,1
Tecno Tecno Phantom X2 Pro,Tecno Phantom X2 Pro 128GB (Blue),1
Oppo Reno 12 Pro 64GB (Silver),Oppo Reno 12 Pro 256GB Midnight,0
Poco X5 Pro 64GB (Cream),Poco X5 Pro 128GB - Coral,0
Redmi Note 11S 128GB (Coral),Smartfon Redmi Redmi Note 11S 128GB Coral,1
Realme Realme GT Neo 5 SE 8GB/1TB Coral,Realme Realme GT Neo 5 SE,0
Смартфон Vivo Vivo X100 256GB Silver,Vivo Vivo X90 Pro 3GB+256GB,0
bluetooth гарнитура plantronics ml15,смартфон iphone 13 128gb pink,0
Honor 100 Pro 64GB Lavender,Honor Honor 90 Lite Lavender 64GB,0
Redmi Note 13 256GB (Blue),Смартфон Apple iPhone 14 Pro Max 512GB Natural,0
Smartfon Vivo Vivo V30 512GB Natural,Tecno Tecno Pop 8 Gold 256GB,0
Honor Honor 100 Pro,Honor Honor 100 Pro 4GB+256GB,1
samsung galaxy a16 6 128gb black 100gb of internet 3 months of free tv com as a gift,samsung galaxy a17 8 256gb black smartfoni sovg aga quvvatlagich va oq sim kartasi 100gb,0
Smartfon Galaxy A35 5G 512GB/6GB Green,Galaxy A35 5G 512GB Green,1
Tecno Spark 10 512GB Titanium,Tecno Tecno Pova 6 Pro 4GB/512GB Titanium,0
Tecno Tecno Spark 20 Pro+ 256GB Midnight,Smartfon Tecno Spark 20 Pro+ 256GB/12GB Midnight,1
Oppo Oppo A79 5G White 512GB,Oppo Oppo A79 5G Purple 128GB,0
смартфон honor x5c plus 4 128 гб зеленый,смартфон honor x8a 6 128 blue,0
Tecno Tecno Pova 6,Tecno Tecno Pop 8 12GB+64GB,0
Tecno Tecno Spark 20 Pro,Смартфон Tecno Tecno Spark 20 Pro 1TB Black,0
Samsung Galaxy S23 FE,Samsung Galaxy S23 FE 3GB+512GB,0
Redmi Redmi K70 Pro 12GB+256GB,Redmi K70 Pro 256GB (Gold),1
Vivo Vivo X100 6GB+64GB,Galaxy A35 5G 256GB - Natural,0
смартфон samsung galaxy a52 8 256gb white,смартфон samsung galaxy a52 8 white,1
Tecno Tecno Camon 20 Pro,Tecno Tecno Camon 20 Pro 4GB+256GB,0
smartfon redmi a5 3 64gb ocean blue,redmi note 17 sky teal 8 256gb рюкзак в подарок,0
смартфон xiaomi redmi a5 4 128gb lake green,lake xiaomi redmi a5 4 128gb смартфон green,1
Smartfon Samsung Galaxy S21 FE 128GB Coral,Galaxy S21 FE 128GB Coral,1
redmi 9 telefon sotiladi,смартфон samsung galaxy a27,0
redmi note 14 6 128gb mist purple,redmi note 15 pro 5g black 8 512gb,0
Samsung Galaxy S24,Smartfon Samsung Galaxy S24 256GB Purple,0
Tecno Tecno Pova 5 Pro 256GB Black,Tecno Pova 5 Pro 256GB (Black),0
Poco X6 Pro 128GB (Gold),Смартфон Xiaomi Poco X6 Pro 64GB Midnight,0
honor x9c smart 8 256gb midnight black,honor x7a plus 6 128gb kulrang,0
Смартфон Apple iPhone 12 Pro 256GB Natural,Смартфон Apple iPhone 14 256GB Natural,0
Oppo Reno 11 256GB Natural,Apple iPhone 12 mini,0
Xiaomi Poco M5,Xiaomi Xiaomi 14 Ultra 512GB Midnight,0
Smartfon Redmi Redmi Note 13 256GB Deep Purple,Smartfon Redmi Redmi Note 13 256GB Deep Purple,1
redmi note 13 pro 5g moonlight white 8 256gb,беспроводные наушники canyon tws 8 white,0
Galaxy M14 64GB (Purple),Smartfon Galaxy M14 64GB/4GB Purple,1
smartfon honor 600 8 256gb white,smartfon honor x8d 8 256gb velvet gray,0
Smartfon Infinix Note 40 Pro 256GB/8GB Starlight,Infinix Infinix Note 40 Pro Starlight 256GB,1
Vivo V30e 128GB (Green),Vivo Vivo V30e,1
Poco X6 64GB (Coral),Xiaomi Poco X6 512GB Purple,0
смартфон honor 70 8 128gb global black,honor x5d plus 4 128 midnight black,0
Infinix Smart 8 512GB (Coral),Смартфон Infinix Infinix Smart 8 512GB Coral,1
nasiya iphone 13 pro max variant рассрочка в кредит,iphone 13 pro max variant рассрочка в кредит,1
Смартфон Vivo Vivo V30e 1TB Black,Vivo Vivo V30e 1TB Black,1
Smartfon Honor Honor X7a 128GB Blue,Смартфон Honor Honor X7a 128GB Blue,1
Apple iPhone 12 16GB+64GB,Smartfon Realme GT 5 Pro 128GB/16GB White,0
honor 400 8 256gb midnight black juicer 100gb internet 3 months of free tv com,honor 400 8 256gb midnight black 100gb internet 3 months of free tv com,1
Смартфон Apple iPhone 14 Plus 256GB Deep Purple,iPhone 14 Plus 256GB - Deep Purple,1
Realme C67 1TB (Midnight),Smartfon Infinix Hot 40 512GB/8GB Graphite,0
redmi 17 4g black 4 128gb,redmi note 15 pro 5g,0
Honor Honor Magic5 Pro 3GB/512GB Titanium,Tecno Pova 5 256GB White,0
samsung galaxy s25 ultra 12 256gb titanium black,samsung galaxy ultra s25 12 256gb titanium black,1
Xiaomi Xiaomi 11T Pro 256GB Blue,Xiaomi 12T Pro 256GB - Blue,0
honor 200 pro 5g 12 512gb black,honor 200 pro 12 5g 512gb black,1
Smartfon Tecno Tecno Pova 5 Pro 64GB White,Tecno Tecno Pova 5 Pro,1
Smartfon Honor Honor 200 1TB Natural,Smartfon Oppo A79 5G 64GB/8GB Lavender,0
Vivo V30e 64GB (Deep Purple),Vivo Vivo V30e Deep Purple 64GB,1
Oppo Oppo Find X7 Ultra 16GB/512GB Cream,Smartfon Oppo A17 512GB/16GB Cream,0
Honor X8b 128GB - Cream,Honor Magic5 Pro 128GB (Cream),0
Samsung Galaxy Z Fold 5 12GB/1TB Silver,Smartfon Samsung Galaxy Z Fold 5 64GB Gold,0
смартфон apple iphone 17 512gb sage,смартфон apple 17 512gb sage,1
Oppo Oppo Find X6 Pro Black 256GB,Oppo Find X6 Pro 256GB (Black),1
Tecno Tecno Camon 30 Pro 16GB/128GB Lavender,Smartfon Tecno Camon 30 Pro 128GB/16GB Lavender,1
смартфон honor x8d 8 256gb blue,смартфон honor x8d 8 blue 256gb,1
Infinix Smart 8 Plus 1TB Silver,Смартфон Infinix Infinix Smart 8 Plus 1TB Silver,1
Smartfon Realme C55 256GB/4GB White,Infinix Infinix Hot 30 Play 4GB/64GB Graphite,0
Vivo Vivo Y22s,Vivo Vivo Y22s 8GB+512GB,1
Redmi Redmi Note 11S 16GB+512GB,Oppo Find X7 Ultra 1TB Graphite,0
смартфон vivo v60 lite 8 256 blue,bluetooth гарнитура borofone bc21 business,0
Apple iPhone SE 3 12GB/256GB Natural,iPhone SE 3 256GB (Natural),1
Redmi A3 256GB (Starlight),Redmi A3 1TB Purple,0
iPhone 11 Pro 128GB Midnight,iPhone 11 Pro 128GB (Midnight),1
Honor Honor 90 6GB/128GB Gold,Honor Honor 90 128GB Gold,1
Poco X6 Pro 64GB Deep Purple,Poco X6 Pro 64GB Deep Purple,1
Smartfon Infinix Note 30 128GB/8GB Cream,Infinix Infinix Note 30 128GB Cream,1
Samsung Galaxy M14 Green 256GB,Смартфон Honor Honor Magic5 Lite 64GB Silver,0
iphone 15 pro titanium,смартфон honor x9b 8 256gb emerald green,0
Oppo Oppo Reno 10 Pro+ 8GB/64GB Cream,Realme Realme 11 Pro 1TB White,0
redmi 15c 8 256 blue,redmi 13 c 8 256gb 2024 new model,0
Tecno Camon 30 Pro 1TB - Blue,Tecno Camon 30 Pro 1TB Blue,1
Honor X8b 128GB Lavender,Oppo Oppo Reno 10 Pro+ Starlight 1TB,0
iPhone 14 256GB Graphite,Oppo Oppo Find X7 6GB+64GB,0
смартфон iphone 14 pro max 256gb deep purple,смартфон iphone max pro 14 256gb deep purple,1
iPhone 14 256GB - Silver,Apple iPhone 14,1
Honor 90 1TB (Black),Honor 200 1TB Black,0
Redmi Redmi Note 12 Pro+ 6GB/512GB Lavender,Redmi Redmi Note 12 Pro+,1
Infinix Infinix Smart 8 Pro 8GB+128GB,Infinix Infinix Smart 8 Pro 128GB Cream,1
honor x6b 6 256gb midnight black,смартфон honor x8c 8 256gb green,0
Apple iPhone 13 Pro 128GB Titanium,Smartfon Apple iPhone 13 Pro 512GB Lavender,0
Infinix Infinix Zero 20 8GB+1TB,Infinix Zero 20 1TB - Silver,1
Oppo Oppo Find X6 Pro Silver 256GB,Oppo Find X6 Pro 128GB Natural,0
Tecno Tecno Spark 10 4GB/128GB Deep Purple,Tecno Tecno Spark 10 4GB+1TB,0
смартфон apple iphone se 2022 64gb starlight,starlight apple iphone se 2022 64gb смартфон,1
смартфон poco c65 6gb 128gb,смартфон poco c65 6gb,1
смартфон xiaomi poco x3 4 64gb,xiaomi poco x3 4 64gb,1
Oppo Oppo A58 Silver 512GB,Smartfon Oppo A38 512GB/4GB Silver,0
Samsung Galaxy M34 5G,Apple iPhone 15,0
Oppo Find X7 128GB - Green,Oppo Find X7 128GB (Green),1
смартфон honor x7b 6 256 emerland green,смартфон honor 90 5g 8 256gb peacock blue,0
смартфон apple iphone 14 pro 256gb dual sim космический черный,смартфон 256gb iphone 14 pro apple dual sim космический черный,1
смартфон vivo v25 8 256gb black,смартфон black v25 8 256gb vivo,1
Infinix Infinix Note 30 Pro 6GB+256GB,Infinix Infinix Note 30 Pro 256GB Deep Purple,1
Redmi Note 11 Pro 256GB - Gold,Realme C33 128GB (Coral),0
Oppo Oppo Reno 10 Pro+ 6GB+128GB,Oppo Oppo Reno 10 Pro+ 128GB White,1
Smartfon Honor Honor 200 512GB Blue,Tecno Tecno Phantom V Fold 6GB/128GB Midnight,0
смартфон samsung galaxy s24 12 256gb nano sim esim violet,смартфон samsung s24 galaxy 12 256gb nano sim esim violet,1
Смартфон Honor Honor Magic6 Pro 1TB Coral,Xiaomi Poco X6 Pro 16GB/64GB Natural,0
redmi note 15 pro titanium color 12 256gb,redmi note 14 midnight black 8 256gb,0
Poco F5 256GB White,Xiaomi Poco X6 Pro White 256GB,0
Apple iPhone 12 1TB Purple,Apple iPhone 13 Pro Max 16GB/1TB Purple,0
honor x7d,iphone air 12 256gb sky blue,0
infinix note 50 pro titanium grey 12 256gb,infinix note 50 pro titanium 12 256gb,1
Samsung Galaxy M14 16GB+1TB,Galaxy M14 1TB (Starlight),1
Honor Honor 80 Pro Blue 1TB,Honor Honor X8b Blue 1TB,0
Smartfon Infinix Infinix Zero 30 5G 256GB Graphite,Infinix Smart 8 Pro 256GB Graphite,0
Smartfon Samsung Galaxy S22 512GB Lavender,Galaxy S22 512GB (Lavender),1
redmi 9c 32 2gb dac full,redmi note 15,0
iPhone 12 1TB (Deep Purple),Apple iPhone 12 12GB/1TB Deep Purple,1
xiaomi redmi note 15 pro 12 512gb black smartfoni,смартфон samsung galaxy a15 4 128gb light blue,0
redmi 15 midnight black 8 256gb,redmi not 8 128gb,0
Infinix Infinix Note 40 4GB+256GB,Смартфон Infinix Infinix Note 40 256GB Black,1
смартфон honor x5 plus 4 64gb cyan lake,honor x9d 8 256 reddish,0
Смартфон Vivo Vivo Y22s 256GB Silver,Vivo Y22s 256GB - Silver,1
iPhone 13 Pro Max 1TB - White,iPhone 13 Pro Max 1TB (White),1
Smartfon Honor X8a 512GB/3GB Deep Purple,Honor X7a 512GB - Deep Purple,0
смартфон infinix hot 30i 4 128gb blue,смартфон infinix hot 30i 4 blue 128gb,1
Redmi Note 12 Pro 1TB (Green),Redmi Redmi Note 12 Pro,1
redmi note 13 ice blue 6 128gb,redmi 15 6 128 8 128 8 256,0
Infinix Zero 30 5G 1TB (Graphite),Infinix Zero 30 5G 1TB (Graphite),1
Tecno Tecno Camon 30 Pro,Tecno Tecno Camon 30 Pro 64GB Titanium,1
Realme C53 256GB (Starlight),Realme C53 256GB Starlight,1
Infinix Note 40 Pro 256GB (Coral),Infinix Infinix Hot 40 Pro 256GB Coral,0
смартфон iphone 11 pro max 256gb gray,смартфон iphone pro 11 max 256gb gray,1
iPhone 14 Plus 1TB Gold,Smartfon iPhone 14 Plus 1TB/4GB Gold,1
Smartfon Tecno Tecno Phantom V Fold 64GB Blue,Infinix Note 40 Pro 256GB - White,0
Poco X6 1TB Cream,Poco X6 1TB Cream,1
Oppo Find X7 Ultra 512GB (Starlight),Oppo Oppo Find X7 Ultra,1
телефон novey s70r red,смартфон honor x8b 8 256gb green,0
Apple iPhone 12 mini 8GB/256GB White,iPhone 12 mini 256GB (White),1
Смартфон Infinix Infinix Zero 30 5G 1TB Graphite,Infinix Infinix Zero 30 5G Graphite 1TB,1
Redmi K70 Pro 128GB Blue,Xiaomi 11 Ultra 64GB - Titanium,0
Oppo Oppo Find X6 Pro 64GB Deep Purple,Oppo Oppo Find X6 Pro 4GB+64GB,1
Смартфон Tecno Tecno Pova 5 256GB Titanium,Смартфон Tecno Tecno Pova 5 512GB Natural,0
iPhone 12 Pro 64GB (Starlight),Apple iPhone 14,0
Redmi Note 12 Pro+ 256GB (Starlight),Redmi Redmi Note 12 Pro+ Starlight 256GB,1
Smartfon Vivo Y22s 1TB/6GB Green,Vivo Vivo Y35 6GB/1TB Green,0
redmi 13 8 128 midnight black,yengi новинка redmi note 17 4 128gb 8 256gb dostavka,0
samsung a52 6 128,a52 6 128,1
honor choice t10 black 3 32gb,фитнес браслет huawei honor band 6 sandstone grey,0
смартфон samsung galaxy a17 256gb black,смартфон samsung galaxy 256gb black,1
Redmi Redmi Note 11 Pro,Смартфон Redmi Redmi Note 11 Pro 1TB Coral,1
Infinix Note 40 64GB - Titanium,Infinix Infinix Note 40 Titanium 64GB,1
Galaxy Z Fold 4 1TB (Deep Purple),Smartfon Galaxy Z Fold 4 256GB/8GB Blue,0
смартфон realme c71 8 256gb green,смартфон c71 realme 8 256gb green,1
смартфон xiaomi mi 11 8 128gb gray global version,смартфон 8 mi 11 xiaomi 128gb gray global version,1
Xiaomi Poco M6 Pro Midnight 512GB,Smartfon Poco M6 Pro 512GB/4GB Midnight,1
смартфон apple iphone 17 pro max 512gb deep blue hx a 1 sim,смартфон samsung galaxy a17 128gb gray,0
Redmi 12 64GB - Deep Purple,Redmi Redmi 12 8GB+128GB,0
Smartfon Redmi A3 512GB/8GB Cream,Redmi Redmi A3 512GB Cream,1
Смартфон Honor Honor 90 512GB Silver,Honor Honor 90 Pro 512GB Silver,0
Realme 11 Pro 512GB - Deep Purple,Realme Realme 11 Pro 4GB+512GB,1
Redmi Redmi Note 11S 6GB+256GB,Xiaomi Xiaomi 12 Pro 6GB+128GB,0
Vivo Y200 Pro 1TB (Black),Смартфон Vivo Vivo Y200 Pro 1TB Black,1
Tecno Tecno Camon 30,Смартфон Redmi Redmi Note 12 64GB Green,0
Oppo Oppo A58 128GB Titanium,Smartfon Oppo Oppo Find X7 Ultra 128GB Titanium,0
iphone 17 pro 12 256gb cosmic orange,iphone 17 pro max доставка проверка при получении,0
Smartfon Oppo Oppo A79 5G 128GB Starlight,Oppo A79 5G 128GB - Starlight,1
Vivo Vivo V27 Pro 3GB+1TB,Vivo Vivo V27 Pro 64GB Natural,0
Oppo Oppo Reno 10 4GB/128GB Cream,Oppo Oppo Find X7 Ultra 4GB/128GB Cream,0
Galaxy Z Fold 4 64GB - Green,Galaxy Z Fold 4 64GB - Green,1
Honor 90 Lite 128GB - Lavender,Смартфон Honor Honor 90 Lite 128GB Lavender,1
Apple iPhone 14 8GB/1TB Blue,iPhone 12 1TB - Blue,0
Oppo Oppo Find X7 Ultra 4GB/128GB White,Oppo Oppo Find X7 Ultra White 128GB,1
смартфон xiaomi poco x8 pro max 12 512gb white,смартфон xiaomi poco pro x8 max 12 512gb white,1
Smartfon Xiaomi 11T 256GB/8GB White,Xiaomi Xiaomi 11T 8GB+256GB,1
Oppo Oppo A78 16GB/1TB Natural,Смартфон Oppo Oppo A78 64GB Purple,0
Oppo Oppo Reno 10 Pro Cream 256GB,Oppo A38 256GB (Cream),0
Xiaomi Poco X6 Pro 1TB Black,Poco X6 Pro 256GB - Blue,0
Tecno Tecno Pova 5,Tecno Tecno Pova 5 512GB Lavender,1
Vivo X100 1TB White,Смартфон Vivo Vivo X100 1TB White,1
Samsung Galaxy M34 5G 3GB+256GB,Samsung Galaxy M34 5G 3GB/512GB Lavender,0
Realme Realme 12 Pro Cream 512GB,Realme 12 Pro 128GB - Gold,0
Samsung Galaxy A05 128GB Gold,Samsung Galaxy A05 1TB Green,0
Apple iPhone 13 Pro Silver 128GB,Smartfon Apple iPhone 13 Pro 128GB Silver,1
Смартфон Honor Honor 100 256GB Lavender,Honor 100 256GB Lavender,1
Смартфон Oppo Oppo Reno 11 512GB Coral,Oppo Oppo Reno 11,1
Tecno Tecno Phantom X2 Pro Blue 1TB,Tecno Tecno Phantom X2 Pro 4GB+1TB,1
Смартфон Xiaomi Poco F5 1TB White,Xiaomi Poco F5 White 1TB,1
смартфон honor x7c 8 256 midnight black,honor 400 8 256gb midnight black наушн,0
смартфон samsung galaxy z flip 7 12гб 256гб,смартфон 7 galaxy z flip samsung 12гб 256гб,1
redmi note 15 pro 8 256 black,redmi 15c 6 128gb moonlight blue,0
Oppo Oppo A78,Смартфон Oppo Oppo A79 5G 64GB Lavender,0
Xiaomi Xiaomi 12X,Xiaomi 12X 1TB - Midnight,0
Xiaomi Poco M6 Pro 6GB/256GB Titanium,Xiaomi Xiaomi 14T 6GB+256GB,0
Tecno Tecno Pova 5 Pro 6GB+256GB,Смартфон Redmi Redmi Note 12 Pro 64GB Graphite,0
Tecno Spark 20 128GB - Coral,Tecno Tecno Spark 20 128GB Coral,1
Smartfon iPhone 13 512GB/4GB Titanium,iPhone 15 Plus 512GB Titanium,0
Honor Honor 200 Pro Lavender 128GB,Honor Honor 200 Pro Lavender 128GB,1
Galaxy A54 5G 1TB (Cream),Samsung Galaxy A54 5G 4GB+1TB,1
Samsung Galaxy A34 256GB Graphite,Galaxy A34 256GB (Graphite),1
Redmi Redmi Note 12 Pro+ 128GB Purple,Apple iPhone SE 3 Coral 64GB,0
Xiaomi Xiaomi 12 Pro 4GB+1TB,Smartfon Xiaomi 12 Pro 128GB/4GB Gold,0
смартфон samsung galaxy s26 ultra 16 1tb dual esim violet,смартфон samsung galaxy s26 ultra 16 1tb esim violet,1
Xiaomi 14 Pro 1TB Titanium,Xiaomi Xiaomi 14 Pro 16GB/1TB Titanium,1
Smartfon Xiaomi Xiaomi 14 Pro 128GB Silver,Tecno Pova 6 512GB Natural,0
Realme Note 50 64GB (Blue),Smartfon Realme Realme Note 50 64GB Blue,1
Realme Realme C55,Oppo Oppo Reno 10 8GB+256GB,0
Смартфон Infinix Infinix Smart 8 Pro 1TB Starlight,Смартфон Infinix Infinix Smart 8 Pro 1TB Starlight,1
xiaomi redmi 15c 4 128gb ko k 100gb internet 3 oy bepul tv com sovg a,xiaomi redmi 15c 4 128gb ko k 100gb internet 3 oy bepul tv com a,1
Honor Honor X7b 128GB Gold,Smartfon Honor Honor X7b 512GB Midnight,0
Vivo Y100 1TB - White,Vivo Vivo Y100 12GB+64GB,0
iPhone 15 64GB - Green,iPhone 15 512GB Black,0
Xiaomi Xiaomi 13T Pro,Xiaomi 14T 256GB - Lavender,0
Infinix Zero 30 1TB - Blue,Infinix Infinix Zero 30,1
xiaomi redmi a5 lake green 3 64gb,reno 13f 8 512 graphite grey,0
honor x8c 8 128gb green yashil smartfoni,смартфон honor 600 lite 5g 8 256gb desert gold,0
Infinix Infinix Note 40 Pro 256GB Black,Infinix Infinix Note 40 Pro 12GB/128GB Lavender,0
Honor Honor Magic6 Pro 3GB+512GB,Honor Honor Magic6 Pro 3GB/512GB Titanium,1
Smartfon Apple iPhone 15 128GB Green,Смартфон Realme Realme 12 Pro+ 1TB Lavender,0
Tecno Tecno Spark 20 Pro Midnight 1TB,Tecno Tecno Spark 20 1TB Midnight,0
Realme Realme C55 Titanium 512GB,Realme C55 128GB Silver,0
Redmi Redmi Note 11 Graphite 1TB,Redmi Redmi Note 11 Graphite 1TB,1
Apple iPhone 13 Pro Max 1TB Lavender,Smartfon Xiaomi 13T Pro 128GB/16GB Cream,0
Realme Realme 11 Titanium 1TB,Smartfon Realme 11 1TB/16GB Titanium,1
мобильный телефон novey 102 черный,мобильный 102 novey телефон черный,1
Smartfon Tecno Tecno Spark 20 Pro+ 1TB Purple,Tecno Tecno Phantom V Fold,0
Smartfon Realme Realme C65 256GB Natural,Realme Realme C65 256GB Natural,1
смартфон honor 600 lite 5g 8 256gb desert gold,honor 400 lite 5g 8 256gb velvet black smartfoni oq sim karta 100gb 3 oyga sovg aga,0
Oppo Reno 12 1TB (Purple),Oppo Oppo Reno 12 Purple 1TB,1
смартфон samsung galaxy s20 fe 6 128gb cloud lavander,смартфон xiaomi redmi note 13 pro 5g 12 512 purple,0
смартфон samsung galaxy s24 fe 8 128gb dual esim green,смартфон samsung galaxy s24 fe 128gb dual esim green,1
Realme C33 64GB (Coral),Realme Realme C33,0
Smartfon Infinix Infinix Hot 30 Play 128GB Cream,Infinix Hot 30 Play 512GB (Purple),0
Redmi Note 12 Pro 64GB (Silver),Redmi Note 12 Pro 64GB Silver,1
Smartfon Vivo Vivo V30 64GB Natural,Vivo Vivo V30 8GB/64GB Natural,1
Tecno Tecno Spark 10,Smartfon Tecno Tecno Spark 10 128GB Gold,1
Tecno Tecno Camon 30 128GB Purple,Tecno Spark 20 Pro 128GB (Purple),0
Vivo Y35 256GB - Titanium,Vivo V27 256GB (Titanium),0
Honor Honor 80 Pro,Smartfon Honor 80 Pro 1TB/8GB Lavender,1
Redmi Redmi 13 6GB/128GB Gold,Redmi 13 128GB Gold,1
Oppo Reno 10 Pro+ 256GB Cream,Smartfon Oppo Oppo Reno 10 Pro+ 256GB Cream,1
Smartfon Oppo Oppo Reno 11 Pro 1TB Purple,Oppo Reno 11 Pro 1TB (Purple),1
Xiaomi Poco F5 12GB/256GB White,Xiaomi 14 256GB (White),0
Smartfon Oppo Oppo A58 128GB Titanium,Oppo Oppo A58,0
Samsung Galaxy Z Fold 5 Silver 128GB,Galaxy S24+ 128GB - Silver,0
Смартфон Apple iPhone 12 mini 256GB Cream,Смартфон Apple iPhone 12 mini 256GB Cream,1
oppo a6s 8 256 ice white,oppo a6s 8 256 ice,1
Realme GT Neo 5 SE 1TB - Cream,Realme Realme 9 Pro+ 1TB Cream,0
Смартфон Tecno Tecno Pova 6 Pro 64GB Blue,Smartfon Tecno Pova 6 Pro 64GB/3GB Blue,1
samsung galaxy s10,samsung s10 galaxy,1
samsung a37 5g 8 256gb,8 a37 5g samsung 256gb,1
Honor X9a 128GB (White),Xiaomi Poco F5 Pro,0
Oppo Oppo Reno 11 8GB/128GB Graphite,Oppo Reno 11 128GB (Graphite),1
Xiaomi Poco M5 8GB+256GB,Xiaomi Poco M5 256GB Graphite,1
Смартфон Infinix Infinix Hot 30 Play 1TB Coral,Infinix Infinix Zero 20 12GB+1TB,0
poco c71 black 4 64gb,смартфон google pixel 7 pro 12 256gb ореховый,0
samsung galaxy a56 5g 8 256gb lightgray,телефон nokia 210 dual sim silver,0
Xiaomi 14 Ultra 128GB - Blue,Xiaomi 14 Ultra 128GB (Blue),1
Smartfon Tecno Tecno Camon 30 Pro 512GB Coral,Tecno Tecno Camon 30 Pro Coral 512GB,1
Samsung Galaxy A35 5G Black 256GB,Смартфон Samsung Galaxy A35 5G 256GB Black,1
Smartfon Apple iPhone 11 Pro 128GB Cream,iPhone 13 128GB Cream,0
iPhone 13 Pro Max 64GB - Lavender,iPhone 14 Pro Max 64GB - Lavender,0
Vivo Vivo V27 Pro 16GB+1TB,Vivo Vivo V27 Pro 64GB Cream,0
Vivo Vivo X90 Pro 6GB+256GB,Honor Honor X8b 6GB/128GB White,0
смартфон infinix smart 10 3 64gb sleek black,xiaomi redmi note 14 pro 5g 12 512gb lavender purple smartfoni,0
Смартфон Vivo Vivo X90 Pro 256GB Graphite,Vivo X90 Pro 256GB - Graphite,1
Redmi Redmi K60 Starlight 256GB,Redmi K60 128GB - Graphite,0
смартфон honor x9b 8 256gb 5g midnight black,смартфон honor x9b 8 256gb black midnight 5g,1
Xiaomi Poco M6 Pro 3GB/128GB Natural,Infinix Infinix Zero 30 5G 3GB/64GB Graphite,0
honor 400 8 256gb desert gold,смартфон honor 400 lite 8 256 гб черный,0
Vivo V30 64GB (Coral),Vivo Vivo V30 64GB Coral,1
Apple iPhone 15 Plus,Apple iPhone 15 Plus,1
Смартфон Samsung Galaxy S23 128GB Purple,Apple iPhone 15 Plus Black 512GB,0
Smartfon Tecno Spark 20 Pro+ 1TB/12GB Titanium,Tecno Tecno Spark 20 Pro+ 12GB+1TB,1
Tecno Tecno Camon 30,Tecno Camon 30 512GB - Graphite,1
Vivo Vivo V30 Pro 64GB Graphite,Smartfon Vivo Vivo V30 Pro 64GB Graphite,1
honor 400 lite 5g 8 256gb mars green smartfoni oq sim kartasi 100gb 3 oyga sovg aga,honor x9d reddish 12 256gb,0
Redmi Note 13 Pro+ 256GB (Gold),Tecno Tecno Camon 30 64GB Purple,0
xiaomi redmi 15c green 4 256gb,смартфон tecno spark go 3 galaxy,0
Смартфон Infinix Infinix Note 40 512GB Blue,Smartfon Infinix Note 40 1TB/12GB Deep Purple,0
Oppo Oppo Reno 12 Pro,Oppo Oppo Reno 12 Pro 3GB/512GB Gold,0
Apple iPhone 11 Pro Max 4GB+128GB,Apple iPhone 11 Pro Max Natural 128GB,1
Smartfon iPhone 12 Pro 64GB/12GB Silver,iPhone 12 Pro 256GB (Titanium),0
смартфон apple iphone 16 plus 128gb sim esim teal,смартфоны samsung galaxy a53 sm a536 8 256g blue,0
Infinix Note 30 64GB (Purple),Infinix Infinix Note 30 Purple 64GB,1
Samsung Galaxy A55 5G 16GB/64GB Black,Smartfon Samsung Galaxy A55 5G 64GB Black,1
Infinix Smart 8 Pro 1TB - Titanium,Infinix Infinix Smart 8 Pro Titanium 1TB,1
смартфон samsung galaxy z fold 7 silver 512 гб,смартфон samsung z galaxy fold 7 silver 512 гб,1
смартфон iphone xr 256gb red,iphone 14 pro max 256gb 2sim 78 xolati ideal,0
смартфон apple iphone 17 pro max 2tb e sim,смартфон apple iphone 17 pro max 2tb e,1
Vivo Vivo V30e 128GB Natural,Vivo Vivo V30e 12GB+128GB,0
redmi note 15 pro 12 512 mocha brown,redmi 15c 6 128gb mint green,0
Smartfon Oppo Oppo Find X6 Pro 1TB Titanium,Tecno Tecno Pop 8,0
Tecno Tecno Spark 10 512GB Titanium,Смартфон Tecno Tecno Spark 10 512GB Titanium,1
Smartfon Oppo A38 64GB/12GB Green,Smartfon Oppo A38 128GB/12GB Gold,0
цемент akkermann 575 бесплатная доставка,смартфон apple iphone se 2022 64g starlight,0
Oppo Reno 10 Pro 1TB Deep Purple,Samsung Galaxy S23+ Coral 64GB,0
Smartfon Redmi Redmi K70 Pro 128GB Lavender,Redmi Redmi K70 Pro,1
Vivo Vivo V27 Pro Coral 64GB,Oppo Oppo A79 5G Deep Purple 512GB,0
смартфон google pixel 6 pro 12gb 256gb stormy black,смартфон google 12gb 6 pro pixel 256gb stormy black,1
Honor X7b 128GB (Midnight),Honor 200 128GB Midnight,0
Смартфон Honor Honor 90 1TB Black,Smartfon Honor Honor 90 1TB Black,1
Galaxy Z Flip 5 128GB - Gold,Oppo A58 512GB (Cream),0
Oppo Reno 10 Pro 512GB Silver,Oppo Oppo Reno 10 Pro,0
Redmi Redmi A2+ 256GB Natural,Смартфон Redmi Redmi A2+ 256GB Natural,1
Xiaomi Poco F5 Pro,Xiaomi Poco F5 Pro 1TB Blue,1
smartfon honor x9d 8 256gb sunrise gold,honor magic v3 12 512gb qora smartfoni premyera,0
Infinix Smart 8 Plus 256GB - Green,Infinix Smart 8 Plus 256GB Green,1
Infinix Infinix Hot 30 Play 16GB/1TB Lavender,Infinix Hot 30 Play 1TB - Lavender,1
Vivo Vivo V30 Pro,Смартфон Vivo Vivo V30 Pro 1TB Coral,0
Oppo Oppo Reno 10 Pro,Smartfon Oppo Reno 10 Pro 128GB/6GB Natural,1
Realme Realme C55 256GB White,Realme Realme C55 4GB/256GB White,1
Redmi K70 Pro 1TB - Lavender,Redmi K70 Pro 1TB - Lavender,1
смартфоны samsung galaxy a13 a135 32g white,смартфоны samsung galaxy a13 a135 32g,1
Infinix Infinix Hot 40 128GB Midnight,Infinix Infinix Hot 40,1
Smartfon Galaxy A54 5G 1TB/8GB Blue,Samsung Galaxy A54 5G,1
Xiaomi 14T 512GB (Titanium),Oppo Oppo A58 4GB+128GB,0
Смартфон Redmi Redmi K60 1TB Silver,Redmi Redmi K60 1TB Silver,1
Smartfon Infinix Infinix Smart 8 Pro 1TB Blue,Infinix Infinix Smart 8 Pro,1
Смартфон Honor Honor 90 1TB Cream,Smartfon Honor Honor X8a 1TB Cream,0
Apple iPhone 13 Pro Max 1TB Deep Purple,Apple iPhone 13 Pro Max 4GB+1TB,1
Смартфон Redmi Redmi 12C 128GB Gold,Redmi Redmi 12C Starlight 1TB,0
Samsung Galaxy Z Fold 5 6GB+512GB,Samsung Galaxy A35 5G 6GB/512GB White,0
Vivo X90 Pro 64GB Deep Purple,Smartfon Apple iPhone 11 Pro Max 128GB Green,0
Apple iPhone 12 4GB+1TB,iPhone 12 1TB - Starlight,1
Infinix Zero 30 5G 1TB - Cream,Смартфон Infinix Infinix Zero 30 5G 1TB Cream,1
Tecno Pop 8 128GB Graphite,Tecno Tecno Pop 8 128GB Graphite,1
Tecno Camon 30 Pro 128GB - White,Tecno Tecno Camon 30 Pro White 128GB,1
Smartfon Redmi Redmi A3 1TB Gold,Smartfon Redmi Redmi A3 1TB Gold,1
Oppo Reno 11 Pro 1TB Silver,Oppo Reno 11 Pro 1TB Silver,1
смартфон honor x8c 6 128 гб черный,смартфон honor x9b 5g 12 256gb midnight black,0
Smartfon Infinix Hot 40 Pro 256GB/3GB Titanium,Tecno Tecno Spark 20 3GB/512GB Gold,0
Vivo X100 Pro 128GB - Deep Purple,Vivo Vivo X100 Pro 256GB Coral,0
Xiaomi Xiaomi 13T Pro,Xiaomi Xiaomi 13T Pro Lavender 512GB,0
samsung s20 ultra sotiladi,xiaomi redmi note 14 pro 5g black 12 512gb,0
Tecno Camon 30 Pro 256GB Black,Tecno Tecno Camon 30 Pro White 512GB,0
Smartfon Xiaomi 12 Pro 128GB/16GB Graphite,Смартфон Xiaomi Xiaomi 14T Pro 128GB Graphite,0
Смартфон Infinix Infinix Zero 30 512GB White,Infinix Zero 30 512GB - White,1
смартфон vivo y21 4 64gb blue рассрочка в область,смартфон vivo y21 4 в blue рассрочка 64gb область,1
Honor Honor 80 Pro 3GB/128GB Midnight,Smartfon Honor Honor 80 Pro 128GB Midnight,1
Vivo Vivo V30,Vivo Vivo V30 Midnight 1TB,1
смартфон honor 200 lite 12 256gb starry blue,смартфон honor 600 lite 5g 8 256 гб velvet black,0
смартфон apple iphone 13 mini 128gb сияющая звезда,смартфон apple iphone mini 128gb сияющая звезда,1
Smartfon Oppo Oppo Reno 12 Pro 128GB White,Смартфон Oppo Oppo Reno 10 128GB White,0
Smartfon iPhone 12 Pro Max 128GB/4GB Cream,iPhone 12 Pro Max 64GB (Natural),0
Smartfon Tecno Tecno Phantom X2 Pro 128GB Coral,Смартфон Tecno Tecno Spark 20 Pro 128GB Coral,0
Vivo Vivo V29 512GB Purple,Vivo Vivo V29 Blue 1TB,0
смартфон apple iphone 16 256gb,смартфон samsung galaxy s24 8 256gb nano sim esim violet,0
Смартфон Xiaomi Xiaomi 13 Ultra 512GB Purple,Xiaomi 13 Ultra 256GB Blue,0
Galaxy A05 128GB Gold,Samsung Galaxy A25,0
Realme C67 64GB (Gold),Смартфон Realme Realme C67 64GB Gold,0
смартфон xiaomi 14t pro 12 256gb titan black,samsung galaxy a26 6 128gb black 100gb of internet 3 months of tv com for free,0
Infinix Infinix Smart 8 64GB White,Smartfon Infinix Smart 8 64GB/4GB White,1
xiaomi poco c65 6 128gb global version black,xiaomi poco c65 6 128gb global black,1
zte nubia neo 3 5g black 8 256gb,zte nubia neo 3 5g black 8,1
Vivo Vivo Y200 Pro Silver 256GB,Smartfon Vivo Vivo Y200 Pro 256GB Silver,1
Redmi Redmi Note 13 4G 1TB Graphite,Redmi Redmi Note 13 4G 1TB Graphite,1
Realme Realme C55,Realme Realme 11,0
honor 400 pro 12 512 midnight black,400 honor pro 12 512 midnight black,1
Honor 200 Pro 256GB (Titanium),Honor Honor 200 Pro 4GB/512GB Lavender,0
Realme 11 1TB - Midnight,Realme Realme 11 4GB+256GB,0
Honor Honor Magic5 Pro,Honor Honor X8b 4GB/64GB Starlight,0
Redmi Redmi Note 12 Pro,Redmi Redmi Note 12 Pro 8GB+512GB,0
Honor 200 Pro 128GB (Coral),Honor Honor 200 Pro 3GB+128GB,1
honor x7e midnight black 6 256gb в подарок honor choice earbuds x8,honor x7e midnight black 6 256gb в подарок honor earbuds x8,1
Smartfon Infinix Note 40 Pro 512GB/4GB Purple,Smartfon Infinix Infinix Note 40 Pro 512GB Purple,1
Смартфон Samsung Galaxy M34 5G 1TB Cream,Samsung Galaxy M34 5G 1TB Cream,1
Xiaomi 13 512GB (Midnight),Xiaomi 13 512GB - Midnight,1
Redmi Redmi Note 13 4G Graphite 64GB,Tecno Tecno Spark 20 1TB Purple,0
Honor Magic5 Lite 1TB Midnight,Honor Honor 200,0
Смартфон Samsung Galaxy A25 512GB Midnight,Смартфон Samsung Galaxy A25 512GB Midnight,1
смартфон samsung galaxy a13 4 128gb черный,смартфон samsung galaxy a13 4 128gb,1
Honor Honor 90,Смартфон Honor Honor 90 1TB Cream,1
Redmi Redmi 12 4GB+1TB,Redmi 12 1TB Coral,1
Realme Realme GT 5 Pro 128GB Graphite,Realme GT 5 Pro 1TB - Natural,0
Samsung Galaxy Z Flip 5 12GB+512GB,Galaxy Z Flip 5 64GB (Blue),0
Honor X8a 1TB (Black),Смартфон Honor Honor X8a 1TB Black,1
Infinix Infinix Note 40 Pro,Смартфон Redmi Redmi A3 64GB Black,0
Смартфон Honor Honor Magic5 Pro 1TB Gold,Honor Honor Magic5 Pro,1
Realme 11 Pro 1TB - Blue,Smartfon Realme Realme 11 Pro 128GB Titanium,0
Tecno Tecno Pop 8 12GB+1TB,Smartfon Tecno Tecno Pova 5 1TB Deep Purple,0
Смартфон Xiaomi Xiaomi 11 Ultra 256GB Deep Purple,Xiaomi Xiaomi 13T Pro,0
Apple iPhone 14 Pro,iPhone 14 Pro 256GB Lavender,1
смартфон realme note 70 4 128 black,realme note 70 4 128 black,1
Smartfon Tecno Spark 20 Pro 64GB/4GB Coral,Vivo Vivo Y35 Lavender 128GB,0
redmi note 15 pro glacier blue 8 256gb,redmi note 11 продам уступка есть,0
Смартфон Vivo Vivo X90 Pro 256GB Midnight,Vivo Vivo X90 Pro,1
honor x9d 8 256gb sunrise gold,смартфон xiaomi redmi note 15 pro 5g 12 512gb glacier blue,0
Honor Honor Magic6 Pro 6GB/256GB White,Realme GT 5 Pro 1TB (Lavender),0
смартфон samsung galaxy s22 8 256gb золотистый,8 samsung galaxy s22 смартфон 256gb золотистый,1
Smartfon Vivo Vivo V29 Pro 1TB Black,Vivo Vivo V29 Pro Black 1TB,1
Vivo X100 512GB (Gold),Vivo Vivo Y100 12GB+512GB,0
Honor Honor X7b Green 64GB,Honor 100 Pro 64GB - Green,0
Galaxy A25 128GB - Starlight,Samsung Galaxy A25,1
Smartfon Xiaomi Xiaomi 13 Pro 1TB Coral,Смартфон Xiaomi Xiaomi 13 Pro 256GB Midnight,0
Apple iPhone 11 Pro Max,Apple iPhone 13 Deep Purple 128GB,0
Redmi Redmi Note 13 Pro 1TB Purple,Redmi Redmi Note 13 Pro 3GB/64GB Titanium,0
samsung galaxy a17 black 8 256gb,смартфон xiaomi redmi note 14 6 128gb midnight black,0
redmi 15 6 128gb titan gray,redmi note 14 6 128gb lime green,0
Galaxy A25 512GB (Titanium),Samsung Galaxy A25 Titanium 512GB,1
смартфон honor x9d 5g 12 256gb beige,смартфон honor x9d beige 12 256gb 5g,1
Xiaomi Xiaomi 11T,Smartfon Xiaomi 11T 512GB/3GB Cream,1
смартфон honor x7c 8 256 moonlight white,смартфон honor x7c 8 256 white,1
redmi note 15 доставка 8 256gb 6 128gb,redmi note 8 4 64 karobka dokument,0
Honor Honor Magic5 Lite,Honor Honor Magic5 Lite White 64GB,1
Redmi Redmi Note 11 Pro Titanium 128GB,Redmi Redmi Note 11 Pro 12GB+128GB,1
Smartfon Redmi Note 13 4G 128GB/4GB Green,Redmi Redmi Note 11 4GB+128GB,0
Smartfon Xiaomi Xiaomi 11 Ultra 512GB Titanium,Smartfon Xiaomi Xiaomi 11 Ultra 512GB Titanium,1
Смартфон Samsung Galaxy F14 5G 1TB Natural,Galaxy F14 5G 1TB Natural,1
Tecno Camon 30 512GB (Deep Purple),Tecno Tecno Camon 30 Deep Purple 512GB,1
Смартфон Infinix Infinix Note 30 Pro 512GB Black,Смартфон Infinix Infinix Note 30 Pro 512GB Black,1
Galaxy M34 5G 64GB - Gold,Смартфон Samsung Galaxy M34 5G 512GB Deep Purple,0
Redmi 13C 1TB (Gold),Redmi 13C 1TB (Gold),1
Redmi Note 12 Pro+ 128GB (Cream),Redmi 12C 128GB (Cream),0
Redmi Redmi 12 Silver 512GB,Oppo Reno 12 Pro 256GB (Black),0
Смартфон Xiaomi Xiaomi 13 Pro 512GB Titanium,Xiaomi Poco M5s 512GB Titanium,0
Apple iPhone 12 mini,Смартфон Apple iPhone 12 mini 64GB Starlight,0
смартфон infinix hot 30 4 128gb global green,смартфон xiaomi 13 lite 8 128gb blue,0
Smartfon Xiaomi 12X 256GB/6GB White,Xiaomi Xiaomi 14T Pro,0
Realme Realme C55,Realme Realme C55 3GB/128GB Purple,0
Redmi Note 13 Pro+ 512GB (Purple),Honor Honor X9a,0
Oppo Reno 12 Pro 256GB - Midnight,Oppo Reno 11 Pro 256GB Midnight,0
Samsung Galaxy M34 5G Silver 128GB,Smartfon Samsung Galaxy M34 5G 128GB Silver,1
Смартфон Samsung Galaxy S24 Ultra 512GB Midnight,Galaxy S24 Ultra 512GB - Midnight,1
itel a100 black,смартфон samsung galaxy s24 fe 8 128gb sim esim graphite,0
Samsung Galaxy S24,Samsung Galaxy A05 16GB/1TB Midnight,0
Smartfon Xiaomi Poco X6 256GB Silver,Smartfon Xiaomi Poco X6 256GB Silver,1
смартфон honor x9c 5g 12 512gb dual sim jade cyan,смартфон honor sim 5g 12 512gb dual x9c jade cyan,1
Смартфон Oppo Oppo A17 256GB Coral,Oppo Reno 10 Pro+ 256GB - Coral,0
iPhone 14 256GB - Starlight,iPhone 14 256GB - Starlight,1
Realme Realme Note 50 4GB+256GB,Smartfon Realme Note 50 256GB/4GB Blue,1
honor x6c 6 256gb qora smartfoni,honor x6c 256gb 6 qora smartfoni,1
Tecno Tecno Spark 20 Pro,Tecno Tecno Spark 20 Pro 4GB+1TB,1
Galaxy Z Fold 4 128GB Silver,Smartfon Apple iPhone 14 512GB Natural,0
Infinix Infinix Zero 30 5G Gold 64GB,Smartfon Infinix Zero 30 5G 64GB/16GB Gold,1
Infinix Smart 8 Plus 64GB (Black),Infinix Infinix Smart 8 Pro Black 64GB,0
Vivo Vivo V30 Pro 16GB+64GB,Redmi Note 13 4G 256GB (Graphite),0
Realme Realme C53 4GB+64GB,Realme Realme 11 64GB Coral,0
honor x7d 6 128gb black,honor x7d black 128gb 6,1
Smartfon Galaxy A14 512GB/8GB White,Samsung Galaxy A14 8GB/512GB White,1
Смартфон Redmi Redmi 12 128GB Deep Purple,Redmi Redmi 12 1TB Silver,0
iPhone 11 64GB Titanium,Apple iPhone 11,0
смартфон iphone 13 pro max 128gb gold,смартфон iphone pro 13 max 128gb gold,1
Infinix Note 40 Pro 1TB Lavender,Infinix Infinix Note 40 Pro 4GB+1TB,1
Smartfon Redmi Redmi Note 13 64GB Coral,Redmi Note 13 64GB (Coral),1
Smartfon Realme 12 1TB/12GB Natural,Realme Realme 12 Natural 1TB,1
Xiaomi Xiaomi 12 128GB Gold,Xiaomi 12 128GB (Gold),1
redmi note 15 6 128 forest green,redmi note 11 4 64gb срочна сотилади,0
iPhone 14 Pro Max 512GB (Lavender),Smartfon iPhone 11 Pro 512GB/8GB Lavender,0
смартфон samsung galaxy a15 5g 4 128gb blue,смартфон samsung galaxy a15 5g 4 blue,1
smartfon honor x9d 8 256gb midnight black,honor x8b midnight black 8 128gb,0
Galaxy A15 128GB (Blue),Galaxy A15 128GB - Blue,1
Смартфон Oppo Oppo Reno 10 Pro 64GB Blue,Smartfon Oppo Oppo Reno 10 Pro 64GB Blue,1
Redmi Note 12 1TB (Gold),Smartfon Redmi Redmi Note 12 1TB Gold,1
Infinix Infinix Zero 30 5G 64GB Cream,Infinix Infinix Zero 30 6GB+64GB,0
smartfon samsung galaxy a57 5g 8 256gb navy,apple iphone 17 256gb 1 sim 1 esim black smartfoni,0
Tecno Tecno Camon 30 Pro 4GB/512GB Gold,Smartfon Tecno Camon 30 Pro 512GB/4GB Gold,1
redmi a5 lake green 4 128gb,redmi note 15 pro 5g 8 256 black,0
Vivo Vivo V30 Pro 512GB Titanium,Vivo Vivo V30 Pro 16GB/128GB Natural,0
Xiaomi 11T Pro 512GB - Graphite,Xiaomi Xiaomi 11T Pro 6GB+256GB,0
Redmi Redmi 12C Blue 64GB,Смартфон Redmi Redmi 12C 64GB Blue,1
телефон novey s70r black,телефон novey black,1
Vivo Vivo Y22s Cream 512GB,Смартфон Oppo Oppo A78 1TB Silver,0
Infinix Infinix Zero 30 5G 4GB/1TB Black,Infinix Infinix Zero 30 5G 4GB+1TB,0
Oppo A17 128GB (Titanium),Smartfon Poco F5 512GB/16GB Green,0
Смартфон Tecno Tecno Pova 5 Pro 512GB Black,Tecno Tecno Pova 5 Pro,1
Smartfon Samsung Galaxy S24 Ultra 1TB Starlight,Smartfon Samsung Galaxy Z Flip 5 1TB Starlight,0
Smartfon Infinix Note 30 512GB/16GB Natural,Infinix Infinix Hot 40 Pro 16GB/512GB Natural,0
honor magic 8 lite yupqa uzoq vaqt xizmat qiladigan zamonaviy,honor magic 8 lite yupqa uzoq xizmat qiladigan zamonaviy,1
смартфон samsung galaxy s25 fe 8 256gb jet white,смартфон samsung galaxy fe 8 256gb jet white,1
Samsung Galaxy A34,Samsung Galaxy A34 Lavender 64GB,1
Infinix Infinix Zero 30 5G Purple 1TB,Infinix Zero 30 5G 256GB - Blue,0
Infinix Infinix Zero 20 Coral 128GB,Infinix Infinix Zero 20 Coral 128GB,1
Galaxy A34 1TB - Cream,Смартфон Samsung Galaxy A34 1TB Cream,1
Смартфон Infinix Infinix Smart 8 Pro 256GB Cream,Смартфон Honor Honor Magic5 Pro 1TB Titanium,0
Tecno Tecno Camon 20 Pro 6GB+256GB,Tecno Tecno Camon 20 Pro Gold 256GB,1
Смартфон Infinix Infinix Zero 20 128GB Green,Redmi Redmi Note 11S,0
смартфон xiaomi 15t 12 512gb black,смартфон xiaomi 15t 12 black,1
Tecno Tecno Pop 8 3GB/256GB Cream,Смартфон Tecno Tecno Pop 8 256GB Cream,1
Смартфон Vivo Vivo X100 512GB Lavender,Xiaomi 11T Pro 256GB White,0
Smartfon iPhone 13 Pro Max 256GB/12GB Black,iPhone 13 Pro Max 128GB Coral,0
Vivo Y100 64GB - Purple,Infinix Smart 8 Pro 512GB (Coral),0
Vivo Vivo Y200 16GB+64GB,Vivo Vivo Y200 16GB+64GB,1
iphone 17 256gb mist blue,xiaomi redmi 15 eu,0
Smartfon Vivo Vivo Y35 1TB Black,Vivo Y35 1TB - Black,1
Xiaomi Poco X6 128GB Gold,Oppo Oppo Reno 10 1TB Lavender,0
xiaomi redmi note 14 pro 5g 8 256gb global version purple 100gb of internet 3 months of tv com for free,xiaomi redmi note 14 pro 5g 8 256gb global version purple 100gb of internet months 3 of tv com for free,1
Apple iPhone 12 Pro 8GB+64GB,Apple iPhone 12 Pro Coral 128GB,0
redmi note 11pro,redmi not 10 s white,0
redmi not 10 s white,redmi note 15 black 6 128gb,0
Vivo Vivo V29 Pro 4GB+512GB,Vivo V29 Pro 512GB Midnight,1
Infinix Infinix Hot 40 Pro 6GB+64GB,Infinix Infinix Hot 40 Pro 6GB+64GB,1
Samsung Galaxy A54 5G 16GB/256GB Natural,Samsung Galaxy A54 5G 256GB Natural,1
Tecno Pova 6 Pro 128GB (Blue),Tecno Tecno Pova 6 Pro 16GB/128GB Blue,0
Infinix Smart 8 1TB Purple,Smartfon Infinix Infinix Smart 8 1TB Purple,1
Vivo Vivo X90 Pro,Oppo Oppo Reno 11 Coral 512GB,0
Смартфон Vivo Vivo V30 Pro 1TB Graphite,Vivo Vivo V30 Pro Graphite 1TB,1
Infinix Infinix Hot 40 12GB+1TB,Vivo Vivo V27 Pro Natural 64GB,0
Infinix Note 40 Pro 256GB - Gold,Infinix Note 40 Pro 1TB (White),0
смартфон samsung galaxy a56 256gb graphite,штатив jmary mt 75,0
Apple iPhone 13 mini,Смартфон Apple iPhone 13 mini 256GB Lavender,1
Xiaomi Poco M6 Pro White 128GB,Xiaomi Poco X6 12GB/128GB White,0
беспроводные наушники redmi buds 6 play white,smartfon redmi note 14 pro 5g 12 512gb frost blue,0
Tecno Pop 8 1TB Gold,Smartfon Tecno Pop 8 1TB/16GB Gold,1
Infinix Infinix Note 30 4GB/1TB Black,Infinix Infinix Note 30 512GB Graphite,0
Infinix Infinix Hot 30 Play Green 512GB,Infinix Note 40 512GB Green,0
Infinix Note 40 64GB (Cream),Infinix Infinix Note 40 Cream 64GB,1
Smartfon Tecno Phantom X2 Pro 128GB/16GB Titanium,Смартфон Honor Honor 200 Pro 64GB Purple,0
Galaxy S23 FE 512GB - Deep Purple,Smartfon Poco M6 Pro 1TB/8GB Coral,0
Realme Realme C67 256GB Titanium,Oppo Reno 10 128GB - Natural,0
Galaxy S23 64GB Black,Samsung Galaxy S23 Black 64GB,1
Tecno Tecno Pova 5 6GB/512GB Midnight,Smartfon Realme GT 5 64GB/6GB Graphite,0
Oppo Reno 10 128GB - Graphite,Oppo Oppo A38 12GB/128GB Graphite,0
redmi note 15 pro доставка проверка при получении,redmi note 15 получении доставка проверка при pro,1
Tecno Phantom V Fold 64GB Cream,Tecno Tecno Phantom V Fold 6GB/64GB Cream,1
Honor Honor Magic6 Pro 1TB Natural,Honor Honor X7b,0
Oppo Oppo Reno 10 Pro 1TB Green,Redmi Redmi Note 12 12GB/512GB Gold,0
Honor Honor Magic5 Pro 12GB/1TB Graphite,Honor Honor Magic5 Pro Lavender 256GB,0
redmi 15c 8 256gb mint green,redmi 12c ocean blue 3 64,0
Realme 11 Pro 512GB - Midnight,Realme Realme 11 Pro 16GB/512GB Midnight,1
iPhone 14 Pro 64GB (Deep Purple),Smartfon iPhone 14 Pro 64GB/3GB Deep Purple,1
honor x5c plus 4 128gb smartfoni midnight black,samsung galaxy a16 light green 6 128gb,0
Tecno Tecno Spark 20 Graphite 256GB,Tecno Tecno Spark 20,1
смартфон apple iphone 15 512gb pink,смартфон apple iphone 15 pink,1
смартфон iphone 13 mini 128gb pink,смартфон iphone 13 128gb pink,1
Honor Honor X8a 8GB/128GB Silver,Honor Honor Magic5 Lite 8GB/128GB Silver,0
Vivo Vivo V27 1TB Deep Purple,Vivo V27 1TB - Deep Purple,1
Samsung Galaxy A05 8GB+1TB,Galaxy A05 1TB (White),1
Xiaomi 13 512GB Natural,Смартфон Xiaomi Xiaomi 13 1TB Starlight,0
Smartfon Redmi Note 13 64GB/16GB White,Smartfon Redmi Redmi Note 12 Pro+ 64GB White,0
смартфон apple iphone 16 512gb dual esim black,смартфон 512gb iphone 16 apple dual esim black,1
Honor Magic5 Pro 512GB (Lavender),Honor Magic6 Pro 512GB (Lavender),0
Tecno Tecno Phantom X2 Pro Starlight 512GB,Tecno Tecno Phantom X2 Pro 3GB+64GB,0
Смартфон Tecno Tecno Camon 30 Pro 1TB Deep Purple,Tecno Tecno Camon 30 Pro Deep Purple 1TB,1
Smartfon Tecno Tecno Camon 30 128GB Green,Smartfon Tecno Tecno Camon 30 128GB Green,1
Tecno Tecno Pop 8,Tecno Tecno Pop 8 64GB Black,1
смартфон xiaomi mix flip 12гб 256гб black,смартфон xiaomi 12гб flip mix 256гб black,1
xiaomi 11 5e ne lite,11 5e ne lite,1
Tecno Tecno Camon 30 Pro 16GB/256GB Graphite,Tecno Tecno Camon 30 Pro 16GB/256GB Graphite,1
smartfon honor x7d 6 128gb mateor silver,honor x7c midnight black 8 256gb,0
Смартфон Redmi Redmi K60 128GB Deep Purple,Smartfon Redmi Redmi K60 128GB Deep Purple,1
Tecno Tecno Phantom X2 Pro,Galaxy Z Fold 4 1TB Lavender,0
Samsung Galaxy A05s Starlight 1TB,Galaxy A05s 1TB Starlight,1
Honor Honor Magic5 Lite 8GB+128GB,Honor Honor Magic5 Lite 8GB+128GB,0
смартфон xiaomi redmi note 14 8 256gb midnight black,смартфон xiaomi redmi note 14 256gb midnight black,1
Honor 100 64GB (Black),Honor 90 64GB (Black),0
Apple iPhone 11 Pro,iPhone 11 Pro 128GB Blue,1
Redmi Redmi 13 16GB+1TB,Redmi Redmi 13 Coral 1TB,1
Samsung Galaxy S21 FE,Smartfon Galaxy S21 FE 512GB/16GB Lavender,1
Smartfon Honor Honor 90 Pro 512GB Natural,Honor 90 Lite 512GB Natural,0
смартфон tecno spark go 3 galaxy,3 tecno spark go смартфон galaxy,1
Смартфон Vivo Vivo X100 Pro 64GB Graphite,Smartfon Vivo X100 Pro 64GB/3GB Graphite,1
Smartfon Redmi Redmi 12 256GB Titanium,Redmi 12 256GB Titanium,1
iPhone 11 1TB (Black),Apple iPhone 11 6GB/128GB Natural,0
Smartfon Oppo Oppo Reno 12 512GB Lavender,Oppo Oppo Reno 12 8GB/512GB Lavender,1
Redmi Note 11S 128GB - Natural,Redmi Redmi Note 11S,0
Vivo Vivo Y200 8GB+64GB,Vivo Vivo Y200 Titanium 64GB,1
смартфон spark go 2 km4 64 3 veil white,смартфон spark go 2 km4 64 3 white,1
Tecno Phantom X2 Pro 1TB - Silver,Infinix Infinix Zero 20 8GB/256GB Black,0
redmi a5 3 64 lake green,redmi 10 рабочие,0
Smartfon Infinix Infinix Smart 8 Pro 64GB Cream,Oppo Find X7 Ultra 256GB (Black),0
смартфон xiaomi redmi note 6 pro 3 32gb mix,смартфон xiaomi note 6 pro 3 32gb mix,1
смартфон xiaomi 17 pro max 16 512gb green,смартфон xiaomi pro max 16 512gb green,1
apple iphone 14 pro max 256gb e sim фиолетовый,смартфон iphone 12 pro 256gb gold dual,0
oppo a5 cph2727 aurora green 256 гб 8 гб,oppo a5 cph2727 aurora green 8 гб 256 гб,1
Smartfon Oppo A79 5G 64GB/8GB Silver,Oppo Oppo A79 5G Silver 64GB,1
Redmi Redmi Note 12 Pro+ Deep Purple 512GB,Apple iPhone 12 Pro 3GB+1TB,0
смартфон iphone 13 pro max 1tb graphite dual,смартфон xiaomi mi 9 lite 6 128gb,0
Oppo Find X6 Pro 128GB Natural,Oppo Find X6 Pro 128GB (Natural),1
Смартфон Infinix Infinix Smart 8 64GB Cream,Infinix Infinix Smart 8 Cream 64GB,1
Redmi Redmi Note 13 Pro+ 3GB+512GB,Redmi Redmi Note 13 Pro+ 512GB Natural,1
смартфон samsung galaxy s24 8 128gb nano sim esim violet,смартфон oppo a72 4 128gb white,0
Vivo Y36 512GB (Gold),Смартфон Vivo Vivo V30 Pro 512GB Gold,0
держатель для телефона baseus tank gravity suyl tk01,смартфон apple iphone se 32gb gray,0
Vivo Vivo X90 Pro 4GB+64GB,Smartfon Vivo X90 Pro 128GB/4GB Midnight,0
Oppo Oppo A58 6GB+128GB,Oppo Oppo Reno 10 Pro+,0
Realme Realme 11 Pro+ 12GB/256GB Graphite,Smartfon Realme Realme 11 Pro 256GB Graphite,0
респираторная маска 3м 7502 оригинал защита от пыли газа и химических веществ,химических маска 3м 7502 оригинал защита от пыли газа и респираторная веществ,1
смартфон xiaomi redmi note 13 5g 8 256gb arctic white,смартфон honor x6a 6 128gb dual nano sim черный,0
смартфон apple iphone 13 128gb starlight,смартфон apple 13 128gb starlight,1
Honor X9b 256GB (Cream),Galaxy A05 64GB (Purple),0
Oppo Oppo Reno 12 Pro Deep Purple 1TB,Tecno Tecno Pova 5 3GB+128GB,0
Redmi Redmi Note 13 Pro+ 256GB Cream,Redmi Note 13 Pro+ 256GB - Cream,1
Tecno Tecno Pova 6 Midnight 256GB,Tecno Pova 6 256GB Midnight,1
Infinix Infinix Hot 40 512GB Starlight,Infinix Infinix Hot 40 512GB Starlight,1
iPhone 12 Pro Max 1TB (Lavender),iPhone 12 Pro Max 1TB - Lavender,1
Smartfon Redmi Redmi Note 13 4G 64GB White,Redmi A3 64GB White,0
Infinix Zero 30 5G 512GB - Natural,Infinix Infinix Zero 30 5G Silver 128GB,0
samsung galaxy s25 ultra 5g 12 512gb titanium blue 100gb of internet 3 months of tv com for free,смартфон xiaomi redmi 15 8 128gb titan gray,0
Smartfon iPhone 11 256GB/6GB Natural,Apple iPhone 12 Pro,0
Vivo Vivo Y35 12GB/512GB Black,Смартфон Vivo Vivo Y35 512GB Black,1
смартфон honor 200 8 256gb coral pink,смартфон honor coral 8 256gb 200 pink,1
Infinix Smart 8 Pro 256GB - Graphite,Смартфон Infinix Infinix Smart 8 Pro 256GB Graphite,1
Apple iPhone 14 Pro Max Natural 256GB,iPhone 14 Pro Max 256GB Natural,1
Tecno Tecno Camon 30 Pro 6GB/64GB Coral,Tecno Tecno Camon 20 Pro Coral 64GB,0
Galaxy A15 512GB Black,Samsung Galaxy A15 1TB Natural,0
Samsung Galaxy S22 Ultra 3GB+128GB,Смартфон Samsung Galaxy S22 Ultra 128GB Graphite,1
Смартфон Infinix Infinix Note 40 Pro 1TB Natural,Infinix Note 40 Pro 1TB - Natural,1
iPhone 15 Pro 512GB - Natural,Galaxy Z Flip 4 1TB - Titanium,0
Samsung Galaxy A54 5G 256GB Blue,Samsung Galaxy A54 5G 256GB Blue,1
смартфон samsung galaxy a14 4 64gb silver,silver samsung galaxy a14 4 64gb смартфон,1
Smartfon Tecno Pova 5 Pro 128GB/8GB Cream,Tecno Pova 5 Pro 128GB (Cream),1
Infinix Infinix Zero 30,Infinix Infinix Zero 30 128GB Silver,1
Смартфон Apple iPhone 13 Pro Max 128GB Lavender,Smartfon Oppo Reno 10 Pro+ 256GB/6GB Midnight,0
Smartfon Realme Note 50 64GB/4GB Graphite,Smartfon Oppo Oppo Reno 10 256GB Lavender,0
Samsung Galaxy A54 5G Green 128GB,Galaxy A54 5G 128GB Green,1
Tecno Tecno Spark 20 Pro 6GB/512GB Coral,Tecno Pova 6 512GB (Coral),0
Vivo Vivo Y35 3GB/1TB Green,Vivo Vivo Y35 3GB+128GB,0
honor 200 12 512gb white 100gb of internet 3 months of tv com for free,honor 200 lite 8 256gb starry blue,0
Smartfon Galaxy A14 128GB/4GB Purple,Galaxy A14 1TB - Midnight,0
смартфон xiaomi redmi 15c 6 128gb twilight orange,смартфон honor 70 8 256gb global black,0
Смартфон Oppo Oppo Find X6 Pro 64GB Green,Apple iPhone 15 Lavender 256GB,0
Galaxy S24+ 128GB - Graphite,Samsung Galaxy S24+,1
смартфон samsung galaxy s24 ultra 12 256gb nano sim esim black titan,смартфон samsung galaxy titan ultra 12 256gb nano sim esim black s24,1
Смартфон Realme Realme C55 256GB White,Realme Realme C55,0
Smartfon Honor Honor X8a 512GB Deep Purple,Honor Honor X8a 512GB Deep Purple,1
фитнес браслет huawei honor band 6 sandstone grey,honor 600 lite 8 256gb velvet black,0
Vivo Vivo V29,Vivo Vivo Y100 Titanium 128GB,0
Galaxy Z Flip 5 1TB (Coral),Galaxy F14 5G 1TB - Coral,0
Vivo V30 Pro 256GB Green,Vivo Vivo V30 Pro Green 256GB,1
Realme Realme GT 5 Pro 16GB/256GB Graphite,Smartfon Realme Realme 11 Pro 256GB Graphite,0
Smartfon Infinix Infinix Hot 40 512GB Purple,Infinix Hot 40 512GB Purple,1
Apple iPhone SE 3 64GB Deep Purple,Xiaomi 14 Pro 1TB Lavender,0
Infinix Infinix Zero 20 Green 512GB,Smartfon Infinix Zero 20 512GB/4GB Green,1
Oppo Find X6 Pro 512GB - Gold,Honor Honor X8b 6GB/256GB Graphite,0
Redmi K70 Pro 256GB - Graphite,Redmi Redmi K70 Pro,1
Infinix Infinix Hot 40 Pro 128GB Green,Smartfon Infinix Hot 40 Pro 128GB/6GB Green,1
Redmi Redmi K70 Pro 4GB/512GB Titanium,Redmi K70 Pro 512GB - Titanium,1
Realme C53 256GB - Coral,Honor Honor X9a Cream 64GB,0
телефон nokia 150 black,телефон nokia 150,1
Смартфон Infinix Infinix Smart 8 Plus 128GB Cream,Infinix Infinix Note 30 4GB+128GB,0
Xiaomi Xiaomi 13 Pro 8GB+256GB,Xiaomi Xiaomi 13 Pro,0
смартфон google pixel 7 pro 12 128gb снежно белый,смартфон google pixel 7 pro 12 128gb белый,1
Смартфон Xiaomi Xiaomi 14 Pro 256GB Green,Xiaomi Xiaomi 14 Pro 16GB+256GB,1
Realme Realme 12 Pro,Smartfon Realme 12 Pro 256GB/12GB Purple,1
Tecno Tecno Spark 20 Pro,Tecno Tecno Spark 20 Pro 128GB Lavender,0
Vivo Vivo V27 16GB+1TB,Redmi Redmi K70 Pro 16GB+128GB,0
Smartfon Redmi 12 128GB/12GB Natural,Redmi 12C 128GB Natural,0
Oppo Oppo Reno 10 Pro+ 128GB Coral,Oppo Oppo Reno 10 Pro+ 16GB+128GB,1
Xiaomi Xiaomi 14 Ultra Silver 64GB,Smartfon Xiaomi 11T 64GB/16GB Silver,0
Смартфон Infinix Infinix Smart 8 128GB Blue,Infinix Smart 8 1TB - Midnight,0
Infinix Smart 8 128GB - Natural,Smartfon Infinix Zero 30 128GB/8GB Natural,0
смартфон honor x9d 12 256 midnight black,смартфон honor x9d 256 12 midnight black,1
Xiaomi Xiaomi 13 Ultra,Xiaomi Xiaomi 13 Ultra Graphite 64GB,1
Xiaomi Xiaomi 13T Pro 8GB+128GB,Xiaomi Xiaomi 13T Pro 8GB+128GB,1
Honor 100 Pro 1TB Silver,Smartfon Honor Honor 100 Pro 1TB Silver,1
Смартфон Realme Realme 11 256GB Titanium,Smartfon Realme 11 256GB/12GB Titanium,0
Infinix Smart 8 Pro 128GB (Midnight),Infinix Smart 8 Pro 128GB (Midnight),1
Redmi 13C 256GB - Silver,Redmi 13C 256GB (Silver),1
Xiaomi 14T 512GB Titanium,Xiaomi Xiaomi 14T 16GB+256GB,0
Смартфон Realme Realme GT 5 128GB Black,Smartfon Redmi Redmi A2+ 256GB Gold,0
Honor X9a 64GB (Lavender),Honor Honor X9a 64GB Lavender,1
Smartfon Xiaomi Poco X6 1TB Cream,Xiaomi Poco X6,1
Смартфон Oppo Oppo Find X7 64GB White,Tecno Tecno Pova 5 Pro 6GB+1TB,0
Oppo A17 128GB Purple,Oppo A79 5G 128GB (Purple),0
Oppo Oppo Reno 10 Pro+ 4GB+1TB,Oppo Oppo Reno 10 Pro+ 4GB/1TB Natural,1
honor x8d karobka ideal,x8d honor karobka ideal,1
Tecno Tecno Spark 20 3GB/512GB Natural,Tecno Spark 20 512GB (Natural),1
huawei nova 14i 8 128gb black,huawei nova 14i 8 128gb,1
Infinix Note 40 Pro 1TB Silver,Infinix Infinix Note 40 Pro 12GB+1TB,1
Smartfon Xiaomi Xiaomi 14 64GB Deep Purple,Xiaomi Xiaomi 14,1
redmi 15c 4 128 blue,sotiladi redmi not 12 s,0
Smartfon Xiaomi 13 Ultra 128GB/3GB Gold,Xiaomi Xiaomi 13 Ultra 3GB/128GB Gold,1
Xiaomi 13 64GB (Black),Смартфон Xiaomi Xiaomi 13 64GB Black,1
Xiaomi Poco F5 Pro 64GB Purple,Poco F5 Pro 64GB - Purple,1
redmi note 12 s sotiladi,смартфон xiaomi poco c81 pro 4 64gb gold,0
Tecno Tecno Pova 6 Pro,Tecno Tecno Pova 6 Pro 128GB Silver,1
Oppo Oppo Reno 12 512GB Silver,iPhone 14 Pro 1TB (Black),0
Honor Honor 90 Pro Gold 128GB,Realme Realme C33,0
Apple iPhone 13 Natural 128GB,iPhone 13 128GB - Natural,1
Смартфон Oppo Oppo Find X7 Ultra 512GB Lavender,Oppo Reno 10 Pro+ 512GB Lavender,0
Redmi 13C 512GB (Graphite),Smartfon Redmi Redmi 13C 512GB Graphite,1
Redmi Redmi Note 13 Pro+ Green 128GB,Redmi Redmi Note 13 Pro+ 8GB+128GB,1
iPhone 11 Pro 64GB (Cream),Apple iPhone 12 Cream 64GB,0
смартфон xiaomi redmi note 11 4 64gb star blue,11 xiaomi redmi note смартфон 4 64gb star blue,1
Redmi Redmi 12C 16GB/1TB Deep Purple,Redmi 12C 1TB - Deep Purple,1
redmi 15c mint green 8 256gb,redmi pad se 128gb келиштириб бервораман,0
Infinix Zero 30 128GB (Starlight),Смартфон Redmi Redmi Note 12 Pro 64GB Gold,0
Apple iPhone 11 Midnight 64GB,Redmi K60 1TB Black,0
iPhone 13 Pro 256GB - Blue,Apple iPhone 12 Pro,0
Realme Realme 12 Pro+,Realme Realme 12 Pro+ 1TB Silver,1
Apple iPhone 15 Plus 16GB/1TB Deep Purple,Apple iPhone 15 Plus White 64GB,0
смартфон apple iphone 16 pro max 1tb sim esim natural titanium,смартфон iphone 12 pro 256gb black dual,0
redmi note 15 pro 8 256 mocha brown,redmi 15 6 128 8 128 8 256,0
Apple iPhone 14 Plus,Smartfon Apple iPhone 14 Plus 1TB Cream,0
смартфон xiaomi redmi 13c 6 128gb белый,xiaomi redmi 13c 6 128gb белый,1
Смартфон Apple iPhone SE 3 512GB Deep Purple,Smartfon iPhone SE 3 256GB/16GB Green,0
Apple iPhone 11 Pro Max Purple 256GB,Smartfon iPhone 11 Pro Max 256GB/4GB Purple,1
смартфон realme 9i 4 128gb prism blue,9i realme смартфон 4 128gb prism blue,1
смартфон iphone 13 pro max 128gb graphite,смартфон honor x8с 8 256gb midnight black,0
Tecno Tecno Spark 10,Tecno Tecno Spark 20 Pro,0
huawei pura 80 ultra 16 512gb gold,huawei pura 80 ultra gold 512gb 16,1
Samsung Galaxy A55 5G,Samsung Galaxy A55 5G 4GB/512GB Cream,1
смартфон samsung galaxy s25 5g 12 256gb dual sim icy blue,смартфон samsung galaxy s25 5g 12 256gb icy sim dual blue,1
Смартфон Redmi Redmi Note 12 256GB Gold,Smartfon Redmi Redmi Note 12 256GB Gold,1
смартфон realme c30s rmx3690 4 64gb stripe blue,смартфон iphone 12 pro 256gb black dual,0
Infinix Infinix Hot 40 Pro Starlight 512GB,Infinix Infinix Hot 40 Pro,0
iPhone SE 3 512GB - Black,Apple iPhone 12 16GB/512GB Black,0
honor x9c smart 8 256gb midnight black,honor x9c smart 8 256gb midnight,1
смартфон honor 90 5g 8 256gb peacock blue,смартфон huawei nova y91 8 256gb global 2 sim серебристый,0
Redmi Redmi 13C 4GB+128GB,Honor 80 Pro 256GB Blue,0
iPhone 13 256GB - Black,Apple iPhone 13,1
смартфон oppo reno 7 8 128gb cosmic black,смартфон 7 reno oppo 8 128gb cosmic black,1
смартфон vivo y20 4 64 blue,смартфон vivo y19s pro 6 256 black,0
карта памяти kingston sdcs 16gb,смартфон samsung galaxy a17,0
Honor 200 256GB (Black),Смартфон Honor Honor Magic5 Pro 256GB Black,0
Smartfon Galaxy A34 128GB/3GB Natural,Galaxy A34 128GB - Natural,1
Смартфон Realme Realme 11 128GB Green,Realme Realme 11 16GB/1TB Starlight,0
Realme Realme GT 5 Pro,Redmi Redmi 12 256GB Green,0
Smartfon Honor X9a 128GB/4GB Green,Honor 80 Pro 128GB (Green),0
Smartfon Samsung Galaxy S23 256GB Deep Purple,Samsung Galaxy S23 Cream 512GB,0
Смартфон Samsung Galaxy A05s 64GB Lavender,Samsung Galaxy A05s 6GB+256GB,0
Redmi Redmi Note 12 Pro+ 6GB+128GB,Smartfon Redmi Redmi Note 12 Pro+ 128GB Deep Purple,1
смартфон huawei pura 80 12 256 black white,80 huawei pura смартфон 12 256 black white,1
Infinix Zero 30 5G 512GB Purple,Infinix Zero 30 5G 512GB - Purple,1
Smartfon Redmi Redmi K60 1TB Blue,Tecno Tecno Camon 20 Pro 16GB+512GB,0
смартфон apple iphone 14 pro 512gb e sim золотистый,smartfon samsung galaxy a37 5g 8 128gb gray,0
Apple iPhone 15 Pro Max 8GB/128GB Cream,Apple iPhone 15 Pro Max Cream 128GB,1
Samsung Galaxy A34 16GB/512GB Titanium,Samsung Galaxy M34 5G 16GB+512GB,0
Honor Honor X9b,Смартфон Honor Honor X9b 1TB Lavender,1
Smartfon Oppo Reno 10 128GB/8GB Starlight,Oppo Reno 10 512GB - Green,0
Смартфон Samsung Galaxy S23 1TB Titanium,Смартфон Samsung Galaxy S23 1TB Titanium,1
Smartfon Realme 9 Pro+ 128GB/8GB Gold,Realme Realme 12 Pro 8GB+128GB,0
Honor Honor X7b Silver 128GB,Honor 200 Pro 128GB - Silver,0
Infinix Infinix Note 30 256GB Titanium,Infinix Note 30 1TB Natural,0
honor 400 lite зеленый 8 256gb,400 lite зеленый 8 256gb,1
Smartfon Apple iPhone 15 Pro Max 512GB Graphite,iPhone 15 Pro Max 512GB - Graphite,1
Poco F5 512GB Midnight,Smartfon Poco F5 512GB/12GB Midnight,1
Samsung Galaxy M34 5G 256GB Lavender,Smartfon Galaxy M34 5G 256GB/8GB Lavender,1
Xiaomi Xiaomi 13 4GB+256GB,Smartfon Apple iPhone 15 64GB Coral,0
Honor Honor 200,Smartfon Honor Honor 200 256GB Coral,1
Смартфон Apple iPhone 13 Pro Max 64GB Cream,Samsung Galaxy M34 5G 512GB Coral,0
Smartfon Samsung Galaxy S22 Ultra 512GB Graphite,Honor 80 Pro 256GB (White),0
samsung galaxy s26 ultra 12 512gb black,samsung galaxy s26 ultra 12 512gb,1
Infinix Zero 30 5G 128GB (Coral),Infinix Note 40 Pro 128GB (Coral),0
Vivo Vivo Y36 8GB+64GB,Smartfon Vivo Vivo Y36 64GB Cream,1
Oppo Oppo Reno 10 Pro+ 64GB Coral,Smartfon Oppo Reno 10 Pro+ 64GB/8GB Coral,1
Redmi Redmi Note 11 White 128GB,Smartfon Redmi Redmi Note 11 256GB Deep Purple,0
Infinix Infinix Note 30 Silver 64GB,Infinix Infinix Note 30 Silver 64GB,1
Oppo Oppo Reno 10 Pro+ 16GB+128GB,Oppo Oppo A17 128GB Green,0
Realme 11 1TB Deep Purple,Realme Realme 11 3GB+1TB,1
Redmi Redmi A2+ 12GB+512GB,Redmi Note 13 4G 512GB Purple,0
Vivo V30 Pro 1TB (Black),Xiaomi 13 Pro 64GB (Lavender),0
Oppo Oppo Reno 10 Pro Purple 512GB,Xiaomi Xiaomi 14T Pro 256GB Gold,0
Tecno Camon 30 512GB Natural,Tecno Camon 30 512GB (Natural),1
realme c3 64gb xolati zor,realme c3 64gb xolati,1
Tecno Tecno Pova 6 Pro,Tecno Pova 6 Pro 64GB Silver,1
смартфон honor x8 6 128gb black в подарок зонт термос кольцо держатель,honor x5c plus 4 128 ocean cyan,0
Vivo Y22s 512GB Coral,Vivo Vivo X100 3GB/512GB Coral,0
Oppo Oppo Reno 12,Смартфон Oppo Oppo A58 128GB Silver,0
Honor Honor 90 Graphite 64GB,Smartfon Honor 90 64GB/3GB Graphite,0
Tecno Tecno Pova 6 Pro 1TB Titanium,Tecno Tecno Spark 10 12GB+1TB,0
Smartfon Realme Realme C67 64GB Silver,Realme C67 64GB Silver,1
смартфон xiaomi mix 12gb 512gb flip black,samsung galaxy a26,0
Vivo X90 Pro 1TB Blue,Vivo Vivo X90 Pro 1TB Blue,1
Smartfon Vivo V30 Pro 512GB/8GB Titanium,Oppo Oppo A38,0
Смартфон Samsung Galaxy S23+ 256GB Starlight,Samsung Galaxy S23+ 4GB/256GB Starlight,1
Smartfon Infinix Infinix Note 40 64GB Blue,Infinix Infinix Note 40 4GB/512GB Purple,0
Smartfon Apple iPhone 13 mini 64GB White,Smartfon Apple iPhone 13 mini 64GB White,1
Realme Realme C55 12GB/256GB Cream,Realme 11 256GB Cream,0
Tecno Tecno Spark 10 128GB Purple,Tecno Spark 10 128GB Purple,1
Xiaomi Xiaomi 12,Xiaomi 12 64GB Graphite,1
xiaomi 15 12 256gb black,xiaomi 15 black 256gb 12,1
honor 400 pro 12 512gb,honor 600 pro black 12 512gb,0
redmi note 8 4 64 karobka dokument,redmi note 15 sandy purple 6 128gb,0
Redmi Redmi Note 12 Pro+,Redmi Note 12 Pro+ 512GB Silver,1
Smartfon Honor Honor Magic5 Lite 128GB Green,Infinix Note 40 64GB (Natural),0
Vivo Vivo Y100,Vivo Vivo Y100 16GB/256GB Blue,0
смартфон apple iphone 15 pro 256gb black titanium,apple iphone 15 pro 256gb black titanium,1
Samsung Galaxy S24 8GB/1TB Silver,Galaxy S24 1TB (Silver),1
Infinix Infinix Smart 8 Plus White 1TB,Smartfon Infinix Smart 8 Plus 1TB/16GB White,1
Smartfon Apple iPhone 11 Pro 128GB White,Infinix Infinix Smart 8 Pro 256GB Titanium,0
Vivo Vivo V27 Pro,Smartfon Oppo Oppo Find X6 Pro 1TB Titanium,0
Realme GT 5 Pro 128GB Midnight,Realme Realme GT 5 Pro 128GB Midnight,1
беспроводное зарядное устройство huntkey 10w,беспроводное устройство huntkey 10w,1
Infinix Note 30 Pro 64GB - Graphite,Infinix Note 30 Pro 64GB Graphite,1
Galaxy S22 64GB Gold,Samsung Galaxy A55 5G 12GB+64GB,0
oppo a6x 4 128 plum purple,oppo a6x 128 plum purple,1
iPhone 15 Pro Max 1TB - Titanium,Apple iPhone 15 Pro Max 8GB/1TB Titanium,1
Realme Realme GT 5 1TB Black,Apple iPhone 12 Pro Max 3GB+512GB,0
смартфон apple iphone se 32gb rose,смартфон apple iphone rose 32gb se,1
Poco M6 Pro 128GB Black,Xiaomi Poco M6 Pro 8GB/1TB Silver,0
Oppo Oppo A79 5G,Oppo Oppo A79 5G Lavender 1TB,1
телефон novey m113 черный,телефон novey черный,1
Samsung Galaxy A25 4GB+64GB,Samsung Galaxy A25,0
смартфон tecno camon 20 8 256gb glacier glow,256gb tecno camon 20 8 смартфон glacier glow,1
смартфон honor 200 pro 16 1tb black,смартфон honor black pro 16 1tb 200,1
Smartfon Honor Honor X7b 64GB Natural,Smartfon Honor Honor X7b 64GB Natural,1
smartfon samsung galaxy a17 6 128gb black,128gb samsung galaxy a17 6 smartfon black,1
iphone 17 pro max silver 2tb,iphone 17 pro 2tb silver max,1
honor x9d 5g 12 256gb midnight black 365gb internet 3 oy bepul tv com sovg a,smartfon honor x7d 6 128gb gold,0
Oppo Reno 10 Pro+ 128GB - Coral,Smartfon Oppo Oppo Reno 10 Pro+ 128GB Coral,1
Apple iPhone 15 Pro Max,Realme GT 5 128GB Green,0
смартфон samsung galaxy a35 5g 8 256gb dark blue,oppo a6 pro 8 256gb lunar titanium,0
Xiaomi Poco X6 Pro 3GB/64GB Coral,Redmi Redmi Note 13 4G 3GB/128GB Cream,0
Смартфон Xiaomi Xiaomi 12 64GB Silver,Redmi A2+ 1TB White,0
Apple iPhone 13 mini Natural 64GB,Apple iPhone 13 mini 1TB Graphite,0
Infinix Infinix Zero 20 12GB+512GB,Infinix Zero 20 512GB (Black),1
Smartfon Oppo Reno 10 Pro 512GB/12GB Graphite,Oppo Oppo Reno 10 Pro,1
apple iphone 17 pro max 256gb 1 sim 1 esim deep blue smartfoni,смартфон samsung galaxy s24 12 256gb dual esim yellow,0
смартфон samsung galaxy a06 4 128gb green,xiaomi redmi note 14 pro 5g 12 512gb midnight black smartfoni,0
Galaxy S21 FE 64GB - Starlight,Galaxy S21 FE 64GB Starlight,1
iPhone 12 1TB - Natural,Apple iPhone 12 128GB Graphite,0
Смартфон Vivo Vivo V30e 128GB White,Honor Honor X8b,0
смартфон iphone 12 mini 256gb black,смартфон iphone 12 mini black,1
Smartfon Redmi Redmi K70 Pro 128GB Midnight,Smartfon Redmi Redmi K70 Pro 128GB Midnight,1
Oppo Reno 12 Pro 512GB - Purple,Smartfon Oppo Reno 12 Pro 512GB/12GB Purple,1
Infinix Note 30 Pro 512GB - Starlight,Redmi Note 13 Pro 128GB (Cream),0
Redmi K70 Pro 1TB (Coral),Apple iPhone SE 3,0
Smartfon Galaxy Z Flip 5 64GB/12GB Lavender,Samsung Galaxy A14 12GB+64GB,0
Honor Honor X9b 1TB Gold,Honor Honor X9b 256GB Green,0
Oppo Oppo Find X7 Ultra 64GB Gold,Smartfon Oppo Find X7 Ultra 64GB/8GB Gold,1
Oppo A17 512GB (Coral),Oppo Oppo A17 512GB Coral,1
Realme 11 Pro 1TB - Cream,Realme 11 Pro 256GB Deep Purple,0
Смартфон Honor Honor 200 Pro 256GB Midnight,Smartfon Honor Honor 200 Pro 256GB Midnight,1
Samsung Galaxy Z Flip 5 Gold 256GB,Smartfon Galaxy Z Flip 5 256GB/3GB Gold,1
Samsung Galaxy S22 Ultra Deep Purple 64GB,Смартфон Samsung Galaxy S22 Ultra 64GB Deep Purple,1
смартфон google pixel 7 8 256gb black,смартфон google black 7 8 256gb pixel,1
смартфон samsung galaxy a16 6 128gb grey,смартфон samsung galaxy a16 128gb grey,1
xiaomi redmi note 15 pro 5g 8 256gb glacier blue,смартфон huawei nova y63 4gb 128gb silver,0
honor 90 holati yangi,смартфон google pixel 6 pro 12gb 512gb sorta sunny,0
Infinix Smart 8 Pro 1TB - Starlight,Infinix Infinix Smart 8 Pro,1
Infinix Infinix Zero 30 5G,Infinix Infinix Zero 30 5G 16GB/1TB Graphite,0
Smartfon Honor 80 Pro 256GB/8GB Purple,Honor 90 256GB (Purple),0
Smartfon Vivo Vivo X100 512GB Graphite,Tecno Spark 20 Pro 1TB Gold,0
Apple iPhone 13 Pro Max 64GB Titanium,Смартфон Apple iPhone 13 Pro Max 64GB Titanium,1
Tecno Pova 6 Pro 1TB Purple,Tecno Tecno Pova 6 Pro,0
Infinix Infinix Zero 30 5G 256GB Titanium,Redmi Note 13 4G 128GB Blue,0
Realme Realme GT 5 64GB Natural,Realme Realme GT 5 64GB Natural,1
смартфон honor x9c 8 256 titanium black,смартфон honor x8d gray 8 256gb,0
Xiaomi Xiaomi 13 Lavender 256GB,Redmi Redmi 12 4GB+128GB,0
Vivo V27 Pro 64GB (Starlight),Xiaomi Poco M5s 4GB/1TB Cream,0
Honor X9a 128GB - Natural,Vivo Vivo V27 4GB/64GB Graphite,0
samsung galaxy a26 6 128gb mentol smartfoni sovg aga borofone type c 20w zaryadlash qurilmasi,смартфон apple iphone 17 pro max 256gb sim e sim,0
apple iphone 16 128gb green,телефон novey a70r black,0
Smartfon Apple iPhone SE 3 128GB Cream,iPhone SE 3 128GB (Cream),1
Smartfon Poco X6 Pro 64GB/6GB Green,Oppo Oppo Find X6 Pro Graphite 1TB,0
смартфон honor 200 16 512gb emerald green,смартфон honor 200 pro 16 512gb ocean cyan,0
Vivo Vivo Y35 128GB Blue,Smartfon Vivo Vivo Y35 128GB Blue,1
iphone 17 pro 256gb deep blue,iphone pro 256gb deep blue,1
Smartfon Infinix Hot 40 Pro 128GB/16GB Coral,Vivo X100 Pro 512GB (Titanium),0
смартфон samsung galaxy a37 5g 8 128gb gray,samsung galaxy a37 5g 8 128gb gray,1
honor 600 8 512 black,honor 600 pro 12 512 orange,0
Xiaomi 14 128GB (White),Xiaomi Xiaomi 14 16GB+256GB,0
Smartfon Oppo A58 64GB/3GB Blue,Oppo Find X7 64GB Blue,0
Vivo Vivo Y22s,Vivo Y22s 512GB (Deep Purple),1
смартфон apple iphone 16 plus 512gb sim esim teal,смартфон apple iphone 16 plus esim sim 512gb teal,1
Smartfon Samsung Galaxy S24 1TB Titanium,Galaxy S24 1TB (Titanium),1
Tecno Pova 5 1TB Deep Purple,Galaxy A35 5G 128GB - White,0
смартфон iphone 13 pro max 128gb graphite dual,смартфон 13 pro max 128gb graphite dual,1
Tecno Tecno Pova 6 Pro,Tecno Pova 6 Pro 256GB (Blue),1
Realme 12 Pro 256GB - Green,Realme Realme 12 Pro,1
Infinix Note 30 256GB - Midnight,Infinix Infinix Note 30,1
Apple iPhone 12 mini 64GB Titanium,iPhone 12 mini 1TB Gold,0
смартфон samsung galaxy a04s 3 32gb black,смартфон vivo v60 lite 8 256 black,0
Tecno Pova 5 256GB - Graphite,Smartfon Tecno Tecno Pova 5 256GB Graphite,1
Oppo Oppo A78 16GB/512GB Lavender,Oppo A78 512GB (Lavender),1
смартфон xiaomi redmi note 15 6 128gb sandy purple,смартфон apple iphone 15 512gb yellow,0
смартфон iphone 12 pro 512gb black,смартфон 512gb 12 pro iphone black,1
смартфон samsung galaxy a57 128gb gray,xiaomi 15t сотилади,0
Xiaomi Xiaomi 13T Pro 1TB Green,Xiaomi 13T Pro 1TB (Green),1
Vivo Y22s 512GB Black,Vivo Y22s 64GB White,0
smartfon xiaomi poco x8 pro 8 512gb white,smartfon poco x8 pro 8 512gb white,1
Tecno Tecno Spark 10 Purple 64GB,Tecno Tecno Spark 10 Purple 64GB,1
Oppo A79 5G 64GB Graphite,Vivo V27 256GB (Silver),0
Samsung Galaxy S23 8GB+256GB,Smartfon Samsung Galaxy S23 256GB Silver,1
Vivo Y200 64GB Blue,Vivo Y200 64GB (Blue),1
Vivo Vivo Y200,Smartfon Vivo Y200 128GB/8GB Coral,1
Tecno Pova 6 Pro 512GB (Lavender),Tecno Tecno Pova 6 Pro Lavender 512GB,1
Infinix Smart 8 Plus 128GB - Graphite,Infinix Infinix Smart 8 Plus 3GB/128GB Graphite,1
Realme Realme 11 Pro+ 4GB/512GB Lavender,Smartfon Realme Realme 11 Pro+ 512GB Lavender,1
Vivo Vivo V30e,Vivo Vivo Y22s 12GB+64GB,0
samsung galaxy a56 awesome graphite 8 128gb,awesome galaxy a56 samsung graphite 8 128gb,1
Apple iPhone 13 Silver 256GB,Apple iPhone 13 8GB/1TB Coral,0
смартфон apple iphone 13 512gb сияющая звезда,apple iphone 13 512gb сияющая звезда,1
Samsung Galaxy F14 5G 1TB Silver,Samsung Galaxy F14 5G 12GB/1TB Silver,1
смартфон oppo a18 4 128 glowing black,смартфон iphone 13 pro max 512gb gold,0
Redmi Note 13 Pro+ 128GB - Blue,Смартфон Redmi Redmi 13C 128GB Blue,0
Vivo V30e 512GB - Green,Smartfon Vivo Y36 512GB/4GB Green,0
Honor X9b 256GB Graphite,Honor Honor X9b 4GB+256GB,1
смартфон honor 400 lite 8 256gb velvet gray,honor 400 8 256gb desert gold juicer 100gb internet 3 months of free tv com,0
Smartfon Vivo V27 Pro 128GB/8GB Midnight,Vivo Vivo V27 Pro 8GB/128GB Midnight,1
Smartfon Xiaomi Poco X6 Pro 512GB Gold,Xiaomi Poco X6 Pro,0
смартфон xiaomi redmi a7 pro темно синий 128 гб,смартфон xiaomi pro a7 redmi темно синий 128 гб,1
Смартфон Honor Honor 200 256GB Midnight,Smartfon Honor 200 256GB/3GB Midnight,1
Vivo Vivo V29 Pro 64GB Starlight,Vivo Vivo V29 Pro 64GB Starlight,1
redmi note 15,redmi 15,1
Смартфон Redmi Redmi K70 Pro 512GB Graphite,Redmi Redmi K70 Pro 12GB+512GB,1
Oppo A17 1TB White,Oppo Oppo A17 1TB White,1
Realme Realme GT 5 256GB Natural,Smartfon Realme GT 5 256GB/12GB Natural,1
Realme Realme C33 512GB Deep Purple,Realme C33 512GB - Deep Purple,1
Smartfon Honor Honor 100 Pro 1TB Silver,Xiaomi Xiaomi 11T 6GB+128GB,0
xiaomi 17t violet 12 256gb,смартфон xiaomi 14 ultra 16 512 black,0
Galaxy F14 5G 1TB - White,Galaxy F14 5G 1TB - White,1
Smartfon Oppo A78 256GB/16GB White,Smartfon Oppo Oppo A78 256GB White,1
смартфон iphone 12 pro 512gb silver dual,iphone 12 pro 512gb silver dual,1
Smartfon Xiaomi Poco F5 1TB Deep Purple,Xiaomi Poco F5 Blue 256GB,0
Honor Honor X7b 3GB/128GB Green,Honor 80 Pro 128GB - Green,0
galaxy a07 4 128gb black,смартфон apple iphone 14 plus 6 128gb желтый,0
Redmi Redmi Note 12 Pro 16GB+1TB,Redmi Redmi Note 12 Pro 16GB/1TB Titanium,1
смартфон apple iphone 17 256gb black hn a 1 sim,смартфон apple iphone 17 256gb black hn a 1,1
Смартфон Redmi Redmi K70 Pro 512GB Green,Redmi Redmi K70 Pro 4GB/512GB Green,1
Realme Realme 12 1TB Silver,Realme Realme 12,1
honor 600 lite 8 256gb velvet grey,honor 600 black 8 256gb,0
realme c85 pro 8 256gb purple,realme 8 pro c85 256gb purple,1
Samsung Galaxy S23+ 3GB+256GB,Samsung Galaxy S23+ Titanium 1TB,0
galaxy a07 4 128gb green,oppo a5 pro 8 256gb olive green,0
Смартфон Infinix Infinix Smart 8 Plus 512GB Silver,Infinix Smart 8 Plus 512GB (Silver),1
смартфон xiaomi redmi note 15 pro 12 512 гб titanium,iphone 13 green 128gb 71 holati yaxw,0
Tecno Tecno Spark 20 Pro 4GB+64GB,Smartfon Tecno Tecno Spark 20 Pro 64GB Blue,1
apple iphone 15 128gb qora smartfoni 1 sim 1 esim yangi,apple iphone 15 128gb qora smartfoni 1 sim 1 yangi,1
iphone xr ishlashi zor 128gb,zor xr ishlashi iphone 128gb,1
Redmi Note 11 Pro 256GB - Natural,Redmi Redmi Note 11 Pro,1
Oppo Oppo A79 5G 128GB Titanium,Smartfon Oppo A79 5G 1TB/8GB Starlight,0
Smartfon Oppo Oppo Reno 11 Pro 256GB White,Xiaomi Xiaomi 12X 12GB+1TB,0
Galaxy A25 64GB (Starlight),Smartfon Galaxy S23 FE 64GB/16GB Starlight,0
Redmi Note 11 128GB Natural,Смартфон Redmi Redmi Note 11 128GB Natural,1
iPhone 13 Pro Max 512GB Deep Purple,Apple iPhone 13 Pro Max Green 1TB,0
Infinix Smart 8 Pro 64GB - Green,Smartfon Oppo Oppo Find X7 Ultra 512GB Black,0
Smartfon Xiaomi Poco F5 1TB Gold,Poco F5 1TB Gold,1
смартфон oppo reno 12 pro 12 512 sunset gold,смартфон oppo reno 12 pro sunset 512 12 gold,1
apple iphone 11,apple 11,1
Смартфон Vivo Vivo Y36 512GB Cream,Смартфон Vivo Vivo Y36 512GB Cream,1
смартфон apple iphone 16 plus 512gb dual esim ultramarine,смартфон apple iphone plus 512gb dual esim ultramarine,1
Redmi Redmi A2+ 12GB/1TB Midnight,Redmi Redmi A2+ 12GB+512GB,0
Oppo A58 1TB - Lavender,Oppo Reno 10 Pro+ 1TB (Lavender),0
смартфон oppo a78 8 256gb mist black,смартфон oppo 8 256gb mist black,1
смартфон apple iphone 14 plus 6 256gb желтый,смартфон apple iphone 14 plus 6 желтый,1
трипод jmary настольный штатив mt 29,трипод jmary настольный mt 29,1
Tecno Phantom V Fold 128GB White,Tecno Tecno Phantom V Fold 8GB+128GB,1
redmi note 15 pro night black 8 256gb,redmi a5 3 64 midnight black,0
Tecno Tecno Spark 20 512GB Silver,Tecno Tecno Pova 5 Pro 512GB Silver,0
Realme Realme 9 Pro+ 1TB Natural,Realme Realme 9 Pro+ 4GB/256GB Green,0
смартфон apple iphone 16 pro max 1tb sim esim black titanium,vivo y100 8 256gb green,0
Vivo Vivo V29 Pro 8GB+256GB,Vivo V29 Pro 256GB (Purple),1
смартфон xiaomi redmi 12 8 256gb global dual nano sim midnight black,realme c25y,0
Realme Realme 12+ 8GB/64GB Midnight,Smartfon Realme Realme 12+ 512GB Purple,0
Smartfon Honor Honor Magic6 Pro 512GB Starlight,Honor Honor 80 Pro 16GB/512GB Starlight,0
смартфон google pixel 6 pro 12 512gb stormy black,смартфон google pro 6 pixel 12 512gb stormy black,1
Apple iPhone 15 Pro Cream 128GB,Smartfon Apple iPhone 15 Pro 1TB Gold,0
Honor Honor X9b,Смартфон Honor Honor X9b 1TB White,1
смартфон samsung galaxy a37 5g 8 128gb navy,смартфон google pixel 6 pro 12 128gb white,0
Oppo A79 5G 1TB Midnight,Oppo Oppo Reno 10 Pro+ 12GB+1TB,0
смартфон honor x6b 6 256gb midnight black,смартфон honor x9a 5g 8 128gb black,0
смартфон infinix smart 10 plus 4 128 гб черный,смартфон infinix smart 10 plus 4 128 черный,1
смартфон xiaomi redmi note 14s 8 128gb midnight black,note xiaomi redmi смартфон 14s 8 128gb midnight black,1
Смартфон Honor Honor 100 128GB Lavender,Honor Magic6 Pro 128GB Lavender,0
Infinix Note 30 512GB (White),Infinix Infinix Note 30 6GB+512GB,1
Infinix Infinix Note 40 Pro 256GB Graphite,Infinix Infinix Note 40 Pro 12GB/256GB Graphite,1
Tecno Tecno Pova 6 6GB/256GB Titanium,Oppo Oppo A38 6GB/64GB White,0
Tecno Tecno Pova 5 Pro 512GB White,Smartfon Tecno Tecno Camon 30 512GB White,0
Smartfon Tecno Tecno Camon 20 Pro 64GB Coral,Tecno Tecno Camon 20 Pro 12GB+64GB,1
смартфон honor 200 lite 8 256gb black,смартфон black 200 lite 8 256gb honor,1
redmi note 15 pro 5g night black 12 512gb,apple iphone 16 pro max 256 гб titanium,0
Smartfon Redmi Redmi Note 11 Pro 128GB Purple,Redmi Note 12 Pro+ 128GB - Purple,0
redmi 15c 8 256gb midnight black,redmi 15c 8 256gb midnight,1
смартфон honor x8d 8 128gb blue,смартфон honor x8d 128gb blue,1
Galaxy S23 FE 1TB - Cream,Samsung Galaxy Z Fold 4,0
Honor 100 Pro 128GB - Black,Honor Honor 100 Pro,0
смартфон apple iphone 17 256gb white mg6k4af a,смартфон camon 30 8 256 uyuni salt white,0
смартфон huawei nova 12s 8 256 blue,смартфон huawei blue 12s 8 256 nova,1
Samsung Galaxy S21 FE 8GB+1TB,Galaxy S21 FE 1TB - Titanium,1
Смартфон Apple iPhone 13 Pro 64GB Midnight,Apple iPhone 12 mini 64GB Midnight,0
смартфон samsung galaxy s21 fe 6 128gb gray,смартфон samsung galaxy s21 fe 6 128gb,1
Smartfon Galaxy S22 256GB/6GB Coral,Galaxy S22 256GB - Coral,1
Honor X7a 1TB Midnight,Honor Honor X7a 6GB/1TB Midnight,1
карта памяти kingston sds2 512gb,карта sds2 kingston памяти 512gb,1
Honor Magic6 Pro 256GB (Blue),Smartfon Realme Realme C65 128GB Deep Purple,0
Apple iPhone 12 Pro Max,Apple iPhone 12 Pro Max,1
Smartfon Oppo Oppo Reno 10 Pro+ 256GB Lavender,Galaxy M14 128GB - Midnight,0
Oppo Oppo A58 12GB/512GB Graphite,Smartfon Oppo A58 512GB/12GB Graphite,1
redmi note 14 pro ocean blue 12 256gb,redmi note 14 8 256 midnight black,0
Redmi Redmi Note 13 4G 256GB Starlight,Redmi Note 13 4G 256GB Starlight,1
Oppo Reno 12 1TB (Purple),Vivo X100 256GB Natural,0
samsung galaxy a57,tecno spark 30c 8 256gb orbit black,0
Realme GT Neo 5 SE 1TB Graphite,Realme GT Neo 5 SE 1TB - Graphite,1
Infinix Infinix Hot 30 Play 16GB+128GB,Infinix Hot 30 Play 128GB (Midnight),1
Xiaomi Poco X5 Pro,Smartfon Poco X5 Pro 512GB/12GB Green,1
Infinix Note 40 Pro 256GB Silver,Infinix Note 40 Pro 256GB (Silver),1
смартфон honor x7d 6 128gb desert gold,green lion kids smart phone 2 8 bolalar uchun smartfon pushti,0
смартфон tecno pop 5 lite 2 32gb blue,смартфон tecno pop 5 2 32gb blue,1
samsung galaxy a35 5g navy 8 128gb,samsung 128gb a35 5g navy 8 galaxy,1
apple iphone 16 pro 128gb white titanium 100gb of internet 3 months of tv com for free,смартфон honor x8d 8 256gb corduroy black,0
Smartfon Vivo Vivo V30 Pro 512GB White,Smartfon Vivo V30 Pro 128GB/4GB Lavender,0
смартфон honor 70 8 128gb midnight black,смартфон honor x8a 6 128gb midnight black увлажнитель воздуха misty can,0
Xiaomi Poco M6 Pro 64GB Natural,Smartfon Xiaomi 13T 64GB/6GB Natural,0
Vivo Y100 256GB (Natural),Vivo Y200 256GB Natural,0
Vivo Vivo V30 Pro,Vivo V30 Pro 128GB - Deep Purple,1
Xiaomi Xiaomi 12X 1TB Silver,Xiaomi 12X 1TB (Silver),1
Smartfon Realme Realme C55 256GB Coral,Смартфон Realme Realme C55 1TB Lavender,0
Vivo Vivo V29 3GB+64GB,Vivo V27 64GB - Starlight,0
Смартфон Realme Realme GT Neo 5 SE 512GB Natural,Smartfon Realme Realme GT Neo 5 SE 512GB Natural,1
Apple iPhone 15 Cream 128GB,Apple iPhone 15,0
Смартфон Tecno Tecno Phantom X2 Pro 128GB Coral,Smartfon Tecno Tecno Phantom X2 Pro 256GB Gold,0
Oppo Reno 10 512GB - Titanium,Oppo Reno 10 512GB Titanium,1
Realme Realme 12,Smartfon Infinix Hot 40 1TB/3GB Starlight,0
смартфон samsung galaxy s26 12 512gb dual sim white,smartfon honor x8d 8 256gb velvet gray,0
Realme Realme 12 Pro 3GB+128GB,Xiaomi Xiaomi 11 Ultra 3GB+256GB,0
iphone 17 pro 256,iphone 17 256,1
Smartfon Infinix Note 40 256GB/16GB Deep Purple,Smartfon Infinix Note 40 256GB/16GB Deep Purple,1
Smartfon Vivo Vivo X100 Pro 1TB Purple,Смартфон Xiaomi Poco X5 Pro 512GB Blue,0
redmi note 14 8 128 lime green,redmi note 14 8 128 lime,1
Smartfon Redmi Redmi Note 13 4G 128GB Purple,Redmi Redmi Note 13 4G 16GB+1TB,0
Tecno Tecno Camon 30 3GB+256GB,Tecno Tecno Phantom V Fold White 256GB,0
Vivo Vivo Y35 3GB/1TB Silver,Vivo Vivo Y35 Graphite 64GB,0
Galaxy A54 5G 256GB Blue,Смартфон Samsung Galaxy S23 Ultra 256GB Blue,0
Infinix Infinix Smart 8,Infinix Infinix Smart 8 8GB/256GB Titanium,1
Redmi Redmi Note 13 4G Graphite 64GB,Smartfon Tecno Tecno Spark 20 256GB Black,0
honor 90 lite 8 256,lite 90 honor 8 256,1
redmi note 14 pro ocean blue 12 256gb,redmi note 14 pro ocean 12 256gb,1
Смартфон Oppo Oppo A58 512GB Purple,Oppo A58 128GB (Titanium),0
Realme Realme 12+ Deep Purple 512GB,Смартфон Realme Realme 9 Pro+ 512GB Deep Purple,0
смартфон samsung galaxy a57 5g 8 256 гб awesome navy,смартфон realme c30s 32gb 2gb stripe blue,0
смартфон xiaomi redmi note 15 8 256gb forest green,смартфон xiaomi redmi note 15 8 forest green,1
Smartfon Oppo Reno 10 Pro 256GB/12GB Graphite,Смартфон Oppo Oppo Find X6 Pro 256GB Graphite,0
смартфон xiaomi redmi 13c 8 256 green,xiaomi 17t 12 256gb black,0
iPhone 11 Pro Max 256GB White,iPhone 11 Pro Max 128GB Black,0
Oppo Oppo Find X6 Pro 8GB+1TB,Smartfon Samsung Galaxy A35 5G 128GB Coral,0
Xiaomi Poco F5 Pro 6GB+64GB,Xiaomi Xiaomi 11T,0
Infinix Infinix Note 40 512GB Gold,Infinix Infinix Note 40,1
беспроводные наушники belkin soundform flow white,беспроводные наушники flow soundform belkin white,1
Xiaomi Xiaomi 14 6GB+64GB,Xiaomi 14 128GB (Coral),0
смартфон infinix smart 7 plus 3 64gb global green,смартфон apple iphone 17 pro max 256gb deep blue af a 1 sim,0
смартфон apple iphone 16 512gb dual esim white,смартфон apple iphone 16 512gb esim white,1
Oppo A78 256GB (Black),Smartfon Oppo A78 128GB/12GB Coral,0
Honor 90 1TB Purple,Honor Honor 90 Purple 1TB,1
смартфон tecno pova 5 8 128gb blue,беспроводное зарядное устройство baseus literary youth suwy d0s,0
oppo a5 pro 8 128gb mocha brown,смартфон xiaomi redmi 15 6 128gb titan gray,0
Samsung Galaxy Z Fold 5,Smartfon Galaxy Z Fold 5 64GB/6GB Black,1
Vivo Vivo V27 Pro Coral 256GB,Vivo V30e 256GB (Coral),0
Realme GT 5 Pro 256GB - Starlight,Realme Realme GT 5 Pro 6GB/256GB Starlight,1
Oppo Find X6 Pro 128GB - Purple,Oppo A58 128GB Purple,0
nova 11 8 256 black,nova 256 8 11 black,1
vivo y04 4 128gb gold,смартфон infinix smart 10 4 256gb gold,0
Смартфон Realme Realme 12 Pro+ 256GB Green,Realme 12 Pro+ 256GB (Green),1
Oppo Reno 11 512GB - Midnight,Honor 200 256GB - Black,0
Smartfon iPhone 13 1TB/12GB Titanium,Xiaomi Xiaomi 13 Pro 512GB Cream,0
Infinix Hot 40 1TB - Blue,Redmi Redmi Note 13 Pro White 512GB,0
смартфон realme c71 green 8 256gb,смартфон c71 green 8 256gb,1
Oppo A38 1TB - Silver,Smartfon Oppo A38 1TB/8GB Silver,1
samsung galaxy a51 srochna,смартфон samsung galaxy z fold6 12 256 гб dual nano sim esim navy,0
Xiaomi 13T Pro 128GB Purple,Xiaomi Xiaomi 13T Pro Graphite 64GB,0
honor 400 pro 12 512gb 5g velvet black smartfoni sifatli honor ryukzaki sovg aga,honor x9c 5g black 8 256gb,0
Apple iPhone 12 Pro 4GB/256GB Cream,Apple iPhone 14 Pro Max 256GB Cream,0
смартфон samsung galaxy a01 2 16gb blue,смартфон iphone 11 64gb dual red,0
смартфон xiaomi redmi 5x,смартфон redmi xiaomi 5x,1
Смартфон Oppo Oppo Reno 10 1TB Black,Oppo Reno 10 1TB - Black,1
Infinix Infinix Hot 40 Pro 8GB/128GB White,Infinix Hot 40 Pro 128GB (White),0
смартфон poco c85 6 128gb black,смартфон poco c85 6 black 128gb,1
Redmi Note 12 Pro 64GB (Gold),Redmi Redmi Note 13 Pro+ 64GB Gold,0
Смартфон Oppo Oppo Reno 10 64GB Black,Realme Realme 11 Pro+,0
Redmi Note 12 Pro 1TB - Black,Redmi Redmi A3 6GB/1TB Black,0
xiaomi redmi note 15 pro 5g 12 512gb glacier blue,xiaomi redmi note 15 12 5g pro 512gb glacier blue,1
Smartfon Poco M5s 512GB/4GB White,Vivo Y100 256GB Green,0
Realme Realme GT 5 6GB/512GB Starlight,Realme 12+ 512GB Starlight,0
смартфон xiaomi redmi note 13 8gb 256gb,смартфон xiaomi redmi 14c 5g 8 256gb midnight black,0
samsung a26 доставка проверка при получении,смартфон apple iphone 6s 32gb gold,0
Oppo Oppo Reno 10 Pro+,Oppo Oppo Reno 10 Pro+ 128GB Cream,1
Смартфон Infinix Infinix Zero 20 512GB Starlight,Infinix Zero 20 512GB (Starlight),1
смартфон xiaomi 14т 12gb 512gb,redmi 17 4g deep blue 8 256gb,0
новый xiaomi 17t pro 5g доставка,новый xiaomi redmi 17 бесплатная доставка,0
Smartfon Realme C33 1TB/12GB Starlight,Poco M5s 64GB - Deep Purple,0
vivo y28 8 128gb agate green,agate y28 8 128gb vivo green,1
Смартфон Infinix Infinix Hot 40 Pro 128GB Titanium,Infinix Infinix Hot 40 Pro,0
смартфон apple iphone 16 plus 128gb dual esim ultramarine,смартфон apple esim 16 plus 128gb dual iphone ultramarine,1
Infinix Infinix Hot 40 1TB Lavender,Infinix Infinix Hot 40 6GB/1TB Lavender,1
redmi 15c 4 128 midnight black,telefon sotiladiredmi redmi note 11,0
Smartfon Samsung Galaxy S23 FE 1TB Coral,Smartfon Tecno Spark 20 Pro+ 256GB/16GB Starlight,0
смартфон oppo a57s 4 64gb sky blue,redmi a7 pro mist blue 4 128gb,0
смартфон infinix smart 9 4 128 metallic black,смартфон infinix smart 9 4 128 metallic,1
Infinix Infinix Zero 20,Смартфон Infinix Infinix Zero 20 64GB Black,0
Smartfon Oppo Oppo A78 256GB Gold,Oppo Oppo Reno 11 8GB/256GB Gold,0
Realme 12+ 512GB Green,Apple iPhone 14 256GB White,0
iphone 12 pro 128gb,zte nubia neo 3 5g black 8 256gb,0
Smartfon Tecno Spark 20 Pro+ 512GB/16GB Deep Purple,Смартфон Tecno Tecno Spark 20 Pro+ 512GB Deep Purple,1
Oppo Find X6 Pro 64GB (Midnight),Smartfon Oppo Find X6 Pro 64GB/3GB Midnight,1
Smartfon Vivo Vivo X100 512GB Lavender,Vivo Vivo X100,1
Honor Honor 80 Pro 3GB/128GB Coral,Honor 80 Pro 128GB (Coral),1
Vivo Vivo Y36 Cream 128GB,Smartfon Vivo Vivo Y36 1TB Blue,0
Redmi 13 512GB (Black),Redmi Note 13 Pro+ 512GB Black,0
Vivo Vivo Y200 Pro Natural 1TB,Vivo Vivo Y100 16GB/1TB Natural,0
Samsung Galaxy S22 Blue 64GB,Galaxy S22 64GB Blue,1
Smartfon Redmi Note 11 1TB/8GB Coral,Смартфон Redmi Redmi Note 12 Pro+ 1TB Coral,0
Apple iPhone 14 Purple 1TB,Smartfon Apple iPhone 14 256GB White,0
Galaxy F14 5G 512GB Midnight,Redmi Redmi Note 13 Pro 12GB+1TB,0
smartfon redmi note 14 pro 5g 8 256gb midnight black,смартфон redmi note 15 pro 12 256gb black,0
Infinix Infinix Smart 8 Starlight 256GB,Infinix Infinix Smart 8 64GB Deep Purple,0
Tecno Tecno Spark 20 Pro 1TB Coral,Samsung Galaxy M14 16GB+256GB,0
Oppo Reno 12 Pro 256GB Graphite,Oppo Oppo Reno 12 Pro 3GB+1TB,0
Smartfon Oppo Oppo Find X7 Ultra 64GB Deep Purple,Oppo Find X7 Ultra 64GB - Deep Purple,1
Oppo Oppo Find X6 Pro Starlight 1TB,Smartfon Oppo Oppo Find X6 Pro 512GB Natural,0
Infinix Infinix Hot 30 Play,Infinix Hot 30 Play 64GB Black,0
смартфон tecno pova 4 pro 8 256gb синий флюорит,смартфон pova tecno 4 pro 8 256gb синий флюорит,1
Xiaomi Xiaomi 14T Pro 12GB/256GB Starlight,Xiaomi 12X 256GB - Starlight,0
Vivo V27 1TB Black,Vivo Vivo V27 Black 1TB,1
honor x9d 5g 8 256,смартфон honor x6 4 64gb midnight black увлажнитель воздуха misty can,0
Tecno Tecno Camon 30 512GB Blue,Смартфон Tecno Tecno Camon 30 512GB Blue,1
Infinix Infinix Note 40 Pro Graphite 128GB,Infinix Infinix Note 40 Pro,1
Realme Realme 11 Pro Blue 256GB,Infinix Infinix Hot 30 Play 3GB+1TB,0
Smartfon iPhone 15 64GB/4GB Lavender,Apple iPhone 15 Graphite 1TB,0
smartfon redmi note 14 pro 5g 12 512gb frost blue,redmi note 12 4g,0
Infinix Infinix Zero 30 8GB+1TB,Смартфон Infinix Infinix Zero 30 1TB Titanium,1
Xiaomi 12 Pro 128GB - Silver,Poco X6 Pro 128GB (Silver),0
Smartfon Redmi 13 128GB/12GB Blue,Redmi Redmi A3 12GB/128GB Blue,0
смартфон samsung galaxy s25 12 256gb icyblue,смартфон samsung galaxy s25 12 256gb,1
Smartfon Redmi Redmi Note 13 64GB Gold,Смартфон Redmi Redmi Note 13 Pro 64GB Gold,0
google pixel 10 yetkazib berish tekshirib to lash,google pixel tekshirib yetkazib berish 10 to lash,1
Smartfon Realme 12 Pro 1TB/6GB Midnight,Realme Realme 12 Pro,1
Redmi Redmi Note 11,Redmi Note 11 128GB (Lavender),1
samsung a3 2017,samsung 2017 a3,1
Oppo Oppo A78 512GB Natural,Oppo Oppo A78 4GB+256GB,0
Samsung Galaxy S23 Ultra 3GB/256GB Graphite,Smartfon Galaxy S23 Ultra 256GB/3GB Graphite,1
Infinix Infinix Zero 30 5G Black 512GB,Смартфон Infinix Infinix Zero 30 5G 256GB Silver,0
honor 600 pro 12 512 black,смартфон honor x7a plus 6 128gb shimmery silver,0
смартфон samsung galaxy a51 4 64gb blue,смартфон samsung galaxy a51 4 blue 64gb,1
смартфон honor 600 lite 8 256gb velvet grey,смартфон honor 600 lite 256gb velvet grey,1
Realme Realme 11 Pro+ 1TB Cream,Vivo Vivo Y35 16GB/64GB Graphite,0
Samsung Galaxy A05s 64GB Graphite,Smartfon Galaxy A05s 64GB/12GB Graphite,1
Honor X8b 512GB (Cream),Смартфон Honor Honor X8b 512GB Cream,1
Смартфон Realme Realme C65 256GB White,Realme Realme C65 6GB+1TB,0
Oppo Oppo Reno 12 Pro Starlight 512GB,Oppo Oppo Reno 12 Pro Starlight 512GB,1
oppo reno15 5g 12 512gb aurora white smartfoni,oppo reno15 12 512gb aurora white smartfoni,1
Apple iPhone 12 Pro Max 16GB/128GB Natural,Apple iPhone 12 Pro Max Natural 128GB,1
Honor 100 128GB Graphite,Honor 200 Pro 128GB Graphite,0
honor 400 pro 12 512gb gray juicer 100gb internet 3 months of free tv com,honor x7c 8 256gb midnight black,0
samsung s24 ultra,ultra s24 samsung,1
Смартфон Vivo Vivo Y22s 128GB Deep Purple,Смартфон Vivo Vivo V27 128GB Deep Purple,0
Vivo Y36 64GB (Midnight),Vivo Vivo Y36 8GB/64GB Midnight,1
Poco X5 64GB (Natural),Xiaomi Poco X5,0
Oppo Oppo Find X6 Pro,Smartfon Oppo Oppo A38 64GB Blue,0
смартфон xiaomi mi8 se 6 64gb red,смартфон xiaomi 6 se mi8 64gb red,1
Tecno Pop 8 64GB (Gold),Tecno Tecno Pop 8 12GB/64GB Gold,1
Смартфон Vivo Vivo V30e 128GB Natural,Smartfon Vivo V30e 256GB/12GB Silver,0
Galaxy S24 Ultra 64GB - Green,Oppo A17 128GB - White,0
Smartfon Honor Honor Magic6 Pro 64GB Starlight,Smartfon Oppo Reno 11 Pro 256GB/12GB Purple,0
смартфон honor x5 plus 4 64 black,смартфон honor 400 lite 5g 12gb 256gb velvet grey,0
Smartfon Redmi Redmi Note 11 1TB Blue,Redmi Redmi Note 11,1
Xiaomi Xiaomi 12 Pro 512GB Green,Xiaomi 12 Pro 512GB Green,1
Honor Honor 200 64GB White,Xiaomi Xiaomi 13T,0
redmi note 17 black 8 256gb рюкзак в подарок,vivo v60 lite 5g 12 256gb blue,0
Tecno Pova 5 64GB Green,Tecno Pova 5 128GB - Titanium,0
Vivo Vivo V30 6GB+256GB,Vivo Vivo V30,1
redmi 15c 8 256gb midnight black,redmi note 15 pro glacier blue 8 256gb,0
Samsung Galaxy S24+ Deep Purple 64GB,Samsung Galaxy S24+,1
Samsung Galaxy A05 128GB Purple,Samsung Galaxy A05 128GB Purple,1
redmi note 17 new 2026 super skidkagarantiya dastavka,smartfon redmi a5 4 128gb ocean blue,0
Honor Honor 100 Pro 6GB+64GB,Honor 100 Pro 64GB (Green),1
honor x9d midnight black 12 256gb,honor x9d midnight black 256gb,1
Smartfon Oppo Reno 10 Pro 512GB/4GB Black,Smartfon Oppo Oppo Reno 10 Pro 512GB Black,1
Apple iPhone 13 Pro 16GB/256GB Midnight,Apple iPhone 14 Pro Max 16GB+256GB,0
redmi note 15 pro 5g 8 256gb titanium color,redmi 17 4g black 4 128gb,0
телефон novey x70 red,смартфон xiaomi poco c65 6 128gb blue,0
Redmi Note 13 512GB White,Smartfon Redmi Note 13 512GB/16GB White,1
Redmi Note 13 Pro 1TB Coral,Redmi Note 13 Pro 1TB - Coral,1
redmi note 15 sandy purple 8 256gb,redmi 15 midnight black 8 256gb,0
honor x8d 8 256gb blue,honor x8d 256gb blue,1
Poco X6 512GB Purple,Xiaomi Poco F5 Pro 12GB/512GB Purple,0
смартфон realme c30s rmx3690 3 64gb stripe black,смартфон realme c30s rmx3690 3 64gb stripe,1
honor 200 12 512gb moonlight white,honor x9c 5g 12 256,0
смартфон xiaomi poco x8 pro 8 256gb green,samsung galaxy a57 5g awesome grey 8 256gb,0
смартфон honor 200 8 256gb moonlight белый,honor x9d 5g black 12 256gb,0
Vivo V29 256GB Midnight,Vivo Vivo V29 256GB Midnight,1
Apple iPhone 11 1TB Graphite,iPhone 11 1TB (Graphite),1
iPhone 14 Pro 256GB Green,Apple iPhone 14 Pro,0
смартфон xiaomi pocophone f1 6 128gb black,смартфон xiaomi f1 pocophone 6 128gb black,1
iPhone 15 Pro 128GB Blue,Apple iPhone 15 Plus 3GB+128GB,0
Smartfon Apple iPhone 15 1TB Titanium,iPhone 15 1TB - Titanium,1
Tecno Tecno Pova 5 Pro 8GB+1TB,Tecno Tecno Pova 5 Pro 8GB+1TB,1
Vivo V30e 128GB (Lavender),Smartfon Vivo V30e 128GB/6GB Lavender,1
смартфон samsung galaxy a35 5g 8 256gb dark blue,смартфон samsung a35 5g 8 256gb dark blue,1
Xiaomi Xiaomi 11 Ultra 3GB+512GB,Xiaomi 11 Ultra 512GB (White),1
смартфон honor x6 4 64gb midnight black,смартфон honor x7a 4 128gb midnight black,0
honor x7d 6 128gb silver,honor x6b 6 256gb midnight black,0
чехол для электронной книги pocketbook 629 634 shell series,чехол для электронной книги pocketbook 629 634 shell,1
iPhone 12 Pro Max 64GB Deep Purple,Infinix Infinix Smart 8 Pro 12GB+512GB,0
Samsung Galaxy M14 256GB Starlight,Galaxy M14 256GB Starlight,1
Honor Honor 100 Pro 3GB+256GB,Honor Honor X9a 256GB Graphite,0
Oppo Oppo A78 4GB+128GB,Redmi Redmi 13 4GB/512GB Natural,0
Honor X7b 64GB Titanium,Apple iPhone 11 6GB+1TB,0
Xiaomi 13T Pro 1TB - Gold,Смартфон Xiaomi Xiaomi 13T Pro 1TB Gold,1
смартфон xiaomi poco m8 pro 5g 8 256gb green,huawei nova 13i 8 256gb white,0
Apple iPhone 12 mini,Apple iPhone 12 16GB+128GB,0
Honor Honor 100 Pro 12GB/128GB Black,Смартфон Honor Honor 100 Pro 128GB Black,1
Tecno Tecno Phantom V Fold,Smartfon Tecno Tecno Phantom V Fold 512GB Cream,0
Redmi Redmi A3 6GB/64GB Midnight,Redmi Redmi Note 13 Pro 64GB Midnight,0
Смартфон Realme Realme C67 64GB Deep Purple,Realme Realme C67 12GB/128GB Cream,0
Smartfon Infinix Infinix Smart 8 Pro 64GB Natural,Smartfon Redmi A2+ 1TB/8GB White,0
Realme Realme C33 512GB Silver,Realme Realme C33,1
Oppo Oppo A78 Graphite 256GB,Oppo A78 256GB (Graphite),1
смартфон samsung galaxy a26 5g 6 128gb b,смартфон samsung galaxy 5g 6 128gb b,1
Apple iPhone 12,Смартфон Apple iPhone 12 128GB Lavender,1
Honor 100 512GB Blue,Honor Honor 100 Blue 512GB,1
honor x7c 8 256gb midnight black,256gb x7c 8 honor midnight black,1
Smartfon Tecno Spark 20 64GB/8GB Purple,Apple iPhone 13 8GB/512GB Starlight,0
Xiaomi 12 64GB Titanium,Xiaomi Xiaomi 12,1
Oppo Oppo A78 White 64GB,Oppo Oppo Find X7 Ultra White 64GB,0
Infinix Infinix Zero 30 5G 6GB/512GB Green,Смартфон Infinix Infinix Zero 30 5G 512GB Green,1
Vivo Vivo X100 3GB/128GB Silver,Redmi Redmi Note 13 Pro+ Purple 64GB,0
Smartfon Xiaomi Xiaomi 14 Pro 512GB Titanium,Xiaomi Xiaomi 14 Pro 3GB+512GB,1
Tecno Phantom V Fold 128GB - Deep Purple,Tecno Tecno Phantom V Fold,1
Poco X6 128GB (Silver),Tecno Tecno Camon 20 Pro 512GB Coral,0
Honor Honor Magic6 Pro 16GB+128GB,Honor Magic6 Pro 128GB Silver,1
смартфон xiaomi redmi 15 8 128gb sandy purple,смартфон xiaomi 15 8 128gb sandy purple,1
смартфон infinix hot 40i 8 128gb starfall green,смартфон infinix hot 40i 128gb starfall green,1
Xiaomi Xiaomi 14T Pro 6GB/256GB Purple,Xiaomi Xiaomi 14T Pro 128GB Green,0
смартфон itel a90 3 128gb black,itel смартфон a90 3 128gb black,1
смартфон samsung galaxy a34 5g 6 128gb silver,смартфон samsung galaxy a34 5g silver 128gb 6,1
Redmi K60 512GB (Deep Purple),Smartfon Redmi Note 13 Pro+ 512GB/12GB Deep Purple,0
Smartfon Vivo Vivo Y22s 256GB Coral,Vivo Vivo Y22s 3GB+256GB,1
Смартфон Apple iPhone 12 Pro Max 512GB Silver,Apple iPhone 12 Pro Max 512GB Silver,1
Смартфон Honor Honor X8a 1TB Black,Смартфон Honor Honor X8a 1TB Black,1
смартфон samsung galaxy a24 4 128gb silver,смартфон galaxy a24 4 128gb silver,1
Smartfon iPhone 13 mini 1TB/6GB Cream,Смартфон Apple iPhone 11 Pro Max 1TB Cream,0
Smartfon Vivo V27 Pro 128GB/16GB White,Infinix Infinix Smart 8 Pro,0
Apple iPhone 11 Pro Gold 256GB,Apple iPhone 11 Pro 3GB+512GB,0
Vivo Vivo V30 Pro Silver 1TB,Vivo V30 Pro 1TB Silver,1
iPhone 12 Pro Max 64GB - Cream,iPhone 12 Pro Max 64GB (Cream),1
Smartfon Redmi Note 12 Pro+ 128GB/4GB Green,Redmi Note 12 Pro+ 128GB - Green,1
Vivo Vivo Y36 Graphite 256GB,Vivo X100 256GB Graphite,0
Redmi Redmi Note 12 Pro Starlight 1TB,Redmi Redmi Note 11S 1TB Starlight,0
redmi 17 4g black 4 128gb,redmi a5 4 128 ocean blue,0
Smartfon Apple iPhone 12 Pro 64GB Cream,iPhone 12 Pro 64GB (Cream),1
Honor 90 1TB (Gold),Honor 200 Pro 1TB Gold,0
Oppo Oppo Reno 10 Pro Midnight 128GB,Smartfon Oppo Reno 10 Pro 128GB/12GB Midnight,1
nova 12i 8 128 black,8 12i nova 128 black,1
Vivo V27 Pro 64GB (Green),Vivo X100 64GB (Green),0
redmi note 14 8 256gb mist purple,redmi 17 4g oak green 8 256gb,0
смартфон xiaomi redmi 15c 8 128gb moonlight blue,смартфон xiaomi redmi 15c 8 128gb blue,1
Honor X8a 64GB Starlight,Smartfon Honor Honor X8a 128GB Black,0
Smartfon Vivo X90 Pro 64GB/16GB Lavender,Vivo Vivo X90 Pro 16GB/64GB Lavender,1
смартфон samsung galaxy a13 3 32gb белый,смартфон galaxy a13 3 32gb белый,1
huawei mate x6 black 12 512gb,смартфон oppo reno 8t 8 128gb sunset orange,0
Vivo Vivo V30e,Vivo V30e 1TB (Gold),1
Xiaomi Poco M6 Pro,Xiaomi Poco M6 Pro 16GB+512GB,1
Infinix Infinix Note 40,Infinix Infinix Note 40 Green 512GB,1
смартфон honor play t10,смартфон honor t10,1
смартфон honor x9d 8 256 midnight black,honor 600 lite velvet black 8 256gb,0
смартфон apple iphone 16e 8gb 256gb white,смартфон apple iphone 16e 256gb white,1
Honor 90 1TB (Silver),Honor Honor 90 12GB/512GB Blue,0
Redmi Redmi 12 12GB+512GB,Смартфон Redmi Redmi 12 512GB Cream,1
смартфон infinix smart 7 plus 3 64gb global azure blue,смартфон infinix smart 7 plus 64gb global azure blue,1
смартфон samsung galaxy a17 6 128gb black,смартфон samsung galaxy a15 5g 4 128gb blue,0
Samsung Galaxy S23+ 12GB/512GB Lavender,Smartfon Galaxy A34 512GB/12GB Lavender,0
Samsung Galaxy A25 16GB/64GB Silver,Samsung Galaxy A15,0
Vivo Vivo Y36 256GB Titanium,Vivo Y36 256GB - Titanium,1
Poco M5 1TB Natural,Xiaomi Poco M5 Natural 1TB,1
Xiaomi Poco X5 64GB Green,Poco X5 64GB - Green,1
samsung s20 ultra,ultra s20 samsung,1
Tecno Tecno Pova 5 6GB+128GB,Tecno Tecno Pova 5,1
Samsung Galaxy S24+ 64GB Graphite,Samsung Galaxy S24+ 512GB Starlight,0
Smartfon Vivo Vivo X90 Pro 64GB Coral,Smartfon Vivo V30e 64GB/3GB Coral,0
Oppo Find X7 Ultra 1TB Blue,Oppo Find X7 Ultra 256GB Silver,0
смартфон honor x9d 8 256 гб беживый,смартфон x9d 8 256 гб беживый,1
Tecno Tecno Phantom V Fold,Honor Honor 200,0
Смартфон Tecno Tecno Spark 10 64GB Cream,Vivo Y36 256GB (Gold),0
Poco M5s 64GB (Graphite),Xiaomi Poco F5 Pro 4GB/64GB Graphite,0
Honor Honor 200 Purple 64GB,Honor Honor 200 Purple 64GB,1
Smartfon Tecno Tecno Camon 30 512GB Silver,Smartfon Tecno Camon 30 512GB/3GB Silver,1
Smartfon Realme C53 128GB/3GB Green,Realme Realme C53 3GB+128GB,1
Smartfon Infinix Infinix Note 30 128GB Cream,Смартфон Honor Honor Magic5 Lite 64GB White,0
Realme Realme 11 Pro+ Cream 1TB,Smartfon Realme Realme 11 Pro+ 512GB Black,0
Smartfon Honor X9a 128GB/8GB Lavender,Honor Honor X9a 8GB+128GB,1
Smartfon Tecno Tecno Phantom V Fold 128GB Gold,Smartfon Tecno Phantom V Fold 128GB/6GB Gold,1
redmi 14c midnight black 6 128gb,redmi 15 midnight black 6 128gb,0
Vivo Vivo V27 256GB Deep Purple,Realme Realme C55 1TB Silver,0
Vivo Y200 Pro 64GB White,Vivo Vivo Y200 Pro 3GB+64GB,1
iPhone 14 Pro Max 256GB Natural,Apple iPhone 14 Pro Max 256GB Natural,1
Apple iPhone 13 mini 6GB+1TB,Смартфон Apple iPhone 13 mini 1TB Lavender,0
Smartfon Tecno Pova 6 Pro 1TB/8GB Titanium,Tecno Tecno Pova 6 Pro 8GB+512GB,0
smartfon honor 600 lite 8 256gb velvet gray,honor 600 lite 8 256gb velvet gray,1
Oppo Reno 12 512GB White,Smartfon Realme Realme GT Neo 5 SE 128GB Purple,0
смартфон honor x9c 8 256 titanium blue,honor x9d midnight black 8 256gb,0
Oppo Reno 10 Pro 512GB - Gold,Smartfon Oppo Reno 12 512GB/12GB Gold,0
samsung galaxy a57 gray 8 256 гб,samsung 256 a57 gray 8 galaxy гб,1
Redmi Redmi Note 12 Pro+ 6GB/512GB Cream,Apple iPhone SE 3,0
honor 400 pro lunar grey 12 512gb,honor x9d 5g black 8 256gb,0
новый apple iphone 17 pro max 256 512 1tb телефон,xiaomi redmi note 15 smartfoni 6 128gb forest green,0
Smartfon Xiaomi 13T 512GB/4GB White,Xiaomi 13T 512GB - White,1
Smartfon Oppo Reno 10 256GB/8GB Lavender,Smartfon Oppo Reno 10 256GB/8GB Lavender,1
смартфон vivo y27s 8 256gb green,смартфон iphone 13 pro max 1tb sierra blue,0
Honor Honor 200 Titanium 64GB,Honor Honor 200 16GB+128GB,0
Smartfon Tecno Spark 20 256GB/8GB Coral,Смартфон Tecno Tecno Spark 20 1TB Titanium,0
Smartfon Realme Realme 11 Pro+ 128GB Natural,Smartfon Realme 9 Pro+ 128GB/8GB Natural,0
Oppo Find X6 Pro 1TB - Gold,Oppo Oppo Find X6 Pro 12GB+256GB,0
Smartfon Honor Honor X9b 512GB Starlight,Honor Honor X9b 8GB/512GB Starlight,1
Realme GT Neo 5 SE 256GB - Coral,Realme Realme GT Neo 5 SE Cream 512GB,0
смартфон apple iphone 13 mini 128gb розовый,смартфон apple iphone 13 128gb розовый,1
смартфон honor x6c 6 256 ocean blue,iphone 17 256gb sage,0
xiaomi redmi pad pro 5g 8 256gb mint green,xiaomi redmi pad pro 5g 8 mint green,1
iPhone 15 1TB (White),Smartfon iPhone 15 1TB/3GB White,1
honor x 8 a holati zor,honor x5c 4 64gb midnight black,0
Honor Honor Magic5 Pro,Honor Magic5 Pro 64GB (Deep Purple),0
Oppo Oppo Reno 10 Pro 64GB Cream,Oppo Reno 10 Pro 64GB Cream,1
honor 400 gold 12 512gb,смартфон google pixel 6 pro 12gb 256gb stormy black,0
Oppo A17 128GB Natural,Redmi K60 64GB - Graphite,0
Poco X6 64GB - Black,Poco X6 64GB Black,1
Smartfon Vivo V29 Pro 512GB/4GB White,Vivo Vivo V29 Pro 4GB+128GB,0
Apple iPhone 11 Pro 8GB/1TB Blue,iPhone 11 Pro 1TB (Blue),1
apple iphone 17 pro 256gb 1 sim 1 esim deep blue smartfoni,apple 17 pro 256gb 1 sim 1 esim deep blue smartfoni,1
redmi 15 midnight black 6 128gb,смартфон samsung galaxy a24 128gb dark red,0
Smartfon Apple iPhone 12 mini 256GB Green,Smartfon Infinix Zero 20 64GB/8GB Coral,0
Smartfon Samsung Galaxy S23 Ultra 512GB Starlight,Galaxy S23 Ultra 512GB - Starlight,1
Honor Honor 200 Pro 1TB Black,Honor 200 Pro 1TB - Black,1
Oppo Oppo Reno 11 Pro 8GB/256GB Titanium,Smartfon Oppo Oppo Reno 11 Pro 256GB Titanium,1
Смартфон Realme Realme GT 5 512GB Deep Purple,Smartfon Realme Realme GT 5 512GB Deep Purple,1
Vivo Vivo Y200 3GB/128GB White,Vivo Vivo V29 White 128GB,0
Honor 100 Pro 128GB (Gold),Honor Honor X9a Gold 128GB,0
смартфон vivo y19s 6 128 black,смартфон y19s 6 128 black,1
Redmi K70 Pro 1TB Silver,Redmi Redmi K70 Pro Silver 1TB,1
Tecno Tecno Pova 5 Pro 6GB+1TB,Tecno Tecno Pova 5 Pro Black 1TB,1
Tecno Tecno Pop 8,Honor Honor X9b Graphite 512GB,0
Tecno Tecno Spark 20 Pro,Смартфон Tecno Tecno Pova 5 64GB Lavender,0
Galaxy A35 5G 1TB (Purple),Galaxy A35 5G 1TB - Purple,1
Poco M5s 256GB Cream,Poco M5s 1TB Silver,0
Smartfon Oppo Reno 10 64GB/12GB Midnight,Oppo Reno 10 64GB Midnight,1
Smartfon Redmi Redmi Note 12 64GB Natural,Redmi Redmi Note 12 64GB Natural,1
iphone 14 ozi 128gb айфон 14,honor x6b 4 128gb forest green,0
oppo reno 11 5g 12 256gb wave green,reno 11 5g 12 256gb wave green,1
Realme Realme C53 6GB/64GB Deep Purple,Realme GT 5 64GB Deep Purple,0
redmi note 14 6 128 midnight black,redmi a5 lake green 4 128gb,0
Smartfon Galaxy S22 512GB/6GB Purple,Samsung Galaxy S22 Green 128GB,0
датчик температуры и влажности xiaomi temperature and humidity monitor,смартфон oppo a5 8 256 aurora green,0
Realme 12 Pro+ 1TB - White,Realme 12 Pro 1TB - White,0
Realme Realme C55 64GB White,Realme Realme C55 4GB/64GB White,1
Tecno Pop 8 128GB Midnight,Tecno Tecno Spark 20 Midnight 128GB,0
смартфон realme 15t white 8 128 гб,смартфон realme 128 white 8 15t гб,1
Honor Honor Magic5 Lite 16GB+64GB,Smartfon Honor Honor Magic5 Lite 64GB Deep Purple,0
смартфон xiaomi redmi note 15 pro 5g 8 512gb black,смартфон redmi note 15 pro 5g 8 512gb black,1
Tecno Tecno Spark 20 Pro+ 1TB Lavender,Tecno Tecno Spark 20 Pro+ 12GB/512GB Gold,0
смартфон huawei nova 11i 8 128gb зеленый,смартфон honor x8с 6 128gb midnight black,0
Realme Realme C55 3GB/512GB Midnight,Смартфон Realme Realme C55 512GB Midnight,1
redmi 17 4g oak green 4 256gb,redmi note 15 pro 5g titanium color 8 512gb,0
Samsung Galaxy A55 5G,Смартфон Samsung Galaxy A55 5G 256GB Cream,1
смартфон samsung galaxy s26 ultra 5g white 1tb,смартфон realme 9i 4 128gb prism blue,0
Vivo V27 512GB Blue,Vivo Vivo V30e 8GB+512GB,0
huawei nova y63 black 4 128gb,y63 nova huawei black 4 128gb,1
Honor Honor X7a Natural 128GB,Infinix Infinix Hot 30 Play,0
смартфон apple iphone 16 256gb dual esim pink,apple iphone 16 256gb dual esim pink,1
Smartfon Galaxy Z Flip 5 512GB/12GB Coral,Galaxy Z Flip 5 512GB (Coral),1
Oppo Find X6 Pro 256GB - Green,Honor 90 Lite 64GB (Silver),0
Realme C67 512GB - Starlight,Tecno Tecno Spark 20 Pro+ Natural 256GB,0
Realme 11 1TB (Cream),Realme 11 1TB Cream,1
Honor Honor X8a 64GB Lavender,Honor X8a 256GB Black,0
Смартфон Xiaomi Xiaomi 14 Ultra 256GB Deep Purple,Xiaomi Xiaomi 14 Ultra Deep Purple 256GB,1
Infinix Infinix Hot 40 Pro Blue 128GB,Smartfon iPhone 15 Plus 256GB/16GB Natural,0
смартфон infinix note 30 8 128gb interstellar blue,смартфон infinix note 30 128gb interstellar blue,1
Infinix Infinix Note 30 Pro Starlight 128GB,Infinix Infinix Note 40,0
Oppo Oppo Reno 11 Pro,Smartfon Oppo Oppo Reno 11 Pro 256GB Lavender,1
Infinix Infinix Note 40 16GB/128GB Starlight,Infinix Note 40 128GB Starlight,1
Honor X7b 64GB - Purple,Smartfon Honor X7b 256GB/16GB Cream,0
iPhone 11 Pro 1TB (White),Smartfon iPhone 11 Pro 512GB/16GB Silver,0
Poco X5 Pro 64GB (Titanium),Xiaomi Poco X5 Pro Titanium 64GB,1
Galaxy Z Flip 5 512GB Purple,Galaxy A35 5G 512GB (Purple),0
Infinix Infinix Zero 30,Infinix Infinix Hot 30 Play 12GB/128GB Cream,0
Redmi Redmi 12 16GB+512GB,Смартфон Redmi Redmi 12 512GB Blue,1
Infinix Infinix Note 40 Pro,Смартфон Apple iPhone 14 Pro 256GB Cream,0
Xiaomi 12 256GB (Coral),Xiaomi Xiaomi 14 Pro Coral 256GB,0
Smartfon Honor Honor 90 Lite 64GB Starlight,Tecno Tecno Camon 30 Pro,0
Смартфон Tecno Tecno Phantom X2 Pro 256GB Cream,Oppo Oppo Reno 10 Lavender 512GB,0
Poco F5 Pro 256GB (Black),Xiaomi Poco F5 Pro 3GB+128GB,0
Apple iPhone 15 Plus,Apple iPhone 11 Pro 12GB/512GB Cream,0
Samsung Galaxy A34,Galaxy A34 512GB - Black,1
Galaxy S21 FE 1TB - Midnight,Смартфон Samsung Galaxy S21 FE 256GB Natural,0
Realme 11 Pro 128GB Deep Purple,Realme Realme C65 128GB Deep Purple,0
Infinix Zero 30 512GB Cream,Infinix Infinix Zero 30 512GB Cream,1
redmi note 15 pro night black 12 256gb,redmi note 15 pro 5g black 8 512gb,0
Tecno Tecno Camon 30 Pro Silver 256GB,Smartfon Tecno Tecno Camon 30 Pro 256GB Silver,1
смартфон samsung galaxy a6 a605 3 32gb black,смартфон samsung galaxy a6 a605 3 32gb,1
Honor Honor Magic6 Pro 12GB/512GB Graphite,Honor Honor Magic6 Pro 12GB+512GB,1
Honor Honor X9a,Смартфон Honor Honor Magic6 Pro 512GB Black,0
Redmi Redmi Note 13 Pro+ 6GB+64GB,Smartfon Redmi Note 13 Pro+ 64GB/6GB Lavender,1
Smartfon Vivo Vivo V30e 1TB Cream,Vivo Vivo V30e,1
redmi note 15 pro 4g оптом и штук,redmi note 15 pro 4g штук и оптом,1
iPhone 15 Pro 256GB Graphite,iPhone 14 Pro Max 256GB - Graphite,0
Oppo Oppo Reno 11,Oppo A58 256GB (Cream),0
смартфон iphone 11 128gb black,11 iphone смартфон 128gb black,1
Tecno Tecno Pova 6 8GB/256GB Lavender,Tecno Tecno Pova 6 Lavender 256GB,1
Smartfon Apple iPhone 12 Pro Max 256GB Lavender,Apple iPhone 12 Pro Max 6GB+256GB,0
Smartfon Oppo Find X7 Ultra 256GB/6GB Blue,Galaxy A25 1TB - Starlight,0
смартфон tecno camon 19 pro 8 128gb разноцветный,nasiya variant рассрочка в кредит iphone 14 pro facte 13,0
zte blade a76 carbon black 4 128gb,zte blade 4 carbon black a76 128gb,1
Samsung Galaxy S24 4GB/512GB Black,Samsung Galaxy S24 4GB+64GB,0
смартфон samsung galaxy s25 5g 12 256gb dual sim navy,смартфон google pixel 9 pro fold 512gb obsidian,0
Poco F5 Pro 512GB Black,Poco F5 Pro 1TB - Coral,0
Infinix Smart 8 64GB Purple,Smartfon Infinix Infinix Smart 8 64GB Purple,1
Realme C33 256GB Black,Smartfon Realme C33 256GB/4GB Black,1
Redmi Note 11S 1TB - Cream,Redmi Note 11S 1TB Cream,1
смартфон honor x6b 4 128gb midnight black forest green,honor x6c green 6 256gb,0
Redmi Redmi Note 11S 4GB+64GB,Redmi Note 12 Pro+ 64GB Coral,0
Redmi Redmi Note 12 Pro 1TB Black,Redmi Redmi 13C,0
Tecno Tecno Phantom V Fold 8GB/512GB Green,Tecno Tecno Spark 20 8GB/512GB Green,0
honor 600 lite velvet black 8 256gb,смартфон apple iphone 13 128gb т мная ночь,0
Poco X6 Pro 64GB (Coral),Poco X6 Pro 64GB - Coral,1
Smartfon Infinix Infinix Zero 30 5G 128GB Cream,Smartfon Infinix Zero 30 5G 128GB/8GB Cream,1
Samsung Galaxy Z Flip 4 6GB/128GB Silver,Samsung Galaxy Z Flip 4 Lavender 1TB,0
Смартфон Vivo Vivo V27 Pro 512GB Gold,Vivo Vivo V27 Pro 4GB+512GB,1
Smartfon Xiaomi 14T 1TB/3GB Green,Смартфон Xiaomi Xiaomi 14T 1TB Green,1
Xiaomi Xiaomi 14 Ultra Blue 256GB,Xiaomi 14 Ultra 256GB - Blue,1
Redmi Redmi 12C 1TB Cream,Redmi Redmi 12C 6GB+1TB,1
смартфон xiaomi mi8 lite 128gb black,смартфон xiaomi black lite 128gb mi8,1
Infinix Note 40 Pro 64GB White,Infinix Infinix Hot 40 4GB+64GB,0
автомобильное зарядное устройство belkin 75w car charger with usb c cable,автомобильное зарядное устройство 75w car charger with usb c cable,1
смартфон samsung galaxy a55 5g 8 128gb purple,смартфон samsung galaxy purple 5g 8 128gb a55,1
Smartfon Honor 80 Pro 64GB/16GB Starlight,Honor Honor 80 Pro,0
Tecno Tecno Camon 30 Pro 256GB Gold,Tecno Tecno Camon 30 Pro Gold 256GB,1
смартфон honor x5c plus 4 128 ocean cyan,honor x8d 8 128gb smartfoni black,0
смартфон honor 200 pro 12 512 cyan blue,смартфон honor 400 8 256gb midnight black,0
смартфон huawei nova 10 8 128gb shimmery silver,смартфон huawei nova 10 8 shimmery 128gb silver,1
Redmi A3 64GB Starlight,Смартфон Redmi Redmi A3 64GB Starlight,1
телефон novey t515 черный,телефон novey черный t515,1
reno 13f 8 512 plume purple,plume 13f 8 512 reno purple,1
Tecno Tecno Camon 30,Tecno Camon 30 512GB Black,1
Tecno Tecno Pova 6 Pro,Tecno Tecno Pova 6 Pro,0
Smartfon Tecno Tecno Camon 20 Pro 64GB Cream,Смартфон Tecno Tecno Camon 20 Pro 64GB Cream,1
Infinix Smart 8 256GB - White,Infinix Infinix Smart 8 3GB/256GB White,1
iphone 17 pro,17 iphone pro,1
Smartfon Oppo A79 5G 128GB/6GB Green,Oppo A79 5G 128GB - Green,1
Infinix Zero 30 128GB - Coral,Infinix Zero 30 128GB - Coral,1
Tecno Spark 20 Pro+ 128GB Coral,Tecno Pop 8 128GB Coral,0
Realme 12 Pro 512GB Cream,Oppo Oppo Find X7 1TB Graphite,0
Samsung Galaxy A15 128GB Titanium,Samsung Galaxy A35 5G 128GB Titanium,0
Infinix Infinix Note 40 Pro 6GB/256GB Silver,Смартфон Infinix Infinix Note 30 256GB Silver,0
Смартфон Tecno Tecno Pova 6 128GB Graphite,Xiaomi Poco F5,0
redmi note 9 3 1 64 narxi 1 100 000 kelishamiz,redmi 12 128gb hamma joyi o ziniki karobka dokument bor usta tegmagan,0
Smartfon Galaxy A05s 128GB/16GB Graphite,Galaxy A05s 128GB - Graphite,1
Honor Honor 200 64GB Lavender,Honor Honor 200 Lavender 64GB,1
смартфон xiaomi xiaomi 15 8 256 гб фиолетовый,смартфон xiaomi 15 8 256 гб фиолетовый,1
Honor Honor 90 16GB/64GB Gold,Honor Honor 90 Gold 64GB,1
Apple iPhone 14 8GB/512GB Deep Purple,Apple iPhone 14 8GB/512GB Deep Purple,1
Samsung Galaxy S23 Ultra 6GB+512GB,Samsung Galaxy S23 Ultra Blue 512GB,1
Xiaomi 11T 256GB Black,Xiaomi 11T 256GB (Black),1
Смартфон Honor Honor X8a 128GB Cream,Honor Honor X8a,1
Xiaomi Xiaomi 14 6GB+64GB,Smartfon Xiaomi Xiaomi 14 64GB Titanium,1
Smartfon Oppo Reno 10 Pro+ 1TB/16GB Graphite,Smartfon Realme Realme 11 Pro+ 512GB Green,0
Samsung Galaxy F14 5G,Oppo Reno 12 Pro 64GB (Gold),0
смартфон honor x9d 5g 12 256gb terracotta,смартфон xiaomi poco c81 pro 4 64gb green,0
Realme Realme 12,Realme 9 Pro+ 512GB Silver,0
Oppo Oppo Find X6 Pro 256GB Cream,Oppo Find X6 Pro 256GB Cream,1
Tecno Tecno Pop 8 4GB+64GB,Tecno Tecno Pop 8,1
Vivo Vivo Y200 Pro Titanium 64GB,Vivo Vivo V30 Pro,0
Смартфон Tecno Tecno Spark 10 128GB Blue,Tecno Spark 10 128GB - Blue,1
redmi a7 pro 4 128 black,прода тся телефон redmi note 13 pro,0
Vivo Vivo V27 128GB Graphite,Vivo Vivo V27,0
беспроводные наушники redmi buds 6 active black,беспроводные наушники redmi buds active 6 black,1
Infinix Infinix Note 30 Pro 128GB Silver,Infinix Note 30 Pro 128GB (Silver),1
iphone 13pro max,смартфон samsung galaxy a54 5g 8 256gb white,0
Redmi Redmi A2+ 128GB Graphite,Redmi Redmi A2+ 128GB Graphite,1
смартфон vivo y29 8 256 brown,продам складной смартфон huawei mate x5 12 512 green,0
Smartfon Tecno Tecno Spark 20 Pro 256GB Coral,Tecno Tecno Spark 20 Pro Coral 256GB,1
Xiaomi 14 Ultra 256GB Coral,Xiaomi Xiaomi 14 Ultra 256GB Coral,1
смартфон xiaomi 14 pro 12 256gb dual nano sim cn green,смартфон tecno camon 20 8 256gb glacier glow,0
redmi note 15 forest green 8 256gb,смартфон apple iphone 14 pro 1tb dual 1 sim фиолетовый,0
Smartfon Realme C55 512GB/3GB Titanium,Realme C55 512GB - Titanium,1
Смартфон Infinix Infinix Hot 40 512GB Purple,Smartfon Infinix Infinix Hot 40 Pro 512GB Purple,0
Oppo Reno 12 128GB Starlight,Смартфон Oppo Oppo Reno 12 128GB Starlight,1
Smartfon Infinix Zero 30 5G 128GB/6GB Lavender,Smartfon Infinix Note 30 128GB/6GB Lavender,0
Honor 90 Pro 1TB (Lavender),Smartfon Honor 90 Pro 1TB/4GB Lavender,1
Смартфон Infinix Infinix Smart 8 Pro 1TB Gold,Infinix Infinix Smart 8 Pro 1TB Gold,1
Samsung Galaxy S22,Galaxy S22 64GB Natural,1
oppo a6s pro 8 256 eclipse blue,oppo a6s pro 8 eclipse 256 blue,1
Realme 12+ 64GB (Purple),Realme 12+ 1TB - Green,0
honor 600 lite velvet grey 8 256gb,смартфон honor x9b 5g 12 256gb emerald green,0
Oppo Oppo A17 128GB White,Samsung Galaxy Z Flip 4 Silver 1TB,0
xiaomi redmi 15,xiaomi 15,1
Redmi Redmi 12C 256GB White,Smartfon Redmi Redmi 12C 256GB White,1
смартфон xiaomi redmi note 15 pro 5g 8 512 titanium color,смартфон xiaomi redmi note pro 15 5g 8 512 titanium color,1
Samsung Galaxy A15 Deep Purple 1TB,Samsung Galaxy A15 1TB Deep Purple,1
Smartfon Vivo Y22s 64GB/3GB Starlight,Smartfon Vivo Y22s 64GB/3GB Starlight,1
Apple iPhone 12 Pro Max,Apple iPhone 12 Pro Max 128GB Silver,1
Apple iPhone 15 Plus 4GB+128GB,Apple iPhone 15 Plus 4GB/128GB Graphite,1
Vivo Vivo V27 Pro 8GB+256GB,Смартфон Vivo Vivo V27 Pro 64GB Coral,0
Oppo Oppo Reno 11 6GB/64GB Deep Purple,Oppo Oppo Reno 11 64GB Deep Purple,1
iPhone 15 Plus 256GB - Lavender,iPhone 15 Plus 256GB (Lavender),1
Vivo Vivo V27 16GB/128GB Natural,Vivo V27 128GB (Natural),0
Honor X7a 1TB - Deep Purple,Honor X7a 128GB Cream,0
Apple iPhone 15 Plus 128GB Purple,Smartfon Apple iPhone SE 3 128GB Purple,0
смартфон xiaomi redmi note 13 pro 12 512gb lavender purple,смартфон redmi note 13 pro 12 512gb lavender purple,1
Honor 90 Pro 512GB White,Honor 90 Pro 512GB - White,1
Honor Magic6 Pro 256GB (Coral),Смартфон Apple iPhone 12 Pro Max 64GB White,0
Smartfon Xiaomi 14T 1TB/4GB Lavender,Smartfon Xiaomi 12 Pro 1TB/4GB Lavender,0
iPhone 15 512GB - Starlight,Apple iPhone 11 Starlight 512GB,0
Realme Realme GT Neo 5 SE,Tecno Pop 8 512GB Titanium,0
Tecno Pova 6 512GB Coral,Tecno Pova 6 512GB - Coral,1
Samsung Galaxy S21 FE 16GB+1TB,Apple iPhone 15 Pro Max 64GB Black,0
смартфон honor x7a plus 6 128gb shimmery silver,смартфон honor x9d 8 256 гб черный,0
redmi 15c mint green 8 256gb,redmi note 14 pro 5g midnight black 12 512gb,0
смартфон iphone 7 plus 256gb red,смартфон 256gb 7 plus iphone red,1
Galaxy A05 256GB - Graphite,Vivo Vivo X100 128GB Natural,0
Смартфон Vivo Vivo V29 128GB Lavender,Vivo Y36 128GB - Lavender,0
Oppo Oppo Reno 10 Silver 128GB,Xiaomi Xiaomi 12 512GB Black,0
iphone 16 8 128 white,iphone 16 128 8 white,1
Apple iPhone 13 mini 12GB+64GB,Apple iPhone SE 3 12GB+64GB,0
Смартфон Redmi Redmi 13C 128GB Blue,Redmi Redmi 13C,0
redmi not 12 ideal,redmi 15c 8 256gb mint green,0
redmi 14c dreamy purple 6 128gb,redmi not 9 pro sotaman,0
Smartfon Realme C55 128GB/3GB White,Realme Realme 12 Pro+ 3GB+128GB,0
смартфон samsung galaxy s24 12 512gb dual esim yellow,смартфон apple iphone 16 pro 256gb dual esim black titanium,0
Realme Realme GT 5 512GB Graphite,Realme Realme GT 5 6GB/512GB Graphite,1
smartfon redmi a5 3 64gb lake green,redmi note 8 4 64 karobka dokument,0
Tecno Tecno Camon 30 Pro 256GB Deep Purple,Smartfon Tecno Camon 30 Pro 256GB/16GB Deep Purple,1
Samsung Galaxy S24 4GB/256GB Midnight,Galaxy S24 256GB (Midnight),1
Смартфон Xiaomi Poco F5 Pro 128GB Cream,Смартфон Xiaomi Poco F5 Pro 64GB White,0
смартфон honor 70 12 256gb global crystal silver,honor x9d 5g 12 256gb sunrise gold 365gb internet 3 oy bepul tv com sovg a,0
redmi note 15 pro glacier blue 8 256gb,смартфон redmi 15 6 128gb titan gray,0
Galaxy S23+ 1TB - Starlight,Galaxy S23+ 1TB Starlight,1
смартфон xiaomi 14 12 512gb dual nano sim cn black,смартфон xiaomi 14 512gb dual nano sim cn black,1
Samsung Galaxy A34 512GB Purple,Samsung Galaxy A34,0
Honor 90 Pro 1TB (Midnight),Honor Honor 90 Pro,1
Oppo Oppo Reno 10 Pro+ 3GB+1TB,Redmi Redmi Note 12 Pro+ 256GB Black,0
Infinix Smart 8 Pro 64GB - Lavender,Smartfon Infinix Infinix Smart 8 Pro 512GB Starlight,0
Oppo Oppo A79 5G Deep Purple 64GB,Смартфон Oppo Oppo A79 5G 512GB Lavender,0
смартфон samsung galaxy z flip6 12 512gb nano sim esim мятный,смартфон samsung z flip6 12 512gb nano sim esim мятный,1
смартфон xiaomi redmi note 14 6 128 гб lime green,смартфон гб redmi note 14 6 128 xiaomi lime green,1
смартфон xiaomi 14t 12gb 512gb titan black,смартфон xiaomi 12gb 512gb titan black,1
Samsung Galaxy A05s 3GB+128GB,Смартфон Samsung Galaxy A05s 128GB Deep Purple,1
Smartfon iPhone 15 64GB/8GB Coral,Смартфон Apple iPhone 15 64GB Coral,1
Vivo Vivo V29 6GB+512GB,Smartfon Vivo V29 512GB/6GB Gold,1
Samsung Galaxy Z Flip 4,Смартфон Samsung Galaxy A25 256GB Coral,0
Infinix Hot 40 Pro 512GB Blue,Smartfon Infinix Hot 40 Pro 512GB/12GB Blue,1
смартфон samsung galaxy s25 ultra 12 256gb titan black,проектирование систем вентиляции и кондиционирования,0
Infinix Note 30 128GB - Starlight,Infinix Infinix Note 30 128GB Starlight,1
Oppo Oppo A17 4GB/256GB Starlight,Oppo Oppo A58,0
Smartfon Galaxy S21 FE 256GB/6GB Lavender,Samsung Galaxy S21 FE 6GB/512GB Deep Purple,0
Redmi Note 12 Pro 64GB (Graphite),Redmi Note 12 Pro 64GB Graphite,1
Tecno Tecno Camon 30,Smartfon Tecno Tecno Camon 30 512GB Purple,1
смартфон iphone 12 pro 256gb blue,смартфон iphone 256gb pro 12 blue,1
Samsung Galaxy F14 5G 256GB Lavender,Infinix Infinix Hot 40 16GB+64GB,0
смартфон tecno pova 5 pro 5g 8 256gb black,смартфон iphone xs 256gb gold,0
смартфон samsung galaxy s24 ultra 12 256gb dual nano sim black titan,smartfon honor x9d 12 256gb midnight black,0
Smartfon Redmi Note 12 Pro+ 512GB/16GB Green,Smartfon Redmi Note 12 Pro+ 512GB/16GB Green,1
Смартфон Xiaomi Poco M5 64GB Graphite,Smartfon Poco M5 64GB/8GB Graphite,1
смартфон honor x8c 8 128gb black,смартфон honor 70 8 256gb midnight black,0
Smartfon Infinix Infinix Note 40 1TB Natural,Infinix Infinix Note 40 3GB/1TB Natural,1
Vivo Vivo Y200 Pro Silver 128GB,Vivo Y35 128GB (Silver),0
Honor Honor X8a 6GB+64GB,Honor Honor X8a 6GB/64GB Silver,1
смартфон samsung galaxy s24 8 256gb dual esim black,смартфон samsung galaxy s24 8 dual esim black,1
смартфон oppo a17 4 64gb blue,oppo смартфон a17 4 64gb blue,1
Vivo Y200 512GB - Cream,Realme Realme 12 Pro+ 256GB Midnight,0
Xiaomi Xiaomi 12T Pro 4GB+64GB,Xiaomi Xiaomi 13,0
Poco X6 Pro 1TB - Gold,Xiaomi Xiaomi 12X Gold 1TB,0
Infinix Infinix Smart 8 Pro 128GB Black,Smartfon Infinix Infinix Smart 8 Pro 128GB Black,1
Смартфон Vivo Vivo V30 256GB Lavender,Смартфон Vivo Vivo V30 256GB Lavender,1
Smartfon Realme Realme C33 64GB Blue,Realme Realme C33 6GB+64GB,1
redmi 15c midnight black 6 128gb,redmi 15c 8 256gb moonlight blue,0
Xiaomi Poco X5 Pro,Poco X5 Pro 256GB Natural,1
Realme GT 5 64GB Cream,Realme GT 5 64GB Cream,1
Smartfon Redmi Note 12 Pro 1TB/16GB White,Redmi Redmi Note 12 Pro 16GB/256GB Coral,0
Infinix Infinix Zero 20 16GB/256GB Coral,Smartfon Infinix Zero 20 1TB/16GB Green,0
Samsung Galaxy Z Flip 4 Titanium 128GB,Smartfon Samsung Galaxy Z Flip 4 64GB Black,0
зарядное устройство ugreen nexode s 30w usb c gan fast charger eu,redmi not 11 pro,0
зарядное устройство ugreen nexode mini 20w charger eu,смартфон xiaomi redmi 15c 8 256 гб черный,0
Apple iPhone 15 Plus Blue 1TB,Smartfon Apple iPhone 15 Plus 1TB Blue,1
Poco F5 128GB (Black),Redmi Redmi A3 12GB/64GB Coral,0
Смартфон Samsung Galaxy Z Fold 5 256GB Cream,Smartfon Galaxy Z Fold 5 256GB/6GB Cream,1
xiaomi redmi note 14 pro 5g 12 512gb global version black 100gb of internet 3 months of tv com for free,зарядное устройство borofone bn3 premium 20w type c lightning,0
смартфон samsung galaxy s22 ultra 12 256gb белый фантом,смартфон vivo v60 lite 8 256 black,0
Смартфон Apple iPhone 11 512GB Deep Purple,Apple iPhone 11,1
Vivo V29 Pro 256GB Starlight,Smartfon Vivo X90 Pro 256GB/12GB Starlight,0
Realme 11 Pro 256GB Graphite,Realme 11 Pro 256GB Graphite,1
Galaxy A15 128GB - Natural,Galaxy A15 128GB (Natural),1
Infinix Infinix Note 30 Pro,Infinix Infinix Note 30 Pro 3GB/64GB Natural,0
смартфон redmi 15 6 128gb sunday purple,смартфон redmi purple 6 128gb sunday 15,1
Realme Realme 11 Pro,Realme 11 Pro 256GB (Coral),1
redmi note 15 pro titanium color 8 256gb,смартфон samsung galaxy s24 12 512gb dual esim yellow,0
Apple iPhone 13 mini 64GB Blue,Apple iPhone 13 mini Blue 64GB,1
Smartfon Apple iPhone 11 Pro Max 1TB Green,iPhone 11 Pro Max 1TB - Green,1
беспроводные наушники xiaomi mi earbuds basic 2,наушники xiaomi mi earbuds basic 2,1
Oppo Reno 10 Pro+ 128GB Cream,Oppo Reno 12 128GB (Cream),0
apple iphone 17 pro max 256gb 1 sim 1 esim deep blue smartfoni,samsung s25 plus доставка проверка при получении,0
Tecno Phantom X2 Pro 256GB (Green),Tecno Phantom X2 Pro 512GB Black,0
Galaxy Z Flip 5 128GB (Midnight),Galaxy Z Flip 5 512GB - Silver,0
смартфон apple iphone 16 128gb dual esim pink,смартфон apple iphone 16 128gb dual esim,1
Smartfon Apple iPhone 15 Plus 128GB Deep Purple,Smartfon iPhone 15 Plus 128GB/6GB Deep Purple,1
Vivo Vivo V29 1TB Coral,Vivo Vivo V29 6GB/1TB Coral,1
Smartfon Apple iPhone 12 Pro Max 128GB Natural,Apple iPhone 12 Pro Max 8GB/128GB Natural,1
смартфон realme note 50 4 128 midnight black,смартфон xiaomi redmi note 12s 8 256 green,0
Tecno Tecno Spark 10 16GB/1TB Graphite,Tecno Tecno Spark 10 Graphite 1TB,1
Tecno Tecno Camon 30 64GB Lavender,Tecno Camon 30 64GB Lavender,1
iPhone 13 mini 64GB (Gold),iPhone 13 Pro 64GB - Gold,0
Смартфон Xiaomi Xiaomi 13 64GB Coral,Xiaomi 13 64GB Coral,1
Xiaomi 14 Ultra 256GB (Green),Xiaomi 14 Ultra 256GB - Green,1
Galaxy S23 Ultra 512GB (Lavender),Tecno Tecno Camon 30 Pro 128GB Starlight,0
Galaxy S24 Ultra 64GB (Midnight),Galaxy S24 Ultra 64GB Midnight,1
Smartfon Honor 90 512GB/3GB Gold,Smartfon Honor Honor 90 512GB Gold,1
Smartfon Samsung Galaxy S22 Ultra 256GB Green,Tecno Tecno Pop 8 1TB Coral,0
Infinix Note 30 512GB (Lavender),Смартфон Infinix Infinix Note 30 128GB White,0
Samsung Galaxy A35 5G 12GB/512GB White,Smartfon Galaxy A55 5G 512GB/12GB White,0
Смартфон Infinix Infinix Hot 30 Play 512GB Lavender,Honor Honor Magic5 Lite Titanium 1TB,0
смартфон samsung galaxy a35 5g 8 128gb purple,смартфон samsung galaxy a35 5g purple 128gb 8,1
смартфон honor x5 plus 4 64gb cyan lake,смартфон honor x8a 6 128gb black,0
Redmi Redmi Note 13 4G 512GB Lavender,Redmi Redmi Note 13 4G 8GB+128GB,0
Tecno Tecno Pop 8 Coral 128GB,Tecno Tecno Phantom V Fold,0
Honor Honor X8a 8GB+128GB,Honor X8a 128GB (Black),1
Galaxy A05 1TB - Midnight,Samsung Galaxy A25,0
Honor 200 Pro 64GB Green,Honor Honor 200 Pro,1
Realme GT 5 Pro 64GB (Titanium),Realme Realme GT 5 Pro 64GB Titanium,1
Smartfon Oppo Reno 12 Pro 512GB/16GB Graphite,Smartfon Oppo Oppo Reno 12 Pro 512GB Graphite,1
Honor Honor 200 Pro,Xiaomi Poco F5 Pro,0
redmi 15c mint green 8 256gb,redmi note 15 6 128 purple,0
смартфон honor 200 lite 8 256 green,honor x7d 8 256 meteor silver,0
Vivo Y200 Pro 128GB (Graphite),Redmi Redmi Note 13 4G 512GB Purple,0
Vivo Vivo Y100 6GB+1TB,Vivo Vivo Y100,1
смартфон samsung galaxy s25 ultra 5g s938 12 256gb titanium black,смартфон samsung galaxy s25 ultra s938 12 256gb titanium black,1
Tecno Tecno Spark 20 Pro 1TB Natural,Smartfon Honor Honor Magic6 Pro 256GB Purple,0
redmi note 12 pro,redmi note 14 lime green 6 128gb,0
Infinix Infinix Hot 40 Titanium 128GB,Infinix Infinix Smart 8 Plus 128GB Titanium,0
Redmi Redmi 13 16GB+1TB,Redmi Redmi 13 Coral 1TB,1
Смартфон Vivo Vivo X100 Pro 64GB Natural,Vivo X100 Pro 64GB - Natural,1
смартфон iphone xs max 512gb gold,смартфон iphone max xs 512gb gold,1
Smartfon Honor Honor 100 Pro 1TB Lavender,Honor 100 Pro 1TB - Lavender,1
Smartfon Honor X9b 64GB/12GB Starlight,Smartfon Honor Honor X7b 64GB Starlight,0
Smartfon Infinix Infinix Hot 40 256GB Graphite,Infinix Hot 40 256GB (Graphite),1
Tecno Spark 10 256GB Green,Tecno Spark 10 256GB Green,1
Oppo Reno 12 Pro 64GB - White,Oppo Oppo Reno 12 Pro 3GB/64GB White,1
Infinix Note 30 1TB (Silver),Infinix Infinix Note 30,1
смартфон samsung galaxy s24 ultra 12 256gb dual esim yellow titan,huawei nova 10 se 8 128gb starry black,0
Honor 100 128GB - Lavender,Honor Honor 90 Pro 4GB+128GB,0
смартфон apple iphone 16 512gb sim esim pink,apple смартфон iphone 16 512gb sim esim pink,1
смартфон samsung galaxy s24 8 128gb dual esim violet,apple iphone 16 pro,0
Infinix Infinix Note 40 Deep Purple 64GB,Xiaomi Xiaomi 13T 12GB/1TB Midnight,0
smartfon honor x6c 6 128gb blue,smartfon x6c 6 128gb blue,1
Smartfon Vivo Vivo X100 Pro 1TB Graphite,Vivo X100 Pro 1TB - Graphite,1
Redmi Redmi A3 8GB+512GB,Redmi A3 512GB Purple,1
Poco F5 512GB - Graphite,Poco F5 512GB (Graphite),1
redmi note 13 ice blue 6 128gb,redmi note 15 8 256 purple,0
Smartfon Oppo Oppo A38 64GB Black,Smartfon Oppo Oppo A38 64GB Black,1
Smartfon iPhone 14 128GB/8GB Midnight,Redmi K70 Pro 256GB (Blue),0
Tecno Tecno Phantom V Fold 12GB/512GB Purple,Смартфон Tecno Tecno Phantom V Fold 1TB White,0
Vivo Vivo V29,Vivo Vivo V29 12GB/128GB Coral,1
Oppo A17 64GB - Cream,Oppo Oppo A17 64GB Cream,1
смартфон infinix hot 40 pro 16 256gb black,xiaomi mix flip 512gb purple,0
Xiaomi Poco X6 Natural 1TB,Poco X6 1TB - Natural,1
смартфон honor x6b 6 128gb forest green,смартфон honor x8b 8 128gb green,0
Samsung Galaxy A34 4GB/1TB Deep Purple,Samsung Galaxy A34 4GB/1TB Deep Purple,1
обучение и проверка знаний работников в области охраны безопасности и гигиены труда,обучение и проверка знаний работников в области охраны безопасности и труда,1
Honor Honor 90 Pro 256GB Deep Purple,Honor Honor 90 Pro Deep Purple 256GB,1
Redmi Note 13 128GB - Gold,Smartfon Redmi Note 13 128GB/12GB Gold,1
Oppo Oppo A79 5G 8GB/128GB Deep Purple,Oppo A79 5G 128GB Deep Purple,1
смартфон xiaomi redmi note 8 4 128gb,смартфон apple iphone 16 512gb sim esim pink,0
Tecno Camon 30 512GB (Starlight),Tecno Tecno Pova 6 16GB+512GB,0
Смартфон Redmi Redmi Note 11 Pro 64GB Titanium,Smartfon Redmi Redmi Note 11 Pro 64GB Titanium,1
Samsung Galaxy S24 Ultra,Galaxy S24 Ultra 512GB Blue,1
Xiaomi 11 Ultra 128GB - Silver,Xiaomi 11 Ultra 128GB (Silver),1
Smartfon Vivo Vivo V30 Pro 512GB Graphite,Vivo Vivo V30 Pro Graphite 512GB,1
Smartfon Samsung Galaxy Z Flip 5 1TB Lavender,Apple iPhone 13 mini Black 128GB,0
iPhone 13 mini 128GB (Lavender),Apple iPhone 13 mini 6GB+128GB,1
Poco M5 64GB (Purple),Xiaomi Poco M5 3GB/64GB Purple,1
смартфон samsung galaxy s23 8 256gb cream,смартфон samsung galaxy 256gb 8 s23 cream,1
смартфон xiaomi pocophone f1 6 64gb red,смартфон xiaomi pocophone f1 6 red,1
Samsung Galaxy Z Flip 4 3GB/128GB White,Смартфон Samsung Galaxy A55 5G 128GB White,0
Vivo Y200 Pro 512GB Black,Redmi Redmi 12,0
Smartfon Xiaomi Poco X6 512GB Black,Xiaomi Poco X6 256GB Lavender,0
Xiaomi 12X 1TB Coral,Xiaomi 12X 1TB Coral,1
смартфон samsung galaxy a26 256gb mint,oppo a5 pro 8 128gb mocha brown,0
Oppo A17 256GB - Starlight,Smartfon Oppo A17 256GB/4GB Starlight,1
Poco X5 1TB Titanium,Xiaomi Poco X5,1
Oppo A78 1TB - Black,Smartfon Oppo Oppo A78 1TB Black,1
Poco X5 Pro 1TB Purple,Poco X5 Pro 1TB Purple,1
redmi 15 6 128gb titan gray,redmi note 15 pro 12 512 black,0
Smartfon Vivo V29 256GB/16GB Natural,Smartfon Vivo Y35 256GB/16GB Natural,0
Смартфон Apple iPhone 15 Pro 64GB Deep Purple,Apple iPhone 15 Pro Deep Purple 64GB,1
Vivo Y200 64GB - Starlight,Vivo Vivo Y200 128GB Graphite,0
iPhone 13 256GB Natural,Смартфон Apple iPhone 13 512GB Gold,0
смартфон samsung galaxy a15 8 128gb blue black,смартфон galaxy a15 8 128gb blue black,1
Honor Honor 80 Pro 3GB/128GB Starlight,Honor Honor 80 Pro,1
redmi note 15 pro 5g mocha brown 12 512gb,redmi 9c 3 64 пол года пользования в идеальном состоянии,0
смартфон samsung galaxy a17 5g 4 128gb black,apple iphone 17 pro max 256gb dark blue,0
Xiaomi Xiaomi 14T Silver 1TB,Smartfon Poco X6 1TB/12GB Silver,0
смартфон samsung galaxy z fold 4 8 256gb gray,смартфон samsung galaxy z fold 4 256gb gray,1
новый xiaomi 17t 5g доставка,смартфон honor magic v3 12gb 512gb black,0
смартфон xiaomi redmi 13 8 256 gold,телефон novey z1 red,0
Xiaomi Xiaomi 14 Pro 4GB+128GB,Smartfon Xiaomi Xiaomi 14 Pro 128GB Titanium,1
Vivo Vivo X90 Pro 512GB Black,Apple iPhone 14 Plus 12GB+64GB,0
honor 400 lite 8 256gb velvet black на,honor 400 lite 8 velvet black на,1
смартфон infinix smart 10 4 64gb blue,смартфон iphone 13 mini 256gb starlight,0
смартфон xiaomi redmi 14c 5g 6 128gb starry blue,honor x8c 8 256gb marrs green,0
Xiaomi Xiaomi 11T 8GB+256GB,Xiaomi Xiaomi 11T 256GB Natural,1
Honor Honor X9b Deep Purple 128GB,Honor Honor X7a 12GB+128GB,0
Vivo Vivo V29 Pro 6GB/128GB Green,Vivo Vivo V29 Pro 6GB+64GB,0
Apple iPhone SE 3 4GB+128GB,iPhone SE 3 128GB - Blue,1
Samsung Galaxy S23+ 512GB White,Samsung Galaxy S23+ 512GB White,1
Realme Realme 12 Pro 12GB+1TB,Realme Realme 11 Pro Gold 1TB,0
Redmi Redmi Note 11S 12GB/64GB Natural,Redmi Note 11S 64GB - Natural,1
Xiaomi Xiaomi 12T Pro 4GB/128GB Deep Purple,Xiaomi 12T Pro 128GB (Deep Purple),1
Oppo Reno 11 Pro 64GB (Coral),Infinix Infinix Zero 30,0
Galaxy F14 5G 1TB Midnight,Samsung Galaxy F14 5G 4GB+1TB,1
honor x8d 8 128 velvet black,velvet x8d 8 128 honor black,1
Tecno Spark 20 Pro 64GB - Green,Tecno Tecno Spark 20 Pro 3GB/512GB Titanium,0
смартфон huawei nova 10 pro 8 256gb shimmery silver,honor x6c 6 256gb ocean blue 100gb of internet 3 months of tv com for free,0
Vivo V27 128GB - Gold,Смартфон Vivo Vivo V27 128GB Gold,1
Smartfon Tecno Tecno Camon 30 128GB Titanium,Tecno Tecno Spark 20 Pro+ 6GB/128GB Titanium,0
Apple iPhone 13 Pro Max 256GB Titanium,Apple iPhone 13 Pro Max 16GB+256GB,1
samsung galaxy s21 plus 5g sotiladi,смартфон spark go 2 km4 128 3 veil white,0
Galaxy A34 64GB (Graphite),Xiaomi 11T Pro 1TB - Black,0
смартфон samsung galaxy s25 5g 12 256gb navy,смартфон samsung galaxy s25 12 256gb navy,1
Apple iPhone 15,Apple iPhone 15 64GB Titanium,1
Tecno Tecno Camon 20 Pro Starlight 128GB,Tecno Tecno Phantom X2 Pro 16GB/128GB Starlight,0
смартфон spark go 2 km4 64 3 turquoise green,смартфон spark go 2 64 3 turquoise green,1
Samsung Galaxy S24 Ultra 3GB+256GB,Samsung Galaxy S24 Ultra Deep Purple 128GB,0
Realme 12 256GB Gold,Realme Realme 12 3GB/256GB Gold,1
Honor Honor 90 Pro,Honor Honor 90 Pro 64GB Purple,1
Infinix Note 30 64GB - Deep Purple,Smartfon Infinix Infinix Note 40 Pro 64GB Deep Purple,0
Vivo Vivo V27 Pro 6GB/512GB Starlight,Vivo Vivo V27 Pro 6GB/512GB Starlight,1
продам redmi note 15 pro plus 5g 12 512 brown,redmi 15c 4 128gb midnight black,0
Smartfon Xiaomi 13 Ultra 64GB/4GB Natural,Xiaomi Xiaomi 13 Ultra 64GB Natural,1
Tecno Camon 30 Pro 128GB Silver,Tecno Tecno Camon 30 Pro 3GB+128GB,1
srochno sotiladi telefon ayibi yo yahshi ishlatilgan,sotiladi telefon ayibi yo yahshi ishlatilgan,1
смартфон samsung galaxy a03 core 2 32gb black,смартфон samsung galaxy 2 core a03 32gb black,1
Redmi Redmi Note 13 4G 12GB+1TB,Redmi Redmi Note 13 4G 1TB White,1
Honor 80 Pro 128GB (Gold),Honor Honor X7a 128GB Gold,0
Infinix Infinix Zero 20 1TB Purple,Infinix Infinix Zero 20 12GB/1TB Purple,1
Tecno Spark 20 512GB (Silver),Tecno Spark 20 64GB White,0
Smartfon Vivo Y35 256GB/16GB Blue,Smartfon Xiaomi Xiaomi 13 512GB Green,0
Poco X5 Pro 1TB - Purple,Смартфон Xiaomi Xiaomi 14T Pro 1TB Purple,0
Redmi Note 13 Pro 1TB (Deep Purple),Smartfon Redmi Note 11 1TB/16GB Deep Purple,0
honor x7c midnight black 6 128gb,honor 200 12 512gb moonlight white,0
Infinix Infinix Smart 8 512GB Lavender,Smartfon Infinix Infinix Smart 8 512GB Lavender,1
смартфон iphone 13 pro max 512gb sierra blue,смартфон iphone 13 pro sierra 512gb max blue,1
iPhone 12 256GB Gold,Smartfon iPhone 12 256GB/16GB Gold,1
Realme Realme C33,Realme Realme C33,0
redmi note 15 purple 6 128gb,redmi note 15 pro 8 256 titanium,0
смартфон google pixel 6 pro 12 128gb black,смартфон 128gb pixel 6 pro 12 google black,1
Realme Realme 9 Pro+,Realme Realme 9 Pro+ Gold 128GB,0
infinix hot 50i 4 256gb titanium grey,samsung galaxy a07 6 128gb black,0
смартфон xiaomi mi 12t 8 128gb blue,xiaomi redmi a5 ocean blue 4 128gb,0
смартфон honor x6b 6 256 black,honor 400 lite черный 8 256gb,0
Смартфон Honor Honor X8a 256GB Silver,Vivo Vivo X100 1TB Gold,0
Oppo Oppo Reno 10 64GB Deep Purple,Honor Honor 100 16GB+256GB,0
профессиональный массаж,huawei nova 12i black 8 256gb,0
Смартфон Vivo Vivo V29 64GB Silver,Vivo Vivo V27 Silver 64GB,0
Apple iPhone 11 Gold 64GB,Smartfon Infinix Infinix Note 40 512GB Starlight,0
Infinix Infinix Note 30 4GB/256GB Midnight,Infinix Infinix Note 30 Natural 64GB,0
Vivo Vivo Y200 Blue 256GB,Smartfon Vivo Y200 256GB/6GB Blue,1
Smartfon Xiaomi 14T 128GB/4GB Green,Xiaomi 13 Pro 128GB Green,0
Oppo A38 512GB - Natural,Oppo A38 512GB - Natural,1
Infinix Infinix Zero 30,Realme Realme 12 Silver 512GB,0
смартфон iphone xr 64gb blue,смартфон iphone 64gb xr blue,1
Xiaomi Xiaomi 11T 16GB/256GB Natural,Xiaomi Xiaomi 11T 16GB/256GB Natural,1
Infinix Infinix Smart 8 1TB Lavender,Smartfon Infinix Infinix Note 30 Pro 1TB Lavender,0
redmi note 14 8 128 ocean blue,redmi note 15 purple 8 128gb,0
honor 600 golden white 8 512gb,смартфон honor x7b 8 256gb shimmering silver,0
Smartfon iPhone 11 128GB/6GB Green,Apple iPhone 11,1
smartfon honor 600 lite 8 256gb desert gold,honor x9d 5g 12 256gb midnight black 365gb internet 3 oy bepul tv com sovg a,0
смартфон infinix smart 7 hd 2 64gb ink black,смартфон infinix smart 7 2 64gb ink black,1
Realme Realme C55 6GB/64GB Deep Purple,Smartfon Realme Realme 12+ 64GB Deep Purple,0
poco c85 green 6 128gb,c85 poco green 6 128gb,1
Redmi Redmi 12 White 1TB,Redmi Redmi 12 1TB White,1
смартфон honor 200 16 512gb black,смартфон honor x7c 6 128 moonlight white,0
redmi 14 note pro fuli,redmi 14 note pro,1
смартфон honor x5 plus 4 64 green,green honor x5 plus 4 64 смартфон,1
Vivo Y35 512GB - Natural,Vivo Vivo Y35 512GB Natural,1
Infinix Smart 8 Plus 512GB - Graphite,Infinix Infinix Hot 40 16GB/512GB Graphite,0
Redmi Redmi Note 12 256GB Silver,Smartfon Redmi Note 12 256GB/4GB Silver,1
Смартфон Redmi Redmi 13 256GB Green,Смартфон Redmi Redmi 13 256GB Green,1
Galaxy Z Fold 4 512GB (Titanium),Smartfon Galaxy Z Fold 4 512GB/16GB Titanium,1
Xiaomi 11T 64GB Silver,Xiaomi 11T 64GB - Silver,1
Smartfon Galaxy S24 1TB/8GB Green,Samsung Galaxy S24,1
Smartfon Honor X7b 512GB/8GB Gold,Smartfon Honor Honor X7b 1TB Silver,0
Смартфон Realme Realme C53 1TB Natural,Smartfon Honor Honor X8a 128GB Deep Purple,0
смартфон iphone 12 64gb green,смартфон iphone 64gb green,1
Oppo Oppo Reno 12 Pro,Redmi Redmi Note 11S 3GB+64GB,0
Honor 80 Pro 1TB - Green,Смартфон Honor Honor 80 Pro 1TB Green,1
Realme Realme 12 Pro+ Purple 128GB,Смартфон Realme Realme 12 Pro+ 256GB Gold,0
smartfon honor x8d 8 128gb light blue,смартфон honor x5b plus 4 128 ocean blue,0
Honor Honor X9a,Honor 90 512GB (Coral),0
Infinix Infinix Hot 40 Pro 6GB/256GB Graphite,Infinix Infinix Hot 40 Pro 6GB+512GB,0
Xiaomi 14T Pro 512GB (Green),Смартфон Xiaomi Xiaomi 14T Pro 64GB Cream,0
смартфон infinix note 50 pro 12 256gb shadow black,samsung galaxy a57 5g 2026 new super skidka garantiya dastavka,0
honor 400 8 256gb 5g сosmic grey smartfoni honor ryukzaki sovg aga,смартфон honor 70 8 128gb global emerald green,0
Oppo A58 64GB - Silver,Oppo Oppo A58 64GB Silver,1
Poco F5 Pro 256GB Blue,Xiaomi Poco F5 Pro 16GB/512GB Natural,0
xiaomi redmi note 14 pro ocean blue 12 256gb,blue redmi note 14 pro ocean xiaomi 12 256gb,1
honor 600 black 8 512gb,смартфон honor x8c 8 256gb midnight black,0
redmi a5 lake green 4 128gb,redmi note 15 pro night black 12 512gb,0
Vivo Y200 256GB - Gold,Смартфон Vivo Vivo Y35 256GB Gold,0
honor 90 holati yangi,смартфон honor x8c 8 256gb midnight black,0
Oppo Oppo Reno 11 Natural 512GB,Smartfon Oppo Reno 11 512GB/16GB Natural,1
iPhone 11 Pro Max 128GB (Lavender),Apple iPhone 15 Plus,0
Xiaomi 12X 1TB - Starlight,Xiaomi 12X 1TB Starlight,1
Poco F5 512GB Natural,Poco F5 1TB Gold,0
Vivo Vivo V27 Black 128GB,Vivo Vivo V27,1
Realme 9 Pro+ 1TB Titanium,Realme Realme 9 Pro+ Titanium 1TB,1
Tecno Tecno Pova 5,Tecno Tecno Pova 5 256GB Purple,0
Смартфон Apple iPhone 13 512GB Cream,Realme Realme C53,0
Oppo Oppo Reno 10 Pro+,Oppo Find X7 Ultra 128GB Deep Purple,0
Smartfon Redmi Redmi Note 13 64GB Natural,Redmi Note 13 64GB (Natural),1
Смартфон Honor Honor 200 256GB Coral,Honor X9a 256GB (Coral),0
Vivo V30 Pro 1TB - Gold,Vivo V30 Pro 1TB - Gold,1
смартфон honor x9d 8 256 гб красный,смартфон honor 200 pro 12 256gb pink,0
oppo a78 8 256gb aqua green,oppo a78 256gb 8 aqua green,1
смартфон honor x9d 5g 12 256 гб черный,смартфон honor x9d 12 5g 256 гб черный,1
Realme 12 128GB (Starlight),Realme Realme 12 128GB Starlight,1
Vivo Vivo X100 256GB Green,Infinix Infinix Note 40 Pro,0
Apple iPhone 12 Pro Max 3GB/256GB Cream,Apple iPhone 12 Pro Max,0
смартфон iphone 12 pro max 256gb black,смартфон iphone 12 pro max black 256gb,1
Tecno Tecno Spark 20 Pro+ 1TB Purple,Tecno Tecno Pova 5 Pro Purple 1TB,0
смартфоны xiaomi redmi note 11s 8 128g white,смартфон xiaomi 15 ultra 16 512gb dual esim black,0
Realme 11 Pro+ 64GB White,Realme 11 Pro+ 512GB Coral,0
Smartfon Realme 9 Pro+ 64GB/16GB Cream,Смартфон Realme Realme 9 Pro+ 64GB Cream,1
Redmi A2+ 128GB Coral,Смартфон Redmi Redmi A2+ 128GB Coral,1
Honor Honor 100 Pro 512GB Gold,Смартфон Honor Honor 200 Pro 512GB Gold,0
Apple iPhone 11 Pro Max,Smartfon iPhone 11 Pro Max 256GB/4GB Natural,1
Smartfon Apple iPhone 11 512GB Purple,Apple iPhone 11 Purple 512GB,1
Xiaomi Xiaomi 14 Pro 256GB Green,Xiaomi 14 Pro 256GB (Green),1
Смартфон Apple iPhone 12 512GB Blue,iPhone 11 Pro Max 512GB - Blue,0
Oppo A79 5G 64GB - Deep Purple,Oppo A79 5G 64GB (Deep Purple),1
Vivo Vivo V27 Pro 1TB Lavender,Redmi K60 64GB - Cream,0
Honor Honor 100 Pro 256GB Black,Honor Honor 90 Pro 16GB+256GB,0
Vivo Vivo X100 12GB+1TB,Smartfon iPhone 15 256GB/12GB Midnight,0
смартфон vivo y20 4 64 blue,смартфон tecno camon 20 8 256gb serenity blue,0
Apple iPhone 14 12GB+256GB,Смартфон Infinix Infinix Hot 40 128GB White,0
redmi 17 4g lotus purple 4 256gb,redmi 15c 4 128gb moonlight blue,0
Tecno Tecno Pova 5 Midnight 64GB,Smartfon Tecno Pova 5 64GB/4GB Midnight,1
Samsung Galaxy F14 5G Cream 256GB,Smartfon Samsung Galaxy F14 5G 256GB Cream,1
смартфон redmi 15 6 128gb titan gray,redmi note 8 pro 2019,0
Tecno Camon 30 1TB - Purple,Tecno Tecno Camon 30 1TB Purple,1
телефон novey m113 красный,vivo y03 gem green 4 128gb,0
Смартфон Vivo Vivo Y35 512GB Silver,Vivo Vivo Y35 Silver 512GB,1
смартфон oppo reno15 5g 12 512 twilight blue,12 oppo reno15 5g смартфон 512 twilight blue,1
Смартфон Xiaomi Xiaomi 12 Pro 1TB Purple,Smartfon Xiaomi 12 Pro 1TB/3GB Purple,1
Realme GT 5 64GB - Green,Smartfon Realme Realme GT 5 64GB Green,1
poco m8 5g green 8 512gb,poco 512gb 5g green 8 m8,1
Xiaomi Xiaomi 14T Pro,Xiaomi Xiaomi 14T Pro 256GB Green,1
oppo a5 cph2727,oppo cph2727,1
Infinix Infinix Zero 30 8GB+64GB,Infinix Infinix Zero 30 64GB White,1
Smartfon Infinix Note 30 256GB/16GB Green,Infinix Zero 30 5G 256GB (Green),0
iPhone 12 64GB (Natural),Vivo Vivo V30e 4GB+1TB,0
смартфон xiaomi poco x6 pro 12 256gb black,смартфон samsung galaxy s24 ultra 12 256gb dual esim gray titan,0
Smartfon Tecno Tecno Pova 6 Pro 512GB Silver,Infinix Smart 8 Pro 256GB - Starlight,0
Galaxy A05s 1TB Green,Смартфон Samsung Galaxy A05s 256GB Coral,0
honor x7d 8 256gb cosmic grey smartfoni oq sim karta sovg a 3 oyga 100gb,honor 600 orange 8 256gb,0
redmi note 12 pro plus 5g 8gb 256gb polar white,redmi 15c midnight black 6 128gb,0
Smartfon Honor Honor X7a 256GB Titanium,Honor Honor X7a 3GB+256GB,1
Redmi Note 13 Pro 512GB - Deep Purple,Redmi Redmi K60 512GB Deep Purple,0
smartfon samsung galaxy a36 128gb black,samsung smartfon galaxy a36 128gb black,1
Xiaomi Xiaomi 13 Pro 4GB+1TB,Xiaomi Poco X6 Pro 4GB/1TB Starlight,0
смартфон oppo a5x 4 128 midnight blue,смартфон midnight a5x 4 128 oppo blue,1
Redmi Note 13 Pro 256GB - Silver,Redmi Note 13 Pro 256GB (Silver),1
Galaxy S22 Ultra 512GB Titanium,Samsung Galaxy S22 Ultra,1
смартфон honor x5 plus 4 64 black,honor x6c ocean cyan 6 256gb,0
Xiaomi Xiaomi 13T 8GB/1TB Titanium,Apple iPhone 13,0
smartfon honor x6c 6 128gb blue,смартфон honor 200 pro 12 512gb black,0
Samsung Galaxy S22 12GB/256GB Cream,Galaxy S22 Ultra 256GB (Cream),0
Tecno Camon 20 Pro 256GB - Titanium,Tecno Tecno Camon 20 Pro Titanium 256GB,1
смартфон tecno camon 20 pro 8 256gb predawn black,смартфон tecno camon 20 pro 256gb 8 predawn black,1
Samsung Galaxy S22 Ultra White 128GB,Redmi Note 13 4G 1TB (Cream),0
Galaxy S22 256GB - Deep Purple,Tecno Pova 6 Pro 512GB Starlight,0
Honor Honor X9b,Смартфон Honor Honor X8b 128GB Deep Purple,0
смартфон xiaomi 15 12 512gb dual nano sim silver,смартфон iphone 13 128gb blue,0
smartfon honor x7d 6 128gb gold,смартфон honor x8b 8 512gb green,0
Apple iPhone 15 Plus 512GB Silver,Смартфон Apple iPhone 15 Pro Max 512GB Silver,0
Infinix Infinix Note 30 16GB/256GB White,Infinix Infinix Note 30 White 256GB,1
смартфон apple iphone 16 plus 128gb dual esim white,смартфон apple iphone 16 white 128gb dual esim plus,1
смартфон xiaomi redmi 5 plus 3 32gb china version,смартфон xiaomi redmi 5 plus 3 32gb china,1
Tecno Tecno Phantom X2 Pro,Tecno Tecno Spark 10 8GB+1TB,0
Tecno Tecno Camon 30 Pro,Smartfon Tecno Tecno Camon 30 Pro 512GB Midnight,0
Xiaomi Xiaomi 14 Pro 12GB/64GB Cream,Smartfon Xiaomi 14 Pro 64GB/12GB Cream,1
iPhone 13 Pro 128GB Cream,Apple iPhone 13 Pro Cream 128GB,1
Realme Realme 11 Pro+ 4GB+1TB,Smartfon Realme 11 Pro+ 1TB/4GB Cream,1
Samsung Galaxy A35 5G 6GB/512GB Blue,Смартфон Apple iPhone 15 Pro 128GB Green,0
смартфон honor x9a 5g 8 256gb silver,смартфон x9a 5g 8 256gb silver,1
Infinix Infinix Smart 8 Plus 12GB+512GB,Smartfon Honor Magic5 Pro 128GB/12GB Deep Purple,0
Oppo Reno 11 256GB Silver,Smartfon Vivo Y35 512GB/16GB White,0
Vivo Vivo V30 Pro 4GB+1TB,Смартфон Vivo Vivo V30 Pro 1TB Coral,1
Poco M6 Pro 512GB Lavender,Xiaomi Poco M6 Pro 3GB/512GB Lavender,1
Realme Realme Note 50,Realme 11 512GB - Titanium,0
Смартфон Honor Honor 200 64GB Gold,Honor Honor X9b 64GB Gold,0
смартфон honor x9b 12 256gb black eac,смартфон honor 256gb 12 x9b black eac,1
Vivo X100 256GB Cream,Smartfon Vivo X100 64GB/16GB Gold,0
Xiaomi Poco M5s 4GB+64GB,Xiaomi 13T 64GB (Cream),0
redmi not 9 4 ga 64 lik ideal holatda batarekasi 2 kun garantiya,redmi note 13 midnight black 6 128gb,0
Oppo Oppo Reno 11 4GB+1TB,Oppo Oppo Reno 11 4GB+1TB,1
redmi note 15 6 128gb glacier blue,redmi note 15 128gb glacier blue,1
Apple iPhone SE 3 3GB+128GB,Smartfon Apple iPhone 12 128GB Deep Purple,0
Honor Honor X8b Cream 256GB,Honor X8b 256GB (Cream),1
Samsung Galaxy M14 1TB Gold,Samsung Galaxy M14 1TB Gold,1
Redmi 12 128GB Natural,Redmi 12 128GB (Natural),1
Smartfon Samsung Galaxy S24 Ultra 1TB Starlight,Galaxy A55 5G 1TB (Starlight),0
Infinix Smart 8 512GB (Lavender),Infinix Infinix Smart 8,1
смартфон oppo a57s 4 64gb starry black,смартфон starry a57s 4 64gb oppo black,1
Oppo Oppo Reno 10 Pro+,Смартфон Oppo Oppo Reno 10 Pro+ 64GB Black,1
Smartfon Galaxy S23 FE 64GB/4GB Starlight,Samsung Galaxy Z Flip 4 64GB Starlight,0
Smartfon iPhone 15 128GB/4GB Green,Samsung Galaxy S22 4GB+256GB,0
Oppo Find X7 Ultra 128GB Black,Oppo Oppo Find X7 Ultra Black 128GB,1
смартфон realme c55 6 128 sunshower,смартфон c55 6 128 sunshower,1
redmi 15 8 256gb sandy purple,redmi note 15 pro 5g night black 12 512gb,0
Smartfon Galaxy A55 5G 512GB/8GB Blue,Oppo Reno 11 1TB - Purple,0
Apple iPhone 12 Pro 1TB Green,Apple iPhone 12 Pro,1
Apple iPhone 15 4GB+512GB,Oppo Oppo Reno 10 4GB/64GB Starlight,0
смартфон xiaomi 15t 12 256gb rose gold,apple iphone 17 8 256gb white,0
Смартфон Infinix Infinix Zero 20 1TB Titanium,Infinix Infinix Hot 30 Play 8GB/1TB Titanium,0
кабель earldom et aux21,samsung galaxy a17 blue 6 128gb,0
Realme Realme Note 50 64GB Black,Smartfon Realme Note 50 64GB/12GB Black,1
Tecno Tecno Pova 6 128GB Titanium,Tecno Tecno Pova 6,0
Apple iPhone 11 Pro 64GB Starlight,Xiaomi Poco X5 Pro,0
Realme Realme 12 Pro 1TB Coral,Realme 12 Pro 64GB Lavender,0
Tecno Phantom V Fold 512GB - Purple,Realme Realme C55 8GB+256GB,0
iphone 12 pro max 128gb,iphone 12 pro 128gb,1
oppo reno13 5g cph2689 luminous blue,oppo reno13 cph2689 5g luminous blue,1
Tecno Pop 8 128GB - Green,Tecno Tecno Pop 8 6GB+128GB,1
Vivo V30e 1TB Graphite,Infinix Infinix Smart 8 Pro 512GB Silver,0
Tecno Tecno Spark 20 Pro+,Smartfon Tecno Tecno Spark 20 Pro+ 64GB Blue,1
Oppo Reno 10 128GB - Starlight,Oppo Oppo A78 4GB/128GB Starlight,0
Смартфон Tecno Tecno Spark 20 Pro 1TB Green,Tecno Spark 20 Pro 64GB - Titanium,0
смартфон xiaomi redmi 13c 6 128gb синий,huawei nova 14 12 256gb black,0
Смартфон Infinix Infinix Zero 20 1TB Natural,Infinix Infinix Zero 20 8GB+1TB,1
Vivo Vivo V27 Pro Blue 128GB,Vivo V27 Pro 128GB - Blue,1
Oppo Reno 11 512GB Coral,Oppo Oppo Reno 11 512GB Coral,1
Honor Honor 80 Pro 12GB/64GB Lavender,Honor Honor Magic6 Pro,0
realme c71 8 256gb green,realme c71 8 256gb,1
Oppo Find X7 1TB Coral,Smartfon Oppo Oppo Find X7 1TB Coral,1
redmi 15c midnight black 8 256gb,redmi note 15 pro 8 256 mocha brown,0
Tecno Tecno Pova 6 Pro Starlight 64GB,Смартфон Tecno Tecno Pova 6 Pro 64GB Starlight,1
redmi note 15 night black 8 128gb,smartfon redmi note 14 pro 5g 12 512gb frost blue,0
iPhone 15 Pro 256GB Coral,Apple iPhone 15 Pro 4GB+256GB,1
Смартфон Honor Honor X9a 256GB Graphite,Vivo Vivo V29 3GB+128GB,0
Смартфон Oppo Oppo Reno 12 Pro 1TB Purple,Oppo Oppo Reno 12 Pro 4GB/1TB Purple,1
Oppo Oppo Find X6 Pro 6GB/256GB Coral,Oppo Oppo Find X6 Pro 6GB/64GB Black,0
Smartfon Apple iPhone 11 512GB Midnight,Apple iPhone 12 Pro Max,0
Redmi Redmi Note 11 Deep Purple 512GB,Redmi Note 11 512GB Deep Purple,1
Samsung Galaxy Z Fold 5 64GB White,Smartfon Samsung Galaxy Z Fold 5 256GB Titanium,0
Smartfon iPhone 15 Pro 64GB/3GB Lavender,iPhone 15 Pro 64GB (Lavender),1
Смартфон Samsung Galaxy A05 64GB Black,Infinix Infinix Hot 40 Pro 6GB+1TB,0
Galaxy Z Fold 5 512GB Black,Redmi Redmi 12C White 1TB,0
iphone 15 128 6 holati ideal yangi,iphone 15 128 holati ideal yangi,1
Realme C53 64GB (Silver),Realme Realme C53 Deep Purple 128GB,0
Apple iPhone 15 Pro 16GB+128GB,Apple iPhone 13 128GB Green,0
Смартфон Redmi Redmi Note 13 4G 1TB Starlight,Redmi Redmi Note 12 Pro+ 8GB/1TB Starlight,0
Xiaomi Xiaomi 14 12GB/256GB White,Xiaomi Xiaomi 14 12GB+128GB,0
Xiaomi Poco X5 Pro Blue 128GB,Smartfon Xiaomi Poco X5 Pro 128GB Blue,1
смартфон iphone 14 pro 512gb deep purple,смартфон apple iphone 15 pro max 256gb black titanium,0
Tecno Tecno Spark 20 Pro,Smartfon Tecno Tecno Spark 20 Pro 64GB Coral,1
Realme 9 Pro+ 1TB Graphite,Realme Realme 9 Pro+ 12GB/1TB Graphite,1
honor x7d 8 256 desert gold,honor x7d 8 256 desert,1
Smartfon Xiaomi Xiaomi 11 Ultra 64GB Blue,Xiaomi Xiaomi 11 Ultra 64GB Blue,1
Смартфон Samsung Galaxy A35 5G 64GB Graphite,Smartfon Galaxy A35 5G 64GB/8GB Graphite,1
смартфон realme gt neo 3t 8 256gb dragon ball,смартфон realme neo gt 3t 8 256gb dragon ball,1
смартфон honor x7d 8 256gb desert gold,смартфон honor 200 16 256gb black,0
Smartfon Vivo Vivo X90 Pro 512GB Natural,Redmi Redmi Note 12 Pro+ 3GB/64GB Deep Purple,0
Infinix Infinix Smart 8 Plus,Smartfon Infinix Infinix Smart 8 Plus 256GB Black,0
Oppo Oppo Reno 12 Pro Titanium 1TB,Oppo Oppo Reno 12 Pro 16GB+1TB,1
Infinix Infinix Note 30 Pro Silver 512GB,Infinix Infinix Note 30 Pro 512GB Silver,1
Honor 200 256GB Deep Purple,Honor 200 256GB (Deep Purple),1
Oppo Oppo Reno 10 Pro 256GB Graphite,Смартфон Oppo Oppo Reno 10 Pro 256GB Graphite,1
honor x9d 12 256gb midnight black,смартфон infinix note 50 8 256 shadow black,0
Смартфон Apple iPhone 14 Pro 1TB Coral,Apple iPhone 11 Pro Max 6GB/1TB Coral,0
Смартфон Tecno Tecno Phantom V Fold 1TB Lavender,Tecno Spark 10 1TB (Lavender),0
Infinix Infinix Zero 30 5G 16GB/64GB Starlight,Infinix Infinix Zero 30 5G Natural 1TB,0
Smartfon Redmi Note 12 Pro+ 128GB/12GB Titanium,Smartfon Redmi Note 12 Pro+ 512GB/12GB Starlight,0
iphone 7 plus 128 90,чехол для электронной книги pocketbook 743 flip black,0
Apple iPhone 14 Pro Max 256GB Green,Oppo Oppo Reno 12 Pro 128GB White,0
Smartfon Infinix Smart 8 Plus 512GB/3GB Deep Purple,Infinix Infinix Smart 8 Plus,1
Смартфон Vivo Vivo Y200 128GB Coral,Vivo Vivo Y200 Titanium 512GB,0
Galaxy M34 5G 256GB - Gold,Smartfon Galaxy A25 256GB/6GB Gold,0
redmi note 14 8 128 lime green,смартфон redmi note 15 pro 8 256gb black,0
смартфон xiaomi redmi note 15 pro 8 256 black,смартфон 256 redmi note 15 pro 8 xiaomi black,1
смартфон realme c85 pro 8 256 purple,смартфон realme c85 pro 8 purple 256,1
Realme Realme C55 Midnight 1TB,Realme Realme C55 6GB/1TB Midnight,1
Apple iPhone 12 Pro Max 3GB+1TB,Apple iPhone 12 Pro 1TB Purple,0
Realme Realme 12 4GB/1TB Titanium,Realme 12 Pro+ 1TB Titanium,0
Infinix Infinix Hot 40 Pro 4GB+1TB,Vivo V30 Pro 64GB (Titanium),0
apple iphone 16 pro max 512gb 1 sim 1 esim black titanium smartfoni,apple iphone pro max 512gb 1 sim 1 esim black titanium smartfoni,1
Vivo Vivo V30 Pro 512GB Titanium,Vivo Vivo V30 Pro 3GB+512GB,1
смартфон honor 400 lite 8 256 velvet black,смартфон honor 200 pro 12 256gb moonlight white,0
Redmi Redmi Note 11 Pro White 512GB,Honor X9b 256GB (Coral),0
Oppo Oppo Reno 11 512GB Titanium,Smartfon Oppo Oppo Reno 11 512GB Titanium,1
Apple iPhone 12 Pro Lavender 64GB,Apple iPhone 12 Pro 64GB Lavender,1
Realme 11 128GB Silver,Realme 11 128GB - Silver,1
смартфон samsung galaxy a23 4 64gb black,смартфон 64gb galaxy a23 4 samsung black,1
смартфон apple iphone 14 pro 1tb dual 1 sim фиолетовый,смартфон apple 1 14 pro 1tb dual iphone sim фиолетовый,1
honor x7c forest green 6 128gb,honor green forest x7c 6 128gb,1
Oppo Oppo Find X7 Ultra 12GB+512GB,Vivo Y22s 1TB (Gold),0
Tecno Tecno Spark 10,Tecno Spark 10 64GB - Coral,1
redmi a5 3 64 ocean blue,redmi a5 3 ocean blue,1
Смартфон Xiaomi Poco X6 1TB Green,Poco X6 1TB (Green),1
Samsung Galaxy S21 FE 12GB+256GB,Smartfon Samsung Galaxy S21 FE 256GB Titanium,1
honor x6c,honor x7d 8 256 meteor silver,0
Realme Realme 9 Pro+ 3GB/256GB Natural,Redmi Redmi Note 12 1TB Lavender,0
yengi новинка redmi note 17 4 128gb 8 256gb dostavka,redmi note 17 4g 2026 new super skidka garantiya dastavka,0
Xiaomi Xiaomi 11T 64GB Lavender,Xiaomi Xiaomi 11T Lavender 64GB,1
Tecno Camon 30 Pro 1TB Midnight,Смартфон Tecno Tecno Camon 30 Pro 1TB Midnight,1
Honor Honor 200 64GB Silver,Smartfon Vivo Vivo X100 512GB Gold,0
Honor X8b 64GB Blue,Honor Honor Magic6 Pro 64GB Blue,0
Poco X5 512GB - Deep Purple,Smartfon Xiaomi Poco X5 512GB Deep Purple,0
Oppo Reno 10 Pro 512GB (Coral),Tecno Tecno Pova 6 Pro,0
Redmi Redmi Note 12 Gold 512GB,Смартфон Redmi Redmi Note 12 512GB Gold,1
iPhone 12 Pro Max 1TB (Natural),Realme 11 Pro 64GB Gold,0
iPhone 15 Pro Max 128GB - Silver,Smartfon Apple iPhone 15 Pro Max 128GB Silver,1
Samsung Galaxy S23,Смартфон Samsung Galaxy S23 64GB Deep Purple,1
Redmi Redmi A3 Coral 1TB,Redmi Redmi A3 Green 64GB,0
redmi note 15 pro 5g 8 256 titanium,redmi 15c 6 128gb,0
Apple iPhone 11 Cream 1TB,Apple iPhone 11 3GB+1TB,1
смартфон honor 200 8 256 black,honor magic8 pro sunrise gold 12 512gb,0
смартфон honor 200 lite 8 256 black,honor смартфон 200 lite 8 256 black,1
Infinix Infinix Note 40 Pro 64GB Cream,Infinix Infinix Note 40 Pro 64GB Cream,1
Смартфон Xiaomi Xiaomi 13T 256GB Silver,Xiaomi Xiaomi 13T 16GB+256GB,1
Apple iPhone 13 Pro Max Cream 1TB,Смартфон Apple iPhone 14 1TB Cream,0
samsung galaxy s26 ultra black 12 256gb,samsung galaxy a05 4 128gb ч рный,0
Galaxy Z Fold 5 128GB Silver,Galaxy Z Fold 5 128GB - Silver,1
Infinix Infinix Hot 30 Play Titanium 256GB,Infinix Infinix Hot 30 Play 256GB Titanium,1
Redmi K70 Pro 1TB - Starlight,Смартфон Redmi Redmi Note 12 Pro+ 1TB Starlight,0
Galaxy M14 512GB (Lavender),Galaxy M14 128GB - Coral,0
Honor 200 Pro 256GB - Titanium,Smartfon Honor 200 Pro 256GB/4GB Titanium,1
Xiaomi Poco M5 4GB/256GB Purple,Poco X5 Pro 256GB Purple,0
Smartfon Honor X8b 128GB/12GB Black,Smartfon Tecno Tecno Spark 20 Pro+ 1TB Purple,0
Oppo Oppo A79 5G 128GB Deep Purple,Смартфон Oppo Oppo A79 5G 128GB Deep Purple,1
Galaxy S21 FE 256GB - Green,Galaxy S21 FE 256GB Green,1
Realme Realme C55,Smartfon Realme Realme C55 128GB Starlight,0
смартфон apple iphone 16 pro 128gb desert titanium,смартфон apple iphone 16 pro desert 128gb titanium,1
Samsung Galaxy S23+,Samsung Galaxy F14 5G 3GB+64GB,0
смартфон iphone 13 pro max 256gb graphite,256gb iphone 13 pro max смартфон graphite,1
смартфон tecno pova 4 pro 8 256gb серый уранолит,1265 смартфон samsung galaxy a14 4 64gb black,0
смартфон honor x7b 8 128gb emerald green,смартфон honor x7b 8 128gb green,1
Infinix Infinix Hot 40 512GB Deep Purple,Galaxy S23 FE 256GB - Starlight,0
Infinix Infinix Note 30 Pro 12GB/256GB Black,Смартфон Infinix Infinix Note 30 Pro 256GB Black,1
Infinix Infinix Zero 30 6GB+256GB,Infinix Zero 30 256GB - Titanium,1
Smartfon Apple iPhone 12 Pro Max 64GB White,iPhone 14 Pro Max 64GB - White,0
Honor Magic5 Lite 512GB - Silver,Honor Magic5 Lite 64GB (Purple),0
Infinix Infinix Smart 8 Plus 12GB+256GB,Infinix Infinix Hot 40 Pro 256GB Midnight,0
Xiaomi Xiaomi 12T Pro 4GB+1TB,Xiaomi Poco X6,0
Смартфон Oppo Oppo Find X7 1TB Cream,Oppo Oppo Find X7 8GB+1TB,1
Tecno Pova 5 128GB - Silver,Tecno Tecno Pova 5 128GB Silver,1
Samsung Galaxy S21 FE Graphite 128GB,Смартфон Samsung Galaxy S21 FE 128GB Graphite,1
Oppo Oppo Reno 10,Смартфон Oppo Oppo A79 5G 512GB Green,0
Realme Realme 9 Pro+ 4GB/256GB Purple,Smartfon Realme 9 Pro+ 256GB/4GB Purple,1
Realme Realme C67 12GB+1TB,Смартфон Realme Realme C67 1TB Lavender,1
смартфон vivo x100 16 512 blue,смартфон vivo x100 16 blue,1
Galaxy S23 Ultra 128GB Coral,Samsung Galaxy S23 Ultra 8GB/128GB Coral,1
смартфон xiaomi poco f3 8 256gb black,смартфон xiaomi poco f3 256gb black,1
Oppo Reno 10 Pro 128GB Deep Purple,Oppo Oppo Find X6 Pro 16GB/128GB Deep Purple,0
Smartfon Tecno Tecno Phantom X2 Pro 128GB Natural,Tecno Tecno Phantom X2 Pro 6GB/128GB Natural,1
Smartfon Samsung Galaxy A35 5G 256GB Starlight,Galaxy A35 5G 256GB Starlight,1
смартфон samsung galaxy s23 ultra 12 512gb cream,smartfon honor 600 lite 8 256gb velvet black,0
Samsung Galaxy A25 8GB+512GB,Smartfon Galaxy M14 512GB/8GB Titanium,0
Infinix Hot 40 512GB (Cream),Infinix Infinix Hot 40,1
Redmi Note 11S 64GB Cream,Smartfon Redmi Redmi Note 11S 64GB Cream,1
Samsung Galaxy S23 3GB+512GB,Samsung Galaxy S23 White 512GB,1
Honor 80 Pro 64GB - Starlight,Honor Honor 80 Pro,1
Samsung Galaxy Z Fold 5 256GB Silver,Smartfon Galaxy Z Fold 5 256GB/12GB Silver,1
Galaxy Z Flip 5 256GB - Gold,Смартфон Samsung Galaxy Z Flip 5 1TB Purple,0
Redmi Redmi 13C 8GB+64GB,Smartfon Redmi Redmi 13C 64GB Gold,1
smartfon redmi a5 3 64gb midnight black,смартфон samsung galaxy s26 12 512gb black,0
redmi note 17 meteor purple 6 256gb рюкзак в подарок,redmi 15c 6 128gb moonlight blue,0
Smartfon Poco X6 64GB/4GB Lavender,Xiaomi Poco X6 Starlight 512GB,0
realme 15t 8 256gb titanium,смартфон tecno pop 5 lite 2 32gb blue,0
Vivo Vivo V27 Midnight 256GB,Vivo Vivo V27 6GB+1TB,0
смартфон honor x9 6 128gb silver,honor x9 6 128gb silver,1
Realme Realme 12 4GB+128GB,Smartfon Realme 12 128GB/4GB Starlight,1
Smartfon Oppo A17 64GB/8GB Lavender,Oppo Oppo A17 8GB/64GB Lavender,1
honor x6b midnight black 4 128gb,смартфон honor x5c 4 64gb ocean cyan,0
Realme Realme 12+ 6GB+128GB,Realme Realme C65 Deep Purple 128GB,0
Tecno Tecno Pova 5 Pro,Smartfon Tecno Pova 5 Pro 128GB/4GB Cream,1
смартфон tecno spark 8p 4 64 dazzle black,samsung galaxy s25,0
Smartfon Vivo Y200 Pro 1TB/12GB Purple,Oppo Oppo Reno 12 Pro,0
Honor Honor X9b Coral 256GB,Infinix Note 40 128GB - Starlight,0
iPhone 15 Pro 256GB - Silver,Infinix Infinix Note 40 Pro 128GB Natural,0
Redmi 12C 128GB Cream,Redmi Redmi Note 12 12GB/128GB Cream,0
Oppo Oppo Find X7,Смартфон Oppo Oppo Find X7 512GB White,1
Xiaomi Xiaomi 13T 256GB Graphite,Смартфон Xiaomi Xiaomi 13T 256GB Graphite,1
Honor Honor 100,Smartfon Honor Honor 100 256GB Gold,0
reno 13f 8 256 plume purple,reno 8 256 plume purple,1
Tecno Tecno Spark 10 512GB Cream,Redmi Redmi Note 13 Pro 64GB Starlight,0
Poco X6 512GB (Green),Xiaomi Poco X6,1
Vivo Vivo V29 Pro 6GB/128GB Green,Oppo A38 256GB Gold,0
Смартфон Samsung Galaxy S24 64GB White,Smartfon Galaxy S21 FE 64GB/6GB White,0
Smartfon Oppo Oppo Find X7 Ultra 256GB Natural,Oppo Oppo Find X7 Ultra 128GB Midnight,0
Infinix Infinix Note 40 Pro Purple 512GB,Infinix Note 40 Pro 512GB - Purple,1
Смартфон Tecno Tecno Spark 20 Pro 64GB Natural,Tecno Tecno Spark 20 Pro 6GB/64GB Natural,1
Honor Honor X8a Titanium 256GB,Смартфон Honor Honor X8a 256GB Titanium,1
Infinix Infinix Zero 30 5G 4GB+1TB,Tecno Spark 10 256GB - Titanium,0
Xiaomi Xiaomi 11T 8GB/128GB Lavender,Tecno Tecno Camon 30 Pro,0
Smartfon Honor 90 Pro 256GB/3GB Blue,Smartfon Honor 90 Pro 256GB/3GB Blue,1
Смартфон Oppo Oppo A58 1TB Starlight,Oppo Oppo Reno 10 Pro+ Starlight 1TB,0
Xiaomi Xiaomi 13T Pro 6GB+512GB,Infinix Zero 30 1TB - Graphite,0
Infinix Infinix Smart 8 Pro Cream 128GB,Tecno Tecno Spark 20 Pro+ 8GB+512GB,0
Smartfon Vivo Vivo V30 Pro 128GB Gold,Vivo Vivo V30 Pro,1
iPhone 15 Plus 256GB - Natural,Apple iPhone 15 Plus 8GB+256GB,1
Smartfon Samsung Galaxy A05s 1TB Purple,Smartfon Infinix Zero 30 64GB/6GB Deep Purple,0
смартфон xiaomi redmi note 14 6 128gb midnight black,смартфон xiaomi redmi note 6 128gb midnight black,1
Realme Realme C65 256GB Green,Smartfon Realme C65 256GB/6GB Green,1
смартфон xiaomi redmi a7 pro 64gb оранжевый закат,a3 6 128 starlight white,0
redmi note 15 purple 8 256gb,redmi 17 4g deep blue 4 128gb,0
Vivo Vivo V29 3GB+64GB,Vivo Vivo Y100 Natural 64GB,0
Infinix Infinix Note 30 Pro 3GB/64GB Silver,Infinix Note 30 Pro 64GB - Silver,1
Смартфон Tecno Tecno Phantom V Fold 128GB Midnight,Tecno Tecno Phantom V Fold 6GB/128GB Midnight,1
Honor Magic6 Pro 128GB (Purple),Honor Magic6 Pro 128GB - Purple,1
Honor Honor Magic5 Lite 512GB Blue,Honor Honor Magic5 Lite Blue 512GB,1
Galaxy A14 512GB Midnight,Galaxy A14 512GB (Midnight),1
Infinix Infinix Smart 8 Pro,Smartfon Infinix Smart 8 Pro 64GB/4GB Silver,1
Realme Realme 12 12GB/512GB White,Realme Realme 12 12GB+1TB,0
смартфон realme 15t 8 128gb white,смартфон realme 8 128gb white,1
Infinix Infinix Zero 30 Blue 64GB,Infinix Infinix Zero 30 Blue 64GB,1
Samsung Galaxy Z Fold 5 128GB Silver,Samsung Galaxy Z Fold 5 Silver 128GB,1
Smartfon Apple iPhone 13 Pro 512GB Silver,iPhone 13 Pro 512GB Silver,1
huawei nova 13 12 256gb white,huawei nova 13 12 256gb,1
Realme Realme GT Neo 5 SE 64GB Natural,Realme Realme GT Neo 5 SE,1
iPhone 13 Pro Max 256GB - Purple,iPhone 13 Pro Max 1TB (Starlight),0
Tecno Tecno Phantom X2 Pro 128GB Green,Смартфон Tecno Tecno Pova 5 128GB Green,0
смартфон apple iphone xs 64gb gold,смартфон apple iphone 64gb gold,1
Redmi Redmi Note 13 Pro+ 3GB/1TB Lavender,Redmi Redmi Note 13 Pro+ 3GB/1TB Lavender,1
Smartfon Xiaomi Poco X5 Pro 64GB Lavender,Xiaomi Poco X5 Pro 64GB Lavender,1
смартфон realme 11 pro 5g 12 512 rmx3741 beige,смартфон vivo y19s 6 128 silver,0
Smartfon iPhone 13 Pro Max 1TB/4GB Deep Purple,Redmi Redmi K70 Pro Graphite 64GB,0
Tecno Spark 20 Pro 512GB - Cream,Realme Realme C67 12GB/256GB Purple,0
Honor Honor Magic5 Pro 12GB+64GB,Smartfon Honor Magic5 Pro 64GB/12GB Green,1
Tecno Tecno Spark 10 Blue 128GB,Redmi Redmi Note 11 Pro Deep Purple 512GB,0
Смартфон Apple iPhone 11 Pro 256GB Blue,Smartfon iPhone 11 Pro 256GB/3GB Blue,1
Oppo Oppo Reno 11 3GB/512GB Titanium,Oppo Oppo Reno 11 3GB+512GB,1
Смартфон Tecno Tecno Spark 10 1TB Lavender,Tecno Tecno Spark 10 512GB Deep Purple,0
apple iphone 17 black 256gb sim esim,iphone 17 black 256gb sim esim,1
Smartfon Xiaomi Poco F5 Pro 128GB Lavender,Xiaomi Poco F5 Pro Lavender 128GB,1
Realme Realme 11 Pro 12GB+256GB,Realme GT 5 Pro 256GB - Graphite,0
honor 200 pro 5g 12 512gb black,honor x5c plus,0
Smartfon Infinix Infinix Smart 8 512GB Lavender,Infinix Infinix Smart 8 12GB/512GB Lavender,1
Tecno Tecno Spark 20 Pro,Smartfon Tecno Spark 20 Pro 256GB/3GB Coral,1
Honor 90 256GB Natural,Honor Honor 90,1
Galaxy S23 FE 64GB Titanium,Samsung Galaxy S23 FE 4GB/64GB Titanium,1
Redmi K60 128GB - Lavender,Smartfon Redmi K60 256GB/4GB Midnight,0
Samsung Galaxy A54 5G 512GB Graphite,Смартфон Samsung Galaxy A54 5G 512GB Graphite,1
Galaxy A35 5G 256GB - Titanium,Smartfon Galaxy S22 Ultra 256GB/16GB Titanium,0
Tecno Camon 30 Pro 64GB (Purple),Смартфон Apple iPhone 13 Pro Max 256GB Deep Purple,0
Oppo Find X7 1TB (Black),Oppo Oppo Find X7 1TB Black,1
huawei nova 13 pro 12 512gb white,huawei nova 512gb pro 12 13 white,1
Xiaomi Xiaomi 11T Pro 12GB/256GB Silver,Xiaomi 11T Pro 256GB Silver,1
Smartfon Xiaomi 14T Pro 1TB/12GB Midnight,Xiaomi Xiaomi 14T Pro 256GB Cream,0
Infinix Infinix Zero 30 12GB/1TB Green,Infinix Infinix Zero 30,1
смартфон honor x8d blue 8 256gb,смартфон honor x6c 6 256 ocean blue,0
Oppo Oppo Find X7,Oppo Find X7 256GB Gold,1
Redmi Redmi K60 Deep Purple 256GB,Redmi Redmi K60 256GB Deep Purple,1
Infinix Infinix Smart 8 Plus 1TB Starlight,Smartfon Infinix Infinix Smart 8 Plus 512GB Gold,0
zte nubia neo 3 5g grey 8 256gb,nubia neo 3 5g grey 8 256gb,1
смартфон samsung galaxy s25 ultra 12 256 titanium gray,смартфон 256 galaxy s25 ultra 12 samsung titanium gray,1
Honor 90 Lite 64GB - Green,Tecno Tecno Spark 20 Pro 6GB+128GB,0
Infinix Infinix Note 40 Natural 256GB,Smartfon Infinix Note 40 256GB/8GB Natural,1
Vivo Vivo Y22s Cream 1TB,Vivo Vivo X100 16GB+1TB,0
vivo y100 8 256gb green,vivo 8 256gb green,1
Смартфон Vivo Vivo Y35 1TB Deep Purple,Vivo Vivo Y35 3GB/1TB Deep Purple,1
Samsung Galaxy S24+ 6GB/64GB Cream,Galaxy S24+ 1TB - Blue,0
Smartfon Samsung Galaxy A25 512GB White,Smartfon Galaxy A05s 512GB/12GB White,0
Смартфон Xiaomi Poco M6 Pro 128GB Gold,Xiaomi Poco M6 Pro Gold 128GB,1
смартфон xiaomi redmi note 15 6 128gb purple,смартфон infinix hot 60i 4 128gb titanium silver,0
Samsung Galaxy S23 6GB+128GB,Samsung Galaxy S23,0
Смартфон Tecno Tecno Pova 6 64GB White,Tecno Pova 6 Pro 64GB (White),0
Apple iPhone 15 Pro Max 6GB/64GB Cream,Apple iPhone 15 Pro Max 6GB+512GB,0
смартфон honor h200 12 512gb black moonlight white,смартфон honor x6c 6 128 green,0
Smartfon Oppo Oppo Find X7 Ultra 512GB White,Oppo Oppo Reno 11 Pro 6GB+512GB,0
iPhone 12 Pro Max 64GB - Black,Смартфон Apple iPhone 12 Pro Max 64GB Black,1
Smartfon Galaxy A55 5G 512GB/8GB Midnight,Смартфон Samsung Galaxy A55 5G 64GB Natural,0
смартфон apple iphone 14 plus 6 512gb желтый,смартфон apple iphone 14 plus 6 512gb,1
Vivo Vivo V30 Pro 3GB/256GB Silver,Vivo Vivo V30 Pro 3GB+256GB,1
Смартфон Redmi Redmi Note 13 4G 512GB Black,Smartfon Redmi Note 13 4G 512GB/8GB Black,1
Realme Realme 11 Pro+ 12GB/1TB Black,Смартфон Realme Realme 11 Pro+ 256GB Purple,0
Oppo Oppo Reno 10 Pro+ Black 512GB,Oppo Oppo Reno 10 Pro+ 6GB/512GB Black,1
redmi note 15 night black 8 256gb,redmi 12 t sotiladi,0
смартфон apple iphone 13 128 гб nanosim esim ч рный,смартфон apple iphone 13 nanosim гб 128 esim ч рный,1
iPhone 15 Pro 1TB - Silver,iPhone 15 Pro Max 1TB - Silver,0
смартфон xiaomi redmi k50 ultra 12 256gb silver,смартфон xiaomi redmi k50 ultra 12 silver 256gb,1
Redmi Redmi Note 11S 8GB+128GB,Smartfon Redmi Redmi Note 11S 128GB Deep Purple,1
смартфон xiaomi mi 11 lite 6 128gb 4g blue global version,смартфон mi 11 lite 6 128gb 4g blue global version,1
Oppo Oppo Reno 11 8GB/1TB Black,Apple iPhone 13 mini 8GB/128GB Gold,0
Infinix Infinix Smart 8 Plus 16GB/128GB Titanium,Смартфон Infinix Infinix Smart 8 Plus 256GB Midnight,0
Smartfon Xiaomi Xiaomi 12 Pro 256GB Black,Oppo Oppo Reno 10 Pro+ 6GB+64GB,0
смартфон tecno spark 10 pro 8 256 starry black,samsung galaxy s24 fe 128 8gb black,0
Redmi Redmi Note 13,Redmi Redmi Note 13 4GB+256GB,1
samsung galaxy a56 5g 8 128gb awesome ol,galaxy a56 5g 8 128gb awesome ol,1
Смартфон Vivo Vivo X100 Pro 1TB Titanium,Smartfon Vivo Vivo Y200 1TB Titanium,0
redmi 15c 4 128gb midnight black,4 15c redmi 128gb midnight black,1
redmi note 15 pro night black 12 512gb,redmi 15c twilight orange 8 256gb,0
Smartfon Realme Realme C53 64GB Natural,Realme Realme C53 Natural 64GB,1
Redmi Note 13 1TB Midnight,Redmi Redmi K70 Pro,0
Tecno Phantom V Fold 256GB (Deep Purple),Tecno Tecno Phantom V Fold 256GB Deep Purple,1
Smartfon Realme Realme C33 128GB Blue,Realme Realme 12+ 12GB/128GB Blue,0
Xiaomi Xiaomi 12 512GB Cream,Xiaomi Xiaomi 12 4GB/512GB Cream,1
Xiaomi Xiaomi 14T 4GB/1TB Green,Xiaomi 14 1TB Green,0
Redmi Redmi A3 8GB+512GB,Smartfon Redmi Redmi A2+ 512GB Cream,0
смартфон xiaomi redmi note 15 6 128gb forest green,смартфон honor x5 plus 4 64 green,0
Poco X5 256GB - Cream,Smartfon Xiaomi 13 256GB/12GB Cream,0
Vivo Vivo X90 Pro 512GB Natural,Vivo Vivo X90 Pro Natural 512GB,1
Realme Realme 12 Pro Silver 256GB,Realme C67 256GB - Silver,0
Samsung Galaxy S22 512GB Cream,Galaxy S22 256GB - Gold,0
смартфон apple iphone se 2022 256gb red,смартфон apple se 2022 256gb red,1
Xiaomi 14T Pro 1TB (Blue),Xiaomi Xiaomi 14T Pro,1
смартфон redmi 15c 6 128gb midnight black,redmi 15 8 256gb midnight black,0
смартфон iphone 14 pro max 1tb deep purple,смартфон tecno pova neo 3 4 128gb amber gold,0
Tecno Tecno Camon 30 Pro 16GB+64GB,Tecno Tecno Camon 30 Pro Starlight 128GB,0
Samsung Galaxy A14 Midnight 256GB,Tecno Pova 6 Pro 512GB Cream,0
Samsung Galaxy Z Flip 4 Midnight 256GB,Samsung Galaxy Z Flip 4 Midnight 256GB,1
Smartfon Tecno Pova 6 128GB/8GB Starlight,Tecno Tecno Pova 6 64GB Coral,0
smartfon redmi a5 4 128gb ocean blue,blue redmi a5 4 128gb ocean smartfon,1
Realme Realme 12+ 3GB+64GB,Realme Realme 12+ Cream 64GB,1
Oppo Oppo Reno 12 Graphite 64GB,Oppo Reno 12 64GB Graphite,1
Tecno Camon 30 Pro 256GB - Lavender,Smartfon Tecno Tecno Pova 5 Pro 256GB Lavender,0
Tecno Tecno Pop 8,Tecno Tecno Pop 8 256GB Starlight,1
Redmi Redmi A2+ Purple 1TB,Smartfon Redmi Redmi A2+ 1TB Purple,1
Smartfon iPhone 15 Plus 256GB/3GB Graphite,Smartfon iPhone 13 256GB/3GB Graphite,0
смартфоны xiaomi redmi note 11 pro 4g 6 128g graphite gray,смартфоны xiaomi redmi note graphite pro 4g 6 128g 11 gray,1
Vivo Vivo V29 3GB+128GB,Xiaomi 13 Ultra 256GB - Graphite,0
Honor Honor 100,Smartfon Honor Honor 100 128GB Coral,0
Infinix Infinix Zero 30 128GB Titanium,Infinix Infinix Zero 30,0
redmi note 14 6 128 ocean blue,redmi note 15 pro glacier blue 8 256gb,0
смартфон xiaomi redmi note 15 6 128gb purple,смартфон google pixel 7 pro 12gb 128gb hazel,0
Infinix Infinix Smart 8 Pro White 256GB,Smartfon Infinix Smart 8 Pro 128GB/6GB Natural,0
Vivo X100 1TB (Titanium),Vivo Vivo X100 8GB/512GB Purple,0
Oppo Find X7 Ultra 512GB (Coral),Smartfon Poco F5 Pro 128GB/8GB Gold,0
смартфон huawei p60 pro 8 256gb dual nano sim черный,honor x9c 5g black 12 256gb,0
Смартфон Honor Honor Magic6 Pro 128GB Midnight,Honor Magic6 Pro 128GB (Midnight),1
Samsung Galaxy A05s Graphite 1TB,Smartfon Samsung Galaxy A05s 1TB Graphite,1
redmi 15c 6 128gb midnight black,смартфон samsung galaxy s25 5g 12 128gb silver shadow,0
смартфон apple iphone 17 pro 256 гб cosmic orange,смартфон apple iphone 17 pro 256 гб orange,1
Смартфон Redmi Redmi K60 256GB Lavender,Redmi Redmi K60,1
Смартфон Apple iPhone 13 256GB Deep Purple,Apple iPhone 13 Deep Purple 256GB,1
Vivo V29 1TB - Deep Purple,Vivo V29 256GB - Purple,0
Vivo Vivo V29 Pro 8GB/128GB Graphite,Vivo V29 Pro 128GB (Graphite),1
Realme Realme 12 Pro+,Realme Realme 12 Pro+ 128GB Purple,0
Vivo Vivo Y36 1TB Gold,Смартфон Vivo Vivo Y36 1TB Gold,1
Smartfon Oppo Reno 12 1TB/4GB Coral,Oppo Reno 12 1TB Coral,1
Realme Realme 12 Pro 3GB/512GB Gold,Smartfon Realme C53 512GB/3GB Gold,0
Smartfon Apple iPhone 12 mini 256GB Midnight,iPhone 12 mini 256GB - Midnight,1
Vivo Vivo Y200 6GB+1TB,Smartfon Realme C65 128GB/6GB White,0
смартфон oppo a54 4 64gb black,смартфон oppo a54 4 black,1
Infinix Infinix Smart 8 6GB/512GB Coral,Infinix Infinix Smart 8 Coral 512GB,1
Redmi Note 13 128GB - Titanium,Smartfon Redmi Redmi Note 13 256GB Deep Purple,0
Redmi K60 64GB Silver,Apple iPhone 12 Pro 256GB Coral,0
смартфон honor x8a 6 128gb titanium silver увлажнитель воздуха misty can,смартфон honor x6b 4 128gb emerland green,0
xiaomi redmi a5 lake green 4 128gb,xiaomi redmi a5 green lake 4 128gb,1
Oppo Reno 11 Pro 64GB Green,Oppo A78 64GB (Green),0
samsung s24 доставка проверка при получении,s24 доставка проверка при получении,1
телефон novey x70 red,телефон novey red,1
iPhone 14 Pro 64GB Lavender,Apple iPhone 14 Pro,1
Redmi Redmi Note 13 Pro+ 64GB Green,Smartfon Galaxy M34 5G 512GB/6GB Deep Purple,0
смартфон samsung galaxy a32 6 128gb black,black samsung galaxy a32 6 128gb смартфон,1
honor x7c forest green 8 256gb,honor forest green 8 256gb,1
смартфон honor x8 6 128gb black в подарок зонт термос кольцо держатель,смартфон honor x8 6 термос black в подарок зонт 128gb кольцо держатель,1
Realme Realme 11 Pro Cream 1TB,Realme 11 Pro 1TB Cream,1
Vivo V30 512GB (Deep Purple),Tecno Camon 30 128GB (Coral),0
Honor Honor X9b 12GB/64GB Starlight,Galaxy S22 Ultra 256GB - Black,0
смартфон samsung galaxy s25fe 8 256 jetblack,кабель belkin braided boost type c type c 1m black,0
Oppo A79 5G 128GB Deep Purple,Honor Honor X7a Graphite 1TB,0
Honor 100 Pro 128GB Cream,Honor Honor 100 Pro,1
Infinix Infinix Hot 30 Play 12GB+128GB,Smartfon Realme 9 Pro+ 1TB/12GB Titanium,0
Realme Realme Note 50 256GB White,Realme Realme Note 50 White 256GB,1
Infinix Zero 30 5G 256GB (Silver),Infinix Infinix Zero 30 5G 6GB+1TB,0
Infinix Infinix Smart 8 3GB/64GB Black,Infinix Infinix Smart 8,0
Infinix Infinix Note 30 512GB Blue,Apple iPhone SE 3 White 64GB,0
honor x6c 6 128 ocean cyan,apple iphone 16 pro max 512gb white titanium,0
Smartfon Realme Realme C33 128GB Purple,Realme C33 64GB (White),0
Smartfon Infinix Hot 40 256GB/8GB Natural,Infinix Infinix Hot 40 8GB/128GB Purple,0
Smartfon Redmi Redmi Note 12 Pro 64GB Coral,Redmi Redmi Note 12 Pro 64GB Coral,1
Smartfon Vivo Y200 64GB/4GB Purple,Смартфон Vivo Vivo Y200 64GB Purple,1
Xiaomi Xiaomi 14 Ultra 3GB/1TB White,Xiaomi 14 Ultra 1TB White,1
Realme Realme GT 5 Pro 512GB Black,Realme Realme GT 5 Pro,1
Realme Realme 12+ 4GB/512GB Gold,Realme Realme 12 Gold 512GB,0
Oppo Oppo Reno 10 Pro 3GB/1TB Gold,Oppo Oppo Reno 10 Pro 512GB White,0
Смартфон Tecno Tecno Spark 20 256GB Coral,Tecno Tecno Camon 30 Pro Coral 256GB,0
Smartfon Honor Honor Magic5 Lite 512GB Green,Redmi Note 11 Pro 256GB Midnight,0
Смартфон Honor Honor Magic5 Lite 64GB Titanium,Honor Honor 100 Pro Titanium 64GB,0
Tecno Camon 30 64GB - Black,Tecno Tecno Camon 30 64GB Black,1
смартфон xiaomi redmi 13 8 256 black,смартфон xiaomi 15t pro 12 256gb gray,0
Infinix Infinix Zero 30 5G 128GB Purple,Infinix Infinix Smart 8 Plus Purple 128GB,0
смартфон iphone 13 pro max 128gb green,13 iphone смартфон pro max 128gb green,1
sony mx5 black,смартфон realme c33 4 64gb rmx3264 sandy gold,0
Poco X6 128GB Blue,Poco X6 128GB (Blue),1
смартфон samsung galaxy a26 128gb mint,смартфон xiaomi 14т pro 12gb 256gb,0
Smartfon Redmi Redmi Note 12 Pro+ 64GB White,Redmi Redmi Note 12 Pro+ 128GB Green,0
Oppo Oppo Find X7,Smartfon Oppo Find X7 512GB/8GB Green,0
samsung galaxy a37,galaxy a37,1
Realme C65 512GB (Midnight),Realme C65 512GB Midnight,1
Smartfon Apple iPhone 13 Pro Max 128GB Coral,Apple iPhone 13 Pro Max Coral 128GB,1
Infinix Note 30 512GB - Cream,Infinix Note 30 512GB Cream,1
Tecno Tecno Spark 10,Smartfon Tecno Tecno Spark 10 64GB Natural,0
Oppo Oppo Find X6 Pro 12GB/64GB Black,Oppo Find X6 Pro 64GB Black,1
Смартфон Honor Honor Magic5 Lite 128GB Black,Honor Magic5 Lite 128GB Black,1
Redmi Redmi 12C 3GB/128GB Coral,Смартфон Redmi Redmi 12C 1TB Gold,0
Tecno Tecno Phantom V Fold,Smartfon Tecno Tecno Phantom V Fold 256GB Purple,0
Vivo X100 64GB (Blue),Xiaomi 14T Pro 512GB (Purple),0
Apple iPhone 12 512GB Black,Смартфон Apple iPhone 12 512GB Black,1
Smartfon Tecno Tecno Spark 10 256GB Titanium,Tecno Spark 20 256GB Titanium,0
Vivo V27 Pro 1TB - Cream,Смартфон Vivo Vivo V27 Pro 1TB Cream,1
Smartfon Tecno Tecno Camon 30 256GB Deep Purple,Tecno Camon 30 256GB (Deep Purple),1
смартфон apple iphone 17 pro max 256gb silver mfym4af a,смартфон apple iphone 17 pro 256gb max silver mfym4af a,1
Infinix Infinix Smart 8 Pro,Infinix Smart 8 Pro 128GB Silver,1
redmi note13 8 512,redmi note 15 pro 5g 8 256 titanium,0
Apple iPhone 12 mini 64GB Starlight,iPhone 12 mini 128GB - Purple,0
Realme C55 512GB Titanium,Realme Realme 9 Pro+ 512GB Titanium,0
Смартфон Realme Realme 11 1TB Natural,Realme Realme 11 3GB+64GB,0
смартфон oppo reno 13f 8 512 purple,смартфон oppo reno 13f 8 512,1
iPhone 15 Plus 512GB - Coral,Смартфон Apple iPhone 15 Plus 512GB Coral,1
ajib i10 smartfoni 4 128 black,smartfoni i10 ajib 4 128 black,1
Redmi Note 12 Pro+ 256GB - Gold,Smartfon Redmi Redmi Note 12 Pro+ 128GB Black,0
Tecno Tecno Spark 10 64GB Coral,Tecno Tecno Spark 10 12GB+512GB,0
Smartfon Infinix Infinix Note 30 512GB Midnight,Infinix Infinix Note 30 6GB+512GB,1
redmi note 14 8 256,redmi not 13 128gb aybi steklo ozigina chatnagan bilinmaydi naxt,0
samsung galaxy a07 6 128gb black smartfoni,128gb galaxy a07 6 samsung black smartfoni,1
Smartfon Tecno Spark 10 512GB/3GB White,Smartfon Tecno Tecno Spark 10 512GB White,1
Xiaomi Xiaomi 11 Ultra 512GB Purple,Xiaomi 11 Ultra 64GB (Gold),0
Tecno Camon 30 256GB Cream,Tecno Phantom X2 Pro 256GB - Cream,0
Samsung Galaxy S22 Ultra 256GB Cream,Galaxy Z Flip 5 256GB Cream,0
Смартфон Samsung Galaxy S23 Ultra 64GB Blue,Samsung Galaxy S23 Ultra 64GB Blue,1
Redmi Redmi Note 11S 16GB/1TB Titanium,Smartfon Redmi Note 11S 512GB/16GB Silver,0
Honor X9a 128GB (Cream),Honor Honor 90 6GB/128GB Cream,0
Honor Honor 80 Pro 6GB/1TB Silver,Honor Honor 80 Pro 6GB/64GB Gold,0
Redmi Redmi Note 13 128GB Purple,Redmi Redmi Note 13,0
Galaxy A35 5G 1TB Lavender,Smartfon Honor Honor X7b 256GB Starlight,0
Смартфон Infinix Infinix Note 40 128GB Lavender,Tecno Pop 8 256GB Cream,0
Smartfon Infinix Smart 8 Plus 128GB/8GB Cream,Infinix Smart 8 Plus 256GB (Midnight),0
Smartfon Oppo Reno 10 Pro 64GB/3GB Gold,Oppo Oppo Reno 11 Pro Gold 64GB,0
Redmi Redmi K70 Pro,Redmi Redmi K70 Pro 12GB+128GB,1
Apple iPhone 15 Pro,Redmi Note 12 1TB (Cream),0
Galaxy S24 Ultra 64GB (White),Infinix Infinix Smart 8 3GB/128GB Black,0
Infinix Infinix Zero 20 8GB+256GB,Infinix Infinix Zero 20 8GB+128GB,0
смартфон honor x5 plus 4 64gb cyan lake,смартфон honor x7d 6 128 mateor silver,0
honor x9d 8 256gb sunrise gold,honor x9d 8 sunrise gold,1
Smartfon Redmi 12 512GB/6GB Deep Purple,Redmi Redmi 12,1
смартфон xiaomi redmi note 12s 8 256gb global голубой,смартфон xiaomi redmi 12s 8 256gb global голубой,1
Realme Realme GT 5 Pro 1TB White,Смартфон Realme Realme GT 5 Pro 1TB White,1
смартфон samsung galaxy a33 5g 6 128gb белый,смартфон apple iphone 17 pro max 512gb silver,0
Smartfon Apple iPhone 11 Pro 512GB Black,Smartfon Oppo A17 64GB/16GB Gold,0
Smartfon Vivo Vivo Y35 512GB Black,Smartfon Vivo Y35 512GB/3GB Black,1
Tecno Tecno Pova 6 Titanium 1TB,Tecno Tecno Pova 6 1TB Titanium,1
Galaxy S22 512GB Green,Samsung Galaxy F14 5G,0
Tecno Tecno Camon 20 Pro 256GB Green,Tecno Tecno Camon 20 Pro 256GB Green,1
Смартфон Tecno Tecno Camon 30 64GB Natural,Tecno Phantom V Fold 64GB - Natural,0
Vivo V27 Pro 64GB (Cream),Смартфон Vivo Vivo V27 Pro 64GB Cream,1
Vivo Y100 1TB (Titanium),Vivo Vivo Y100 12GB+1TB,1
Смартфон Apple iPhone 11 Pro 128GB Starlight,Smartfon Honor X7a 1TB/4GB Black,0
Tecno Phantom X2 Pro 512GB - Lavender,Smartfon Tecno Tecno Phantom X2 Pro 512GB Lavender,1
iPhone 12 mini 512GB Lavender,Смартфон Infinix Infinix Note 30 128GB Natural,0
Infinix Zero 30 5G 1TB - Titanium,Infinix Infinix Zero 30 5G,0
беспроводные наушники redmi buds 6 active black,redmi note 14 8 128 lime green,0
смартфон iphone 13 pro 512gb gold,смартфон iphone 13 pro 512gb,1
Vivo V30e 512GB White,Vivo Vivo V30e 12GB+512GB,1
redmi note 15 pro 12 512 mocha brown,redmi not 11 satiladi,0
Смартфон Tecno Tecno Spark 20 Pro 1TB Cream,Tecno Tecno Spark 20 Pro Cream 1TB,1
Tecno Tecno Spark 20 256GB Natural,Tecno Tecno Spark 20 6GB+256GB,1
Samsung Galaxy M34 5G Natural 256GB,Tecno Tecno Spark 20 Pro 16GB/1TB Gold,0
Tecno Tecno Pova 5 16GB/128GB Green,Tecno Tecno Pova 5 128GB Green,1
смартфон honor x7d 6 128 гб desert gold,смартфон honor x7d 6 128 desert gold,1
Smartfon Infinix Infinix Smart 8 64GB Blue,Infinix Infinix Note 40 Pro 64GB Blue,0
Smartfon Tecno Tecno Camon 20 Pro 256GB Lavender,Tecno Tecno Camon 20 Pro 3GB/256GB Lavender,1
Galaxy A54 5G 256GB - Graphite,Poco M5 128GB - White,0
смартфон apple iphone 16 pro max 256gb dual esim desert titanium,смартфон apple iphone 16 pro max 256gb dual desert esim titanium,1
Smartfon Realme C53 64GB/4GB Natural,Realme Realme 12 Pro,0
Redmi Redmi A3 4GB/1TB Blue,Realme 12+ 256GB Black,0
Tecno Tecno Spark 10 3GB+64GB,Tecno Tecno Spark 10 Blue 512GB,0
iPhone 15 Pro 256GB (Natural),Смартфон Apple iPhone SE 3 256GB Natural,0
Samsung Galaxy S23 FE Titanium 512GB,Realme Realme GT 5 Pro 8GB/256GB White,0
смартфон xiaomi 12 12 256gb blue,смартфон xiaomi poco x4 pro 5g 6 128gb blue,0
Smartfon Redmi Redmi Note 11 128GB Green,Redmi Redmi Note 11 64GB Purple,0
Smartfon Honor Honor 90 Lite 64GB Gold,Honor Honor 90 Lite,1
samsung galaxy s25 12 256gb silver shadow,смартфон samsung galaxy s22 8 128gb white,0
смартфон xiaomi redmi 15c 8 256gb twilight orange,смартфон zte nubia neo 3 5g 8 256gb black,0
Realme 9 Pro+ 1TB - Graphite,Realme GT 5 Pro 1TB (Graphite),0
Смартфон Redmi Redmi Note 13 Pro 128GB Purple,Smartfon Redmi Redmi Note 13 Pro 1TB Graphite,0
Xiaomi Xiaomi 14T 128GB Gold,Xiaomi Xiaomi 14T 12GB/64GB White,0
Samsung Galaxy A14 8GB/1TB Titanium,Smartfon Galaxy A14 1TB/8GB Titanium,1
Redmi Redmi Note 13,Redmi Redmi Note 13 1TB Graphite,1
смартфон honor 200 8 256 black,смартфон honor x9d 8 256 midnight black,0
Смартфон Vivo Vivo Y22s 64GB Starlight,Vivo Y22s 64GB - Starlight,1
Poco X5 512GB - Titanium,Poco X5 1TB (Midnight),0
смартфон samsung galaxy s24 fe 8 128gb dual sim grey,смартфон samsung galaxy s24 fe 8 128gb dual sim,1
Redmi Redmi Note 13 4G 64GB Graphite,Redmi Note 13 4G 64GB Graphite,1
смартфон honor x7c 8gb 256gb midnight black dual card,смартфон honor x7c 8gb 256gb midnight dual card,1
redmi note 11 pro 5g 6 128,redmi note 12 4g,0
смартфон apple iphone 16 pro 1tb sim esim black titanium,смартфон xiaomi 14t 12gb 512gb titan black,0
redmi 10 2022 deyarli yangi,redmi 13 6 128 midnight black,0
Galaxy M34 5G 64GB Coral,Samsung Galaxy A05s Coral 64GB,0
iPhone 12 Pro Max 1TB Starlight,iPhone 12 Pro Max 1TB Starlight,1
Realme Realme C53,Realme Realme C53 4GB+64GB,0
Vivo Vivo V30 3GB+512GB,Smartfon Vivo V30 512GB/3GB Blue,1
Смартфон Vivo Vivo X90 Pro 128GB Midnight,Smartfon Vivo X90 Pro 128GB/16GB Midnight,1
Realme 12+ 128GB (Blue),Realme Realme GT 5 4GB/128GB Blue,0
samsung a05s 4 64,a05s 4 64,1
Смартфон Apple iPhone 12 1TB Purple,Apple iPhone 12 1TB Purple,1
Honor Honor 200 Pro 128GB Lavender,Smartfon Honor Honor 200 Pro 128GB Lavender,1
смартфон honor x8d gray 8 256gb,смартфон 8 x8d gray honor 256gb,1
Xiaomi Poco X5 6GB/512GB Green,Poco X5 512GB Green,1
Apple iPhone 14 Plus 1TB Coral,Smartfon Apple iPhone 14 Plus 1TB Coral,1
Smartfon Vivo Vivo Y200 Pro 128GB Midnight,Smartfon Vivo Y200 Pro 128GB/16GB Midnight,1
Vivo Vivo Y100 3GB+512GB,Smartfon Tecno Tecno Spark 10 1TB Cream,0
смартфон samsung galaxy z fold 4 8 256gb green,смартфон samsung galaxy z fold 8 4 256gb green,1
смартфон oppo reno14f 5g 12 512 luminous green,смартфон apple iphone 16 pro 128gb natural titanium,0
Galaxy S24 Ultra 512GB Green,Samsung Galaxy S24 Ultra 8GB/512GB Green,1
Infinix Infinix Smart 8,Смартфон Infinix Infinix Smart 8 512GB Gold,1
Infinix Hot 40 Pro 1TB (Gold),Infinix Infinix Hot 40 Pro 3GB+1TB,1
смартфон iphone x 64gb gray,смартфон iphone 64gb gray,1
Vivo Vivo X100 128GB Silver,Vivo V30 128GB Silver,0
Vivo Vivo V27 Pro 6GB+256GB,Vivo Vivo V27 Pro,1
Xiaomi Xiaomi 12 Pro 4GB+64GB,Xiaomi Xiaomi 12 Pro 4GB+64GB,1
Samsung Galaxy A05 16GB/64GB Midnight,Samsung Galaxy A05 16GB+128GB,0
Xiaomi 11T 512GB Deep Purple,Smartfon Xiaomi 11T 512GB/6GB Deep Purple,1
Samsung Galaxy A54 5G,Galaxy A54 5G 512GB (Cream),1
Vivo Vivo Y22s Lavender 1TB,Смартфон Xiaomi Xiaomi 13 256GB Blue,0
смартфон honor x9b 8 256gb emerald green,смартфон honor x6b 6 128gb forest green,0
Infinix Infinix Hot 30 Play 128GB Natural,Infinix Infinix Hot 30 Play 4GB/128GB Natural,1
Realme Realme C65,Realme C65 64GB Natural,0
Infinix Infinix Note 30,Infinix Infinix Note 30 128GB White,1
смартфон samsung galaxy a14 64gb silver,смартфон infinix smart 10 plus 4 128gb iris blue,0
Xiaomi 13T 128GB Gold,Smartfon Xiaomi 13T 128GB/6GB Gold,1
Honor Honor 90 Pro 1TB Cream,Honor Honor 90 Pro 1TB Cream,1
Smartfon Vivo V29 Pro 128GB/6GB White,Xiaomi Xiaomi 14T Pro 6GB+64GB,0
Realme Realme 11 Pro+ Deep Purple 64GB,Смартфон Realme Realme 9 Pro+ 64GB Deep Purple,0
Infinix Infinix Zero 30 16GB+128GB,Redmi Note 11 1TB - Gold,0
смартфон infinix smart 10 3 64gb silver,смартфон infinix smart 3 64gb silver,1
смартфон xiaomi redmi note 13 pro 8 512gb зеленый,iphone 15 pro 128gb,0
Honor Honor 90 12GB+64GB,Смартфон Infinix Infinix Smart 8 512GB Coral,0
Smartfon Galaxy S23 256GB/6GB Cream,Samsung Galaxy A05s 256GB Cream,0
Realme Note 50 256GB (Green),Realme Realme Note 50 8GB+256GB,1
iPhone 15 Pro 128GB - Black,Apple iPhone 15 Pro 6GB+64GB,0
Apple iPhone 11 Pro Max 16GB+128GB,Apple iPhone 11 Pro Max,1
redmi note 15 pro 5g black 8 256gb,redmi 8 4 64gb 2021 yil,0
Infinix Infinix Zero 20 256GB Silver,Infinix Zero 20 256GB Silver,1
Смартфон Xiaomi Poco X5 Pro 256GB Lavender,Xiaomi Poco X5 Pro 256GB Lavender,1
Realme Realme 12 Pro Lavender 128GB,Galaxy Z Fold 4 64GB (Black),0
redmi note 12 4g,redmi 17 4g deep blue 8 256gb,0
Samsung Galaxy A05s,Смартфон Samsung Galaxy A05s 64GB Silver,1
Samsung Galaxy Z Flip 5 Gold 256GB,Tecno Tecno Phantom X2 Pro 8GB/1TB Coral,0
Tecno Tecno Phantom X2 Pro 8GB/256GB Midnight,Tecno Tecno Phantom X2 Pro,1
garantiya bor yangi telefon,garantiya bor telefon,1
samsung galaxy s24 8 128gb yellow 100gb of internet 3 months of tv com for free,galaxy s24 8 128gb yellow 100gb of internet 3 months of tv com for free,1
Smartfon Realme GT 5 Pro 256GB/6GB Blue,Realme C55 256GB (Blue),0
Smartfon Oppo Oppo Find X6 Pro 1TB Titanium,Oppo Oppo Reno 10 Pro+ Titanium 1TB,0
Honor 90 Pro 512GB (Coral),Honor Honor 90 8GB+512GB,0
Smartfon Realme Realme 12 Pro 512GB Purple,Realme 12 Pro 512GB (Purple),1
Poco X6 Pro 512GB (Purple),Xiaomi Poco X6 Pro 256GB Green,0
Smartfon Oppo Oppo Reno 10 Pro 256GB Starlight,Oppo Reno 10 Pro 256GB Starlight,1
redmi note 14 pro ocean blue 12 256gb,redmi note 12 4g,0
Realme GT Neo 5 SE 128GB Cream,Smartfon Realme C67 128GB/16GB Cream,0
Смартфон Realme Realme C55 256GB White,Smartfon Realme Realme C55 1TB Natural,0
Infinix Hot 40 Pro 64GB (Midnight),Honor Honor 200 6GB+1TB,0
Смартфон Vivo Vivo Y100 64GB Midnight,Vivo Y200 Pro 64GB (Midnight),0
Smartfon Vivo Y36 512GB/16GB Gold,Vivo Vivo Y36 16GB+512GB,1
Xiaomi Xiaomi 12X 512GB Lavender,Tecno Tecno Pop 8 12GB/256GB Midnight,0
redmi 15 8 256gb midnight black,смартфон redmi note 15 pro 12 256gb black,0
Redmi Redmi Note 12 64GB Gold,Redmi Redmi Note 12 4GB+64GB,1
Apple iPhone 14 4GB/64GB Starlight,Apple iPhone 14 4GB/64GB Starlight,1
Smartfon Galaxy A05 64GB/12GB Graphite,Galaxy A05 64GB - Graphite,1
Infinix Smart 8 Pro 256GB (White),Infinix Smart 8 Pro 1TB - Starlight,0
smartfon redmi note 14 pro 5g 8 256gb midnight black,смартфон redmi note 15 pro 8 256gb black,0
Smartfon Realme Realme C65 256GB Midnight,Realme C65 256GB (Midnight),1
Smartfon Oppo Oppo Find X6 Pro 512GB Blue,Oppo Find X6 Pro 512GB (Blue),1
Redmi Note 11S 128GB - Silver,Redmi Redmi Note 11S 16GB/128GB Silver,1
Xiaomi 14T Pro 64GB - Titanium,Redmi K60 512GB (Silver),0
Honor Magic5 Pro 128GB Gold,Smartfon Honor Magic5 Pro 128GB/12GB Gold,1
Redmi K70 Pro 256GB (Silver),Honor Magic5 Lite 512GB - Green,0
Honor Honor 90 Pro,Honor 90 Pro 64GB (White),1
Oppo Oppo Reno 11,Oppo Oppo Reno 11 64GB Green,0
Smartfon Oppo Oppo Reno 10 256GB Titanium,Oppo Reno 10 128GB (Silver),0
смартфон redmi note 15 pro 8 256gb black,redmi 17 4g black 4 256gb,0
Redmi Redmi 12,Tecno Tecno Camon 30 Pro 4GB/1TB Gold,0
Смартфон Infinix Infinix Note 30 1TB Gold,Infinix Infinix Note 30 12GB/1TB Gold,1
Apple iPhone 15 Pro Max Natural 256GB,iPhone 15 Pro Max 256GB Natural,1
iPhone 11 64GB - Natural,iPhone 11 64GB - Natural,1
Smartfon Poco M5s 256GB/3GB White,Xiaomi Poco M5s,1
Smartfon Xiaomi 11T 128GB/4GB Graphite,Xiaomi Xiaomi 11T 4GB+1TB,0
смартфон honor x8d black 8 256gb,смартфон honor x8d 8 128 гб синий,0
Realme Realme C65 3GB/512GB Cream,Realme Realme C65 512GB Cream,1
Honor Honor Magic6 Pro Midnight 64GB,Realme Realme 12 Cream 1TB,0
Смартфон Vivo Vivo X100 1TB Silver,Vivo Vivo X100 12GB/1TB Silver,1
Oppo Oppo A78 8GB/64GB Lavender,Smartfon Oppo A78 1TB/8GB Midnight,0
Smartfon Infinix Hot 40 Pro 512GB/16GB Cream,Infinix Infinix Hot 40 Pro Cream 512GB,1
Apple iPhone 15 Pro,iPhone 15 Pro 64GB Midnight,1
redmi 13 6 128 ocean blue,redmi 9c 3 64 пол года пользования в идеальном состоянии,0
Smartfon Oppo Oppo A79 5G 128GB Green,Oppo Oppo A79 5G 4GB/128GB Green,1
Smartfon Oppo Reno 10 Pro+ 256GB/12GB Titanium,Oppo Reno 10 Pro+ 256GB - Titanium,1
xiaomi poco x7 pro,смартфон poco f7 12 512gb black,0
зарядное устройство belkin home dual usb 2 4a 24w white,зарядное 2 belkin home dual usb устройство 4a 24w white,1
Honor 200 Pro 256GB (Lavender),Honor Honor 200 Pro 4GB+256GB,1
смартфон samsung galaxy a15 5g 8 128gb blue black,смартфон xiaomi redmi a7 pro 4 128 гб черный,0
Oppo Reno 10 64GB Natural,Oppo Oppo A78 64GB Natural,0
Xiaomi Xiaomi 14T 8GB+128GB,Xiaomi 14T 128GB (Natural),1
Oppo Reno 12 128GB - Lavender,Oppo Oppo Reno 12 Pro,0
redmi not 11 pro,redmi not pro,1
Oppo A38 64GB (White),Smartfon Oppo Oppo A38 64GB White,1
Realme Realme C65,Смартфон Realme Realme C65 256GB Blue,0
Apple iPhone 13 Coral 64GB,Apple iPhone 14 Pro Coral 64GB,0
смартфон tecno spark 20c 4 128,телефон novey a20r black,0
Honor X9a 1TB (Gold),Honor Honor X9a,1
Tecno Camon 20 Pro 256GB - Gold,Tecno Tecno Spark 10,0
Vivo Vivo X100 128GB Blue,Vivo V30 Pro 128GB Blue,0
xiaomi redmi note 14 pro 5g 8 256gb midnight black,смартфон samsung galaxy s23 plus 8 512gb black,0
кабель belkin boost type c type c 1m white,кабель belkin boost type c c 1m white,1
Oppo Oppo A79 5G 4GB+64GB,Oppo A78 64GB (Midnight),0
Smartfon Honor X8a 512GB/4GB Natural,Vivo Vivo V30 Pro,0
Redmi Redmi Note 13 Pro 256GB Natural,Smartfon Redmi Note 11S 256GB/4GB Natural,0
смартфон realme note 70,смартфон realme 70,1
Honor Magic5 Lite 256GB - Midnight,Samsung Galaxy A35 5G 1TB Blue,0
samsung galaxy a36 5g 8 256gb white,samsung galaxy a36 5g 8 256gb,1
смартфон samsung galaxy a04e 3 64gb черный,смартфон samsung черный a04e 3 64gb galaxy,1
Xiaomi Xiaomi 14T,Xiaomi 14T 512GB (Lavender),1
huawei nova 14 pro 12 512gb blue,nova 14 pro 12 512gb blue,1
Realme 11 256GB Coral,Realme Realme 11 256GB Coral,1
смартфон apple iphone 12 64gb green,смартфон apple iphone 64gb 12 green,1
redmi note 14 midnight black 6 128gb,redmi a7 pro 4 128 mist blue,0
Tecno Tecno Pova 5 Pro 4GB/128GB Purple,Tecno Tecno Pova 6 4GB/128GB Purple,0
Smartfon Realme Realme 12+ 512GB Midnight,Realme Realme 12+ 4GB+512GB,1
Honor Honor 80 Pro 512GB Starlight,Honor 80 Pro 512GB (Starlight),1
Smartfon Vivo Vivo Y35 64GB Purple,Смартфон Vivo Vivo Y35 64GB Purple,1
Smartfon Vivo Y35 256GB/4GB Natural,Vivo Vivo Y35,1
Смартфон Samsung Galaxy Z Fold 4 128GB Natural,Galaxy Z Fold 4 128GB (Natural),1
смартфон samsung galaxy s26 ultra 12 256gb dual sim violet,смартфон samsung galaxy violet ultra 12 256gb dual sim s26,1
Realme Realme 12 Pro 12GB/512GB Starlight,Realme Realme 12 Pro Starlight 512GB,1
Redmi Redmi K60 Green 256GB,Redmi Redmi K60 16GB/512GB Gold,0
Redmi Note 12 128GB (Cream),Redmi Note 12 128GB (Cream),1
Redmi Redmi Note 12 Titanium 1TB,Redmi Redmi Note 12,1
vivo y31d 8 128gb grey,vivo y31d 8 grey 128gb,1
Oppo Oppo Find X6 Pro Silver 64GB,Oppo Find X6 Pro 64GB (Silver),1
Смартфон Redmi Redmi K70 Pro 1TB Black,Redmi K70 Pro 1TB - Black,1
Oppo Oppo A78 3GB+128GB,Oppo Oppo A78 128GB Natural,1
Apple iPhone 14 1TB Green,Apple iPhone 14,0
Xiaomi Xiaomi 11T 4GB+1TB,Xiaomi Xiaomi 11T 4GB+1TB,1
Xiaomi Poco F5 Pro 4GB/128GB Blue,Смартфон Xiaomi Poco F5 Pro 256GB Deep Purple,0
Honor Honor X8b 3GB/64GB Purple,Honor X8b 64GB Purple,1
Honor X8b 256GB - Starlight,Xiaomi Poco F5 Pro 8GB+64GB,0
Смартфон Vivo Vivo V30 512GB Midnight,Smartfon Vivo V30 512GB/8GB Midnight,1
iphone 16 pro desert 90,iphone 16 pro 90,1
Honor Honor X9a Cream 512GB,Смартфон Vivo Vivo V27 Pro 256GB Green,0
Xiaomi Poco F5 Pro White 512GB,Xiaomi Poco F5 Pro 1TB Graphite,0
Apple iPhone 12 Pro 512GB Midnight,Apple iPhone 12 Pro 8GB+256GB,0
redmi note 15 pro 5g black 8 512gb,redmi note 15 pro 5g black 512gb,1
oppo a5 pro cph2711,смартфон apple iphone 15 plus 512gb pink,0
Smartfon Realme 12 512GB/6GB Starlight,Смартфон Infinix Infinix Zero 30 5G 64GB Titanium,0
смартфон xiaomi 15 ultra 16 1tb dual esim white,xiaomi 15 ultra 16 512gb black,0
Tecno Tecno Spark 20 1TB Cream,Smartfon Xiaomi Xiaomi 12T Pro 64GB Titanium,0
redmi note 12 pro,smartfon redmi a5 3 64gb lake green,0
Smartfon Realme Realme Note 50 512GB Silver,Smartfon Realme Note 50 512GB/3GB Silver,1
honor xd9 12 256,плитка ruflex tab медный отлив гипкий черепица andulin мягкая кровля,0
Realme C53 512GB (Coral),Realme C53 512GB - Coral,1
Infinix Infinix Zero 30 White 64GB,Infinix Infinix Zero 30 16GB/64GB White,1
Oppo Reno 12 Pro 256GB (Gold),Oppo Oppo Reno 12 Pro 256GB Gold,1
Смартфон Xiaomi Xiaomi 14T Pro 64GB Deep Purple,Смартфон Xiaomi Xiaomi 14T Pro 64GB Deep Purple,1
Tecno Tecno Camon 30 12GB/1TB Purple,Tecno Tecno Camon 30 12GB/1TB Purple,1
Vivo Vivo X100 Pro,Vivo Vivo X100 Pro Natural 128GB,0
смартфон xiaomi redmi note 13 pro 5g 8 256gb dual nano sim moonlight white,xiaomi redmi note 13 pro 5g 8 256gb dual nano sim moonlight white,1
Smartfon Realme C67 1TB/3GB Titanium,Смартфон Realme Realme C67 256GB Lavender,0
redmi note 15 8 256 6 128gb,redmi note 15 8 256 128gb,1
смартфон xiaomi redmi note 11s 6 128gb graphite gray,смартфон xiaomi 15 12 512gb nano sim esim black,0
Vivo Vivo V27,Смартфон Vivo Vivo V27 64GB Silver,1
Смартфон Xiaomi Xiaomi 13T 256GB Gold,Xiaomi Xiaomi 13T,1
reno 12f 8 512 matte grey,reno 12f 8 512 grey matte,1
Смартфон Infinix Infinix Hot 40 512GB Black,Realme Realme GT Neo 5 SE 6GB/64GB Graphite,0
Honor X8b 1TB - Titanium,Smartfon Honor X8b 64GB/6GB Silver,0
Infinix Infinix Smart 8 12GB+128GB,Infinix Infinix Smart 8 Green 128GB,1
Apple iPhone 14 Pro Max 16GB/64GB Cream,Apple iPhone 14 Pro Max 64GB Cream,1
Xiaomi Xiaomi 13T 4GB+1TB,Realme Realme C53 Blue 256GB,0
Tecno Tecno Pova 5 Pro Purple 512GB,Smartfon Tecno Pova 5 Pro 512GB/6GB Purple,1
Redmi Redmi Note 11 1TB Gold,Smartfon Redmi Note 11 1TB/12GB Gold,1
Honor X9b 64GB - Midnight,Honor Honor X9b 1TB Starlight,0
Redmi A3 256GB - Gold,Redmi Redmi A3 6GB+256GB,1
Tecno Tecno Spark 20 Pro Lavender 512GB,Tecno Tecno Spark 20 Pro,1
Apple iPhone 11 8GB+512GB,Apple iPhone 14 8GB+512GB,0
Смартфон Apple iPhone 12 Pro 1TB Cream,Smartfon iPhone 12 Pro 1TB/4GB Cream,1
Realme 12 1TB - Midnight,Realme Realme 12,1
Smartfon Realme Realme Note 50 256GB Black,Realme Realme Note 50 12GB/1TB Coral,0
honor x9d 5g 8 256gb oltin rang smartfoni,смартфон honor 200 lite 8 256 black,0
Tecno Spark 20 Pro 1TB (Natural),Honor Honor 80 Pro 3GB+512GB,0
iPhone 13 mini 64GB - Black,Apple iPhone 13 mini,0
Smartfon Realme 9 Pro+ 64GB/16GB Lavender,Smartfon Realme 9 Pro+ 64GB/16GB Lavender,1
Смартфон Honor Honor X8b 256GB Natural,Honor Magic6 Pro 256GB (Natural),0
смартфон iphone 11 pro 64gb dual gold,смартфон xiaomi redmi 15 8 128gb sandy purple,0
iPhone 13 Pro Max 256GB - Midnight,Смартфон Apple iPhone 13 Pro Max 512GB Silver,0
Honor Honor X7a 128GB Lavender,Smartfon Honor Honor X7a 128GB Lavender,0
Apple iPhone 13 Pro Max,Apple iPhone 13 Pro Max 12GB+128GB,1
Oppo Oppo A78 6GB+512GB,Oppo A78 512GB (Graphite),1
Smartfon Redmi Note 12 Pro+ 128GB/6GB Natural,Redmi Redmi Note 12 Pro 6GB/128GB Natural,0
смартфон xiaomi 11t 8 256gb blue,смартфон xiaomi 11t 256gb 8 blue,1
Smartfon Infinix Note 40 256GB/8GB Black,Infinix Infinix Note 40 8GB/256GB Black,1
телефон novey 107 gray,novey телефон 107 gray,1
redmi note 14s midnight black 8 256gb,redmi note 15 6 128gb glacier blue,0
Xiaomi 14T 1TB (Coral),Смартфон Xiaomi Xiaomi 14T 64GB Black,0
Honor X7a 128GB (Midnight),Smartfon Honor X7a 128GB/8GB Midnight,1
Honor Magic6 Pro 256GB Purple,Honor Honor Magic6 Pro 4GB+256GB,1
Infinix Infinix Note 40 6GB+256GB,Infinix Infinix Note 40 6GB+256GB,1
Galaxy M34 5G 1TB Midnight,Galaxy M34 5G 1TB Midnight,1
Realme 12 Pro 1TB (Natural),Realme Realme 12 Pro,1
Oppo Reno 11 1TB - Starlight,Redmi Redmi Note 13 12GB+128GB,0
Honor Honor 80 Pro 64GB White,Honor Honor 80 Pro White 64GB,1
смартфон honor 400 5g 12 256gb midnight black,смартфон honor 400 5g 12 midnight black,1
iPhone 15 Pro Max 64GB Natural,Apple iPhone 13 Pro 64GB Natural,0
смартфон honor 200 8 256gb moonlight белый,смартфон honor 200 256gb moonlight белый,1
Smartfon Realme Note 50 1TB/3GB Starlight,Realme 9 Pro+ 1TB (Starlight),0
смартфон note 15 pro 12 512gb black,смартфон note 15 pro 12 512gb,1
Smartfon Apple iPhone 12 Pro 64GB Graphite,iPhone 15 64GB (Graphite),0
honor 200 lite 5g,кабель belkin thunderbolt 4 cable 2m,0
смартфон xiaomi poco x4 pro 5g 8 256gb yellow,смартфон xiaomi poco x4 pro 5g 256gb yellow,1
Xiaomi 12 256GB - Purple,Смартфон Xiaomi Xiaomi 12 256GB Purple,1
Smartfon Vivo Y36 512GB/16GB Green,Vivo V27 512GB Green,0
Смартфон Redmi Redmi 12C 256GB Titanium,Smartfon Redmi 12C 256GB/8GB Titanium,1
Oppo A78 128GB - Blue,Смартфон Oppo Oppo A78 128GB Blue,1
смартфон apple iphone 15 pro 1tb blue titanium,смартфон samsung galaxy a37 5g 8 128gb navy,0
redmi note 14 5g cdma gsm 8 128gb,redmi 13 6 128 ocean blue,0
смартфон tecno spark go 2022 2 32gb atlantic blue,смартфон spark go 2022 2 32gb atlantic blue,1
Smartfon Infinix Infinix Note 40 Pro 1TB Purple,Смартфон Infinix Infinix Note 40 Pro 256GB Titanium,0
смартфон honor x7d 8 256 meteor silver,смартфон x7d 8 256 meteor silver,1
Honor Magic5 Lite 512GB - Gold,Honor Magic5 Lite 512GB - Gold,1
Honor Magic6 Pro 64GB Blue,Honor Magic6 Pro 512GB (Silver),0
смартфон samsung galaxy a14 128gb silver,смартфон samsung galaxy a14 silver,1
Smartfon Infinix Infinix Note 30 Pro 64GB Blue,Smartfon Honor 90 Pro 1TB/8GB Gold,0
Realme Realme 12 Pro 64GB Silver,Realme Realme 12 Pro 64GB Silver,1
xiaomi redmi note 14 pro 8 256gb midnigh,смартфон apple iphone 13 pro max 256gb графитовый,0
смартфон honor x6 4 64gb midnight black увлажнитель воздуха misty can,смартфон samsung galaxy s26 12 256gb nano sim esim white,0
Redmi Redmi Note 13 4G 128GB Black,Redmi Redmi Note 13 4G,1
Smartfon Xiaomi Poco X6 Pro 256GB Purple,Poco X6 Pro 256GB (Purple),1
xiaomi redmi note 15 pro 4g,смартфон xiaomi redmi note 14 6 128 гб lime green,0
смартфон apple iphone 16 128gb dual esim teal,смартфон 128gb iphone 16 apple dual esim teal,1
iPhone 15 Pro 128GB Graphite,Smartfon Apple iPhone 15 Pro 128GB Graphite,1
apple iphone 17 sage 256gb sim esim,17 iphone apple sage 256gb sim esim,1
Смартфон Honor Honor X9b 256GB Gold,Smartfon Honor X9b 256GB/8GB Gold,1
Smartfon Redmi Note 13 Pro+ 64GB/12GB Coral,Redmi Note 13 Pro+ 64GB - Coral,1
смартфон apple iphone 17 pro max 512gb deep blue af a 1 sim,смартфон apple iphone 17 pro max 512gb deep af blue a 1 sim,1
Oppo A78 64GB - White,Smartfon Oppo Oppo A78 1TB Coral,0
смартфон samsung galaxy a24 6 128gb red,смартфон samsung galaxy a24 red 128gb 6,1
Tecno Tecno Phantom V Fold 16GB/128GB Titanium,Tecno Phantom V Fold 128GB - Titanium,1
redmi 13 pro telefon,redmi 13 telefon pro,1
смартфон apple iphone 14 pro max 256gb 1 sim серебристый,apple iphone 16 pro esim 256gb desert titanium smartfoni,0
Smartfon Realme GT 5 Pro 128GB/3GB Blue,Realme Realme GT 5 Pro,0
смартфон samsung galaxy a24 6 128gb black,смартфон samsung galaxy a24 6 128gb,1
Tecno Pova 6 64GB Titanium,Tecno Tecno Pova 6 64GB Titanium,1
смартфон infinix smart 8 4 128gb galaxy white,xiaomi redmi 15 purple 6 128gb,0
samsung a12 sotiladi,samsung sotiladi,1
Smartfon Samsung Galaxy S23 Ultra 64GB Green,Samsung Galaxy S23 Ultra 3GB+64GB,1
honor choice t10 black 4 64gb,smartfon honor x9d 8 256gb reddish brown,0
Honor Honor X8a 8GB+128GB,Xiaomi 12X 256GB - Green,0
Tecno Tecno Spark 20,Tecno Spark 20 256GB Purple,1
Redmi Redmi Note 11 16GB+128GB,Redmi Redmi Note 11,0
Oppo A58 256GB (Graphite),Oppo Oppo A58,1
Oppo Oppo A79 5G 4GB+128GB,Oppo A79 5G 128GB Blue,1
Vivo Vivo V29 Pro 1TB Titanium,Vivo Vivo V29 Pro 8GB+1TB,1
Infinix Infinix Smart 8 Plus Lavender 512GB,Realme Realme 11,0
Realme 12 512GB (Titanium),Oppo Oppo A58 Natural 128GB,0
Xiaomi Xiaomi 11T Pro Midnight 64GB,Xiaomi Xiaomi 11T Pro Midnight 64GB,1
Смартфон Apple iPhone 15 Pro Max 256GB Blue,Apple iPhone 15 Pro Max Blue 256GB,1
iPhone 15 512GB (Purple),Apple iPhone 12 Pro,0
Infinix Smart 8 1TB (Graphite),Infinix Infinix Smart 8 8GB+256GB,0
Samsung Galaxy S22,Galaxy S22 128GB White,1
Realme C65 128GB (Starlight),Realme Realme C65 3GB/128GB Starlight,1
Smartfon Realme GT 5 64GB/12GB Black,Smartfon Realme GT 5 64GB/12GB Black,1
Smartfon Redmi Redmi Note 13 Pro 128GB Cream,Redmi Note 13 Pro 128GB Cream,1
Oppo Oppo Reno 11 6GB/1TB Natural,Смартфон Oppo Oppo A78 1TB Natural,0
samsung galaxy j7 neo,samsung galaxy neo,1
смартфон xiaomi redmi note 15 8 256 purple,smartfon honor x7d 8 256gb black,0
Poco M5 512GB Lavender,Xiaomi Poco M5 8GB+512GB,1
Apple iPhone 15 Pro Max 128GB Black,Apple iPhone 15 Pro Max,1
Realme 9 Pro+ 1TB Midnight,Смартфон Realme Realme C65 1TB Midnight,0
redmi note 15 forest green 8 256gb,кабель go des gd uc530m microusb,0
samsung galaxy a07 green 6 128gb,samsung galaxy a07 green 6,1
Redmi Redmi Note 13 8GB+1TB,Redmi Redmi Note 13,1
смартфон infinix note 11 6 128gb graphite black,смартфон graphite note 11 6 128gb infinix black,1
труба стальная д 57 мм,смартфон samsung galaxy a17 5g 8 256gb light blue,0
Smartfon Honor Honor X8b 1TB Natural,Honor Honor X8b Black 128GB,0
Xiaomi 11T 256GB Graphite,Smartfon Xiaomi 11T 256GB/16GB Graphite,1
Smartfon Infinix Infinix Smart 8 1TB Titanium,Infinix Smart 8 1TB (Titanium),1
Smartfon Redmi Redmi 13C 256GB Purple,Redmi Redmi 13C 128GB Cream,0
Смартфон Honor Honor 200 64GB Black,Honor 200 64GB - Black,1
Redmi Redmi Note 13,Redmi Redmi Note 13 Cream 64GB,0
Смартфон Samsung Galaxy A35 5G 512GB White,Galaxy A35 5G 128GB Gold,0
Tecno Spark 10 256GB - Silver,Smartfon Tecno Spark 10 1TB/3GB Coral,0
oppo reno13 5g cph2689 plume white,oppo reno13 5g white plume cph2689,1
Redmi Redmi Note 13 Pro,Redmi Redmi Note 13 Pro 128GB Starlight,1
Oppo A79 5G 1TB - Lavender,Oppo Find X7 1TB - Lavender,0
Oppo Reno 10 Pro 128GB Cream,Oppo Reno 10 Pro 256GB White,0
Honor Honor 100 4GB/64GB Silver,Oppo Reno 10 Pro 128GB - Natural,0
Oppo Reno 12 1TB - Green,Oppo A58 1TB Green,0
Redmi Redmi Note 11 Pro 12GB+256GB,Смартфон Redmi Redmi Note 11 Pro 256GB Titanium,1
Infinix Infinix Note 40 Pro 64GB Lavender,Infinix Note 40 Pro 1TB Graphite,0
Realme Realme 11 Pro+ 8GB/1TB Purple,Samsung Galaxy A25,0
Смартфон Redmi Redmi Note 13 Pro+ 64GB Graphite,Redmi Redmi Note 13 Pro+ 3GB+64GB,1
Realme Realme 11 256GB Deep Purple,Realme GT 5 Pro 256GB - Deep Purple,0
Redmi Redmi 13C Starlight 128GB,Redmi Redmi 13C Titanium 256GB,0
смартфон iphone 13 128gb pink,смартфон iphone pink 128gb 13,1
Tecno Tecno Phantom X2 Pro,Tecno Tecno Phantom X2 Pro 12GB/1TB Blue,0
Tecno Tecno Pova 6 Pro,Smartfon Tecno Tecno Spark 20 Pro 512GB Blue,0
redmi a5 lake green 4 128gb,redmi note 14s midnight black 8 256gb,0
Samsung Galaxy Z Fold 4 Starlight 1TB,Samsung Galaxy Z Fold 4,0
Galaxy S21 FE 1TB Green,Oppo Reno 11 Pro 256GB (Lavender),0
Smartfon Infinix Smart 8 64GB/8GB Lavender,Смартфон Infinix Infinix Note 40 64GB Lavender,0
smartfon honor 400 8 256gb desert gold,смартфон honor 400 lite 5g 8gb 256gb mars green,0
honor x8d 8 256 velvet black,honor 400 12 512gb desert gold juicer 100gb internet 3 months of free tv com,0
смартфон xiaomi redmi 12 8 128gb global dual nano sim polar silver,смартфон xiaomi redmi 12 8 128gb dual nano sim polar silver,1
iPhone 13 Pro 64GB Titanium,Смартфон Apple iPhone 13 Pro 256GB Lavender,0
redmi not 12 ideal,redmi note 14 pro 5g midnight black 8 256gb,0
Tecno Tecno Spark 20 Pro+,Tecno Tecno Spark 20 Pro+,1
Realme Realme 12 Midnight 256GB,Realme Realme 11 Pro 4GB/256GB Midnight,0
Infinix Infinix Note 40 12GB/256GB Coral,Smartfon Infinix Infinix Note 40 256GB Coral,1
Vivo Vivo V27 8GB+64GB,Vivo V27 64GB (Lavender),1
Apple iPhone 12 mini 4GB+1TB,Apple iPhone 12 mini 4GB/1TB Blue,1
Redmi Note 11 Pro 256GB Green,Redmi Redmi Note 13 Pro 256GB Green,0
смартфон note 15 6 128gb green,смартфон 15 note 6 128gb green,1
Smartfon Redmi Redmi Note 13 Pro+ 64GB Blue,Redmi Note 13 Pro+ 64GB (Blue),1
Смартфон Apple iPhone 12 256GB Cream,Apple iPhone 12 Black 128GB,0
Smartfon Honor Honor Magic5 Pro 512GB Deep Purple,Smartfon Honor Magic5 Pro 512GB/12GB Deep Purple,1
Vivo Y22s 128GB - Purple,Tecno Phantom V Fold 64GB (White),0
Xiaomi Xiaomi 14T Pro 3GB/512GB Gold,Smartfon Xiaomi Xiaomi 14T Pro 512GB Gold,1
Smartfon Galaxy A14 256GB/6GB Silver,Samsung Galaxy A14 6GB/256GB Silver,1
Galaxy S23+ 64GB Midnight,Galaxy S23+ 64GB (Midnight),1
Xiaomi 13T Pro 1TB - Black,Xiaomi 13T Pro 1TB - Black,1
huawei mate x6 12 512gb black,huawei mate 12 512gb black,1
honor x9c titanium black 8 256gb,смартфон honor x7a plus 6 128 ocean blue,0
Infinix Infinix Smart 8,Xiaomi Xiaomi 14T 16GB/1TB Starlight,0
смартфон samsung galaxy s24 ultra 12 512gb nano sim esim gray titan,google pixel 10 pro fold доставка проверка при получении,0
Smartfon Redmi Redmi 13C 512GB Coral,Redmi 13C 512GB - Coral,1
Samsung Galaxy S24 Ultra 6GB/256GB Green,Samsung Galaxy S24 Ultra 256GB Green,1
Realme Realme C53 6GB+128GB,Realme Realme C53 Purple 1TB,0
Infinix Infinix Note 30 1TB Cream,Infinix Infinix Note 30 16GB+1TB,1
Oppo Oppo Find X7 Ultra 3GB/64GB Lavender,Oppo Find X7 Ultra 64GB - Lavender,1
смартфон oppo reno 12f 8 256 гб amber orange,redmi 14c midnight black 4 128gb,0
Samsung Galaxy A55 5G Graphite 1TB,Smartfon Galaxy A55 5G 1TB/8GB Graphite,1
Смартфон Xiaomi Xiaomi 14T 512GB Lavender,Smartfon Xiaomi Xiaomi 14T 256GB Natural,0
Смартфон Xiaomi Poco X5 Pro 512GB Deep Purple,Смартфон Oppo Oppo Reno 11 Pro 1TB Cream,0
смартфон honor 70 8 256gb global blue,смартфон honor x8d 8 256gb velvet black,0
Oppo Find X7 1TB Graphite,Oppo Find X7 1TB - Graphite,1
Honor Honor 90 Gold 256GB,Smartfon Honor Honor 90 256GB Gold,1
Смартфон Vivo Vivo V29 Pro 1TB Purple,Vivo Vivo V29 Pro 16GB+1TB,1
Apple iPhone 14 Pro Max 3GB/512GB Natural,Smartfon Apple iPhone 15 Plus 512GB Natural,0
Redmi Note 11S 1TB - Blue,Redmi Note 11S 1TB (Blue),1
смартфон iphone 12 pro max 512gb black dual,смартфон iphone 12 pro max 512gb black,1
iPhone 13 64GB (Midnight),Smartfon iPhone 13 64GB/12GB Midnight,1
Honor Honor X7b 12GB+512GB,Smartfon Honor Honor X7b 512GB Green,1
Galaxy M34 5G 64GB Gold,Samsung Galaxy M34 5G 64GB Gold,1
Vivo Y36 1TB Purple,Vivo Vivo Y36 Purple 1TB,1
Смартфон Oppo Oppo Reno 11 512GB Deep Purple,Smartfon Oppo Oppo Reno 11 512GB Deep Purple,1
Xiaomi 13 Ultra 128GB Gold,Xiaomi Xiaomi 13 Ultra 128GB Gold,1
смартфон xiaomi redmi note 13 pro 5g 8 256gb nano sim esim aurora purple,aurora xiaomi redmi note 13 pro 5g 8 256gb nano sim esim смартфон purple,1
Oppo Reno 10 256GB (Titanium),Galaxy A15 128GB Gold,0
Realme Realme 12 Pro Graphite 512GB,Realme 12 Pro 512GB (Graphite),1
смартфон honor 70 8 128gb global black,смартфон honor x7d 6 128gb velvet black,0
Honor Honor X8b 3GB+256GB,Honor X8b 128GB - Midnight,0
Infinix Infinix Hot 40 Pro White 1TB,Honor Honor 100 Pro 64GB Black,0
xiaomi 14t lemon green 12 512gb,xiaomi 14t lemon green 12,1
xiaomi redmi 15c orange 4 256gb,смартфон xiaomi redmi note 13 pro 12 512gb lavender purple,0
Redmi Redmi K70 Pro 6GB/1TB Blue,Samsung Galaxy S21 FE,0
motorola moto g86 power 5g golden cypress 8 512gb,motorola moto power 5g golden cypress 8 512gb,1
vivo y19s 4 128gb black,vivo 4 128gb black,1
фитнес браслет xiaomi mi smart band 5,смартфон xiaomi poco m8 pro 5g 12 512gb silver,0
Oppo Find X7 64GB Deep Purple,Oppo Oppo Find X7 Deep Purple 64GB,1
Smartfon Infinix Zero 30 1TB/16GB Cream,Infinix Infinix Zero 30 1TB Cream,1
смартфон honor x8a 6 128gb titanium silver увлажнитель воздуха misty can,смартфон honor x6c 6 128 гб black,0
Oppo Find X6 Pro 64GB (Natural),Смартфон Realme Realme 12+ 128GB Green,0
Смартфон Apple iPhone 13 mini 64GB Deep Purple,iPhone 13 mini 128GB Silver,0
iPhone 13 Pro 1TB - Black,Vivo V29 Pro 64GB (Silver),0
redmi note 15 sandy purple 6 128gb,redmi note 15 forest green 8 256gb,0
honor x9d 5g 8 256gb reddish brown 365gb internet 3 oy bepul tv com sovg a,honor x9d 5g 8 sovg reddish brown 365gb internet 3 oy bepul tv com 256gb a,1
Smartfon Tecno Tecno Spark 20 Pro 64GB Black,Tecno Tecno Spark 20 Pro 12GB+64GB,1
redmi 15 6 128gb sandy purple,redmi a5 3 64 ocean blue,0
Smartfon Honor X9a 64GB/6GB Deep Purple,Smartfon Honor X9a 512GB/6GB Gold,0
Smartfon Oppo Oppo Reno 10 512GB Coral,Smartfon Oppo Oppo Reno 10 512GB Coral,1
Tecno Tecno Phantom X2 Pro 4GB+256GB,Redmi Note 12 Pro+ 1TB - Deep Purple,0
Realme Realme 12 16GB/512GB Graphite,Смартфон Realme Realme 11 Pro+ 512GB Graphite,0
Redmi Redmi Note 13,Oppo Reno 11 128GB (Black),0
Смартфон Vivo Vivo Y100 64GB Gold,Vivo Vivo Y36 64GB Gold,0
Смартфон Redmi Redmi K60 512GB Black,Redmi Redmi K60 12GB+512GB,1
смартфон samsung galaxy a15 5g 4 128gb blue black,смартфон samsung galaxy 5g 4 128gb blue black,1
Smartfon Galaxy S23+ 64GB/8GB Green,Galaxy S23+ 64GB - Green,1
смартфон samsung galaxy s24 fe 8 128gb dual sim graphite,смартфон samsung galaxy s24 fe 8 dual 128gb sim graphite,1
Смартфон Samsung Galaxy A25 64GB Green,Samsung Galaxy A25 4GB/512GB Purple,0
смартфон xiaomi redmi 15 6 128gb midnight black,смартфон xiaomi redmi note 15 pro 5g 12 512 гб black,0
Infinix Infinix Hot 40 Pro 256GB Purple,Infinix Infinix Hot 40 Pro 256GB Purple,1
смартфон honor x6b 12 256gb forest green,honor 400 5g midnight black 12 256gb,0
Tecno Tecno Camon 20 Pro 16GB/512GB Silver,Tecno Camon 20 Pro 1TB - Cream,0
Xiaomi Xiaomi 14T 1TB Black,Xiaomi Xiaomi 14T 3GB+1TB,1
Xiaomi Xiaomi 14T 4GB/1TB Gold,Xiaomi Poco M6 Pro,0
Oppo Reno 10 64GB Graphite,Oppo Oppo Reno 10,1
Tecno Tecno Pova 5 Pro Cream 512GB,Tecno Tecno Pova 5 Pro 512GB Cream,1
смартфон oppo reno 15 pro 12 512gb dusk brown,смартфон oppo reno 15 12 512gb dusk brown,1
samsung s24 доставка проверка при получении,смартфон samsung galaxy a56 5g 8 128 гб черный,0
Tecno Tecno Pova 6,Tecno Tecno Pova 6,1
Samsung Galaxy Z Fold 5 3GB+64GB,Samsung Galaxy Z Fold 5 3GB+64GB,1
Smartfon Redmi Redmi 13C 64GB White,Oppo Oppo Find X6 Pro 3GB/512GB Deep Purple,0
Infinix Note 40 Pro 512GB (Natural),Infinix Note 40 Pro 256GB (Gold),0
Redmi Redmi K60,Smartfon Honor Honor 80 Pro 64GB Midnight,0
смартфон xiaomi redmi note 11 4 64g mix,смартфон xiaomi redmi note 11 mix 64g 4,1
Smartfon Redmi Redmi K60 512GB Green,Smartfon Redmi 12C 512GB/6GB Green,0
Tecno Phantom X2 Pro 128GB - Midnight,Tecno Tecno Phantom X2 Pro 8GB/128GB Midnight,1
Смартфон Infinix Infinix Zero 30 512GB Graphite,Infinix Infinix Zero 30,1
Realme Realme C65 8GB+64GB,Realme Realme C65 8GB+64GB,1
Smartfon Apple iPhone SE 3 64GB Gold,Smartfon iPhone 12 mini 64GB/3GB Gold,0
Oppo A38 512GB (Green),Smartfon Oppo A38 512GB/12GB Green,1
Redmi A3 1TB Green,Redmi Redmi A3 8GB/512GB Black,0
смартфон samsung sm a155f a15 256gb black,смартфон samsung sm a155f 256gb black,1
Xiaomi Xiaomi 13 4GB/512GB Midnight,Xiaomi Xiaomi 13 512GB Midnight,1
Tecno Tecno Pova 5 Pro 12GB+1TB,Tecno Pova 5 Pro 1TB Natural,0
Poco X6 1TB Graphite,Smartfon Xiaomi 13 Pro 1TB/6GB Graphite,0
motorola moto g75 green 8 256gb,motorola moto green 8 256gb,1
Infinix Infinix Hot 40 Pro Black 1TB,Infinix Infinix Hot 40 Pro 64GB Gold,0
Smartfon Tecno Pop 8 512GB/4GB Deep Purple,Apple iPhone 11 128GB Coral,0
смартфон xiaomi redmi note 14 pro 4g 12 256gb midnight black,смартфон apple iphone 17 pro 256gb silver af a 1 sim,0
galaxy s25 ultra 12 256 jet black,galaxy s25 256 12 ultra jet black,1
Infinix Smart 8 Pro 1TB - Black,Infinix Note 40 Pro 1TB Black,0
Honor Honor X9b 16GB+1TB,Smartfon Honor 200 Pro 1TB/16GB Blue,0
Honor Magic5 Lite 128GB - White,Smartfon Honor Magic5 Lite 64GB/4GB Green,0
смартфон realme 15t,смартфон xiaomi 12 lite 6 128gb black,0
apple iphone 16 pro 128gb white titanium 100gb of internet 3 months of tv com for free,apple iphone 16 pro 128gb white 100gb titanium of internet 3 months of tv com for free,1
Oppo Oppo A17,Smartfon Oppo Oppo A17 64GB Gold,1
Infinix Note 40 512GB (Titanium),Smartfon Infinix Note 40 256GB/4GB Black,0
смартфон infinix hot 40 pro 8 256gb blue,смартфон infinix hot 40 pro 256gb blue,1
Смартфон Apple iPhone 15 Pro Max 128GB Cream,Apple iPhone 14 Pro Max 3GB/128GB Cream,0
smartfon samsung galaxy a37 5g 8 256gb gray,huawei nova 12i green 8 128gb,0
honor xd9 12 256,apple iphone 15 128gb single black 100gb of internet 3 months of tv com for free,0
honor x6c 6 256gb midnight black 100gb of internet 3 months of tv com for free,honor x6c 6 midnight black 100gb of internet 3 months of tv com for free,1
Смартфон Realme Realme Note 50 1TB Black,Смартфон Realme Realme Note 50 256GB Cream,0
Redmi Redmi K70 Pro 3GB/512GB Purple,Redmi Redmi K70 Pro 3GB/512GB Purple,1
Infinix Smart 8 Plus 512GB - Lavender,Infinix Infinix Hot 30 Play 3GB/512GB Lavender,0
фитнес браслет huawei honor band 6 sandstone grey,honor 400 lite серый 8 256gb,0
смартфон samsung galaxy s24 8 256gb dual esim yellow,смартфон samsung galaxy s24 8 256gb yellow esim dual,1
Smartfon Xiaomi Poco F5 512GB Green,Xiaomi Poco F5 16GB+64GB,0
iPhone 11 Pro 128GB (Deep Purple),Apple iPhone 15 Pro,0
смартфон apple iphone 17 pro max 256gb cosmic orange,смартфон oppo reno 15 pro max 12 512gb dusk brown,0
Oppo Oppo Reno 11 6GB/256GB Lavender,Oppo Oppo Reno 11,1
Redmi Note 13 Pro 512GB - Deep Purple,Redmi Redmi Note 13 4G 512GB Deep Purple,0
Смартфон Xiaomi Xiaomi 13T 64GB Black,Tecno Pova 5 Pro 256GB Midnight,0
Smartfon Infinix Infinix Zero 30 5G 512GB Cream,Smartfon Infinix Infinix Zero 30 5G 512GB Cream,1
Tecno Tecno Phantom V Fold 256GB Blue,Tecno Tecno Pop 8 256GB Blue,0
Smartfon Tecno Camon 30 Pro 128GB/3GB Black,Tecno Camon 30 Pro 128GB Black,1
Smartfon Xiaomi Poco X6 Pro 64GB Silver,Oppo Oppo Find X6 Pro 256GB Purple,0
Smartfon Apple iPhone 13 Pro 256GB Graphite,Smartfon Apple iPhone 13 Pro 256GB Graphite,1
Realme 9 Pro+ 512GB (Silver),Realme Realme 9 Pro+ 16GB/256GB Graphite,0
Xiaomi Poco F5 64GB Blue,Smartfon Xiaomi Xiaomi 14T 64GB Blue,0
Смартфон Samsung Galaxy M34 5G 256GB Graphite,Samsung Galaxy M34 5G 16GB+256GB,1
Samsung Galaxy S22 Ultra 12GB/128GB White,Samsung Galaxy Z Fold 4 128GB White,0
honor x7c,honor x7c new,1
iPhone 13 Pro Max 256GB (Blue),Apple iPhone 13 Pro Max Blue 256GB,1
Smartfon Honor X8a 512GB/4GB Purple,Smartfon Honor X8a 512GB/4GB Purple,1
Xiaomi Poco X6 Pro 12GB/64GB Graphite,Xiaomi Xiaomi 13T Pro Graphite 64GB,0
Samsung Galaxy A05 6GB/1TB Titanium,Galaxy A05 1TB Titanium,1
Samsung Galaxy Z Flip 4,Tecno Tecno Pop 8 Midnight 128GB,0
Смартфон Infinix Infinix Smart 8 512GB Silver,Infinix Smart 8 512GB Silver,1
iPhone 12 256GB - Starlight,iPhone 12 256GB - Starlight,1
Honor Magic5 Pro 1TB (Deep Purple),Honor Honor Magic5 Pro 3GB+256GB,0
xiaomi poco x7 pro,xiaomi poco pro x7,1
Honor Honor 100 Pro 6GB/64GB Gold,Honor Honor 100 Pro 64GB Gold,1
Redmi Redmi Note 13 6GB+256GB,Smartfon Redmi Redmi Note 13 256GB Titanium,1
Смартфон Samsung Galaxy A35 5G 256GB Natural,Samsung Galaxy A05s 3GB/256GB Natural,0
смартфон honor 200 lite 16 256gb cyan lake,смартфон apple iphone 16 plus 128gb dual esim teal,0
Infinix Smart 8 Pro 64GB Silver,Smartfon Infinix Infinix Smart 8 Pro 128GB Green,0
Honor Honor X8a Cream 1TB,Смартфон Honor Honor X8a 512GB Graphite,0
redmi note13 8 512,redmi not 12 ideal,0
Redmi K60 256GB - Starlight,Redmi Redmi K60 16GB+256GB,1
Apple iPhone 15 Pro,iPhone 15 Pro 128GB (Natural),0
Honor Honor X8b Silver 1TB,Honor Honor X8b 6GB+1TB,1
Смартфон Xiaomi Poco M6 Pro 512GB Silver,Apple iPhone 12 Pro,0
Realme Realme Note 50 6GB/1TB Purple,Realme Realme Note 50 1TB Purple,1
смартфон novey force g20 8 128gb mirror black,смартфон xiaomi redmi note 13 8 256 mint green,0
Smartfon Vivo Y200 Pro 512GB/3GB Silver,Vivo Vivo Y200 Pro,0
Smartfon Tecno Spark 20 Pro+ 64GB/8GB Deep Purple,Smartfon Tecno Tecno Spark 20 Pro+ 64GB Deep Purple,1
Realme 12 Pro+ 128GB Starlight,Realme Realme 12 Pro+ Starlight 128GB,1
Smartfon Oppo Oppo Reno 12 256GB Silver,Oppo Oppo Reno 12 512GB Green,0
кабель earldom et aux31 1m,кабель earldom aux31 1m,1
Infinix Infinix Hot 40 Pro 4GB+512GB,Samsung Galaxy S24 4GB+64GB,0
samsung galaxy a06 4 128gb light blue 100gb of internet 3 months of tv com for free,honor x5c plus 4 128 ocean cyan,0
xiaomi redmi 15c midnight black 4 256gb,xiaomi redmi black midnight 15c 4 256gb,1
Samsung Galaxy A55 5G 8GB+512GB,Samsung Galaxy A55 5G 512GB Midnight,1
Honor X9b 1TB (Natural),Honor X9b 1TB Natural,1
Tecno Pop 8 64GB (Midnight),Tecno Tecno Camon 30 Pro,0
смартфон oppo a57s 4 64gb sky blue,смартфон oppo 4 64gb sky blue,1
Xiaomi 14T 1TB (Gold),Xiaomi Xiaomi 14T 3GB/1TB Gold,1
Tecno Spark 20 Pro 64GB - Silver,Tecno Tecno Spark 20 Pro,1
Tecno Tecno Pova 5 Pro 4GB/1TB Blue,Tecno Tecno Pova 5 Pro,1
Redmi Note 13 Pro 512GB - Midnight,Smartfon Redmi Redmi Note 13 Pro 512GB Midnight,1
Smartfon Tecno Tecno Pova 6 Pro 1TB Graphite,Tecno Pova 6 Pro 1TB Graphite,1
redmi note 14 8 128 ocean blue,redmi 15c midnight black 6 128gb,0
samsung galaxy s25 icy blue 12 256gb,samsung galaxy s25 256gb blue 12 icy,1
Honor Honor Magic6 Pro 64GB Starlight,Honor Honor Magic5 Lite 12GB+64GB,0
смартфон samsung j510 galaxy j5 2 16gb black,j510 samsung смартфон galaxy j5 2 16gb black,1
Realme Realme C65 16GB/256GB Natural,Realme Realme C65 16GB/256GB Natural,1
Smartfon Xiaomi Poco F5 Pro 128GB Starlight,Xiaomi 12T Pro 128GB Starlight,0
Galaxy S24+ 1TB - Purple,Oppo Oppo Reno 12 Pro 256GB Graphite,0
Vivo Y100 64GB (Coral),Vivo Vivo Y200 Pro 4GB/64GB Coral,0
смартфон iphone 13 pro 1tb gold,смартфон iphone pro 1tb gold,1
Oppo Oppo A79 5G 6GB/1TB Gold,Oppo Oppo A79 5G,1
Infinix Hot 40 Pro 1TB Silver,Infinix Infinix Hot 40 Pro 8GB/1TB Silver,1
Tecno Spark 20 64GB Natural,Smartfon Tecno Tecno Spark 20 64GB Natural,1
Oppo Reno 10 Pro 512GB - White,Vivo Vivo V30e 16GB/128GB Cream,0
Apple iPhone 13 Blue 1TB,Smartfon iPhone 13 1TB/16GB Blue,1
смартфон oppo reno14f 5g 8 256 luminous green,luminous oppo reno14f 5g 8 256 смартфон green,1
Realme GT 5 256GB (Graphite),Realme Realme 12 Pro,0
смартфон iphone 14 pro 256gb deep purple,смартфон iphone 14 256gb deep purple,1
беспроводные наушники redmi buds 5 pro midnight black,смартфон xiaomi redmi note 13 5g 6 128gb ocean teal,0
Realme Realme GT 5 Pro Midnight 64GB,Smartfon Realme GT 5 Pro 64GB/16GB Midnight,1
Tecno Tecno Spark 20 1TB Purple,Tecno Spark 20 1TB (Purple),1
Apple iPhone 13 Pro,iPhone 13 Pro 64GB - Blue,0
Realme 11 512GB - Natural,Smartfon Realme Realme 11 512GB Natural,1
Tecno Tecno Camon 30,Tecno Camon 30 512GB (White),0
Redmi Redmi 13C 16GB/256GB Green,Redmi Redmi 13C 16GB+256GB,1
Redmi Redmi Note 12 Pro+ 12GB+1TB,Redmi Redmi Note 12 Pro+,0
redmi 15c 6 128gb midnight black,redmi not 12 srochno sotiladi,0
Смартфон Infinix Infinix Smart 8 64GB Lavender,Infinix Infinix Smart 8 6GB/64GB Lavender,1
Honor Honor Magic5 Pro Silver 128GB,Honor Magic5 Pro 128GB Silver,1
redmi note 14s midnight black 8 128gb,redmi note 17 sky teal 8 256gb рюкзак в подарок,0
Tecno Pop 8 256GB Coral,Tecno Tecno Pop 8 16GB/256GB Coral,1
Smartfon Honor X8a 128GB/4GB Natural,Honor Honor X8a 4GB/1TB Midnight,0
honor x9d sotiladi,смартфон samsung galaxy a52 128gb white,0
Smartfon Tecno Tecno Camon 30 Pro 256GB Black,Tecno Tecno Camon 30 Pro Black 256GB,1
Realme Realme GT 5 12GB+256GB,Realme Realme GT 5 12GB+256GB,1
Infinix Infinix Zero 30 Silver 128GB,Infinix Infinix Zero 30,1
apple iphone 16 128gb 1 sim esim white smartfoni,смартфон apple iphone 16 plus 128gb dual esim pink,0
Oppo Oppo Reno 12 4GB/64GB Graphite,Smartfon Oppo Oppo Reno 12 Pro 64GB Graphite,0
Xiaomi Poco M5s,Poco M5s 512GB (Titanium),1
смартфон realme c35 4 128gb glowing black,смартфон honor 400 8 256gb desert gold,0
Xiaomi Xiaomi 12X Purple 128GB,Xiaomi 12X 128GB (Purple),1
Oppo Reno 12 64GB (Deep Purple),Oppo Oppo Reno 12 Deep Purple 64GB,1
Smartfon iPhone SE 3 128GB/3GB White,iPhone 13 Pro Max 128GB - White,0
смартфон google pixel 6а 6 128gb светло серый,google pixel 6а 6 128gb светло серый,1
Realme Realme C67 6GB/128GB Gold,Smartfon Galaxy A25 64GB/6GB Coral,0
Realme Realme 11 Pro 256GB Starlight,Smartfon Realme Realme 11 Pro 256GB Starlight,1
Honor Honor X8b 512GB Deep Purple,Honor Honor X8b 3GB/512GB Deep Purple,1
Смартфон Realme Realme C55 64GB Cream,Смартфон Realme Realme C55 64GB Cream,1
redmi 15c 4 128 blue,redmi 14c midnight black 4 128gb,0
honor 400 12 256gb midnight black juicer 100gb internet 3 months of free tv com,смартфон honor 70 8 128gb midnight black,0
Galaxy Z Fold 5 64GB - Midnight,Galaxy Z Fold 5 64GB (Midnight),1
Vivo V27 512GB (Blue),Vivo Vivo V30,0
redmi 14c starry blue 8 256gb,redmi a7 pro mist blue 4 128gb,0
Tecno Pop 8 256GB - Gold,Tecno Pop 8 256GB - Gold,1
apple iphone 17 pro max 256gb 1 sim 1 esim silver smartfoni,iphone apple 17 pro max 256gb 1 sim 1 esim silver smartfoni,1
Infinix Infinix Hot 40 16GB+128GB,Smartfon Infinix Infinix Hot 40 128GB Titanium,1
смартфон honor x8d 8 256gb corduroy black,смартфон honor x5b 4 64 ocean blue,0
Smartfon Galaxy M14 256GB/12GB Green,Galaxy A34 256GB Green,0
Infinix Smart 8 Pro 1TB (Midnight),Infinix Smart 8 Pro 1TB Midnight,1
Infinix Infinix Smart 8,Infinix Smart 8 64GB - Gold,0
Xiaomi Poco M5,Smartfon Poco M5 512GB/6GB Natural,0
Realme GT 5 Pro 128GB (Gold),Realme Realme GT Neo 5 SE 4GB/128GB Gold,0
Redmi Redmi Note 11 Pro Deep Purple 1TB,Redmi Redmi Note 12 8GB+1TB,0
Xiaomi 12X 256GB - Gold,Xiaomi 12X 512GB - Blue,0
Infinix Infinix Note 30 Lavender 256GB,Infinix Note 30 256GB - Lavender,1
Vivo Vivo X100 Graphite 1TB,Smartfon Vivo X100 1TB/6GB Graphite,1
iphone 16 128gb с гарантий,iphone 16 128gb гарантий,1
Vivo Vivo Y36 128GB Titanium,Smartfon Vivo Y36 128GB/12GB Titanium,1
Oppo Oppo Reno 11 Green 512GB,Смартфон Oppo Oppo Reno 11 256GB Purple,0
Redmi Redmi K70 Pro,Tecno Tecno Spark 20 Pro,0
Smartfon Realme Realme GT Neo 5 SE 512GB White,Realme Realme GT Neo 5 SE 16GB+512GB,1
Smartfon Realme GT 5 Pro 512GB/4GB Starlight,Samsung Galaxy F14 5G,0
Oppo Reno 10 Pro 1TB (White),Oppo Reno 10 Pro 1TB White,1
смартфон apple iphone 17 pro max 1tb deep blue,apple iphone 17 pro max 1tb deep blue,1
Smartfon Oppo Oppo Reno 11 Pro 128GB Black,Oppo Oppo Reno 11 Pro,1
Honor Magic5 Pro 512GB - Purple,Tecno Tecno Camon 30 Pro 4GB/64GB Titanium,0
Tecno Tecno Phantom X2 Pro 8GB+128GB,Tecno Camon 30 128GB (Silver),0
Oppo A17 256GB - Lavender,Смартфон Oppo Oppo A17 512GB Black,0
Xiaomi Xiaomi 13 4GB/1TB Starlight,Xiaomi Xiaomi 13 Starlight 1TB,1
Смартфон Xiaomi Xiaomi 12X 64GB Titanium,Xiaomi Xiaomi 11 Ultra,0
смартфон xiaomi redmi note 13 8 256gb ice blue,blue xiaomi redmi note 13 8 256gb ice смартфон,1
Infinix Infinix Note 30 Pro Lavender 1TB,Smartfon Infinix Note 30 Pro 1TB/8GB Lavender,1
Realme Realme 12 Silver 64GB,Realme Realme 12 6GB/64GB Silver,1
redmi 15c 4 128gb mint green,mint 15c 4 128gb redmi green,1
Смартфон Redmi Redmi Note 12 Pro 128GB Midnight,Smartfon Redmi Note 12 Pro 128GB/6GB Midnight,1
Смартфон Xiaomi Poco M5s 128GB Midnight,Poco M5s 1TB Coral,0
Oppo A58 256GB (Lavender),Vivo Vivo X100 Blue 1TB,0
Galaxy Z Flip 4 256GB (Starlight),Galaxy Z Flip 4 256GB - Starlight,1
Redmi Redmi Note 11S 4GB+64GB,Redmi Redmi 13C 4GB/64GB Gold,0
spark go 1 4 128 glittery white,samsung galaxy a36 5g 8 256 awesome white smartfoni,0
Infinix Infinix Note 40 6GB+128GB,Infinix Infinix Note 40 Black 128GB,1
iPhone 15 Pro 1TB - Graphite,Смартфон Apple iPhone 15 Pro 1TB Graphite,1
Realme GT 5 64GB Natural,Realme Realme GT 5 4GB/64GB Natural,0
honor x9d 5g black 8 256gb,honor x9d 8 black 5g 256gb,1
смартфон tecno spark 10 4 128 meta black,мфу canon i sensys mf3010,0
Xiaomi Poco F5 Deep Purple 256GB,Xiaomi Poco F5 4GB/256GB Deep Purple,1
iPhone 15 Pro Max 256GB Starlight,Galaxy A14 512GB - Blue,0
apple iphone 14 256gb e sim темная ночь,apple 14 256gb e sim темная ночь,1
Samsung Galaxy S23 8GB+64GB,Galaxy S23 64GB - White,1
infinix hot 50i 4 256gb titanium grey,смартфон apple iphone 17 pro max 256gb cosmic orange mfyn4af a,0
Samsung Galaxy A35 5G 64GB Starlight,Smartfon Galaxy A35 5G 64GB/16GB Starlight,1
Smartfon Redmi 13 128GB/8GB Midnight,Redmi 13 256GB - Purple,0
смартфон realme c53 6 128 rmx3760 gold,смартфон 6 c53 realme 128 rmx3760 gold,1
Vivo Vivo Y100 3GB+128GB,Vivo Y100 1TB - Cream,0
Смартфон Tecno Tecno Camon 20 Pro 64GB Titanium,Infinix Infinix Smart 8 3GB/128GB Silver,0
Realme GT 5 Pro 512GB - Black,Realme Realme GT 5 Pro 256GB Lavender,0
Samsung Galaxy A14 White 64GB,Galaxy S22 64GB White,0
Смартфон Apple iPhone 13 Pro Max 64GB Natural,Смартфон Apple iPhone 13 Pro Max 64GB Natural,1
Samsung Galaxy A05 8GB/1TB Gold,Galaxy A05 1TB - Gold,1
Smartfon Redmi Note 12 Pro 256GB/6GB Green,Смартфон Redmi Redmi Note 12 Pro 256GB Green,1
redmi a5 3 64 midnight black,redmi note 9 holati yaxshi,0
Samsung Galaxy A05 Starlight 256GB,Smartfon Galaxy A05 256GB/12GB Starlight,1
Смартфон Honor Honor 100 64GB Titanium,Honor 100 64GB Titanium,1
Infinix Infinix Zero 30 5G 64GB Blue,Infinix Infinix Note 30 Pro 64GB Blue,0
Смартфон Realme Realme GT 5 Pro 64GB Silver,iPhone 14 Plus 128GB (Purple),0
Samsung Galaxy A05s,Galaxy A05s 128GB - Midnight,0
Smartfon Oppo Oppo Reno 10 1TB Titanium,Smartfon Vivo X100 256GB/12GB Starlight,0
Tecno Tecno Pova 5 Pro,Tecno Tecno Pova 5 Pro,0
Honor Honor 200 Pro 4GB+128GB,Honor 200 Pro 128GB - Graphite,1
Apple iPhone 13 Pro Gold 512GB,iPhone 13 Pro 256GB - Midnight,0
Honor Honor X7a 12GB/1TB Purple,Honor X7a 1TB (Purple),1
Smartfon Oppo Oppo Reno 12 Pro 512GB Coral,Oppo Reno 12 Pro 512GB Coral,1
смартфон apple iphone 15 pro max 256gb blue titanium,смартфон realme c75 gold 8 256gb,0
redmi 14c midnight black 6 128gb,кнопочный телефон с сенсорным экраном qin f22 2 16gb iron gray,0
Смартфон Apple iPhone 12 Pro 64GB Black,iPhone 12 Pro 1TB (Natural),0
realme c85 8 256gb black,black c85 8 256gb realme,1
смартфон iphone 14 pro 128gb gold,смартфон pro 14 iphone 128gb gold,1
Redmi Redmi Note 13 4G 3GB/256GB Lavender,Realme 12+ 1TB (Blue),0
samsung note 10 5g память 12 256gb,samsung note 5g память 12 256gb,1
Realme 12 Pro+ 1TB (Starlight),Realme Realme 12 Pro+ 12GB/1TB Starlight,1
смартфон apple iphone 17 pro max 1tb cosmic orange,смартфон honor x9b 5g 12 256gb emerald green,0
redmi note 15 pro 5g mocha brown 12 512gb,redmi 15 c 16 256 8 256 12 128 8 128,0
смартфон xiaomi redmi 14c 6gb 128gb,xiaomi смартфон redmi 14c 6gb 128gb,1
Vivo Vivo Y22s 16GB/512GB Black,Tecno Spark 10 64GB - Graphite,0
Смартфон Apple iPhone 12 Pro Max 256GB Gold,Apple iPhone 12 Pro Max 256GB Gold,1
redmi note 15 8 256 purple,redmi note 8 pro,0
смартфон honor 600,honor x7e sunrise orange 6 256gb в подарок honor choice earbuds x8,0
Galaxy A14 64GB - Starlight,Смартфон Samsung Galaxy A14 512GB Lavender,0
redmi 15c 4 128 midnight black,redmi note 14 6 128 lime green,0
iPhone 14 512GB Blue,Samsung Galaxy M14 3GB/256GB Midnight,0
Infinix Note 40 64GB (Titanium),Смартфон Infinix Infinix Note 40 64GB Titanium,1
Realme C55 1TB - Green,Realme C55 1TB Green,1
Oppo Find X6 Pro 1TB (Midnight),Oppo Oppo Find X6 Pro Midnight 1TB,1
Смартфон Xiaomi Xiaomi 14T 512GB Graphite,Smartfon Xiaomi 14T 512GB/4GB Graphite,1
Honor X8a 64GB - Starlight,Honor Honor X8a 6GB/1TB Titanium,0
смартфон samsung galaxy z fold 7 blue 256 гб,смартфон xiaomi redmi note 11r 5g 6 128gb gray,0
Honor Honor X8a,Honor X8a 512GB - Midnight,1
смартфон xiaomi mi 12 lite 6 128gb green,смартфон xiaomi mi 12 6 lite 128gb green,1
Tecno Tecno Pova 5 Pro 6GB/128GB Natural,Xiaomi Xiaomi 11 Ultra 6GB+64GB,0
Oppo Oppo A58 256GB Starlight,Oppo Oppo A58 Starlight 256GB,0
Infinix Infinix Hot 40 Natural 64GB,Infinix Infinix Hot 40,1
redmi note 13telfon sotiladi,redmi nod 15 pro sotiladi,0
iPhone 12 Pro Max 256GB - Natural,Смартфон Apple iPhone 12 Pro Max 256GB Natural,0
Smartfon Oppo Reno 11 64GB/8GB Natural,Oppo Reno 11 64GB Natural,1
Redmi A2+ 64GB (Deep Purple),Smartfon Redmi Redmi A2+ 64GB Deep Purple,1
samsung galaxy a57 8 128gb dark blue smartfoni,samsung 8 a57 galaxy 128gb dark blue smartfoni,1
huawei nova 13 white 12 256gb,huawei 12 13 white nova 256gb,1
Redmi Redmi Note 11 Pro,Smartfon Redmi Redmi Note 11 Pro 64GB Lavender,1
Vivo V29 Pro 1TB - Blue,Smartfon Vivo Vivo V29 Pro 1TB Blue,1
Samsung Galaxy S24+,Samsung Galaxy S24+ Purple 1TB,1
Honor Honor Magic5 Pro 128GB Cream,Samsung Galaxy M34 5G Gold 256GB,0
Смартфон Samsung Galaxy F14 5G 128GB Deep Purple,Galaxy F14 5G 128GB Deep Purple,1
Tecno Tecno Spark 10,Redmi Note 12 Pro+ 64GB - Cream,0
Смартфон Samsung Galaxy S23 Ultra 512GB Natural,Galaxy S23 Ultra 512GB Natural,1
смартфон apple iphone 15 pro max 1tb натуральный титан,смартфон apple iphone титан pro max 1tb натуральный 15,1
Смартфон Realme Realme C65 256GB Silver,Realme C65 256GB - Silver,1
Oppo Oppo Reno 12 Pro 6GB/256GB Green,Smartfon Oppo Oppo Reno 12 Pro 256GB Green,1
Smartfon Oppo Oppo Reno 11 1TB Blue,Смартфон Oppo Oppo Reno 11 1TB Blue,1
Tecno Spark 20 Pro 1TB - Blue,Smartfon Tecno Tecno Spark 20 Pro 512GB Silver,0
Smartfon Tecno Phantom V Fold 1TB/6GB Coral,Tecno Tecno Phantom V Fold 6GB+1TB,1
Tecno Tecno Pop 8 12GB/512GB Cream,Tecno Pop 8 512GB Cream,1
Smartfon Apple iPhone 12 Pro Max 1TB Midnight,Apple iPhone 12 Pro Max Gold 256GB,0
vivo v40 256gb,vivo v40,1
Vivo Vivo Y35 Green 64GB,Vivo Vivo Y35 3GB+64GB,0
